                                      1 ;--------------------------------------------------------
                                      2 ; File Created by SDCC : free open source ANSI-C Compiler
                                      3 ; Version 4.0.0 #11528 (Linux)
                                      4 ;--------------------------------------------------------
                                      5 	.module syntax
                                      6 	.optsdcc -mmcs51 --model-large
                                      7 	
                                      8 ;--------------------------------------------------------
                                      9 ; Public variables in this module
                                     10 ;--------------------------------------------------------
                                     11 	.globl _main
                                     12 	.globl _get_command
                                     13 	.globl _get_number
                                     14 	.globl _dataout
                                     15 	.globl _memset
                                     16 	.globl _printf
                                     17 	.globl _free
                                     18 	.globl _malloc
                                     19 	.globl _P5_7
                                     20 	.globl _P5_6
                                     21 	.globl _P5_5
                                     22 	.globl _P5_4
                                     23 	.globl _P5_3
                                     24 	.globl _P5_2
                                     25 	.globl _P5_1
                                     26 	.globl _P5_0
                                     27 	.globl _P4_7
                                     28 	.globl _P4_6
                                     29 	.globl _P4_5
                                     30 	.globl _P4_4
                                     31 	.globl _P4_3
                                     32 	.globl _P4_2
                                     33 	.globl _P4_1
                                     34 	.globl _P4_0
                                     35 	.globl _PX0L
                                     36 	.globl _PT0L
                                     37 	.globl _PX1L
                                     38 	.globl _PT1L
                                     39 	.globl _PSL
                                     40 	.globl _PT2L
                                     41 	.globl _PPCL
                                     42 	.globl _EC
                                     43 	.globl _CCF0
                                     44 	.globl _CCF1
                                     45 	.globl _CCF2
                                     46 	.globl _CCF3
                                     47 	.globl _CCF4
                                     48 	.globl _CR
                                     49 	.globl _CF
                                     50 	.globl _TF2
                                     51 	.globl _EXF2
                                     52 	.globl _RCLK
                                     53 	.globl _TCLK
                                     54 	.globl _EXEN2
                                     55 	.globl _TR2
                                     56 	.globl _C_T2
                                     57 	.globl _CP_RL2
                                     58 	.globl _T2CON_7
                                     59 	.globl _T2CON_6
                                     60 	.globl _T2CON_5
                                     61 	.globl _T2CON_4
                                     62 	.globl _T2CON_3
                                     63 	.globl _T2CON_2
                                     64 	.globl _T2CON_1
                                     65 	.globl _T2CON_0
                                     66 	.globl _PT2
                                     67 	.globl _ET2
                                     68 	.globl _CY
                                     69 	.globl _AC
                                     70 	.globl _F0
                                     71 	.globl _RS1
                                     72 	.globl _RS0
                                     73 	.globl _OV
                                     74 	.globl _F1
                                     75 	.globl _P
                                     76 	.globl _PS
                                     77 	.globl _PT1
                                     78 	.globl _PX1
                                     79 	.globl _PT0
                                     80 	.globl _PX0
                                     81 	.globl _RD
                                     82 	.globl _WR
                                     83 	.globl _T1
                                     84 	.globl _T0
                                     85 	.globl _INT1
                                     86 	.globl _INT0
                                     87 	.globl _TXD
                                     88 	.globl _RXD
                                     89 	.globl _P3_7
                                     90 	.globl _P3_6
                                     91 	.globl _P3_5
                                     92 	.globl _P3_4
                                     93 	.globl _P3_3
                                     94 	.globl _P3_2
                                     95 	.globl _P3_1
                                     96 	.globl _P3_0
                                     97 	.globl _EA
                                     98 	.globl _ES
                                     99 	.globl _ET1
                                    100 	.globl _EX1
                                    101 	.globl _ET0
                                    102 	.globl _EX0
                                    103 	.globl _P2_7
                                    104 	.globl _P2_6
                                    105 	.globl _P2_5
                                    106 	.globl _P2_4
                                    107 	.globl _P2_3
                                    108 	.globl _P2_2
                                    109 	.globl _P2_1
                                    110 	.globl _P2_0
                                    111 	.globl _SM0
                                    112 	.globl _SM1
                                    113 	.globl _SM2
                                    114 	.globl _REN
                                    115 	.globl _TB8
                                    116 	.globl _RB8
                                    117 	.globl _TI
                                    118 	.globl _RI
                                    119 	.globl _P1_7
                                    120 	.globl _P1_6
                                    121 	.globl _P1_5
                                    122 	.globl _P1_4
                                    123 	.globl _P1_3
                                    124 	.globl _P1_2
                                    125 	.globl _P1_1
                                    126 	.globl _P1_0
                                    127 	.globl _TF1
                                    128 	.globl _TR1
                                    129 	.globl _TF0
                                    130 	.globl _TR0
                                    131 	.globl _IE1
                                    132 	.globl _IT1
                                    133 	.globl _IE0
                                    134 	.globl _IT0
                                    135 	.globl _P0_7
                                    136 	.globl _P0_6
                                    137 	.globl _P0_5
                                    138 	.globl _P0_4
                                    139 	.globl _P0_3
                                    140 	.globl _P0_2
                                    141 	.globl _P0_1
                                    142 	.globl _P0_0
                                    143 	.globl _EECON
                                    144 	.globl _KBF
                                    145 	.globl _KBE
                                    146 	.globl _KBLS
                                    147 	.globl _BRL
                                    148 	.globl _BDRCON
                                    149 	.globl _T2MOD
                                    150 	.globl _SPDAT
                                    151 	.globl _SPSTA
                                    152 	.globl _SPCON
                                    153 	.globl _SADEN
                                    154 	.globl _SADDR
                                    155 	.globl _WDTPRG
                                    156 	.globl _WDTRST
                                    157 	.globl _P5
                                    158 	.globl _P4
                                    159 	.globl _IPH1
                                    160 	.globl _IPL1
                                    161 	.globl _IPH0
                                    162 	.globl _IPL0
                                    163 	.globl _IEN1
                                    164 	.globl _IEN0
                                    165 	.globl _CMOD
                                    166 	.globl _CL
                                    167 	.globl _CH
                                    168 	.globl _CCON
                                    169 	.globl _CCAPM4
                                    170 	.globl _CCAPM3
                                    171 	.globl _CCAPM2
                                    172 	.globl _CCAPM1
                                    173 	.globl _CCAPM0
                                    174 	.globl _CCAP4L
                                    175 	.globl _CCAP3L
                                    176 	.globl _CCAP2L
                                    177 	.globl _CCAP1L
                                    178 	.globl _CCAP0L
                                    179 	.globl _CCAP4H
                                    180 	.globl _CCAP3H
                                    181 	.globl _CCAP2H
                                    182 	.globl _CCAP1H
                                    183 	.globl _CCAP0H
                                    184 	.globl _CKCON1
                                    185 	.globl _CKCON0
                                    186 	.globl _CKRL
                                    187 	.globl _AUXR1
                                    188 	.globl _AUXR
                                    189 	.globl _TH2
                                    190 	.globl _TL2
                                    191 	.globl _RCAP2H
                                    192 	.globl _RCAP2L
                                    193 	.globl _T2CON
                                    194 	.globl _B
                                    195 	.globl _ACC
                                    196 	.globl _PSW
                                    197 	.globl _IP
                                    198 	.globl _P3
                                    199 	.globl _IE
                                    200 	.globl _P2
                                    201 	.globl _SBUF
                                    202 	.globl _SCON
                                    203 	.globl _P1
                                    204 	.globl _TH1
                                    205 	.globl _TH0
                                    206 	.globl _TL1
                                    207 	.globl _TL0
                                    208 	.globl _TMOD
                                    209 	.globl _TCON
                                    210 	.globl _PCON
                                    211 	.globl _DPH
                                    212 	.globl _DPL
                                    213 	.globl _SP
                                    214 	.globl _P0
                                    215 	.globl _pointer2
                                    216 	.globl _pointer1
                                    217 	.globl _wr
                                    218 	.globl _recived_bytes
                                    219 	.globl _recent_storage
                                    220 	.globl _recent_commands
                                    221 	.globl _total_number_of_storage
                                    222 	.globl _total_number_of_commands
                                    223 	.globl _get_buf_value_PARM_3
                                    224 	.globl _get_buf_value_PARM_2
                                    225 	.globl _array_for_nodes
                                    226 	.globl _dataout_PARM_2
                                    227 	.globl _temp_buffer_size
                                    228 	.globl _init_uart
                                    229 	.globl _putchar
                                    230 	.globl _getchar
                                    231 	.globl _get_buf_value
                                    232 	.globl _print_prompt
                                    233 	.globl _buffer0_dump
                                    234 ;--------------------------------------------------------
                                    235 ; special function registers
                                    236 ;--------------------------------------------------------
                                    237 	.area RSEG    (ABS,DATA)
      000000                        238 	.org 0x0000
                           000080   239 _P0	=	0x0080
                           000081   240 _SP	=	0x0081
                           000082   241 _DPL	=	0x0082
                           000083   242 _DPH	=	0x0083
                           000087   243 _PCON	=	0x0087
                           000088   244 _TCON	=	0x0088
                           000089   245 _TMOD	=	0x0089
                           00008A   246 _TL0	=	0x008a
                           00008B   247 _TL1	=	0x008b
                           00008C   248 _TH0	=	0x008c
                           00008D   249 _TH1	=	0x008d
                           000090   250 _P1	=	0x0090
                           000098   251 _SCON	=	0x0098
                           000099   252 _SBUF	=	0x0099
                           0000A0   253 _P2	=	0x00a0
                           0000A8   254 _IE	=	0x00a8
                           0000B0   255 _P3	=	0x00b0
                           0000B8   256 _IP	=	0x00b8
                           0000D0   257 _PSW	=	0x00d0
                           0000E0   258 _ACC	=	0x00e0
                           0000F0   259 _B	=	0x00f0
                           0000C8   260 _T2CON	=	0x00c8
                           0000CA   261 _RCAP2L	=	0x00ca
                           0000CB   262 _RCAP2H	=	0x00cb
                           0000CC   263 _TL2	=	0x00cc
                           0000CD   264 _TH2	=	0x00cd
                           00008E   265 _AUXR	=	0x008e
                           0000A2   266 _AUXR1	=	0x00a2
                           000097   267 _CKRL	=	0x0097
                           00008F   268 _CKCON0	=	0x008f
                           0000AF   269 _CKCON1	=	0x00af
                           0000FA   270 _CCAP0H	=	0x00fa
                           0000FB   271 _CCAP1H	=	0x00fb
                           0000FC   272 _CCAP2H	=	0x00fc
                           0000FD   273 _CCAP3H	=	0x00fd
                           0000FE   274 _CCAP4H	=	0x00fe
                           0000EA   275 _CCAP0L	=	0x00ea
                           0000EB   276 _CCAP1L	=	0x00eb
                           0000EC   277 _CCAP2L	=	0x00ec
                           0000ED   278 _CCAP3L	=	0x00ed
                           0000EE   279 _CCAP4L	=	0x00ee
                           0000DA   280 _CCAPM0	=	0x00da
                           0000DB   281 _CCAPM1	=	0x00db
                           0000DC   282 _CCAPM2	=	0x00dc
                           0000DD   283 _CCAPM3	=	0x00dd
                           0000DE   284 _CCAPM4	=	0x00de
                           0000D8   285 _CCON	=	0x00d8
                           0000F9   286 _CH	=	0x00f9
                           0000E9   287 _CL	=	0x00e9
                           0000D9   288 _CMOD	=	0x00d9
                           0000A8   289 _IEN0	=	0x00a8
                           0000B1   290 _IEN1	=	0x00b1
                           0000B8   291 _IPL0	=	0x00b8
                           0000B7   292 _IPH0	=	0x00b7
                           0000B2   293 _IPL1	=	0x00b2
                           0000B3   294 _IPH1	=	0x00b3
                           0000C0   295 _P4	=	0x00c0
                           0000E8   296 _P5	=	0x00e8
                           0000A6   297 _WDTRST	=	0x00a6
                           0000A7   298 _WDTPRG	=	0x00a7
                           0000A9   299 _SADDR	=	0x00a9
                           0000B9   300 _SADEN	=	0x00b9
                           0000C3   301 _SPCON	=	0x00c3
                           0000C4   302 _SPSTA	=	0x00c4
                           0000C5   303 _SPDAT	=	0x00c5
                           0000C9   304 _T2MOD	=	0x00c9
                           00009B   305 _BDRCON	=	0x009b
                           00009A   306 _BRL	=	0x009a
                           00009C   307 _KBLS	=	0x009c
                           00009D   308 _KBE	=	0x009d
                           00009E   309 _KBF	=	0x009e
                           0000D2   310 _EECON	=	0x00d2
                                    311 ;--------------------------------------------------------
                                    312 ; special function bits
                                    313 ;--------------------------------------------------------
                                    314 	.area RSEG    (ABS,DATA)
      000000                        315 	.org 0x0000
                           000080   316 _P0_0	=	0x0080
                           000081   317 _P0_1	=	0x0081
                           000082   318 _P0_2	=	0x0082
                           000083   319 _P0_3	=	0x0083
                           000084   320 _P0_4	=	0x0084
                           000085   321 _P0_5	=	0x0085
                           000086   322 _P0_6	=	0x0086
                           000087   323 _P0_7	=	0x0087
                           000088   324 _IT0	=	0x0088
                           000089   325 _IE0	=	0x0089
                           00008A   326 _IT1	=	0x008a
                           00008B   327 _IE1	=	0x008b
                           00008C   328 _TR0	=	0x008c
                           00008D   329 _TF0	=	0x008d
                           00008E   330 _TR1	=	0x008e
                           00008F   331 _TF1	=	0x008f
                           000090   332 _P1_0	=	0x0090
                           000091   333 _P1_1	=	0x0091
                           000092   334 _P1_2	=	0x0092
                           000093   335 _P1_3	=	0x0093
                           000094   336 _P1_4	=	0x0094
                           000095   337 _P1_5	=	0x0095
                           000096   338 _P1_6	=	0x0096
                           000097   339 _P1_7	=	0x0097
                           000098   340 _RI	=	0x0098
                           000099   341 _TI	=	0x0099
                           00009A   342 _RB8	=	0x009a
                           00009B   343 _TB8	=	0x009b
                           00009C   344 _REN	=	0x009c
                           00009D   345 _SM2	=	0x009d
                           00009E   346 _SM1	=	0x009e
                           00009F   347 _SM0	=	0x009f
                           0000A0   348 _P2_0	=	0x00a0
                           0000A1   349 _P2_1	=	0x00a1
                           0000A2   350 _P2_2	=	0x00a2
                           0000A3   351 _P2_3	=	0x00a3
                           0000A4   352 _P2_4	=	0x00a4
                           0000A5   353 _P2_5	=	0x00a5
                           0000A6   354 _P2_6	=	0x00a6
                           0000A7   355 _P2_7	=	0x00a7
                           0000A8   356 _EX0	=	0x00a8
                           0000A9   357 _ET0	=	0x00a9
                           0000AA   358 _EX1	=	0x00aa
                           0000AB   359 _ET1	=	0x00ab
                           0000AC   360 _ES	=	0x00ac
                           0000AF   361 _EA	=	0x00af
                           0000B0   362 _P3_0	=	0x00b0
                           0000B1   363 _P3_1	=	0x00b1
                           0000B2   364 _P3_2	=	0x00b2
                           0000B3   365 _P3_3	=	0x00b3
                           0000B4   366 _P3_4	=	0x00b4
                           0000B5   367 _P3_5	=	0x00b5
                           0000B6   368 _P3_6	=	0x00b6
                           0000B7   369 _P3_7	=	0x00b7
                           0000B0   370 _RXD	=	0x00b0
                           0000B1   371 _TXD	=	0x00b1
                           0000B2   372 _INT0	=	0x00b2
                           0000B3   373 _INT1	=	0x00b3
                           0000B4   374 _T0	=	0x00b4
                           0000B5   375 _T1	=	0x00b5
                           0000B6   376 _WR	=	0x00b6
                           0000B7   377 _RD	=	0x00b7
                           0000B8   378 _PX0	=	0x00b8
                           0000B9   379 _PT0	=	0x00b9
                           0000BA   380 _PX1	=	0x00ba
                           0000BB   381 _PT1	=	0x00bb
                           0000BC   382 _PS	=	0x00bc
                           0000D0   383 _P	=	0x00d0
                           0000D1   384 _F1	=	0x00d1
                           0000D2   385 _OV	=	0x00d2
                           0000D3   386 _RS0	=	0x00d3
                           0000D4   387 _RS1	=	0x00d4
                           0000D5   388 _F0	=	0x00d5
                           0000D6   389 _AC	=	0x00d6
                           0000D7   390 _CY	=	0x00d7
                           0000AD   391 _ET2	=	0x00ad
                           0000BD   392 _PT2	=	0x00bd
                           0000C8   393 _T2CON_0	=	0x00c8
                           0000C9   394 _T2CON_1	=	0x00c9
                           0000CA   395 _T2CON_2	=	0x00ca
                           0000CB   396 _T2CON_3	=	0x00cb
                           0000CC   397 _T2CON_4	=	0x00cc
                           0000CD   398 _T2CON_5	=	0x00cd
                           0000CE   399 _T2CON_6	=	0x00ce
                           0000CF   400 _T2CON_7	=	0x00cf
                           0000C8   401 _CP_RL2	=	0x00c8
                           0000C9   402 _C_T2	=	0x00c9
                           0000CA   403 _TR2	=	0x00ca
                           0000CB   404 _EXEN2	=	0x00cb
                           0000CC   405 _TCLK	=	0x00cc
                           0000CD   406 _RCLK	=	0x00cd
                           0000CE   407 _EXF2	=	0x00ce
                           0000CF   408 _TF2	=	0x00cf
                           0000DF   409 _CF	=	0x00df
                           0000DE   410 _CR	=	0x00de
                           0000DC   411 _CCF4	=	0x00dc
                           0000DB   412 _CCF3	=	0x00db
                           0000DA   413 _CCF2	=	0x00da
                           0000D9   414 _CCF1	=	0x00d9
                           0000D8   415 _CCF0	=	0x00d8
                           0000AE   416 _EC	=	0x00ae
                           0000BE   417 _PPCL	=	0x00be
                           0000BD   418 _PT2L	=	0x00bd
                           0000BC   419 _PSL	=	0x00bc
                           0000BB   420 _PT1L	=	0x00bb
                           0000BA   421 _PX1L	=	0x00ba
                           0000B9   422 _PT0L	=	0x00b9
                           0000B8   423 _PX0L	=	0x00b8
                           0000C0   424 _P4_0	=	0x00c0
                           0000C1   425 _P4_1	=	0x00c1
                           0000C2   426 _P4_2	=	0x00c2
                           0000C3   427 _P4_3	=	0x00c3
                           0000C4   428 _P4_4	=	0x00c4
                           0000C5   429 _P4_5	=	0x00c5
                           0000C6   430 _P4_6	=	0x00c6
                           0000C7   431 _P4_7	=	0x00c7
                           0000E8   432 _P5_0	=	0x00e8
                           0000E9   433 _P5_1	=	0x00e9
                           0000EA   434 _P5_2	=	0x00ea
                           0000EB   435 _P5_3	=	0x00eb
                           0000EC   436 _P5_4	=	0x00ec
                           0000ED   437 _P5_5	=	0x00ed
                           0000EE   438 _P5_6	=	0x00ee
                           0000EF   439 _P5_7	=	0x00ef
                                    440 ;--------------------------------------------------------
                                    441 ; overlayable register banks
                                    442 ;--------------------------------------------------------
                                    443 	.area REG_BANK_0	(REL,OVR,DATA)
      000000                        444 	.ds 8
                                    445 ;--------------------------------------------------------
                                    446 ; internal ram data
                                    447 ;--------------------------------------------------------
                                    448 	.area DSEG    (DATA)
      000000                        449 _get_buf_value_sloc0_1_0:
      000000                        450 	.ds 1
      000001                        451 _get_buf_value_sloc1_1_0:
      000001                        452 	.ds 2
      000003                        453 _get_command_sloc0_1_0:
      000003                        454 	.ds 2
      000005                        455 _get_command_sloc1_1_0:
      000005                        456 	.ds 3
      000008                        457 _get_command_sloc2_1_0:
      000008                        458 	.ds 3
      00000B                        459 _buffer0_dump_sloc0_1_0:
      00000B                        460 	.ds 2
      00000D                        461 _buffer0_dump_sloc1_1_0:
      00000D                        462 	.ds 3
      000010                        463 _buffer0_dump_sloc2_1_0:
      000010                        464 	.ds 2
      000012                        465 _main_sloc0_1_0:
      000012                        466 	.ds 2
                                    467 ;--------------------------------------------------------
                                    468 ; overlayable items in internal ram 
                                    469 ;--------------------------------------------------------
                                    470 ;--------------------------------------------------------
                                    471 ; Stack segment in internal ram 
                                    472 ;--------------------------------------------------------
                                    473 	.area	SSEG
      000000                        474 __start__stack:
      000000                        475 	.ds	1
                                    476 
                                    477 ;--------------------------------------------------------
                                    478 ; indirectly addressable internal ram data
                                    479 ;--------------------------------------------------------
                                    480 	.area ISEG    (DATA)
      000000                        481 _temp_buffer_size::
      000000                        482 	.ds 2
                                    483 ;--------------------------------------------------------
                                    484 ; absolute internal ram data
                                    485 ;--------------------------------------------------------
                                    486 	.area IABS    (ABS,DATA)
                                    487 	.area IABS    (ABS,DATA)
                                    488 ;--------------------------------------------------------
                                    489 ; bit data
                                    490 ;--------------------------------------------------------
                                    491 	.area BSEG    (BIT)
                                    492 ;--------------------------------------------------------
                                    493 ; paged external ram data
                                    494 ;--------------------------------------------------------
                                    495 	.area PSEG    (PAG,XDATA)
                                    496 ;--------------------------------------------------------
                                    497 ; external ram data
                                    498 ;--------------------------------------------------------
                                    499 	.area XSEG    (XDATA)
      000000                        500 _dataout_PARM_2:
      000000                        501 	.ds 1
      000001                        502 _dataout_address_65536_65:
      000001                        503 	.ds 2
      000003                        504 _array_for_nodes::
      000003                        505 	.ds 600
      00025B                        506 _putchar_chr_65536_75:
      00025B                        507 	.ds 2
      00025D                        508 _get_buf_value_PARM_2:
      00025D                        509 	.ds 2
      00025F                        510 _get_buf_value_PARM_3:
      00025F                        511 	.ds 2
      000261                        512 _get_buf_value_string_65536_80:
      000261                        513 	.ds 3
      000264                        514 _get_buf_value_buffer_size_65536_81:
      000264                        515 	.ds 2
      000266                        516 _get_buf_value_input_65536_81:
      000266                        517 	.ds 5
      00026B                        518 _get_buf_value_valid_input_65536_81:
      00026B                        519 	.ds 2
      00026D                        520 _print_prompt_string_65536_88:
      00026D                        521 	.ds 3
      000270                        522 _get_number_prompt_65536_91:
      000270                        523 	.ds 3
      000273                        524 _get_number_buffer_size_65536_92:
      000273                        525 	.ds 2
      000275                        526 _get_number_index_65536_92:
      000275                        527 	.ds 2
      000277                        528 _get_command_command_65536_95:
      000277                        529 	.ds 2
      000279                        530 _get_command_node_196610_117:
      000279                        531 	.ds 6
      00027F                        532 _buffer0_dump_offset_131073_125:
      00027F                        533 	.ds 2
      000281                        534 _main_node1_65538_137:
      000281                        535 	.ds 6
      000287                        536 _main_node2_65539_138:
      000287                        537 	.ds 6
                                    538 ;--------------------------------------------------------
                                    539 ; absolute external ram data
                                    540 ;--------------------------------------------------------
                                    541 	.area XABS    (ABS,XDATA)
                                    542 ;--------------------------------------------------------
                                    543 ; external initialized ram data
                                    544 ;--------------------------------------------------------
                                    545 	.area XISEG   (XDATA)
      000000                        546 _index_of_buffers:
      000000                        547 	.ds 1
      000001                        548 _total_number_of_commands::
      000001                        549 	.ds 1
      000002                        550 _total_number_of_storage::
      000002                        551 	.ds 1
      000003                        552 _recent_commands::
      000003                        553 	.ds 1
      000004                        554 _recent_storage::
      000004                        555 	.ds 1
      000005                        556 _recived_bytes::
      000005                        557 	.ds 1
      000006                        558 _wr::
      000006                        559 	.ds 3
      000009                        560 _pointer1::
      000009                        561 	.ds 2
      00000B                        562 _pointer2::
      00000B                        563 	.ds 2
                                    564 	.area HOME    (CODE)
                                    565 	.area GSINIT0 (CODE)
                                    566 	.area GSINIT1 (CODE)
                                    567 	.area GSINIT2 (CODE)
                                    568 	.area GSINIT3 (CODE)
                                    569 	.area GSINIT4 (CODE)
                                    570 	.area GSINIT5 (CODE)
                                    571 	.area GSINIT  (CODE)
                                    572 	.area GSFINAL (CODE)
                                    573 	.area CSEG    (CODE)
                                    574 ;--------------------------------------------------------
                                    575 ; interrupt vector 
                                    576 ;--------------------------------------------------------
                                    577 	.area HOME    (CODE)
      000000                        578 __interrupt_vect:
      000000 02r00r00         [24]  579 	ljmp	__sdcc_gsinit_startup
                                    580 ;--------------------------------------------------------
                                    581 ; global & static initialisations
                                    582 ;--------------------------------------------------------
                                    583 	.area HOME    (CODE)
                                    584 	.area GSINIT  (CODE)
                                    585 	.area GSFINAL (CODE)
                                    586 	.area GSINIT  (CODE)
                                    587 	.globl __sdcc_gsinit_startup
                                    588 	.globl __sdcc_program_startup
                                    589 	.globl __start__stack
                                    590 	.globl __mcs51_genXINIT
                                    591 	.globl __mcs51_genXRAMCLEAR
                                    592 	.globl __mcs51_genRAMCLEAR
                                    593 ;	syntax.c:52: __idata int temp_buffer_size = 0;
      000000 78r00            [12]  594 	mov	r0,#_temp_buffer_size
      000002 E4               [12]  595 	clr	a
      000003 F6               [12]  596 	mov	@r0,a
      000004 08               [12]  597 	inc	r0
      000005 F6               [12]  598 	mov	@r0,a
                                    599 	.area GSFINAL (CODE)
      000000 02r00r03         [24]  600 	ljmp	__sdcc_program_startup
                                    601 ;--------------------------------------------------------
                                    602 ; Home
                                    603 ;--------------------------------------------------------
                                    604 	.area HOME    (CODE)
                                    605 	.area HOME    (CODE)
      000003                        606 __sdcc_program_startup:
      000003 02r0Fr5A         [24]  607 	ljmp	_main
                                    608 ;	return from main will return to caller
                                    609 ;--------------------------------------------------------
                                    610 ; code
                                    611 ;--------------------------------------------------------
                                    612 	.area CSEG    (CODE)
                                    613 ;------------------------------------------------------------
                                    614 ;Allocation info for local variables in function 'dataout'
                                    615 ;------------------------------------------------------------
                                    616 ;value                     Allocated with name '_dataout_PARM_2'
                                    617 ;address                   Allocated with name '_dataout_address_65536_65'
                                    618 ;debug_add                 Allocated with name '_dataout_debug_add_65536_66'
                                    619 ;------------------------------------------------------------
                                    620 ;	syntax.c:27: void dataout(uint16_t address, uint8_t value)
                                    621 ;	-----------------------------------------
                                    622 ;	 function dataout
                                    623 ;	-----------------------------------------
      000000                        624 _dataout:
                           000007   625 	ar7 = 0x07
                           000006   626 	ar6 = 0x06
                           000005   627 	ar5 = 0x05
                           000004   628 	ar4 = 0x04
                           000003   629 	ar3 = 0x03
                           000002   630 	ar2 = 0x02
                           000001   631 	ar1 = 0x01
                           000000   632 	ar0 = 0x00
      000000 AF 83            [24]  633 	mov	r7,dph
      000002 E5 82            [12]  634 	mov	a,dpl
      000004 90r00r01         [24]  635 	mov	dptr,#_dataout_address_65536_65
      000007 F0               [24]  636 	movx	@dptr,a
      000008 EF               [12]  637 	mov	a,r7
      000009 A3               [24]  638 	inc	dptr
      00000A F0               [24]  639 	movx	@dptr,a
                                    640 ;	syntax.c:29: __xdata unsigned char * debug_add = (__xdata unsigned char*)address;
      00000B 90r00r01         [24]  641 	mov	dptr,#_dataout_address_65536_65
      00000E E0               [24]  642 	movx	a,@dptr
      00000F FE               [12]  643 	mov	r6,a
      000010 A3               [24]  644 	inc	dptr
      000011 E0               [24]  645 	movx	a,@dptr
      000012 FF               [12]  646 	mov	r7,a
                                    647 ;	syntax.c:30: *debug_add = value; 
      000013 90r00r00         [24]  648 	mov	dptr,#_dataout_PARM_2
      000016 E0               [24]  649 	movx	a,@dptr
      000017 8E 82            [24]  650 	mov	dpl,r6
      000019 8F 83            [24]  651 	mov	dph,r7
      00001B F0               [24]  652 	movx	@dptr,a
                                    653 ;	syntax.c:31: }
      00001C 22               [24]  654 	ret
                                    655 ;------------------------------------------------------------
                                    656 ;Allocation info for local variables in function 'init_uart'
                                    657 ;------------------------------------------------------------
                                    658 ;	syntax.c:73: void init_uart(void)
                                    659 ;	-----------------------------------------
                                    660 ;	 function init_uart
                                    661 ;	-----------------------------------------
      00001D                        662 _init_uart:
                                    663 ;	syntax.c:75: SCON = 0x50;               // Serial mode 1, 8-bit UART, enable receiver
      00001D 75 98 50         [24]  664 	mov	_SCON,#0x50
                                    665 ;	syntax.c:76: TMOD = 0x20;               // Timer 1, mode 2 (8-bit auto-reload)
      000020 75 89 20         [24]  666 	mov	_TMOD,#0x20
                                    667 ;	syntax.c:77: TH1 = 0xFD;                // 9600 baud rate
      000023 75 8D FD         [24]  668 	mov	_TH1,#0xfd
                                    669 ;	syntax.c:78: TR1 = 1;                   // Start timer 1
                                    670 ;	assignBit
      000026 D2 8E            [12]  671 	setb	_TR1
                                    672 ;	syntax.c:79: }
      000028 22               [24]  673 	ret
                                    674 ;------------------------------------------------------------
                                    675 ;Allocation info for local variables in function 'putchar'
                                    676 ;------------------------------------------------------------
                                    677 ;chr                       Allocated with name '_putchar_chr_65536_75'
                                    678 ;------------------------------------------------------------
                                    679 ;	syntax.c:87: int putchar(int chr)
                                    680 ;	-----------------------------------------
                                    681 ;	 function putchar
                                    682 ;	-----------------------------------------
      000029                        683 _putchar:
      000029 AF 83            [24]  684 	mov	r7,dph
      00002B E5 82            [12]  685 	mov	a,dpl
      00002D 90r02r5B         [24]  686 	mov	dptr,#_putchar_chr_65536_75
      000030 F0               [24]  687 	movx	@dptr,a
      000031 EF               [12]  688 	mov	a,r7
      000032 A3               [24]  689 	inc	dptr
      000033 F0               [24]  690 	movx	@dptr,a
                                    691 ;	syntax.c:89: SBUF = chr;                 // Load character to send
      000034 90r02r5B         [24]  692 	mov	dptr,#_putchar_chr_65536_75
      000037 E0               [24]  693 	movx	a,@dptr
      000038 FE               [12]  694 	mov	r6,a
      000039 A3               [24]  695 	inc	dptr
      00003A E0               [24]  696 	movx	a,@dptr
      00003B 8E 99            [24]  697 	mov	_SBUF,r6
                                    698 ;	syntax.c:90: while(!TI);                 // Wait for transmission complete
      00003D                        699 00101$:
                                    700 ;	syntax.c:92: TI = 0;                     // Clear transmission flag
                                    701 ;	assignBit
      00003D 10 99 02         [24]  702 	jbc	_TI,00114$
      000040 80 FB            [24]  703 	sjmp	00101$
      000042                        704 00114$:
                                    705 ;	syntax.c:93: return 1;
      000042 90 00 01         [24]  706 	mov	dptr,#0x0001
                                    707 ;	syntax.c:94: }
      000045 22               [24]  708 	ret
                                    709 ;------------------------------------------------------------
                                    710 ;Allocation info for local variables in function 'getchar'
                                    711 ;------------------------------------------------------------
                                    712 ;a                         Allocated with name '_getchar_a_65537_79'
                                    713 ;------------------------------------------------------------
                                    714 ;	syntax.c:102: int getchar(void){
                                    715 ;	-----------------------------------------
                                    716 ;	 function getchar
                                    717 ;	-----------------------------------------
      000046                        718 _getchar:
                                    719 ;	syntax.c:103: while(!RI);                 // Wait for character reception
      000046                        720 00101$:
      000046 30 98 FD         [24]  721 	jnb	_RI,00101$
                                    722 ;	syntax.c:104: int a = SBUF;               // Get received character
      000049 AE 99            [24]  723 	mov	r6,_SBUF
      00004B 7F 00            [12]  724 	mov	r7,#0x00
                                    725 ;	syntax.c:106: RI = 0;                     // Clear reception flag
                                    726 ;	assignBit
      00004D C2 98            [12]  727 	clr	_RI
                                    728 ;	syntax.c:107: recived_bytes++;            // Update received byte count
      00004F 90r00r05         [24]  729 	mov	dptr,#_recived_bytes
      000052 E0               [24]  730 	movx	a,@dptr
      000053 24 01            [12]  731 	add	a,#0x01
      000055 F0               [24]  732 	movx	@dptr,a
                                    733 ;	syntax.c:108: return a;
      000056 8E 82            [24]  734 	mov	dpl,r6
      000058 8F 83            [24]  735 	mov	dph,r7
                                    736 ;	syntax.c:109: }
      00005A 22               [24]  737 	ret
                                    738 ;------------------------------------------------------------
                                    739 ;Allocation info for local variables in function 'get_buf_value'
                                    740 ;------------------------------------------------------------
                                    741 ;sloc0                     Allocated with name '_get_buf_value_sloc0_1_0'
                                    742 ;sloc1                     Allocated with name '_get_buf_value_sloc1_1_0'
                                    743 ;UPPER                     Allocated with name '_get_buf_value_PARM_2'
                                    744 ;LOWER                     Allocated with name '_get_buf_value_PARM_3'
                                    745 ;string                    Allocated with name '_get_buf_value_string_65536_80'
                                    746 ;buffer_size               Allocated with name '_get_buf_value_buffer_size_65536_81'
                                    747 ;input                     Allocated with name '_get_buf_value_input_65536_81'
                                    748 ;valid_input               Allocated with name '_get_buf_value_valid_input_65536_81'
                                    749 ;digit_count               Allocated with name '_get_buf_value_digit_count_131073_83'
                                    750 ;i                         Allocated with name '_get_buf_value_i_131073_83'
                                    751 ;c                         Allocated with name '_get_buf_value_c_131073_83'
                                    752 ;------------------------------------------------------------
                                    753 ;	syntax.c:120: int get_buf_value(const char* string, int UPPER, int LOWER) {
                                    754 ;	-----------------------------------------
                                    755 ;	 function get_buf_value
                                    756 ;	-----------------------------------------
      00005B                        757 _get_buf_value:
      00005B AF F0            [24]  758 	mov	r7,b
      00005D AE 83            [24]  759 	mov	r6,dph
      00005F E5 82            [12]  760 	mov	a,dpl
      000061 90r02r61         [24]  761 	mov	dptr,#_get_buf_value_string_65536_80
      000064 F0               [24]  762 	movx	@dptr,a
      000065 EE               [12]  763 	mov	a,r6
      000066 A3               [24]  764 	inc	dptr
      000067 F0               [24]  765 	movx	@dptr,a
      000068 EF               [12]  766 	mov	a,r7
      000069 A3               [24]  767 	inc	dptr
      00006A F0               [24]  768 	movx	@dptr,a
                                    769 ;	syntax.c:121: int buffer_size = 0;
      00006B 90r02r64         [24]  770 	mov	dptr,#_get_buf_value_buffer_size_65536_81
      00006E E4               [12]  771 	clr	a
      00006F F0               [24]  772 	movx	@dptr,a
      000070 A3               [24]  773 	inc	dptr
      000071 F0               [24]  774 	movx	@dptr,a
                                    775 ;	syntax.c:123: int valid_input = 0;
      000072 90r02r6B         [24]  776 	mov	dptr,#_get_buf_value_valid_input_65536_81
      000075 F0               [24]  777 	movx	@dptr,a
      000076 A3               [24]  778 	inc	dptr
      000077 F0               [24]  779 	movx	@dptr,a
                                    780 ;	syntax.c:125: while (!valid_input) {
      000078 90r02r5D         [24]  781 	mov	dptr,#_get_buf_value_PARM_2
      00007B E0               [24]  782 	movx	a,@dptr
      00007C FE               [12]  783 	mov	r6,a
      00007D A3               [24]  784 	inc	dptr
      00007E E0               [24]  785 	movx	a,@dptr
      00007F FF               [12]  786 	mov	r7,a
      000080 90r02r5F         [24]  787 	mov	dptr,#_get_buf_value_PARM_3
      000083 E0               [24]  788 	movx	a,@dptr
      000084 F5*01            [12]  789 	mov	_get_buf_value_sloc1_1_0,a
      000086 A3               [24]  790 	inc	dptr
      000087 E0               [24]  791 	movx	a,@dptr
      000088 F5*02            [12]  792 	mov	(_get_buf_value_sloc1_1_0 + 1),a
      00008A                        793 00117$:
      00008A 90r02r6B         [24]  794 	mov	dptr,#_get_buf_value_valid_input_65536_81
      00008D E0               [24]  795 	movx	a,@dptr
      00008E F5 F0            [12]  796 	mov	b,a
      000090 A3               [24]  797 	inc	dptr
      000091 E0               [24]  798 	movx	a,@dptr
      000092 45 F0            [12]  799 	orl	a,b
      000094 60 03            [24]  800 	jz	00166$
      000096 02r02rFF         [24]  801 	ljmp	00119$
      000099                        802 00166$:
                                    803 ;	syntax.c:126: print_prompt("\n\r+--------------------------------------------------+");
      000099 90r00r00         [24]  804 	mov	dptr,#___str_0
      00009C 75 F0 80         [24]  805 	mov	b,#0x80
      00009F C0 07            [24]  806 	push	ar7
      0000A1 C0 06            [24]  807 	push	ar6
      0000A3 12r03r0B         [24]  808 	lcall	_print_prompt
                                    809 ;	syntax.c:127: print_prompt(string);
      0000A6 90r02r61         [24]  810 	mov	dptr,#_get_buf_value_string_65536_80
      0000A9 E0               [24]  811 	movx	a,@dptr
      0000AA F9               [12]  812 	mov	r1,a
      0000AB A3               [24]  813 	inc	dptr
      0000AC E0               [24]  814 	movx	a,@dptr
      0000AD FA               [12]  815 	mov	r2,a
      0000AE A3               [24]  816 	inc	dptr
      0000AF E0               [24]  817 	movx	a,@dptr
      0000B0 FB               [12]  818 	mov	r3,a
      0000B1 89 82            [24]  819 	mov	dpl,r1
      0000B3 8A 83            [24]  820 	mov	dph,r2
      0000B5 8B F0            [24]  821 	mov	b,r3
      0000B7 12r03r0B         [24]  822 	lcall	_print_prompt
      0000BA D0 06            [24]  823 	pop	ar6
      0000BC D0 07            [24]  824 	pop	ar7
                                    825 ;	syntax.c:130: buffer_size = 0;
      0000BE 90r02r64         [24]  826 	mov	dptr,#_get_buf_value_buffer_size_65536_81
      0000C1 E4               [12]  827 	clr	a
      0000C2 F0               [24]  828 	movx	@dptr,a
      0000C3 A3               [24]  829 	inc	dptr
      0000C4 F0               [24]  830 	movx	@dptr,a
                                    831 ;	syntax.c:136: while ((c = getchar()) != 0x0d && digit_count < 4) {
      0000C5 7A 00            [12]  832 	mov	r2,#0x00
      0000C7 7B 00            [12]  833 	mov	r3,#0x00
      0000C9 78 00            [12]  834 	mov	r0,#0x00
      0000CB 79 00            [12]  835 	mov	r1,#0x00
      0000CD                        836 00108$:
      0000CD C0 06            [24]  837 	push	ar6
      0000CF C0 07            [24]  838 	push	ar7
      0000D1 C0 03            [24]  839 	push	ar3
      0000D3 C0 02            [24]  840 	push	ar2
      0000D5 C0 01            [24]  841 	push	ar1
      0000D7 C0 00            [24]  842 	push	ar0
      0000D9 12r00r46         [24]  843 	lcall	_getchar
      0000DC AE 82            [24]  844 	mov	r6,dpl
      0000DE D0 00            [24]  845 	pop	ar0
      0000E0 D0 01            [24]  846 	pop	ar1
      0000E2 D0 02            [24]  847 	pop	ar2
      0000E4 D0 03            [24]  848 	pop	ar3
      0000E6 8E*00            [24]  849 	mov	_get_buf_value_sloc0_1_0,r6
      0000E8 74 0D            [12]  850 	mov	a,#0x0d
      0000EA B5*00 07         [24]  851 	cjne	a,_get_buf_value_sloc0_1_0,00167$
      0000ED D0 07            [24]  852 	pop	ar7
      0000EF D0 06            [24]  853 	pop	ar6
      0000F1 02r01rF5         [24]  854 	ljmp	00110$
      0000F4                        855 00167$:
      0000F4 D0 07            [24]  856 	pop	ar7
      0000F6 D0 06            [24]  857 	pop	ar6
      0000F8 C3               [12]  858 	clr	c
      0000F9 E8               [12]  859 	mov	a,r0
      0000FA 94 04            [12]  860 	subb	a,#0x04
      0000FC E9               [12]  861 	mov	a,r1
      0000FD 64 80            [12]  862 	xrl	a,#0x80
      0000FF 94 80            [12]  863 	subb	a,#0x80
      000101 40 03            [24]  864 	jc	00168$
      000103 02r01rF5         [24]  865 	ljmp	00110$
      000106                        866 00168$:
                                    867 ;	syntax.c:138: if (c < '0' || c > '9') {
      000106 74 D0            [12]  868 	mov	a,#0x100 - 0x30
      000108 25*00            [12]  869 	add	a,_get_buf_value_sloc0_1_0
      00010A 50 06            [24]  870 	jnc	00104$
      00010C E5*00            [12]  871 	mov	a,_get_buf_value_sloc0_1_0
      00010E 24 C6            [12]  872 	add	a,#0xff - 0x39
      000110 50 5A            [24]  873 	jnc	00105$
      000112                        874 00104$:
                                    875 ;	syntax.c:139: printf("\n\r| ERROR: Invalid input - Please enter numbers only     |");
      000112 C0 07            [24]  876 	push	ar7
      000114 C0 06            [24]  877 	push	ar6
      000116 74r37            [12]  878 	mov	a,#___str_1
      000118 C0 E0            [24]  879 	push	acc
      00011A 74s00            [12]  880 	mov	a,#(___str_1 >> 8)
      00011C C0 E0            [24]  881 	push	acc
      00011E 74 80            [12]  882 	mov	a,#0x80
      000120 C0 E0            [24]  883 	push	acc
      000122 12r00r00         [24]  884 	lcall	_printf
      000125 15 81            [12]  885 	dec	sp
      000127 15 81            [12]  886 	dec	sp
      000129 15 81            [12]  887 	dec	sp
                                    888 ;	syntax.c:140: printf("\n\r+--------------------------------------------------+\n\r");
      00012B 74r72            [12]  889 	mov	a,#___str_2
      00012D C0 E0            [24]  890 	push	acc
      00012F 74s00            [12]  891 	mov	a,#(___str_2 >> 8)
      000131 C0 E0            [24]  892 	push	acc
      000133 74 80            [12]  893 	mov	a,#0x80
      000135 C0 E0            [24]  894 	push	acc
      000137 12r00r00         [24]  895 	lcall	_printf
      00013A 15 81            [12]  896 	dec	sp
      00013C 15 81            [12]  897 	dec	sp
      00013E 15 81            [12]  898 	dec	sp
      000140 D0 06            [24]  899 	pop	ar6
      000142 D0 07            [24]  900 	pop	ar7
                                    901 ;	syntax.c:142: while (getchar() != 0x0d);  // Clear input buffer
      000144                        902 00101$:
      000144 C0 06            [24]  903 	push	ar6
      000146 C0 07            [24]  904 	push	ar7
      000148 12r00r46         [24]  905 	lcall	_getchar
      00014B AE 82            [24]  906 	mov	r6,dpl
      00014D AF 83            [24]  907 	mov	r7,dph
      00014F BE 0D 05         [24]  908 	cjne	r6,#0x0d,00171$
      000152 BF 00 02         [24]  909 	cjne	r7,#0x00,00171$
      000155 80 06            [24]  910 	sjmp	00172$
      000157                        911 00171$:
      000157 D0 07            [24]  912 	pop	ar7
      000159 D0 06            [24]  913 	pop	ar6
      00015B 80 E7            [24]  914 	sjmp	00101$
      00015D                        915 00172$:
      00015D D0 07            [24]  916 	pop	ar7
      00015F D0 06            [24]  917 	pop	ar6
                                    918 ;	syntax.c:143: buffer_size = -1;
      000161 90r02r64         [24]  919 	mov	dptr,#_get_buf_value_buffer_size_65536_81
      000164 74 FF            [12]  920 	mov	a,#0xff
      000166 F0               [24]  921 	movx	@dptr,a
      000167 A3               [24]  922 	inc	dptr
      000168 F0               [24]  923 	movx	@dptr,a
                                    924 ;	syntax.c:144: break;
      000169 02r01rF5         [24]  925 	ljmp	00110$
      00016C                        926 00105$:
                                    927 ;	syntax.c:147: putchar(c);
      00016C C0 06            [24]  928 	push	ar6
      00016E C0 07            [24]  929 	push	ar7
      000170 AE*00            [24]  930 	mov	r6,_get_buf_value_sloc0_1_0
      000172 7F 00            [12]  931 	mov	r7,#0x00
      000174 8E 82            [24]  932 	mov	dpl,r6
      000176 8F 83            [24]  933 	mov	dph,r7
      000178 C0 07            [24]  934 	push	ar7
      00017A C0 06            [24]  935 	push	ar6
      00017C C0 03            [24]  936 	push	ar3
      00017E C0 02            [24]  937 	push	ar2
      000180 C0 01            [24]  938 	push	ar1
      000182 C0 00            [24]  939 	push	ar0
      000184 12r00r29         [24]  940 	lcall	_putchar
      000187 D0 00            [24]  941 	pop	ar0
      000189 D0 01            [24]  942 	pop	ar1
      00018B D0 02            [24]  943 	pop	ar2
      00018D D0 03            [24]  944 	pop	ar3
      00018F D0 06            [24]  945 	pop	ar6
      000191 D0 07            [24]  946 	pop	ar7
                                    947 ;	syntax.c:148: input[i++] = c;
      000193 EA               [12]  948 	mov	a,r2
      000194 24r66            [12]  949 	add	a,#_get_buf_value_input_65536_81
      000196 F5 82            [12]  950 	mov	dpl,a
      000198 EB               [12]  951 	mov	a,r3
      000199 34s02            [12]  952 	addc	a,#(_get_buf_value_input_65536_81 >> 8)
      00019B F5 83            [12]  953 	mov	dph,a
      00019D 0A               [12]  954 	inc	r2
      00019E BA 00 01         [24]  955 	cjne	r2,#0x00,00173$
      0001A1 0B               [12]  956 	inc	r3
      0001A2                        957 00173$:
      0001A2 E5*00            [12]  958 	mov	a,_get_buf_value_sloc0_1_0
      0001A4 F0               [24]  959 	movx	@dptr,a
                                    960 ;	syntax.c:149: digit_count++;
      0001A5 08               [12]  961 	inc	r0
      0001A6 B8 00 01         [24]  962 	cjne	r0,#0x00,00174$
      0001A9 09               [12]  963 	inc	r1
      0001AA                        964 00174$:
                                    965 ;	syntax.c:150: buffer_size = buffer_size * 10 + (c - '0');
      0001AA 90r02r64         [24]  966 	mov	dptr,#_get_buf_value_buffer_size_65536_81
      0001AD E0               [24]  967 	movx	a,@dptr
      0001AE FC               [12]  968 	mov	r4,a
      0001AF A3               [24]  969 	inc	dptr
      0001B0 E0               [24]  970 	movx	a,@dptr
      0001B1 FD               [12]  971 	mov	r5,a
      0001B2 90r00r00         [24]  972 	mov	dptr,#__mulint_PARM_2
      0001B5 EC               [12]  973 	mov	a,r4
      0001B6 F0               [24]  974 	movx	@dptr,a
      0001B7 ED               [12]  975 	mov	a,r5
      0001B8 A3               [24]  976 	inc	dptr
      0001B9 F0               [24]  977 	movx	@dptr,a
      0001BA 90 00 0A         [24]  978 	mov	dptr,#0x000a
      0001BD C0 07            [24]  979 	push	ar7
      0001BF C0 06            [24]  980 	push	ar6
      0001C1 C0 03            [24]  981 	push	ar3
      0001C3 C0 02            [24]  982 	push	ar2
      0001C5 C0 01            [24]  983 	push	ar1
      0001C7 C0 00            [24]  984 	push	ar0
      0001C9 12r00r00         [24]  985 	lcall	__mulint
      0001CC AC 82            [24]  986 	mov	r4,dpl
      0001CE AD 83            [24]  987 	mov	r5,dph
      0001D0 D0 00            [24]  988 	pop	ar0
      0001D2 D0 01            [24]  989 	pop	ar1
      0001D4 D0 02            [24]  990 	pop	ar2
      0001D6 D0 03            [24]  991 	pop	ar3
      0001D8 D0 06            [24]  992 	pop	ar6
      0001DA D0 07            [24]  993 	pop	ar7
      0001DC EE               [12]  994 	mov	a,r6
      0001DD 24 D0            [12]  995 	add	a,#0xd0
      0001DF FE               [12]  996 	mov	r6,a
      0001E0 EF               [12]  997 	mov	a,r7
      0001E1 34 FF            [12]  998 	addc	a,#0xff
      0001E3 FF               [12]  999 	mov	r7,a
      0001E4 90r02r64         [24] 1000 	mov	dptr,#_get_buf_value_buffer_size_65536_81
      0001E7 EE               [12] 1001 	mov	a,r6
      0001E8 2C               [12] 1002 	add	a,r4
      0001E9 F0               [24] 1003 	movx	@dptr,a
      0001EA EF               [12] 1004 	mov	a,r7
      0001EB 3D               [12] 1005 	addc	a,r5
      0001EC A3               [24] 1006 	inc	dptr
      0001ED F0               [24] 1007 	movx	@dptr,a
      0001EE D0 07            [24] 1008 	pop	ar7
      0001F0 D0 06            [24] 1009 	pop	ar6
      0001F2 02r00rCD         [24] 1010 	ljmp	00108$
      0001F5                       1011 00110$:
                                   1012 ;	syntax.c:154: if (buffer_size == -1) {
      0001F5 90r02r64         [24] 1013 	mov	dptr,#_get_buf_value_buffer_size_65536_81
      0001F8 E0               [24] 1014 	movx	a,@dptr
      0001F9 FC               [12] 1015 	mov	r4,a
      0001FA A3               [24] 1016 	inc	dptr
      0001FB E0               [24] 1017 	movx	a,@dptr
      0001FC FD               [12] 1018 	mov	r5,a
      0001FD BC FF 06         [24] 1019 	cjne	r4,#0xff,00175$
      000200 BD FF 03         [24] 1020 	cjne	r5,#0xff,00175$
      000203 02r00r8A         [24] 1021 	ljmp	00117$
      000206                       1022 00175$:
                                   1023 ;	syntax.c:159: if ((buffer_size % 16) != 0 || (buffer_size < LOWER) || (buffer_size > UPPER)) {
      000206 90r00r00         [24] 1024 	mov	dptr,#__modsint_PARM_2
      000209 74 10            [12] 1025 	mov	a,#0x10
      00020B F0               [24] 1026 	movx	@dptr,a
      00020C E4               [12] 1027 	clr	a
      00020D A3               [24] 1028 	inc	dptr
      00020E F0               [24] 1029 	movx	@dptr,a
      00020F 8C 82            [24] 1030 	mov	dpl,r4
      000211 8D 83            [24] 1031 	mov	dph,r5
      000213 C0 07            [24] 1032 	push	ar7
      000215 C0 06            [24] 1033 	push	ar6
      000217 C0 05            [24] 1034 	push	ar5
      000219 C0 04            [24] 1035 	push	ar4
      00021B 12r00r00         [24] 1036 	lcall	__modsint
      00021E E5 82            [12] 1037 	mov	a,dpl
      000220 85 83 F0         [24] 1038 	mov	b,dph
      000223 D0 04            [24] 1039 	pop	ar4
      000225 D0 05            [24] 1040 	pop	ar5
      000227 D0 06            [24] 1041 	pop	ar6
      000229 D0 07            [24] 1042 	pop	ar7
      00022B 45 F0            [12] 1043 	orl	a,b
      00022D 70 1F            [24] 1044 	jnz	00113$
      00022F C3               [12] 1045 	clr	c
      000230 EC               [12] 1046 	mov	a,r4
      000231 95*01            [12] 1047 	subb	a,_get_buf_value_sloc1_1_0
      000233 ED               [12] 1048 	mov	a,r5
      000234 64 80            [12] 1049 	xrl	a,#0x80
      000236 85*02 F0         [24] 1050 	mov	b,(_get_buf_value_sloc1_1_0 + 1)
      000239 63 F0 80         [24] 1051 	xrl	b,#0x80
      00023C 95 F0            [12] 1052 	subb	a,b
      00023E 40 0E            [24] 1053 	jc	00113$
      000240 EE               [12] 1054 	mov	a,r6
      000241 9C               [12] 1055 	subb	a,r4
      000242 EF               [12] 1056 	mov	a,r7
      000243 64 80            [12] 1057 	xrl	a,#0x80
      000245 8D F0            [24] 1058 	mov	b,r5
      000247 63 F0 80         [24] 1059 	xrl	b,#0x80
      00024A 95 F0            [12] 1060 	subb	a,b
      00024C 50 6F            [24] 1061 	jnc	00114$
      00024E                       1062 00113$:
                                   1063 ;	syntax.c:160: printf("\n\r| ERROR: Invalid buffer size                          |");
      00024E C0 07            [24] 1064 	push	ar7
      000250 C0 06            [24] 1065 	push	ar6
      000252 74rAB            [12] 1066 	mov	a,#___str_3
      000254 C0 E0            [24] 1067 	push	acc
      000256 74s00            [12] 1068 	mov	a,#(___str_3 >> 8)
      000258 C0 E0            [24] 1069 	push	acc
      00025A 74 80            [12] 1070 	mov	a,#0x80
      00025C C0 E0            [24] 1071 	push	acc
      00025E 12r00r00         [24] 1072 	lcall	_printf
      000261 15 81            [12] 1073 	dec	sp
      000263 15 81            [12] 1074 	dec	sp
      000265 15 81            [12] 1075 	dec	sp
      000267 D0 06            [24] 1076 	pop	ar6
      000269 D0 07            [24] 1077 	pop	ar7
                                   1078 ;	syntax.c:161: printf("\n\r| - Must be between %d and %d                       |", LOWER, UPPER);
      00026B C0 07            [24] 1079 	push	ar7
      00026D C0 06            [24] 1080 	push	ar6
      00026F C0 06            [24] 1081 	push	ar6
      000271 C0 07            [24] 1082 	push	ar7
      000273 C0*01            [24] 1083 	push	_get_buf_value_sloc1_1_0
      000275 C0*02            [24] 1084 	push	(_get_buf_value_sloc1_1_0 + 1)
      000277 74rE5            [12] 1085 	mov	a,#___str_4
      000279 C0 E0            [24] 1086 	push	acc
      00027B 74s00            [12] 1087 	mov	a,#(___str_4 >> 8)
      00027D C0 E0            [24] 1088 	push	acc
      00027F 74 80            [12] 1089 	mov	a,#0x80
      000281 C0 E0            [24] 1090 	push	acc
      000283 12r00r00         [24] 1091 	lcall	_printf
      000286 E5 81            [12] 1092 	mov	a,sp
      000288 24 F9            [12] 1093 	add	a,#0xf9
      00028A F5 81            [12] 1094 	mov	sp,a
                                   1095 ;	syntax.c:162: printf("\n\r| - Must be multiple of 16                           |");
      00028C 74r1D            [12] 1096 	mov	a,#___str_5
      00028E C0 E0            [24] 1097 	push	acc
      000290 74s01            [12] 1098 	mov	a,#(___str_5 >> 8)
      000292 C0 E0            [24] 1099 	push	acc
      000294 74 80            [12] 1100 	mov	a,#0x80
      000296 C0 E0            [24] 1101 	push	acc
      000298 12r00r00         [24] 1102 	lcall	_printf
      00029B 15 81            [12] 1103 	dec	sp
      00029D 15 81            [12] 1104 	dec	sp
      00029F 15 81            [12] 1105 	dec	sp
                                   1106 ;	syntax.c:163: printf("\n\r+--------------------------------------------------+\n\r");
      0002A1 74r72            [12] 1107 	mov	a,#___str_2
      0002A3 C0 E0            [24] 1108 	push	acc
      0002A5 74s00            [12] 1109 	mov	a,#(___str_2 >> 8)
      0002A7 C0 E0            [24] 1110 	push	acc
      0002A9 74 80            [12] 1111 	mov	a,#0x80
      0002AB C0 E0            [24] 1112 	push	acc
      0002AD 12r00r00         [24] 1113 	lcall	_printf
      0002B0 15 81            [12] 1114 	dec	sp
      0002B2 15 81            [12] 1115 	dec	sp
      0002B4 15 81            [12] 1116 	dec	sp
      0002B6 D0 06            [24] 1117 	pop	ar6
      0002B8 D0 07            [24] 1118 	pop	ar7
                                   1119 ;	syntax.c:164: continue;
      0002BA 02r00r8A         [24] 1120 	ljmp	00117$
      0002BD                       1121 00114$:
                                   1122 ;	syntax.c:166: printf("\n\r| Input size: %-39d |", buffer_size);
      0002BD C0 07            [24] 1123 	push	ar7
      0002BF C0 06            [24] 1124 	push	ar6
      0002C1 C0 04            [24] 1125 	push	ar4
      0002C3 C0 05            [24] 1126 	push	ar5
      0002C5 74r56            [12] 1127 	mov	a,#___str_6
      0002C7 C0 E0            [24] 1128 	push	acc
      0002C9 74s01            [12] 1129 	mov	a,#(___str_6 >> 8)
      0002CB C0 E0            [24] 1130 	push	acc
      0002CD 74 80            [12] 1131 	mov	a,#0x80
      0002CF C0 E0            [24] 1132 	push	acc
      0002D1 12r00r00         [24] 1133 	lcall	_printf
      0002D4 E5 81            [12] 1134 	mov	a,sp
      0002D6 24 FB            [12] 1135 	add	a,#0xfb
      0002D8 F5 81            [12] 1136 	mov	sp,a
                                   1137 ;	syntax.c:167: printf("\n\r+--------------------------------------------------+\n\r");
      0002DA 74r72            [12] 1138 	mov	a,#___str_2
      0002DC C0 E0            [24] 1139 	push	acc
      0002DE 74s00            [12] 1140 	mov	a,#(___str_2 >> 8)
      0002E0 C0 E0            [24] 1141 	push	acc
      0002E2 74 80            [12] 1142 	mov	a,#0x80
      0002E4 C0 E0            [24] 1143 	push	acc
      0002E6 12r00r00         [24] 1144 	lcall	_printf
      0002E9 15 81            [12] 1145 	dec	sp
      0002EB 15 81            [12] 1146 	dec	sp
      0002ED 15 81            [12] 1147 	dec	sp
      0002EF D0 06            [24] 1148 	pop	ar6
      0002F1 D0 07            [24] 1149 	pop	ar7
                                   1150 ;	syntax.c:168: valid_input = 1;
      0002F3 90r02r6B         [24] 1151 	mov	dptr,#_get_buf_value_valid_input_65536_81
      0002F6 74 01            [12] 1152 	mov	a,#0x01
      0002F8 F0               [24] 1153 	movx	@dptr,a
      0002F9 E4               [12] 1154 	clr	a
      0002FA A3               [24] 1155 	inc	dptr
      0002FB F0               [24] 1156 	movx	@dptr,a
      0002FC 02r00r8A         [24] 1157 	ljmp	00117$
      0002FF                       1158 00119$:
                                   1159 ;	syntax.c:171: return buffer_size;
      0002FF 90r02r64         [24] 1160 	mov	dptr,#_get_buf_value_buffer_size_65536_81
      000302 E0               [24] 1161 	movx	a,@dptr
      000303 FE               [12] 1162 	mov	r6,a
      000304 A3               [24] 1163 	inc	dptr
      000305 E0               [24] 1164 	movx	a,@dptr
                                   1165 ;	syntax.c:172: }
      000306 8E 82            [24] 1166 	mov	dpl,r6
      000308 F5 83            [12] 1167 	mov	dph,a
      00030A 22               [24] 1168 	ret
                                   1169 ;------------------------------------------------------------
                                   1170 ;Allocation info for local variables in function 'print_prompt'
                                   1171 ;------------------------------------------------------------
                                   1172 ;string                    Allocated with name '_print_prompt_string_65536_88'
                                   1173 ;------------------------------------------------------------
                                   1174 ;	syntax.c:180: void print_prompt(const char * string){
                                   1175 ;	-----------------------------------------
                                   1176 ;	 function print_prompt
                                   1177 ;	-----------------------------------------
      00030B                       1178 _print_prompt:
      00030B AF F0            [24] 1179 	mov	r7,b
      00030D AE 83            [24] 1180 	mov	r6,dph
      00030F E5 82            [12] 1181 	mov	a,dpl
      000311 90r02r6D         [24] 1182 	mov	dptr,#_print_prompt_string_65536_88
      000314 F0               [24] 1183 	movx	@dptr,a
      000315 EE               [12] 1184 	mov	a,r6
      000316 A3               [24] 1185 	inc	dptr
      000317 F0               [24] 1186 	movx	@dptr,a
      000318 EF               [12] 1187 	mov	a,r7
      000319 A3               [24] 1188 	inc	dptr
      00031A F0               [24] 1189 	movx	@dptr,a
                                   1190 ;	syntax.c:181: while(*string != '\0'){
      00031B 90r02r6D         [24] 1191 	mov	dptr,#_print_prompt_string_65536_88
      00031E E0               [24] 1192 	movx	a,@dptr
      00031F FD               [12] 1193 	mov	r5,a
      000320 A3               [24] 1194 	inc	dptr
      000321 E0               [24] 1195 	movx	a,@dptr
      000322 FE               [12] 1196 	mov	r6,a
      000323 A3               [24] 1197 	inc	dptr
      000324 E0               [24] 1198 	movx	a,@dptr
      000325 FF               [12] 1199 	mov	r7,a
      000326                       1200 00101$:
      000326 8D 82            [24] 1201 	mov	dpl,r5
      000328 8E 83            [24] 1202 	mov	dph,r6
      00032A 8F F0            [24] 1203 	mov	b,r7
      00032C 12r00r00         [24] 1204 	lcall	__gptrget
      00032F FC               [12] 1205 	mov	r4,a
      000330 60 27            [24] 1206 	jz	00108$
                                   1207 ;	syntax.c:182: putchar(*string);
      000332 7B 00            [12] 1208 	mov	r3,#0x00
      000334 8C 82            [24] 1209 	mov	dpl,r4
      000336 8B 83            [24] 1210 	mov	dph,r3
      000338 C0 07            [24] 1211 	push	ar7
      00033A C0 06            [24] 1212 	push	ar6
      00033C C0 05            [24] 1213 	push	ar5
      00033E 12r00r29         [24] 1214 	lcall	_putchar
      000341 D0 05            [24] 1215 	pop	ar5
      000343 D0 06            [24] 1216 	pop	ar6
      000345 D0 07            [24] 1217 	pop	ar7
                                   1218 ;	syntax.c:183: string++;
      000347 0D               [12] 1219 	inc	r5
      000348 BD 00 01         [24] 1220 	cjne	r5,#0x00,00116$
      00034B 0E               [12] 1221 	inc	r6
      00034C                       1222 00116$:
      00034C 90r02r6D         [24] 1223 	mov	dptr,#_print_prompt_string_65536_88
      00034F ED               [12] 1224 	mov	a,r5
      000350 F0               [24] 1225 	movx	@dptr,a
      000351 EE               [12] 1226 	mov	a,r6
      000352 A3               [24] 1227 	inc	dptr
      000353 F0               [24] 1228 	movx	@dptr,a
      000354 EF               [12] 1229 	mov	a,r7
      000355 A3               [24] 1230 	inc	dptr
      000356 F0               [24] 1231 	movx	@dptr,a
      000357 80 CD            [24] 1232 	sjmp	00101$
      000359                       1233 00108$:
      000359 90r02r6D         [24] 1234 	mov	dptr,#_print_prompt_string_65536_88
      00035C ED               [12] 1235 	mov	a,r5
      00035D F0               [24] 1236 	movx	@dptr,a
      00035E EE               [12] 1237 	mov	a,r6
      00035F A3               [24] 1238 	inc	dptr
      000360 F0               [24] 1239 	movx	@dptr,a
      000361 EF               [12] 1240 	mov	a,r7
      000362 A3               [24] 1241 	inc	dptr
      000363 F0               [24] 1242 	movx	@dptr,a
                                   1243 ;	syntax.c:185: }
      000364 22               [24] 1244 	ret
                                   1245 ;------------------------------------------------------------
                                   1246 ;Allocation info for local variables in function 'get_number'
                                   1247 ;------------------------------------------------------------
                                   1248 ;prompt                    Allocated with name '_get_number_prompt_65536_91'
                                   1249 ;buffer_size               Allocated with name '_get_number_buffer_size_65536_92'
                                   1250 ;c                         Allocated with name '_get_number_c_65536_92'
                                   1251 ;index                     Allocated with name '_get_number_index_65536_92'
                                   1252 ;------------------------------------------------------------
                                   1253 ;	syntax.c:193: int get_number(const char* prompt)
                                   1254 ;	-----------------------------------------
                                   1255 ;	 function get_number
                                   1256 ;	-----------------------------------------
      000365                       1257 _get_number:
      000365 AF F0            [24] 1258 	mov	r7,b
      000367 AE 83            [24] 1259 	mov	r6,dph
      000369 E5 82            [12] 1260 	mov	a,dpl
      00036B 90r02r70         [24] 1261 	mov	dptr,#_get_number_prompt_65536_91
      00036E F0               [24] 1262 	movx	@dptr,a
      00036F EE               [12] 1263 	mov	a,r6
      000370 A3               [24] 1264 	inc	dptr
      000371 F0               [24] 1265 	movx	@dptr,a
      000372 EF               [12] 1266 	mov	a,r7
      000373 A3               [24] 1267 	inc	dptr
      000374 F0               [24] 1268 	movx	@dptr,a
                                   1269 ;	syntax.c:195: int buffer_size = 0;
      000375 90r02r73         [24] 1270 	mov	dptr,#_get_number_buffer_size_65536_92
      000378 E4               [12] 1271 	clr	a
      000379 F0               [24] 1272 	movx	@dptr,a
      00037A A3               [24] 1273 	inc	dptr
      00037B F0               [24] 1274 	movx	@dptr,a
                                   1275 ;	syntax.c:197: int index = 100;            // Start with highest place value for 3 digits
      00037C 90r02r75         [24] 1276 	mov	dptr,#_get_number_index_65536_92
      00037F 74 64            [12] 1277 	mov	a,#0x64
      000381 F0               [24] 1278 	movx	@dptr,a
      000382 E4               [12] 1279 	clr	a
      000383 A3               [24] 1280 	inc	dptr
      000384 F0               [24] 1281 	movx	@dptr,a
                                   1282 ;	syntax.c:199: print_prompt("\n\r+--------------------------------------------------+");
      000385 90r00r00         [24] 1283 	mov	dptr,#___str_0
      000388 75 F0 80         [24] 1284 	mov	b,#0x80
      00038B 12r03r0B         [24] 1285 	lcall	_print_prompt
                                   1286 ;	syntax.c:200: print_prompt(prompt);
      00038E 90r02r70         [24] 1287 	mov	dptr,#_get_number_prompt_65536_91
      000391 E0               [24] 1288 	movx	a,@dptr
      000392 FD               [12] 1289 	mov	r5,a
      000393 A3               [24] 1290 	inc	dptr
      000394 E0               [24] 1291 	movx	a,@dptr
      000395 FE               [12] 1292 	mov	r6,a
      000396 A3               [24] 1293 	inc	dptr
      000397 E0               [24] 1294 	movx	a,@dptr
      000398 FF               [12] 1295 	mov	r7,a
      000399 8D 82            [24] 1296 	mov	dpl,r5
      00039B 8E 83            [24] 1297 	mov	dph,r6
      00039D 8F F0            [24] 1298 	mov	b,r7
      00039F 12r03r0B         [24] 1299 	lcall	_print_prompt
                                   1300 ;	syntax.c:202: while (index >= 1 && (c = getchar()) != 0x0d) {
      0003A2                       1301 00105$:
      0003A2 90r02r75         [24] 1302 	mov	dptr,#_get_number_index_65536_92
      0003A5 E0               [24] 1303 	movx	a,@dptr
      0003A6 FE               [12] 1304 	mov	r6,a
      0003A7 A3               [24] 1305 	inc	dptr
      0003A8 E0               [24] 1306 	movx	a,@dptr
      0003A9 FF               [12] 1307 	mov	r7,a
      0003AA C3               [12] 1308 	clr	c
      0003AB EE               [12] 1309 	mov	a,r6
      0003AC 94 01            [12] 1310 	subb	a,#0x01
      0003AE EF               [12] 1311 	mov	a,r7
      0003AF 64 80            [12] 1312 	xrl	a,#0x80
      0003B1 94 80            [12] 1313 	subb	a,#0x80
      0003B3 50 03            [24] 1314 	jnc	00126$
      0003B5 02r04r73         [24] 1315 	ljmp	00107$
      0003B8                       1316 00126$:
      0003B8 C0 07            [24] 1317 	push	ar7
      0003BA C0 06            [24] 1318 	push	ar6
      0003BC 12r00r46         [24] 1319 	lcall	_getchar
      0003BF AC 82            [24] 1320 	mov	r4,dpl
      0003C1 AD 83            [24] 1321 	mov	r5,dph
      0003C3 D0 06            [24] 1322 	pop	ar6
      0003C5 D0 07            [24] 1323 	pop	ar7
      0003C7 BC 0D 03         [24] 1324 	cjne	r4,#0x0d,00127$
      0003CA 02r04r73         [24] 1325 	ljmp	00107$
      0003CD                       1326 00127$:
                                   1327 ;	syntax.c:203: if (c < '0' || c > '9') {
      0003CD BC 30 00         [24] 1328 	cjne	r4,#0x30,00128$
      0003D0                       1329 00128$:
      0003D0 40 05            [24] 1330 	jc	00101$
      0003D2 EC               [12] 1331 	mov	a,r4
      0003D3 24 C6            [12] 1332 	add	a,#0xff - 0x39
      0003D5 50 2E            [24] 1333 	jnc	00102$
      0003D7                       1334 00101$:
                                   1335 ;	syntax.c:204: printf("\n\r| ERROR: Invalid input - Please enter numbers only     |");
      0003D7 74r37            [12] 1336 	mov	a,#___str_1
      0003D9 C0 E0            [24] 1337 	push	acc
      0003DB 74s00            [12] 1338 	mov	a,#(___str_1 >> 8)
      0003DD C0 E0            [24] 1339 	push	acc
      0003DF 74 80            [12] 1340 	mov	a,#0x80
      0003E1 C0 E0            [24] 1341 	push	acc
      0003E3 12r00r00         [24] 1342 	lcall	_printf
      0003E6 15 81            [12] 1343 	dec	sp
      0003E8 15 81            [12] 1344 	dec	sp
      0003EA 15 81            [12] 1345 	dec	sp
                                   1346 ;	syntax.c:205: printf("\n\r+--------------------------------------------------+\n\r");
      0003EC 74r72            [12] 1347 	mov	a,#___str_2
      0003EE C0 E0            [24] 1348 	push	acc
      0003F0 74s00            [12] 1349 	mov	a,#(___str_2 >> 8)
      0003F2 C0 E0            [24] 1350 	push	acc
      0003F4 74 80            [12] 1351 	mov	a,#0x80
      0003F6 C0 E0            [24] 1352 	push	acc
      0003F8 12r00r00         [24] 1353 	lcall	_printf
      0003FB 15 81            [12] 1354 	dec	sp
      0003FD 15 81            [12] 1355 	dec	sp
      0003FF 15 81            [12] 1356 	dec	sp
                                   1357 ;	syntax.c:206: return -1;
      000401 90 FF FF         [24] 1358 	mov	dptr,#0xffff
      000404 22               [24] 1359 	ret
      000405                       1360 00102$:
                                   1361 ;	syntax.c:209: putchar(c);
      000405 7D 00            [12] 1362 	mov	r5,#0x00
      000407 8C 82            [24] 1363 	mov	dpl,r4
      000409 8D 83            [24] 1364 	mov	dph,r5
      00040B C0 07            [24] 1365 	push	ar7
      00040D C0 06            [24] 1366 	push	ar6
      00040F C0 05            [24] 1367 	push	ar5
      000411 C0 04            [24] 1368 	push	ar4
      000413 12r00r29         [24] 1369 	lcall	_putchar
      000416 D0 04            [24] 1370 	pop	ar4
      000418 D0 05            [24] 1371 	pop	ar5
      00041A D0 06            [24] 1372 	pop	ar6
      00041C D0 07            [24] 1373 	pop	ar7
                                   1374 ;	syntax.c:210: buffer_size += (c - '0') * index;
      00041E EC               [12] 1375 	mov	a,r4
      00041F 24 D0            [12] 1376 	add	a,#0xd0
      000421 FC               [12] 1377 	mov	r4,a
      000422 ED               [12] 1378 	mov	a,r5
      000423 34 FF            [12] 1379 	addc	a,#0xff
      000425 FD               [12] 1380 	mov	r5,a
      000426 90r00r00         [24] 1381 	mov	dptr,#__mulint_PARM_2
      000429 EE               [12] 1382 	mov	a,r6
      00042A F0               [24] 1383 	movx	@dptr,a
      00042B EF               [12] 1384 	mov	a,r7
      00042C A3               [24] 1385 	inc	dptr
      00042D F0               [24] 1386 	movx	@dptr,a
      00042E 8C 82            [24] 1387 	mov	dpl,r4
      000430 8D 83            [24] 1388 	mov	dph,r5
      000432 C0 07            [24] 1389 	push	ar7
      000434 C0 06            [24] 1390 	push	ar6
      000436 12r00r00         [24] 1391 	lcall	__mulint
      000439 AC 82            [24] 1392 	mov	r4,dpl
      00043B AD 83            [24] 1393 	mov	r5,dph
      00043D D0 06            [24] 1394 	pop	ar6
      00043F D0 07            [24] 1395 	pop	ar7
      000441 90r02r73         [24] 1396 	mov	dptr,#_get_number_buffer_size_65536_92
      000444 E0               [24] 1397 	movx	a,@dptr
      000445 FA               [12] 1398 	mov	r2,a
      000446 A3               [24] 1399 	inc	dptr
      000447 E0               [24] 1400 	movx	a,@dptr
      000448 FB               [12] 1401 	mov	r3,a
      000449 90r02r73         [24] 1402 	mov	dptr,#_get_number_buffer_size_65536_92
      00044C EC               [12] 1403 	mov	a,r4
      00044D 2A               [12] 1404 	add	a,r2
      00044E F0               [24] 1405 	movx	@dptr,a
      00044F ED               [12] 1406 	mov	a,r5
      000450 3B               [12] 1407 	addc	a,r3
      000451 A3               [24] 1408 	inc	dptr
      000452 F0               [24] 1409 	movx	@dptr,a
                                   1410 ;	syntax.c:211: index = index/10;
      000453 90r00r00         [24] 1411 	mov	dptr,#__divsint_PARM_2
      000456 74 0A            [12] 1412 	mov	a,#0x0a
      000458 F0               [24] 1413 	movx	@dptr,a
      000459 E4               [12] 1414 	clr	a
      00045A A3               [24] 1415 	inc	dptr
      00045B F0               [24] 1416 	movx	@dptr,a
      00045C 8E 82            [24] 1417 	mov	dpl,r6
      00045E 8F 83            [24] 1418 	mov	dph,r7
      000460 12r00r00         [24] 1419 	lcall	__divsint
      000463 E5 82            [12] 1420 	mov	a,dpl
      000465 85 83 F0         [24] 1421 	mov	b,dph
      000468 90r02r75         [24] 1422 	mov	dptr,#_get_number_index_65536_92
      00046B F0               [24] 1423 	movx	@dptr,a
      00046C E5 F0            [12] 1424 	mov	a,b
      00046E A3               [24] 1425 	inc	dptr
      00046F F0               [24] 1426 	movx	@dptr,a
      000470 02r03rA2         [24] 1427 	ljmp	00105$
      000473                       1428 00107$:
                                   1429 ;	syntax.c:214: printf("\n\r| Input size: %-39d |", buffer_size);
      000473 90r02r73         [24] 1430 	mov	dptr,#_get_number_buffer_size_65536_92
      000476 E0               [24] 1431 	movx	a,@dptr
      000477 FE               [12] 1432 	mov	r6,a
      000478 A3               [24] 1433 	inc	dptr
      000479 E0               [24] 1434 	movx	a,@dptr
      00047A FF               [12] 1435 	mov	r7,a
      00047B C0 07            [24] 1436 	push	ar7
      00047D C0 06            [24] 1437 	push	ar6
      00047F C0 06            [24] 1438 	push	ar6
      000481 C0 07            [24] 1439 	push	ar7
      000483 74r56            [12] 1440 	mov	a,#___str_6
      000485 C0 E0            [24] 1441 	push	acc
      000487 74s01            [12] 1442 	mov	a,#(___str_6 >> 8)
      000489 C0 E0            [24] 1443 	push	acc
      00048B 74 80            [12] 1444 	mov	a,#0x80
      00048D C0 E0            [24] 1445 	push	acc
      00048F 12r00r00         [24] 1446 	lcall	_printf
      000492 E5 81            [12] 1447 	mov	a,sp
      000494 24 FB            [12] 1448 	add	a,#0xfb
      000496 F5 81            [12] 1449 	mov	sp,a
                                   1450 ;	syntax.c:215: printf("\n\r+--------------------------------------------------+\n\r");
      000498 74r72            [12] 1451 	mov	a,#___str_2
      00049A C0 E0            [24] 1452 	push	acc
      00049C 74s00            [12] 1453 	mov	a,#(___str_2 >> 8)
      00049E C0 E0            [24] 1454 	push	acc
      0004A0 74 80            [12] 1455 	mov	a,#0x80
      0004A2 C0 E0            [24] 1456 	push	acc
      0004A4 12r00r00         [24] 1457 	lcall	_printf
      0004A7 15 81            [12] 1458 	dec	sp
      0004A9 15 81            [12] 1459 	dec	sp
      0004AB 15 81            [12] 1460 	dec	sp
      0004AD D0 06            [24] 1461 	pop	ar6
      0004AF D0 07            [24] 1462 	pop	ar7
                                   1463 ;	syntax.c:217: return buffer_size;
      0004B1 8E 82            [24] 1464 	mov	dpl,r6
      0004B3 8F 83            [24] 1465 	mov	dph,r7
                                   1466 ;	syntax.c:218: }
      0004B5 22               [24] 1467 	ret
                                   1468 ;------------------------------------------------------------
                                   1469 ;Allocation info for local variables in function 'get_command'
                                   1470 ;------------------------------------------------------------
                                   1471 ;sloc0                     Allocated with name '_get_command_sloc0_1_0'
                                   1472 ;sloc1                     Allocated with name '_get_command_sloc1_1_0'
                                   1473 ;sloc2                     Allocated with name '_get_command_sloc2_1_0'
                                   1474 ;command                   Allocated with name '_get_command_command_65536_95'
                                   1475 ;temp_value                Allocated with name '_get_command_temp_value_65536_96'
                                   1476 ;pointer                   Allocated with name '_get_command_pointer_65536_96'
                                   1477 ;array_index_temp          Allocated with name '_get_command_array_index_temp_65536_96'
                                   1478 ;total_buffers             Allocated with name '_get_command_total_buffers_196609_99'
                                   1479 ;buffers_freed             Allocated with name '_get_command_buffers_freed_196609_99'
                                   1480 ;failed_frees              Allocated with name '_get_command_failed_frees_196609_99'
                                   1481 ;i                         Allocated with name '_get_command_i_262145_100'
                                   1482 ;i                         Allocated with name '_get_command_i_262145_103'
                                   1483 ;i                         Allocated with name '_get_command_i_196608_108'
                                   1484 ;buffer_size               Allocated with name '_get_command_buffer_size_131073_112'
                                   1485 ;node                      Allocated with name '_get_command_node_196610_117'
                                   1486 ;------------------------------------------------------------
                                   1487 ;	syntax.c:227: int get_command(int command)
                                   1488 ;	-----------------------------------------
                                   1489 ;	 function get_command
                                   1490 ;	-----------------------------------------
      0004B6                       1491 _get_command:
      0004B6 AF 83            [24] 1492 	mov	r7,dph
      0004B8 E5 82            [12] 1493 	mov	a,dpl
      0004BA 90r02r77         [24] 1494 	mov	dptr,#_get_command_command_65536_95
      0004BD F0               [24] 1495 	movx	@dptr,a
      0004BE EF               [12] 1496 	mov	a,r7
      0004BF A3               [24] 1497 	inc	dptr
      0004C0 F0               [24] 1498 	movx	@dptr,a
                                   1499 ;	syntax.c:233: switch(command)
      0004C1 90r02r77         [24] 1500 	mov	dptr,#_get_command_command_65536_95
      0004C4 E0               [24] 1501 	movx	a,@dptr
      0004C5 FE               [12] 1502 	mov	r6,a
      0004C6 A3               [24] 1503 	inc	dptr
      0004C7 E0               [24] 1504 	movx	a,@dptr
      0004C8 FF               [12] 1505 	mov	r7,a
      0004C9 BE 2B 06         [24] 1506 	cjne	r6,#0x2b,00225$
      0004CC BF 00 03         [24] 1507 	cjne	r7,#0x00,00225$
      0004CF 02r0ArAE         [24] 1508 	ljmp	00117$
      0004D2                       1509 00225$:
      0004D2 BE 2D 06         [24] 1510 	cjne	r6,#0x2d,00226$
      0004D5 BF 00 03         [24] 1511 	cjne	r7,#0x00,00226$
      0004D8 02r0Cr24         [24] 1512 	ljmp	00125$
      0004DB                       1513 00226$:
      0004DB BE 3D 06         [24] 1514 	cjne	r6,#0x3d,00227$
      0004DE BF 00 03         [24] 1515 	cjne	r7,#0x00,00227$
      0004E1 02r0Dr19         [24] 1516 	ljmp	00132$
      0004E4                       1517 00227$:
      0004E4 BE 3F 06         [24] 1518 	cjne	r6,#0x3f,00228$
      0004E7 BF 00 03         [24] 1519 	cjne	r7,#0x00,00228$
      0004EA 02r06r5D         [24] 1520 	ljmp	00111$
      0004ED                       1521 00228$:
      0004ED BE 40 05         [24] 1522 	cjne	r6,#0x40,00229$
      0004F0 BF 00 02         [24] 1523 	cjne	r7,#0x00,00229$
      0004F3 80 03            [24] 1524 	sjmp	00230$
      0004F5                       1525 00229$:
      0004F5 02r0Dr28         [24] 1526 	ljmp	00133$
      0004F8                       1527 00230$:
                                   1528 ;	syntax.c:237: DEBUGPORT(0x05);
      0004F8 90r00r00         [24] 1529 	mov	dptr,#_dataout_PARM_2
      0004FB 74 05            [12] 1530 	mov	a,#0x05
      0004FD F0               [24] 1531 	movx	@dptr,a
      0004FE 90 FE FE         [24] 1532 	mov	dptr,#0xfefe
      000501 12r00r00         [24] 1533 	lcall	_dataout
                                   1534 ;	syntax.c:242: printf("\n\r| BUFFER DEALLOCATION STATUS                      |");
      000504 74r6E            [12] 1535 	mov	a,#___str_7
      000506 C0 E0            [24] 1536 	push	acc
      000508 74s01            [12] 1537 	mov	a,#(___str_7 >> 8)
      00050A C0 E0            [24] 1538 	push	acc
      00050C 74 80            [12] 1539 	mov	a,#0x80
      00050E C0 E0            [24] 1540 	push	acc
      000510 12r00r00         [24] 1541 	lcall	_printf
      000513 15 81            [12] 1542 	dec	sp
      000515 15 81            [12] 1543 	dec	sp
      000517 15 81            [12] 1544 	dec	sp
                                   1545 ;	syntax.c:243: printf("\n\r|------------------------------------------------|");
      000519 74rA4            [12] 1546 	mov	a,#___str_8
      00051B C0 E0            [24] 1547 	push	acc
      00051D 74s01            [12] 1548 	mov	a,#(___str_8 >> 8)
      00051F C0 E0            [24] 1549 	push	acc
      000521 74 80            [12] 1550 	mov	a,#0x80
      000523 C0 E0            [24] 1551 	push	acc
      000525 12r00r00         [24] 1552 	lcall	_printf
      000528 15 81            [12] 1553 	dec	sp
      00052A 15 81            [12] 1554 	dec	sp
      00052C 15 81            [12] 1555 	dec	sp
                                   1556 ;	syntax.c:246: for(int i = 0; i < 100; i++) 
      00052E E4               [12] 1557 	clr	a
      00052F F5*03            [12] 1558 	mov	_get_command_sloc0_1_0,a
      000531 F5*04            [12] 1559 	mov	(_get_command_sloc0_1_0 + 1),a
      000533 FC               [12] 1560 	mov	r4,a
      000534 FD               [12] 1561 	mov	r5,a
      000535                       1562 00135$:
      000535 C3               [12] 1563 	clr	c
      000536 EC               [12] 1564 	mov	a,r4
      000537 94 64            [12] 1565 	subb	a,#0x64
      000539 ED               [12] 1566 	mov	a,r5
      00053A 64 80            [12] 1567 	xrl	a,#0x80
      00053C 94 80            [12] 1568 	subb	a,#0x80
      00053E 50 41            [24] 1569 	jnc	00104$
                                   1570 ;	syntax.c:248: if(array_for_nodes[i].data_pointer != NULL)
      000540 90r00r00         [24] 1571 	mov	dptr,#__mulint_PARM_2
      000543 EC               [12] 1572 	mov	a,r4
      000544 F0               [24] 1573 	movx	@dptr,a
      000545 ED               [12] 1574 	mov	a,r5
      000546 A3               [24] 1575 	inc	dptr
      000547 F0               [24] 1576 	movx	@dptr,a
      000548 90 00 06         [24] 1577 	mov	dptr,#0x0006
      00054B C0 05            [24] 1578 	push	ar5
      00054D C0 04            [24] 1579 	push	ar4
      00054F 12r00r00         [24] 1580 	lcall	__mulint
      000552 AA 82            [24] 1581 	mov	r2,dpl
      000554 AB 83            [24] 1582 	mov	r3,dph
      000556 D0 04            [24] 1583 	pop	ar4
      000558 D0 05            [24] 1584 	pop	ar5
      00055A EA               [12] 1585 	mov	a,r2
      00055B 24r03            [12] 1586 	add	a,#_array_for_nodes
      00055D FA               [12] 1587 	mov	r2,a
      00055E EB               [12] 1588 	mov	a,r3
      00055F 34s00            [12] 1589 	addc	a,#(_array_for_nodes >> 8)
      000561 FB               [12] 1590 	mov	r3,a
      000562 8A 82            [24] 1591 	mov	dpl,r2
      000564 8B 83            [24] 1592 	mov	dph,r3
      000566 A3               [24] 1593 	inc	dptr
      000567 E0               [24] 1594 	movx	a,@dptr
      000568 FA               [12] 1595 	mov	r2,a
      000569 A3               [24] 1596 	inc	dptr
      00056A E0               [24] 1597 	movx	a,@dptr
      00056B FB               [12] 1598 	mov	r3,a
      00056C A3               [24] 1599 	inc	dptr
      00056D E0               [24] 1600 	movx	a,@dptr
      00056E EA               [12] 1601 	mov	a,r2
      00056F 4B               [12] 1602 	orl	a,r3
      000570 60 08            [24] 1603 	jz	00136$
                                   1604 ;	syntax.c:250: total_buffers++;
      000572 05*03            [12] 1605 	inc	_get_command_sloc0_1_0
      000574 E4               [12] 1606 	clr	a
      000575 B5*03 02         [24] 1607 	cjne	a,_get_command_sloc0_1_0,00233$
      000578 05*04            [12] 1608 	inc	(_get_command_sloc0_1_0 + 1)
      00057A                       1609 00233$:
      00057A                       1610 00136$:
                                   1611 ;	syntax.c:246: for(int i = 0; i < 100; i++) 
      00057A 0C               [12] 1612 	inc	r4
      00057B BC 00 B7         [24] 1613 	cjne	r4,#0x00,00135$
      00057E 0D               [12] 1614 	inc	r5
      00057F 80 B4            [24] 1615 	sjmp	00135$
      000581                       1616 00104$:
                                   1617 ;	syntax.c:254: printf("\n\r| Buffers to Free  | %-28d |", total_buffers);
      000581 C0*03            [24] 1618 	push	_get_command_sloc0_1_0
      000583 C0*04            [24] 1619 	push	(_get_command_sloc0_1_0 + 1)
      000585 74rD9            [12] 1620 	mov	a,#___str_9
      000587 C0 E0            [24] 1621 	push	acc
      000589 74s01            [12] 1622 	mov	a,#(___str_9 >> 8)
      00058B C0 E0            [24] 1623 	push	acc
      00058D 74 80            [12] 1624 	mov	a,#0x80
      00058F C0 E0            [24] 1625 	push	acc
      000591 12r00r00         [24] 1626 	lcall	_printf
      000594 E5 81            [12] 1627 	mov	a,sp
      000596 24 FB            [12] 1628 	add	a,#0xfb
      000598 F5 81            [12] 1629 	mov	sp,a
                                   1630 ;	syntax.c:257: for(int i = 0; i < 100; i++) 
      00059A 7E 00            [12] 1631 	mov	r6,#0x00
      00059C 7F 00            [12] 1632 	mov	r7,#0x00
      00059E                       1633 00138$:
      00059E C3               [12] 1634 	clr	c
      00059F EE               [12] 1635 	mov	a,r6
      0005A0 94 64            [12] 1636 	subb	a,#0x64
      0005A2 EF               [12] 1637 	mov	a,r7
      0005A3 64 80            [12] 1638 	xrl	a,#0x80
      0005A5 94 80            [12] 1639 	subb	a,#0x80
      0005A7 50 75            [24] 1640 	jnc	00107$
                                   1641 ;	syntax.c:259: if(array_for_nodes[i].data_pointer != NULL) 
      0005A9 90r00r00         [24] 1642 	mov	dptr,#__mulint_PARM_2
      0005AC EE               [12] 1643 	mov	a,r6
      0005AD F0               [24] 1644 	movx	@dptr,a
      0005AE EF               [12] 1645 	mov	a,r7
      0005AF A3               [24] 1646 	inc	dptr
      0005B0 F0               [24] 1647 	movx	@dptr,a
      0005B1 90 00 06         [24] 1648 	mov	dptr,#0x0006
      0005B4 C0 07            [24] 1649 	push	ar7
      0005B6 C0 06            [24] 1650 	push	ar6
      0005B8 12r00r00         [24] 1651 	lcall	__mulint
      0005BB AC 82            [24] 1652 	mov	r4,dpl
      0005BD AD 83            [24] 1653 	mov	r5,dph
      0005BF D0 06            [24] 1654 	pop	ar6
      0005C1 D0 07            [24] 1655 	pop	ar7
      0005C3 EC               [12] 1656 	mov	a,r4
      0005C4 24r03            [12] 1657 	add	a,#_array_for_nodes
      0005C6 FC               [12] 1658 	mov	r4,a
      0005C7 ED               [12] 1659 	mov	a,r5
      0005C8 34s00            [12] 1660 	addc	a,#(_array_for_nodes >> 8)
      0005CA FD               [12] 1661 	mov	r5,a
      0005CB 0C               [12] 1662 	inc	r4
      0005CC BC 00 01         [24] 1663 	cjne	r4,#0x00,00236$
      0005CF 0D               [12] 1664 	inc	r5
      0005D0                       1665 00236$:
      0005D0 8C 82            [24] 1666 	mov	dpl,r4
      0005D2 8D 83            [24] 1667 	mov	dph,r5
      0005D4 E0               [24] 1668 	movx	a,@dptr
      0005D5 F5*05            [12] 1669 	mov	_get_command_sloc1_1_0,a
      0005D7 A3               [24] 1670 	inc	dptr
      0005D8 E0               [24] 1671 	movx	a,@dptr
      0005D9 F5*06            [12] 1672 	mov	(_get_command_sloc1_1_0 + 1),a
      0005DB A3               [24] 1673 	inc	dptr
      0005DC E0               [24] 1674 	movx	a,@dptr
      0005DD F5*07            [12] 1675 	mov	(_get_command_sloc1_1_0 + 2),a
      0005DF E5*05            [12] 1676 	mov	a,_get_command_sloc1_1_0
      0005E1 45*06            [12] 1677 	orl	a,(_get_command_sloc1_1_0 + 1)
      0005E3 60 31            [24] 1678 	jz	00139$
                                   1679 ;	syntax.c:261: free(array_for_nodes[i].data_pointer);
      0005E5 C0 06            [24] 1680 	push	ar6
      0005E7 C0 07            [24] 1681 	push	ar7
      0005E9 AA*05            [24] 1682 	mov	r2,_get_command_sloc1_1_0
      0005EB AB*06            [24] 1683 	mov	r3,(_get_command_sloc1_1_0 + 1)
      0005ED AF*07            [24] 1684 	mov	r7,(_get_command_sloc1_1_0 + 2)
      0005EF 8A 82            [24] 1685 	mov	dpl,r2
      0005F1 8B 83            [24] 1686 	mov	dph,r3
      0005F3 8F F0            [24] 1687 	mov	b,r7
      0005F5 C0 07            [24] 1688 	push	ar7
      0005F7 C0 06            [24] 1689 	push	ar6
      0005F9 C0 05            [24] 1690 	push	ar5
      0005FB C0 04            [24] 1691 	push	ar4
      0005FD 12r00r00         [24] 1692 	lcall	_free
      000600 D0 04            [24] 1693 	pop	ar4
      000602 D0 05            [24] 1694 	pop	ar5
      000604 D0 06            [24] 1695 	pop	ar6
      000606 D0 07            [24] 1696 	pop	ar7
                                   1697 ;	syntax.c:262: array_for_nodes[i].data_pointer = NULL;
      000608 8C 82            [24] 1698 	mov	dpl,r4
      00060A 8D 83            [24] 1699 	mov	dph,r5
      00060C E4               [12] 1700 	clr	a
      00060D F0               [24] 1701 	movx	@dptr,a
      00060E A3               [24] 1702 	inc	dptr
      00060F F0               [24] 1703 	movx	@dptr,a
      000610 A3               [24] 1704 	inc	dptr
      000611 F0               [24] 1705 	movx	@dptr,a
                                   1706 ;	syntax.c:408: return 0;
      000612 D0 07            [24] 1707 	pop	ar7
      000614 D0 06            [24] 1708 	pop	ar6
                                   1709 ;	syntax.c:262: array_for_nodes[i].data_pointer = NULL;
      000616                       1710 00139$:
                                   1711 ;	syntax.c:257: for(int i = 0; i < 100; i++) 
      000616 0E               [12] 1712 	inc	r6
      000617 BE 00 01         [24] 1713 	cjne	r6,#0x00,00238$
      00061A 0F               [12] 1714 	inc	r7
      00061B                       1715 00238$:
      00061B 02r05r9E         [24] 1716 	ljmp	00138$
      00061E                       1717 00107$:
                                   1718 ;	syntax.c:266: printf("\n\r+--------------------------------------------------+\n\r");
      00061E 74r72            [12] 1719 	mov	a,#___str_2
      000620 C0 E0            [24] 1720 	push	acc
      000622 74s00            [12] 1721 	mov	a,#(___str_2 >> 8)
      000624 C0 E0            [24] 1722 	push	acc
      000626 74 80            [12] 1723 	mov	a,#0x80
      000628 C0 E0            [24] 1724 	push	acc
      00062A 12r00r00         [24] 1725 	lcall	_printf
      00062D 15 81            [12] 1726 	dec	sp
      00062F 15 81            [12] 1727 	dec	sp
      000631 15 81            [12] 1728 	dec	sp
                                   1729 ;	syntax.c:270: printf("\n\r| All buffers successfully deallocated            |");
      000633 74rF8            [12] 1730 	mov	a,#___str_10
      000635 C0 E0            [24] 1731 	push	acc
      000637 74s01            [12] 1732 	mov	a,#(___str_10 >> 8)
      000639 C0 E0            [24] 1733 	push	acc
      00063B 74 80            [12] 1734 	mov	a,#0x80
      00063D C0 E0            [24] 1735 	push	acc
      00063F 12r00r00         [24] 1736 	lcall	_printf
      000642 15 81            [12] 1737 	dec	sp
      000644 15 81            [12] 1738 	dec	sp
      000646 15 81            [12] 1739 	dec	sp
                                   1740 ;	syntax.c:274: printf("\n\r+--------------------------------------------------+\n\r");
      000648 74r72            [12] 1741 	mov	a,#___str_2
      00064A C0 E0            [24] 1742 	push	acc
      00064C 74s00            [12] 1743 	mov	a,#(___str_2 >> 8)
      00064E C0 E0            [24] 1744 	push	acc
      000650 74 80            [12] 1745 	mov	a,#0x80
      000652 C0 E0            [24] 1746 	push	acc
      000654 12r00r00         [24] 1747 	lcall	_printf
      000657 15 81            [12] 1748 	dec	sp
      000659 15 81            [12] 1749 	dec	sp
      00065B 15 81            [12] 1750 	dec	sp
                                   1751 ;	syntax.c:282: case '?':               // Show system status
      00065D                       1752 00111$:
                                   1753 ;	syntax.c:283: DEBUGPORT(0x04);
      00065D 90r00r00         [24] 1754 	mov	dptr,#_dataout_PARM_2
      000660 74 04            [12] 1755 	mov	a,#0x04
      000662 F0               [24] 1756 	movx	@dptr,a
      000663 90 FE FE         [24] 1757 	mov	dptr,#0xfefe
      000666 12r00r00         [24] 1758 	lcall	_dataout
                                   1759 ;	syntax.c:284: printf("\n\r+------------------SYSTEM STATUS-------------------+");
      000669 74r64            [12] 1760 	mov	a,#___str_12
      00066B C0 E0            [24] 1761 	push	acc
      00066D 74s02            [12] 1762 	mov	a,#(___str_12 >> 8)
      00066F C0 E0            [24] 1763 	push	acc
      000671 74 80            [12] 1764 	mov	a,#0x80
      000673 C0 E0            [24] 1765 	push	acc
      000675 12r00r00         [24] 1766 	lcall	_printf
      000678 15 81            [12] 1767 	dec	sp
      00067A 15 81            [12] 1768 	dec	sp
      00067C 15 81            [12] 1769 	dec	sp
                                   1770 ;	syntax.c:285: printf("\n\r| COMMAND STATISTICS                              |");
      00067E 74r9B            [12] 1771 	mov	a,#___str_13
      000680 C0 E0            [24] 1772 	push	acc
      000682 74s02            [12] 1773 	mov	a,#(___str_13 >> 8)
      000684 C0 E0            [24] 1774 	push	acc
      000686 74 80            [12] 1775 	mov	a,#0x80
      000688 C0 E0            [24] 1776 	push	acc
      00068A 12r00r00         [24] 1777 	lcall	_printf
      00068D 15 81            [12] 1778 	dec	sp
      00068F 15 81            [12] 1779 	dec	sp
      000691 15 81            [12] 1780 	dec	sp
                                   1781 ;	syntax.c:286: printf("\n\r|------------------------------------------------|");
      000693 74rA4            [12] 1782 	mov	a,#___str_8
      000695 C0 E0            [24] 1783 	push	acc
      000697 74s01            [12] 1784 	mov	a,#(___str_8 >> 8)
      000699 C0 E0            [24] 1785 	push	acc
      00069B 74 80            [12] 1786 	mov	a,#0x80
      00069D C0 E0            [24] 1787 	push	acc
      00069F 12r00r00         [24] 1788 	lcall	_printf
      0006A2 15 81            [12] 1789 	dec	sp
      0006A4 15 81            [12] 1790 	dec	sp
      0006A6 15 81            [12] 1791 	dec	sp
                                   1792 ;	syntax.c:287: printf("\n\r| Total Commands   | %-28d |", total_number_of_commands);
      0006A8 90r00r01         [24] 1793 	mov	dptr,#_total_number_of_commands
      0006AB E0               [24] 1794 	movx	a,@dptr
      0006AC FF               [12] 1795 	mov	r7,a
      0006AD 7E 00            [12] 1796 	mov	r6,#0x00
      0006AF C0 07            [24] 1797 	push	ar7
      0006B1 C0 06            [24] 1798 	push	ar6
      0006B3 74rD1            [12] 1799 	mov	a,#___str_14
      0006B5 C0 E0            [24] 1800 	push	acc
      0006B7 74s02            [12] 1801 	mov	a,#(___str_14 >> 8)
      0006B9 C0 E0            [24] 1802 	push	acc
      0006BB 74 80            [12] 1803 	mov	a,#0x80
      0006BD C0 E0            [24] 1804 	push	acc
      0006BF 12r00r00         [24] 1805 	lcall	_printf
      0006C2 E5 81            [12] 1806 	mov	a,sp
      0006C4 24 FB            [12] 1807 	add	a,#0xfb
      0006C6 F5 81            [12] 1808 	mov	sp,a
                                   1809 ;	syntax.c:288: printf("\n\r| Recent Commands  | %-28d |", recent_commands);
      0006C8 90r00r03         [24] 1810 	mov	dptr,#_recent_commands
      0006CB E0               [24] 1811 	movx	a,@dptr
      0006CC FF               [12] 1812 	mov	r7,a
      0006CD 7E 00            [12] 1813 	mov	r6,#0x00
      0006CF C0 07            [24] 1814 	push	ar7
      0006D1 C0 06            [24] 1815 	push	ar6
      0006D3 74rF0            [12] 1816 	mov	a,#___str_15
      0006D5 C0 E0            [24] 1817 	push	acc
      0006D7 74s02            [12] 1818 	mov	a,#(___str_15 >> 8)
      0006D9 C0 E0            [24] 1819 	push	acc
      0006DB 74 80            [12] 1820 	mov	a,#0x80
      0006DD C0 E0            [24] 1821 	push	acc
      0006DF 12r00r00         [24] 1822 	lcall	_printf
      0006E2 E5 81            [12] 1823 	mov	a,sp
      0006E4 24 FB            [12] 1824 	add	a,#0xfb
      0006E6 F5 81            [12] 1825 	mov	sp,a
                                   1826 ;	syntax.c:289: printf("\n\r|------------------------------------------------|");
      0006E8 74rA4            [12] 1827 	mov	a,#___str_8
      0006EA C0 E0            [24] 1828 	push	acc
      0006EC 74s01            [12] 1829 	mov	a,#(___str_8 >> 8)
      0006EE C0 E0            [24] 1830 	push	acc
      0006F0 74 80            [12] 1831 	mov	a,#0x80
      0006F2 C0 E0            [24] 1832 	push	acc
      0006F4 12r00r00         [24] 1833 	lcall	_printf
      0006F7 15 81            [12] 1834 	dec	sp
      0006F9 15 81            [12] 1835 	dec	sp
      0006FB 15 81            [12] 1836 	dec	sp
                                   1837 ;	syntax.c:290: printf("\n\r| STORAGE STATISTICS                             |");
      0006FD 74r0F            [12] 1838 	mov	a,#___str_16
      0006FF C0 E0            [24] 1839 	push	acc
      000701 74s03            [12] 1840 	mov	a,#(___str_16 >> 8)
      000703 C0 E0            [24] 1841 	push	acc
      000705 74 80            [12] 1842 	mov	a,#0x80
      000707 C0 E0            [24] 1843 	push	acc
      000709 12r00r00         [24] 1844 	lcall	_printf
      00070C 15 81            [12] 1845 	dec	sp
      00070E 15 81            [12] 1846 	dec	sp
      000710 15 81            [12] 1847 	dec	sp
                                   1848 ;	syntax.c:291: printf("\n\r|------------------------------------------------|");
      000712 74rA4            [12] 1849 	mov	a,#___str_8
      000714 C0 E0            [24] 1850 	push	acc
      000716 74s01            [12] 1851 	mov	a,#(___str_8 >> 8)
      000718 C0 E0            [24] 1852 	push	acc
      00071A 74 80            [12] 1853 	mov	a,#0x80
      00071C C0 E0            [24] 1854 	push	acc
      00071E 12r00r00         [24] 1855 	lcall	_printf
      000721 15 81            [12] 1856 	dec	sp
      000723 15 81            [12] 1857 	dec	sp
      000725 15 81            [12] 1858 	dec	sp
                                   1859 ;	syntax.c:292: printf("\n\r| Total Storage    | %-28d |", total_number_of_storage);
      000727 90r00r02         [24] 1860 	mov	dptr,#_total_number_of_storage
      00072A E0               [24] 1861 	movx	a,@dptr
      00072B FF               [12] 1862 	mov	r7,a
      00072C 7E 00            [12] 1863 	mov	r6,#0x00
      00072E C0 07            [24] 1864 	push	ar7
      000730 C0 06            [24] 1865 	push	ar6
      000732 74r44            [12] 1866 	mov	a,#___str_17
      000734 C0 E0            [24] 1867 	push	acc
      000736 74s03            [12] 1868 	mov	a,#(___str_17 >> 8)
      000738 C0 E0            [24] 1869 	push	acc
      00073A 74 80            [12] 1870 	mov	a,#0x80
      00073C C0 E0            [24] 1871 	push	acc
      00073E 12r00r00         [24] 1872 	lcall	_printf
      000741 E5 81            [12] 1873 	mov	a,sp
      000743 24 FB            [12] 1874 	add	a,#0xfb
      000745 F5 81            [12] 1875 	mov	sp,a
                                   1876 ;	syntax.c:293: printf("\n\r| Recent Storage   | %-28d |", recent_storage);
      000747 90r00r04         [24] 1877 	mov	dptr,#_recent_storage
      00074A E0               [24] 1878 	movx	a,@dptr
      00074B FF               [12] 1879 	mov	r7,a
      00074C 7E 00            [12] 1880 	mov	r6,#0x00
      00074E C0 07            [24] 1881 	push	ar7
      000750 C0 06            [24] 1882 	push	ar6
      000752 74r63            [12] 1883 	mov	a,#___str_18
      000754 C0 E0            [24] 1884 	push	acc
      000756 74s03            [12] 1885 	mov	a,#(___str_18 >> 8)
      000758 C0 E0            [24] 1886 	push	acc
      00075A 74 80            [12] 1887 	mov	a,#0x80
      00075C C0 E0            [24] 1888 	push	acc
      00075E 12r00r00         [24] 1889 	lcall	_printf
      000761 E5 81            [12] 1890 	mov	a,sp
      000763 24 FB            [12] 1891 	add	a,#0xfb
      000765 F5 81            [12] 1892 	mov	sp,a
                                   1893 ;	syntax.c:294: printf("\n\r+--------------------------------------------------+");
      000767 74r00            [12] 1894 	mov	a,#___str_0
      000769 C0 E0            [24] 1895 	push	acc
      00076B 74s00            [12] 1896 	mov	a,#(___str_0 >> 8)
      00076D C0 E0            [24] 1897 	push	acc
      00076F 74 80            [12] 1898 	mov	a,#0x80
      000771 C0 E0            [24] 1899 	push	acc
      000773 12r00r00         [24] 1900 	lcall	_printf
      000776 15 81            [12] 1901 	dec	sp
      000778 15 81            [12] 1902 	dec	sp
      00077A 15 81            [12] 1903 	dec	sp
                                   1904 ;	syntax.c:295: printf("\n\r| TOTAL BUFFERS IN HEAP                           |");
      00077C 74r82            [12] 1905 	mov	a,#___str_19
      00077E C0 E0            [24] 1906 	push	acc
      000780 74s03            [12] 1907 	mov	a,#(___str_19 >> 8)
      000782 C0 E0            [24] 1908 	push	acc
      000784 74 80            [12] 1909 	mov	a,#0x80
      000786 C0 E0            [24] 1910 	push	acc
      000788 12r00r00         [24] 1911 	lcall	_printf
      00078B 15 81            [12] 1912 	dec	sp
      00078D 15 81            [12] 1913 	dec	sp
      00078F 15 81            [12] 1914 	dec	sp
                                   1915 ;	syntax.c:296: printf("\n\r|------------------------------------------------|");
      000791 74rA4            [12] 1916 	mov	a,#___str_8
      000793 C0 E0            [24] 1917 	push	acc
      000795 74s01            [12] 1918 	mov	a,#(___str_8 >> 8)
      000797 C0 E0            [24] 1919 	push	acc
      000799 74 80            [12] 1920 	mov	a,#0x80
      00079B C0 E0            [24] 1921 	push	acc
      00079D 12r00r00         [24] 1922 	lcall	_printf
      0007A0 15 81            [12] 1923 	dec	sp
      0007A2 15 81            [12] 1924 	dec	sp
      0007A4 15 81            [12] 1925 	dec	sp
                                   1926 ;	syntax.c:297: printf("\n\r| Total Buffers    | %-28d |", index_of_buffers);
      0007A6 90r00r00         [24] 1927 	mov	dptr,#_index_of_buffers
      0007A9 E0               [24] 1928 	movx	a,@dptr
      0007AA FF               [12] 1929 	mov	r7,a
      0007AB 7E 00            [12] 1930 	mov	r6,#0x00
      0007AD C0 07            [24] 1931 	push	ar7
      0007AF C0 06            [24] 1932 	push	ar6
      0007B1 74rB8            [12] 1933 	mov	a,#___str_20
      0007B3 C0 E0            [24] 1934 	push	acc
      0007B5 74s03            [12] 1935 	mov	a,#(___str_20 >> 8)
      0007B7 C0 E0            [24] 1936 	push	acc
      0007B9 74 80            [12] 1937 	mov	a,#0x80
      0007BB C0 E0            [24] 1938 	push	acc
      0007BD 12r00r00         [24] 1939 	lcall	_printf
      0007C0 E5 81            [12] 1940 	mov	a,sp
      0007C2 24 FB            [12] 1941 	add	a,#0xfb
      0007C4 F5 81            [12] 1942 	mov	sp,a
                                   1943 ;	syntax.c:298: printf("\n\r+--------------------------------------------------+");
      0007C6 74r00            [12] 1944 	mov	a,#___str_0
      0007C8 C0 E0            [24] 1945 	push	acc
      0007CA 74s00            [12] 1946 	mov	a,#(___str_0 >> 8)
      0007CC C0 E0            [24] 1947 	push	acc
      0007CE 74 80            [12] 1948 	mov	a,#0x80
      0007D0 C0 E0            [24] 1949 	push	acc
      0007D2 12r00r00         [24] 1950 	lcall	_printf
      0007D5 15 81            [12] 1951 	dec	sp
      0007D7 15 81            [12] 1952 	dec	sp
      0007D9 15 81            [12] 1953 	dec	sp
                                   1954 ;	syntax.c:300: printf("\n\r+------------------BUFFER INFO--------------------+");
      0007DB 74rD7            [12] 1955 	mov	a,#___str_21
      0007DD C0 E0            [24] 1956 	push	acc
      0007DF 74s03            [12] 1957 	mov	a,#(___str_21 >> 8)
      0007E1 C0 E0            [24] 1958 	push	acc
      0007E3 74 80            [12] 1959 	mov	a,#0x80
      0007E5 C0 E0            [24] 1960 	push	acc
      0007E7 12r00r00         [24] 1961 	lcall	_printf
      0007EA 15 81            [12] 1962 	dec	sp
      0007EC 15 81            [12] 1963 	dec	sp
      0007EE 15 81            [12] 1964 	dec	sp
                                   1965 ;	syntax.c:301: printf("\n\r| ID | Start Addr  | End Addr    | Size (bytes) |");
      0007F0 74r0D            [12] 1966 	mov	a,#___str_22
      0007F2 C0 E0            [24] 1967 	push	acc
      0007F4 74s04            [12] 1968 	mov	a,#(___str_22 >> 8)
      0007F6 C0 E0            [24] 1969 	push	acc
      0007F8 74 80            [12] 1970 	mov	a,#0x80
      0007FA C0 E0            [24] 1971 	push	acc
      0007FC 12r00r00         [24] 1972 	lcall	_printf
      0007FF 15 81            [12] 1973 	dec	sp
      000801 15 81            [12] 1974 	dec	sp
      000803 15 81            [12] 1975 	dec	sp
                                   1976 ;	syntax.c:302: printf("\n\r|----|-------------|-------------|--------------|");
      000805 74r41            [12] 1977 	mov	a,#___str_23
      000807 C0 E0            [24] 1978 	push	acc
      000809 74s04            [12] 1979 	mov	a,#(___str_23 >> 8)
      00080B C0 E0            [24] 1980 	push	acc
      00080D 74 80            [12] 1981 	mov	a,#0x80
      00080F C0 E0            [24] 1982 	push	acc
      000811 12r00r00         [24] 1983 	lcall	_printf
      000814 15 81            [12] 1984 	dec	sp
      000816 15 81            [12] 1985 	dec	sp
      000818 15 81            [12] 1986 	dec	sp
                                   1987 ;	syntax.c:304: for(int i=1; i<100; i++){
      00081A 7E 01            [12] 1988 	mov	r6,#0x01
      00081C 7F 00            [12] 1989 	mov	r7,#0x00
      00081E                       1990 00141$:
      00081E C3               [12] 1991 	clr	c
      00081F EE               [12] 1992 	mov	a,r6
      000820 94 64            [12] 1993 	subb	a,#0x64
      000822 EF               [12] 1994 	mov	a,r7
      000823 64 80            [12] 1995 	xrl	a,#0x80
      000825 94 80            [12] 1996 	subb	a,#0x80
      000827 40 03            [24] 1997 	jc	00239$
      000829 02r08rB9         [24] 1998 	ljmp	00114$
      00082C                       1999 00239$:
                                   2000 ;	syntax.c:305: if(array_for_nodes[i]){
      00082C 90r00r00         [24] 2001 	mov	dptr,#__mulint_PARM_2
      00082F EE               [12] 2002 	mov	a,r6
      000830 F0               [24] 2003 	movx	@dptr,a
      000831 EF               [12] 2004 	mov	a,r7
      000832 A3               [24] 2005 	inc	dptr
      000833 F0               [24] 2006 	movx	@dptr,a
      000834 90 00 06         [24] 2007 	mov	dptr,#0x0006
      000837 C0 07            [24] 2008 	push	ar7
      000839 C0 06            [24] 2009 	push	ar6
      00083B 12r00r00         [24] 2010 	lcall	__mulint
      00083E AC 82            [24] 2011 	mov	r4,dpl
      000840 AD 83            [24] 2012 	mov	r5,dph
      000842 D0 06            [24] 2013 	pop	ar6
      000844 D0 07            [24] 2014 	pop	ar7
      000846 EC               [12] 2015 	mov	a,r4
      000847 24r03            [12] 2016 	add	a,#_array_for_nodes
      000849 FC               [12] 2017 	mov	r4,a
      00084A ED               [12] 2018 	mov	a,r5
      00084B 34s00            [12] 2019 	addc	a,#(_array_for_nodes >> 8)
      00084D FD               [12] 2020 	mov	r5,a
      00084E 8C 82            [24] 2021 	mov	dpl,r4
      000850 8D 83            [24] 2022 	mov	dph,r5
      000852 E0               [24] 2023 	movx	a,@dptr
      000853 60 5C            [24] 2024 	jz	00142$
                                   2025 ;	syntax.c:309: array_for_nodes[i].size);
      000855 8C 82            [24] 2026 	mov	dpl,r4
      000857 8D 83            [24] 2027 	mov	dph,r5
      000859 A3               [24] 2028 	inc	dptr
      00085A A3               [24] 2029 	inc	dptr
      00085B A3               [24] 2030 	inc	dptr
      00085C A3               [24] 2031 	inc	dptr
      00085D E0               [24] 2032 	movx	a,@dptr
      00085E F5*05            [12] 2033 	mov	_get_command_sloc1_1_0,a
      000860 A3               [24] 2034 	inc	dptr
      000861 E0               [24] 2035 	movx	a,@dptr
      000862 F5*06            [12] 2036 	mov	(_get_command_sloc1_1_0 + 1),a
                                   2037 ;	syntax.c:308: array_for_nodes[i].data_pointer+array_for_nodes[i].size,
      000864 8C 82            [24] 2038 	mov	dpl,r4
      000866 8D 83            [24] 2039 	mov	dph,r5
      000868 A3               [24] 2040 	inc	dptr
      000869 E0               [24] 2041 	movx	a,@dptr
      00086A F5*08            [12] 2042 	mov	_get_command_sloc2_1_0,a
      00086C A3               [24] 2043 	inc	dptr
      00086D E0               [24] 2044 	movx	a,@dptr
      00086E F5*09            [12] 2045 	mov	(_get_command_sloc2_1_0 + 1),a
      000870 A3               [24] 2046 	inc	dptr
      000871 E0               [24] 2047 	movx	a,@dptr
      000872 F5*0A            [12] 2048 	mov	(_get_command_sloc2_1_0 + 2),a
      000874 E5*05            [12] 2049 	mov	a,_get_command_sloc1_1_0
      000876 25*08            [12] 2050 	add	a,_get_command_sloc2_1_0
      000878 FA               [12] 2051 	mov	r2,a
      000879 E5*06            [12] 2052 	mov	a,(_get_command_sloc1_1_0 + 1)
      00087B 35*09            [12] 2053 	addc	a,(_get_command_sloc2_1_0 + 1)
      00087D FC               [12] 2054 	mov	r4,a
      00087E AD*0A            [24] 2055 	mov	r5,(_get_command_sloc2_1_0 + 2)
                                   2056 ;	syntax.c:306: printf("\n\r| %-2d | %-10p | %-10p | %-11d |",
      000880 C0 07            [24] 2057 	push	ar7
      000882 C0 06            [24] 2058 	push	ar6
      000884 C0*05            [24] 2059 	push	_get_command_sloc1_1_0
      000886 C0*06            [24] 2060 	push	(_get_command_sloc1_1_0 + 1)
      000888 C0 02            [24] 2061 	push	ar2
      00088A C0 04            [24] 2062 	push	ar4
      00088C C0 05            [24] 2063 	push	ar5
      00088E C0*08            [24] 2064 	push	_get_command_sloc2_1_0
      000890 C0*09            [24] 2065 	push	(_get_command_sloc2_1_0 + 1)
      000892 C0*0A            [24] 2066 	push	(_get_command_sloc2_1_0 + 2)
      000894 C0 06            [24] 2067 	push	ar6
      000896 C0 07            [24] 2068 	push	ar7
      000898 74r75            [12] 2069 	mov	a,#___str_24
      00089A C0 E0            [24] 2070 	push	acc
      00089C 74s04            [12] 2071 	mov	a,#(___str_24 >> 8)
      00089E C0 E0            [24] 2072 	push	acc
      0008A0 74 80            [12] 2073 	mov	a,#0x80
      0008A2 C0 E0            [24] 2074 	push	acc
      0008A4 12r00r00         [24] 2075 	lcall	_printf
      0008A7 E5 81            [12] 2076 	mov	a,sp
      0008A9 24 F3            [12] 2077 	add	a,#0xf3
      0008AB F5 81            [12] 2078 	mov	sp,a
      0008AD D0 06            [24] 2079 	pop	ar6
      0008AF D0 07            [24] 2080 	pop	ar7
      0008B1                       2081 00142$:
                                   2082 ;	syntax.c:304: for(int i=1; i<100; i++){
      0008B1 0E               [12] 2083 	inc	r6
      0008B2 BE 00 01         [24] 2084 	cjne	r6,#0x00,00241$
      0008B5 0F               [12] 2085 	inc	r7
      0008B6                       2086 00241$:
      0008B6 02r08r1E         [24] 2087 	ljmp	00141$
      0008B9                       2088 00114$:
                                   2089 ;	syntax.c:313: printf("\n\r|------------------------------------------------|");
      0008B9 74rA4            [12] 2090 	mov	a,#___str_8
      0008BB C0 E0            [24] 2091 	push	acc
      0008BD 74s01            [12] 2092 	mov	a,#(___str_8 >> 8)
      0008BF C0 E0            [24] 2093 	push	acc
      0008C1 74 80            [12] 2094 	mov	a,#0x80
      0008C3 C0 E0            [24] 2095 	push	acc
      0008C5 12r00r00         [24] 2096 	lcall	_printf
      0008C8 15 81            [12] 2097 	dec	sp
      0008CA 15 81            [12] 2098 	dec	sp
      0008CC 15 81            [12] 2099 	dec	sp
                                   2100 ;	syntax.c:315: printf("\n\r| MEMORY ALLOCATION STATUS BUFFER 0              |");
      0008CE 74r98            [12] 2101 	mov	a,#___str_25
      0008D0 C0 E0            [24] 2102 	push	acc
      0008D2 74s04            [12] 2103 	mov	a,#(___str_25 >> 8)
      0008D4 C0 E0            [24] 2104 	push	acc
      0008D6 74 80            [12] 2105 	mov	a,#0x80
      0008D8 C0 E0            [24] 2106 	push	acc
      0008DA 12r00r00         [24] 2107 	lcall	_printf
      0008DD 15 81            [12] 2108 	dec	sp
      0008DF 15 81            [12] 2109 	dec	sp
      0008E1 15 81            [12] 2110 	dec	sp
                                   2111 ;	syntax.c:316: printf("\n\r|------------------------------------------------|");
      0008E3 74rA4            [12] 2112 	mov	a,#___str_8
      0008E5 C0 E0            [24] 2113 	push	acc
      0008E7 74s01            [12] 2114 	mov	a,#(___str_8 >> 8)
      0008E9 C0 E0            [24] 2115 	push	acc
      0008EB 74 80            [12] 2116 	mov	a,#0x80
      0008ED C0 E0            [24] 2117 	push	acc
      0008EF 12r00r00         [24] 2118 	lcall	_printf
      0008F2 15 81            [12] 2119 	dec	sp
      0008F4 15 81            [12] 2120 	dec	sp
      0008F6 15 81            [12] 2121 	dec	sp
                                   2122 ;	syntax.c:317: printf("\n\r| Total Space      | %-28d |", array_for_nodes[0].size);
      0008F8 90r00r07         [24] 2123 	mov	dptr,#(_array_for_nodes + 0x0004)
      0008FB E0               [24] 2124 	movx	a,@dptr
      0008FC FE               [12] 2125 	mov	r6,a
      0008FD A3               [24] 2126 	inc	dptr
      0008FE E0               [24] 2127 	movx	a,@dptr
      0008FF FF               [12] 2128 	mov	r7,a
      000900 C0 06            [24] 2129 	push	ar6
      000902 C0 07            [24] 2130 	push	ar7
      000904 74rCD            [12] 2131 	mov	a,#___str_26
      000906 C0 E0            [24] 2132 	push	acc
      000908 74s04            [12] 2133 	mov	a,#(___str_26 >> 8)
      00090A C0 E0            [24] 2134 	push	acc
      00090C 74 80            [12] 2135 	mov	a,#0x80
      00090E C0 E0            [24] 2136 	push	acc
      000910 12r00r00         [24] 2137 	lcall	_printf
      000913 E5 81            [12] 2138 	mov	a,sp
      000915 24 FB            [12] 2139 	add	a,#0xfb
      000917 F5 81            [12] 2140 	mov	sp,a
                                   2141 ;	syntax.c:318: printf("\n\r| Occupied Space   | %-28d |", total_number_of_storage);
      000919 90r00r02         [24] 2142 	mov	dptr,#_total_number_of_storage
      00091C E0               [24] 2143 	movx	a,@dptr
      00091D FF               [12] 2144 	mov	r7,a
      00091E 7E 00            [12] 2145 	mov	r6,#0x00
      000920 C0 07            [24] 2146 	push	ar7
      000922 C0 06            [24] 2147 	push	ar6
      000924 74rEC            [12] 2148 	mov	a,#___str_27
      000926 C0 E0            [24] 2149 	push	acc
      000928 74s04            [12] 2150 	mov	a,#(___str_27 >> 8)
      00092A C0 E0            [24] 2151 	push	acc
      00092C 74 80            [12] 2152 	mov	a,#0x80
      00092E C0 E0            [24] 2153 	push	acc
      000930 12r00r00         [24] 2154 	lcall	_printf
      000933 E5 81            [12] 2155 	mov	a,sp
      000935 24 FB            [12] 2156 	add	a,#0xfb
      000937 F5 81            [12] 2157 	mov	sp,a
                                   2158 ;	syntax.c:319: printf("\n\r| Free Space       | %-28d |", array_for_nodes[0].size - total_number_of_storage);
      000939 90r00r07         [24] 2159 	mov	dptr,#(_array_for_nodes + 0x0004)
      00093C E0               [24] 2160 	movx	a,@dptr
      00093D FE               [12] 2161 	mov	r6,a
      00093E A3               [24] 2162 	inc	dptr
      00093F E0               [24] 2163 	movx	a,@dptr
      000940 FF               [12] 2164 	mov	r7,a
      000941 90r00r02         [24] 2165 	mov	dptr,#_total_number_of_storage
      000944 E0               [24] 2166 	movx	a,@dptr
      000945 FD               [12] 2167 	mov	r5,a
      000946 7C 00            [12] 2168 	mov	r4,#0x00
      000948 EE               [12] 2169 	mov	a,r6
      000949 C3               [12] 2170 	clr	c
      00094A 9D               [12] 2171 	subb	a,r5
      00094B FE               [12] 2172 	mov	r6,a
      00094C EF               [12] 2173 	mov	a,r7
      00094D 9C               [12] 2174 	subb	a,r4
      00094E FF               [12] 2175 	mov	r7,a
      00094F C0 06            [24] 2176 	push	ar6
      000951 C0 07            [24] 2177 	push	ar7
      000953 74r0B            [12] 2178 	mov	a,#___str_28
      000955 C0 E0            [24] 2179 	push	acc
      000957 74s05            [12] 2180 	mov	a,#(___str_28 >> 8)
      000959 C0 E0            [24] 2181 	push	acc
      00095B 74 80            [12] 2182 	mov	a,#0x80
      00095D C0 E0            [24] 2183 	push	acc
      00095F 12r00r00         [24] 2184 	lcall	_printf
      000962 E5 81            [12] 2185 	mov	a,sp
      000964 24 FB            [12] 2186 	add	a,#0xfb
      000966 F5 81            [12] 2187 	mov	sp,a
                                   2188 ;	syntax.c:320: printf("\n\r+--------------------------------------------------+");
      000968 74r00            [12] 2189 	mov	a,#___str_0
      00096A C0 E0            [24] 2190 	push	acc
      00096C 74s00            [12] 2191 	mov	a,#(___str_0 >> 8)
      00096E C0 E0            [24] 2192 	push	acc
      000970 74 80            [12] 2193 	mov	a,#0x80
      000972 C0 E0            [24] 2194 	push	acc
      000974 12r00r00         [24] 2195 	lcall	_printf
      000977 15 81            [12] 2196 	dec	sp
      000979 15 81            [12] 2197 	dec	sp
      00097B 15 81            [12] 2198 	dec	sp
                                   2199 ;	syntax.c:321: printf("\n\r+--------------------------------------------------+");
      00097D 74r00            [12] 2200 	mov	a,#___str_0
      00097F C0 E0            [24] 2201 	push	acc
      000981 74s00            [12] 2202 	mov	a,#(___str_0 >> 8)
      000983 C0 E0            [24] 2203 	push	acc
      000985 74 80            [12] 2204 	mov	a,#0x80
      000987 C0 E0            [24] 2205 	push	acc
      000989 12r00r00         [24] 2206 	lcall	_printf
      00098C 15 81            [12] 2207 	dec	sp
      00098E 15 81            [12] 2208 	dec	sp
      000990 15 81            [12] 2209 	dec	sp
                                   2210 ;	syntax.c:323: buffer0_dump();
      000992 12r0Dr2C         [24] 2211 	lcall	_buffer0_dump
                                   2212 ;	syntax.c:324: printf("\n\r| BUFFER 0 CLEAR STATUS                           |");
      000995 74r2A            [12] 2213 	mov	a,#___str_29
      000997 C0 E0            [24] 2214 	push	acc
      000999 74s05            [12] 2215 	mov	a,#(___str_29 >> 8)
      00099B C0 E0            [24] 2216 	push	acc
      00099D 74 80            [12] 2217 	mov	a,#0x80
      00099F C0 E0            [24] 2218 	push	acc
      0009A1 12r00r00         [24] 2219 	lcall	_printf
      0009A4 15 81            [12] 2220 	dec	sp
      0009A6 15 81            [12] 2221 	dec	sp
      0009A8 15 81            [12] 2222 	dec	sp
                                   2223 ;	syntax.c:325: printf("\n\r|------------------------------------------------|");
      0009AA 74rA4            [12] 2224 	mov	a,#___str_8
      0009AC C0 E0            [24] 2225 	push	acc
      0009AE 74s01            [12] 2226 	mov	a,#(___str_8 >> 8)
      0009B0 C0 E0            [24] 2227 	push	acc
      0009B2 74 80            [12] 2228 	mov	a,#0x80
      0009B4 C0 E0            [24] 2229 	push	acc
      0009B6 12r00r00         [24] 2230 	lcall	_printf
      0009B9 15 81            [12] 2231 	dec	sp
      0009BB 15 81            [12] 2232 	dec	sp
      0009BD 15 81            [12] 2233 	dec	sp
                                   2234 ;	syntax.c:328: if(array_for_nodes[0].data_pointer == NULL) {
      0009BF 90r00r04         [24] 2235 	mov	dptr,#(_array_for_nodes + 0x0001)
      0009C2 E0               [24] 2236 	movx	a,@dptr
      0009C3 FD               [12] 2237 	mov	r5,a
      0009C4 A3               [24] 2238 	inc	dptr
      0009C5 E0               [24] 2239 	movx	a,@dptr
      0009C6 FE               [12] 2240 	mov	r6,a
      0009C7 A3               [24] 2241 	inc	dptr
      0009C8 E0               [24] 2242 	movx	a,@dptr
      0009C9 FF               [12] 2243 	mov	r7,a
      0009CA ED               [12] 2244 	mov	a,r5
      0009CB 4E               [12] 2245 	orl	a,r6
      0009CC 70 2B            [24] 2246 	jnz	00116$
                                   2247 ;	syntax.c:329: printf("\n\r| Buffer 0 is not initialized                     |");
      0009CE 74r60            [12] 2248 	mov	a,#___str_30
      0009D0 C0 E0            [24] 2249 	push	acc
      0009D2 74s05            [12] 2250 	mov	a,#(___str_30 >> 8)
      0009D4 C0 E0            [24] 2251 	push	acc
      0009D6 74 80            [12] 2252 	mov	a,#0x80
      0009D8 C0 E0            [24] 2253 	push	acc
      0009DA 12r00r00         [24] 2254 	lcall	_printf
      0009DD 15 81            [12] 2255 	dec	sp
      0009DF 15 81            [12] 2256 	dec	sp
      0009E1 15 81            [12] 2257 	dec	sp
                                   2258 ;	syntax.c:330: printf("\n\r+--------------------------------------------------+\n\r");
      0009E3 74r72            [12] 2259 	mov	a,#___str_2
      0009E5 C0 E0            [24] 2260 	push	acc
      0009E7 74s00            [12] 2261 	mov	a,#(___str_2 >> 8)
      0009E9 C0 E0            [24] 2262 	push	acc
      0009EB 74 80            [12] 2263 	mov	a,#0x80
      0009ED C0 E0            [24] 2264 	push	acc
      0009EF 12r00r00         [24] 2265 	lcall	_printf
      0009F2 15 81            [12] 2266 	dec	sp
      0009F4 15 81            [12] 2267 	dec	sp
      0009F6 15 81            [12] 2268 	dec	sp
                                   2269 ;	syntax.c:331: return;
      0009F8 22               [24] 2270 	ret
      0009F9                       2271 00116$:
                                   2272 ;	syntax.c:334: uint16_t buffer_size = array_for_nodes[0].size;
      0009F9 90r00r07         [24] 2273 	mov	dptr,#(_array_for_nodes + 0x0004)
      0009FC E0               [24] 2274 	movx	a,@dptr
      0009FD FB               [12] 2275 	mov	r3,a
      0009FE A3               [24] 2276 	inc	dptr
      0009FF E0               [24] 2277 	movx	a,@dptr
      000A00 FC               [12] 2278 	mov	r4,a
                                   2279 ;	syntax.c:337: memset(array_for_nodes[0].data_pointer, 0, buffer_size);
      000A01 8D*08            [24] 2280 	mov	_get_command_sloc2_1_0,r5
      000A03 8E*09            [24] 2281 	mov	(_get_command_sloc2_1_0 + 1),r6
      000A05 8F*0A            [24] 2282 	mov	(_get_command_sloc2_1_0 + 2),r7
      000A07 8B 02            [24] 2283 	mov	ar2,r3
      000A09 8C 07            [24] 2284 	mov	ar7,r4
      000A0B 90r00r00         [24] 2285 	mov	dptr,#_memset_PARM_2
      000A0E E4               [12] 2286 	clr	a
      000A0F F0               [24] 2287 	movx	@dptr,a
      000A10 90r00r00         [24] 2288 	mov	dptr,#_memset_PARM_3
      000A13 EA               [12] 2289 	mov	a,r2
      000A14 F0               [24] 2290 	movx	@dptr,a
      000A15 EF               [12] 2291 	mov	a,r7
      000A16 A3               [24] 2292 	inc	dptr
      000A17 F0               [24] 2293 	movx	@dptr,a
      000A18 85*08 82         [24] 2294 	mov	dpl,_get_command_sloc2_1_0
      000A1B 85*09 83         [24] 2295 	mov	dph,(_get_command_sloc2_1_0 + 1)
      000A1E 85*0A F0         [24] 2296 	mov	b,(_get_command_sloc2_1_0 + 2)
      000A21 C0 04            [24] 2297 	push	ar4
      000A23 C0 03            [24] 2298 	push	ar3
      000A25 12r00r00         [24] 2299 	lcall	_memset
      000A28 D0 03            [24] 2300 	pop	ar3
      000A2A D0 04            [24] 2301 	pop	ar4
                                   2302 ;	syntax.c:338: array_for_nodes[0].index = 0;
      000A2C 90r00r03         [24] 2303 	mov	dptr,#_array_for_nodes
      000A2F E4               [12] 2304 	clr	a
      000A30 F0               [24] 2305 	movx	@dptr,a
                                   2306 ;	syntax.c:340: temp_buffer_size = buffer_size;    // Reset available space
      000A31 78r00            [12] 2307 	mov	r0,#_temp_buffer_size
      000A33 A6 03            [24] 2308 	mov	@r0,ar3
      000A35 08               [12] 2309 	inc	r0
      000A36 A6 04            [24] 2310 	mov	@r0,ar4
                                   2311 ;	syntax.c:341: wr = array_for_nodes[0].data_pointer;  // Reset write pointer to start
      000A38 90r00r04         [24] 2312 	mov	dptr,#(_array_for_nodes + 0x0001)
      000A3B E0               [24] 2313 	movx	a,@dptr
      000A3C FD               [12] 2314 	mov	r5,a
      000A3D A3               [24] 2315 	inc	dptr
      000A3E E0               [24] 2316 	movx	a,@dptr
      000A3F FE               [12] 2317 	mov	r6,a
      000A40 A3               [24] 2318 	inc	dptr
      000A41 E0               [24] 2319 	movx	a,@dptr
      000A42 FF               [12] 2320 	mov	r7,a
      000A43 90r00r06         [24] 2321 	mov	dptr,#_wr
      000A46 ED               [12] 2322 	mov	a,r5
      000A47 F0               [24] 2323 	movx	@dptr,a
      000A48 EE               [12] 2324 	mov	a,r6
      000A49 A3               [24] 2325 	inc	dptr
      000A4A F0               [24] 2326 	movx	@dptr,a
      000A4B EF               [12] 2327 	mov	a,r7
      000A4C A3               [24] 2328 	inc	dptr
      000A4D F0               [24] 2329 	movx	@dptr,a
                                   2330 ;	syntax.c:342: total_number_of_storage = 0;       // Reset storage counters
      000A4E 90r00r02         [24] 2331 	mov	dptr,#_total_number_of_storage
      000A51 E4               [12] 2332 	clr	a
      000A52 F0               [24] 2333 	movx	@dptr,a
                                   2334 ;	syntax.c:344: printf("\n\r| Buffer Size      | %-28d |", buffer_size);
      000A53 C0 03            [24] 2335 	push	ar3
      000A55 C0 04            [24] 2336 	push	ar4
      000A57 74r96            [12] 2337 	mov	a,#___str_31
      000A59 C0 E0            [24] 2338 	push	acc
      000A5B 74s05            [12] 2339 	mov	a,#(___str_31 >> 8)
      000A5D C0 E0            [24] 2340 	push	acc
      000A5F 74 80            [12] 2341 	mov	a,#0x80
      000A61 C0 E0            [24] 2342 	push	acc
      000A63 12r00r00         [24] 2343 	lcall	_printf
      000A66 E5 81            [12] 2344 	mov	a,sp
      000A68 24 FB            [12] 2345 	add	a,#0xfb
      000A6A F5 81            [12] 2346 	mov	sp,a
                                   2347 ;	syntax.c:345: printf("\n\r| Status          | %-28s |", "Data Erased");
      000A6C 74rD3            [12] 2348 	mov	a,#___str_33
      000A6E C0 E0            [24] 2349 	push	acc
      000A70 74s05            [12] 2350 	mov	a,#(___str_33 >> 8)
      000A72 C0 E0            [24] 2351 	push	acc
      000A74 74 80            [12] 2352 	mov	a,#0x80
      000A76 C0 E0            [24] 2353 	push	acc
      000A78 74rB5            [12] 2354 	mov	a,#___str_32
      000A7A C0 E0            [24] 2355 	push	acc
      000A7C 74s05            [12] 2356 	mov	a,#(___str_32 >> 8)
      000A7E C0 E0            [24] 2357 	push	acc
      000A80 74 80            [12] 2358 	mov	a,#0x80
      000A82 C0 E0            [24] 2359 	push	acc
      000A84 12r00r00         [24] 2360 	lcall	_printf
      000A87 E5 81            [12] 2361 	mov	a,sp
      000A89 24 FA            [12] 2362 	add	a,#0xfa
      000A8B F5 81            [12] 2363 	mov	sp,a
                                   2364 ;	syntax.c:346: printf("\n\r+--------------------------------------------------+\n\r");
      000A8D 74r72            [12] 2365 	mov	a,#___str_2
      000A8F C0 E0            [24] 2366 	push	acc
      000A91 74s00            [12] 2367 	mov	a,#(___str_2 >> 8)
      000A93 C0 E0            [24] 2368 	push	acc
      000A95 74 80            [12] 2369 	mov	a,#0x80
      000A97 C0 E0            [24] 2370 	push	acc
      000A99 12r00r00         [24] 2371 	lcall	_printf
      000A9C 15 81            [12] 2372 	dec	sp
      000A9E 15 81            [12] 2373 	dec	sp
      000AA0 15 81            [12] 2374 	dec	sp
                                   2375 ;	syntax.c:347: recent_commands = 0;
      000AA2 90r00r03         [24] 2376 	mov	dptr,#_recent_commands
      000AA5 E4               [12] 2377 	clr	a
      000AA6 F0               [24] 2378 	movx	@dptr,a
                                   2379 ;	syntax.c:348: recent_storage = 0;
      000AA7 90r00r04         [24] 2380 	mov	dptr,#_recent_storage
      000AAA F0               [24] 2381 	movx	@dptr,a
                                   2382 ;	syntax.c:349: break;
      000AAB 02r0Dr28         [24] 2383 	ljmp	00133$
                                   2384 ;	syntax.c:351: case '+':               // Create new buffer
      000AAE                       2385 00117$:
                                   2386 ;	syntax.c:352: DEBUGPORT(0x01);
      000AAE 90r00r00         [24] 2387 	mov	dptr,#_dataout_PARM_2
      000AB1 74 01            [12] 2388 	mov	a,#0x01
      000AB3 F0               [24] 2389 	movx	@dptr,a
      000AB4 90 FE FE         [24] 2390 	mov	dptr,#0xfefe
      000AB7 12r00r00         [24] 2391 	lcall	_dataout
                                   2392 ;	syntax.c:353: printf("\n\r+----------------BUFFER CREATION------------------+");
      000ABA 74rDF            [12] 2393 	mov	a,#___str_34
      000ABC C0 E0            [24] 2394 	push	acc
      000ABE 74s05            [12] 2395 	mov	a,#(___str_34 >> 8)
      000AC0 C0 E0            [24] 2396 	push	acc
      000AC2 74 80            [12] 2397 	mov	a,#0x80
      000AC4 C0 E0            [24] 2398 	push	acc
      000AC6 12r00r00         [24] 2399 	lcall	_printf
      000AC9 15 81            [12] 2400 	dec	sp
      000ACB 15 81            [12] 2401 	dec	sp
      000ACD 15 81            [12] 2402 	dec	sp
                                   2403 ;	syntax.c:354: temp_value = get_number("\n\r| Enter buffer size (50-500): ");
      000ACF 90r06r15         [24] 2404 	mov	dptr,#___str_35
      000AD2 75 F0 80         [24] 2405 	mov	b,#0x80
      000AD5 12r03r65         [24] 2406 	lcall	_get_number
      000AD8 AE 82            [24] 2407 	mov	r6,dpl
      000ADA AF 83            [24] 2408 	mov	r7,dph
                                   2409 ;	syntax.c:355: if(temp_value < 50 || temp_value > 500)
      000ADC C3               [12] 2410 	clr	c
      000ADD EE               [12] 2411 	mov	a,r6
      000ADE 94 32            [12] 2412 	subb	a,#0x32
      000AE0 EF               [12] 2413 	mov	a,r7
      000AE1 64 80            [12] 2414 	xrl	a,#0x80
      000AE3 94 80            [12] 2415 	subb	a,#0x80
      000AE5 40 0E            [24] 2416 	jc	00121$
      000AE7 74 F4            [12] 2417 	mov	a,#0xf4
      000AE9 9E               [12] 2418 	subb	a,r6
      000AEA 74 81            [12] 2419 	mov	a,#(0x01 ^ 0x80)
      000AEC 8F F0            [24] 2420 	mov	b,r7
      000AEE 63 F0 80         [24] 2421 	xrl	b,#0x80
      000AF1 95 F0            [12] 2422 	subb	a,b
      000AF3 50 19            [24] 2423 	jnc	00122$
      000AF5                       2424 00121$:
                                   2425 ;	syntax.c:357: printf("\n\r ERROR : Invalid request\n\r"); 
      000AF5 74r36            [12] 2426 	mov	a,#___str_36
      000AF7 C0 E0            [24] 2427 	push	acc
      000AF9 74s06            [12] 2428 	mov	a,#(___str_36 >> 8)
      000AFB C0 E0            [24] 2429 	push	acc
      000AFD 74 80            [12] 2430 	mov	a,#0x80
      000AFF C0 E0            [24] 2431 	push	acc
      000B01 12r00r00         [24] 2432 	lcall	_printf
      000B04 15 81            [12] 2433 	dec	sp
      000B06 15 81            [12] 2434 	dec	sp
      000B08 15 81            [12] 2435 	dec	sp
                                   2436 ;	syntax.c:358: return -1;
      000B0A 90 FF FF         [24] 2437 	mov	dptr,#0xffff
      000B0D 22               [24] 2438 	ret
      000B0E                       2439 00122$:
                                   2440 ;	syntax.c:362: printf("\n\r| Requested Size: %-32d |", temp_value);
      000B0E C0 07            [24] 2441 	push	ar7
      000B10 C0 06            [24] 2442 	push	ar6
      000B12 C0 06            [24] 2443 	push	ar6
      000B14 C0 07            [24] 2444 	push	ar7
      000B16 74r53            [12] 2445 	mov	a,#___str_37
      000B18 C0 E0            [24] 2446 	push	acc
      000B1A 74s06            [12] 2447 	mov	a,#(___str_37 >> 8)
      000B1C C0 E0            [24] 2448 	push	acc
      000B1E 74 80            [12] 2449 	mov	a,#0x80
      000B20 C0 E0            [24] 2450 	push	acc
      000B22 12r00r00         [24] 2451 	lcall	_printf
      000B25 E5 81            [12] 2452 	mov	a,sp
      000B27 24 FB            [12] 2453 	add	a,#0xfb
      000B29 F5 81            [12] 2454 	mov	sp,a
      000B2B D0 06            [24] 2455 	pop	ar6
      000B2D D0 07            [24] 2456 	pop	ar7
                                   2457 ;	syntax.c:364: pointer = (__xdata uint8_t *) malloc(temp_value);
      000B2F 8E 82            [24] 2458 	mov	dpl,r6
      000B31 8F 83            [24] 2459 	mov	dph,r7
      000B33 C0 07            [24] 2460 	push	ar7
      000B35 C0 06            [24] 2461 	push	ar6
      000B37 12r00r00         [24] 2462 	lcall	_malloc
      000B3A AC 82            [24] 2463 	mov	r4,dpl
      000B3C AD 83            [24] 2464 	mov	r5,dph
      000B3E D0 06            [24] 2465 	pop	ar6
      000B40 D0 07            [24] 2466 	pop	ar7
                                   2467 ;	syntax.c:365: if (pointer == NULL){
      000B42 EC               [12] 2468 	mov	a,r4
      000B43 4D               [12] 2469 	orl	a,r5
      000B44 70 3C            [24] 2470 	jnz	00119$
                                   2471 ;	syntax.c:366: printf("\n\r| ERROR: Memory allocation failed                  |");
      000B46 C0 07            [24] 2472 	push	ar7
      000B48 C0 06            [24] 2473 	push	ar6
      000B4A C0 05            [24] 2474 	push	ar5
      000B4C C0 04            [24] 2475 	push	ar4
      000B4E 74r6F            [12] 2476 	mov	a,#___str_38
      000B50 C0 E0            [24] 2477 	push	acc
      000B52 74s06            [12] 2478 	mov	a,#(___str_38 >> 8)
      000B54 C0 E0            [24] 2479 	push	acc
      000B56 74 80            [12] 2480 	mov	a,#0x80
      000B58 C0 E0            [24] 2481 	push	acc
      000B5A 12r00r00         [24] 2482 	lcall	_printf
      000B5D 15 81            [12] 2483 	dec	sp
      000B5F 15 81            [12] 2484 	dec	sp
      000B61 15 81            [12] 2485 	dec	sp
                                   2486 ;	syntax.c:367: printf("\n\r| Try smaller size with '+' command                |");
      000B63 74rA6            [12] 2487 	mov	a,#___str_39
      000B65 C0 E0            [24] 2488 	push	acc
      000B67 74s06            [12] 2489 	mov	a,#(___str_39 >> 8)
      000B69 C0 E0            [24] 2490 	push	acc
      000B6B 74 80            [12] 2491 	mov	a,#0x80
      000B6D C0 E0            [24] 2492 	push	acc
      000B6F 12r00r00         [24] 2493 	lcall	_printf
      000B72 15 81            [12] 2494 	dec	sp
      000B74 15 81            [12] 2495 	dec	sp
      000B76 15 81            [12] 2496 	dec	sp
      000B78 D0 04            [24] 2497 	pop	ar4
      000B7A D0 05            [24] 2498 	pop	ar5
      000B7C D0 06            [24] 2499 	pop	ar6
      000B7E D0 07            [24] 2500 	pop	ar7
      000B80 80 25            [24] 2501 	sjmp	00120$
      000B82                       2502 00119$:
                                   2503 ;	syntax.c:369: printf("\n\r| SUCCESS: Buffer created successfully            |");
      000B82 C0 07            [24] 2504 	push	ar7
      000B84 C0 06            [24] 2505 	push	ar6
      000B86 C0 05            [24] 2506 	push	ar5
      000B88 C0 04            [24] 2507 	push	ar4
      000B8A 74rDD            [12] 2508 	mov	a,#___str_40
      000B8C C0 E0            [24] 2509 	push	acc
      000B8E 74s06            [12] 2510 	mov	a,#(___str_40 >> 8)
      000B90 C0 E0            [24] 2511 	push	acc
      000B92 74 80            [12] 2512 	mov	a,#0x80
      000B94 C0 E0            [24] 2513 	push	acc
      000B96 12r00r00         [24] 2514 	lcall	_printf
      000B99 15 81            [12] 2515 	dec	sp
      000B9B 15 81            [12] 2516 	dec	sp
      000B9D 15 81            [12] 2517 	dec	sp
      000B9F D0 04            [24] 2518 	pop	ar4
      000BA1 D0 05            [24] 2519 	pop	ar5
      000BA3 D0 06            [24] 2520 	pop	ar6
      000BA5 D0 07            [24] 2521 	pop	ar7
      000BA7                       2522 00120$:
                                   2523 ;	syntax.c:371: printf("\n\r+--------------------------------------------------+\n\r");
      000BA7 C0 07            [24] 2524 	push	ar7
      000BA9 C0 06            [24] 2525 	push	ar6
      000BAB C0 05            [24] 2526 	push	ar5
      000BAD C0 04            [24] 2527 	push	ar4
      000BAF 74r72            [12] 2528 	mov	a,#___str_2
      000BB1 C0 E0            [24] 2529 	push	acc
      000BB3 74s00            [12] 2530 	mov	a,#(___str_2 >> 8)
      000BB5 C0 E0            [24] 2531 	push	acc
      000BB7 74 80            [12] 2532 	mov	a,#0x80
      000BB9 C0 E0            [24] 2533 	push	acc
      000BBB 12r00r00         [24] 2534 	lcall	_printf
      000BBE 15 81            [12] 2535 	dec	sp
      000BC0 15 81            [12] 2536 	dec	sp
      000BC2 15 81            [12] 2537 	dec	sp
      000BC4 D0 04            [24] 2538 	pop	ar4
      000BC6 D0 05            [24] 2539 	pop	ar5
      000BC8 D0 06            [24] 2540 	pop	ar6
      000BCA D0 07            [24] 2541 	pop	ar7
                                   2542 ;	syntax.c:373: node_t node = {index_of_buffers, pointer, temp_value};
      000BCC 90r00r00         [24] 2543 	mov	dptr,#_index_of_buffers
      000BCF E0               [24] 2544 	movx	a,@dptr
      000BD0 90r02r79         [24] 2545 	mov	dptr,#_get_command_node_196610_117
      000BD3 F0               [24] 2546 	movx	@dptr,a
      000BD4 7B 00            [12] 2547 	mov	r3,#0x00
      000BD6 90r02r7A         [24] 2548 	mov	dptr,#(_get_command_node_196610_117 + 0x0001)
      000BD9 EC               [12] 2549 	mov	a,r4
      000BDA F0               [24] 2550 	movx	@dptr,a
      000BDB ED               [12] 2551 	mov	a,r5
      000BDC A3               [24] 2552 	inc	dptr
      000BDD F0               [24] 2553 	movx	@dptr,a
      000BDE EB               [12] 2554 	mov	a,r3
      000BDF A3               [24] 2555 	inc	dptr
      000BE0 F0               [24] 2556 	movx	@dptr,a
      000BE1 90r02r7D         [24] 2557 	mov	dptr,#(_get_command_node_196610_117 + 0x0004)
      000BE4 EE               [12] 2558 	mov	a,r6
      000BE5 F0               [24] 2559 	movx	@dptr,a
      000BE6 EF               [12] 2560 	mov	a,r7
      000BE7 A3               [24] 2561 	inc	dptr
      000BE8 F0               [24] 2562 	movx	@dptr,a
                                   2563 ;	syntax.c:374: array_for_nodes[index_of_buffers] = node;
      000BE9 90r00r00         [24] 2564 	mov	dptr,#_index_of_buffers
      000BEC E0               [24] 2565 	movx	a,@dptr
      000BED 75 F0 06         [24] 2566 	mov	b,#0x06
      000BF0 A4               [48] 2567 	mul	ab
      000BF1 24r03            [12] 2568 	add	a,#_array_for_nodes
      000BF3 FE               [12] 2569 	mov	r6,a
      000BF4 74s00            [12] 2570 	mov	a,#(_array_for_nodes >> 8)
      000BF6 35 F0            [12] 2571 	addc	a,b
      000BF8 FF               [12] 2572 	mov	r7,a
      000BF9 7D 00            [12] 2573 	mov	r5,#0x00
      000BFB 90r00r00         [24] 2574 	mov	dptr,#___memcpy_PARM_2
      000BFE 74r79            [12] 2575 	mov	a,#_get_command_node_196610_117
      000C00 F0               [24] 2576 	movx	@dptr,a
      000C01 74s02            [12] 2577 	mov	a,#(_get_command_node_196610_117 >> 8)
      000C03 A3               [24] 2578 	inc	dptr
      000C04 F0               [24] 2579 	movx	@dptr,a
      000C05 E4               [12] 2580 	clr	a
      000C06 A3               [24] 2581 	inc	dptr
      000C07 F0               [24] 2582 	movx	@dptr,a
      000C08 90r00r00         [24] 2583 	mov	dptr,#___memcpy_PARM_3
      000C0B 74 06            [12] 2584 	mov	a,#0x06
      000C0D F0               [24] 2585 	movx	@dptr,a
      000C0E E4               [12] 2586 	clr	a
      000C0F A3               [24] 2587 	inc	dptr
      000C10 F0               [24] 2588 	movx	@dptr,a
      000C11 8E 82            [24] 2589 	mov	dpl,r6
      000C13 8F 83            [24] 2590 	mov	dph,r7
      000C15 8D F0            [24] 2591 	mov	b,r5
      000C17 12r00r00         [24] 2592 	lcall	___memcpy
                                   2593 ;	syntax.c:375: index_of_buffers++;
      000C1A 90r00r00         [24] 2594 	mov	dptr,#_index_of_buffers
      000C1D E0               [24] 2595 	movx	a,@dptr
      000C1E 24 01            [12] 2596 	add	a,#0x01
      000C20 F0               [24] 2597 	movx	@dptr,a
                                   2598 ;	syntax.c:377: break;
      000C21 02r0Dr28         [24] 2599 	ljmp	00133$
                                   2600 ;	syntax.c:379: case '-':               // Delete buffer
      000C24                       2601 00125$:
                                   2602 ;	syntax.c:380: DEBUGPORT(0x02);
      000C24 90r00r00         [24] 2603 	mov	dptr,#_dataout_PARM_2
      000C27 74 02            [12] 2604 	mov	a,#0x02
      000C29 F0               [24] 2605 	movx	@dptr,a
      000C2A 90 FE FE         [24] 2606 	mov	dptr,#0xfefe
      000C2D 12r00r00         [24] 2607 	lcall	_dataout
                                   2608 ;	syntax.c:381: printf("\n\r+----------------BUFFER DELETION------------------+");
      000C30 74r13            [12] 2609 	mov	a,#___str_41
      000C32 C0 E0            [24] 2610 	push	acc
      000C34 74s07            [12] 2611 	mov	a,#(___str_41 >> 8)
      000C36 C0 E0            [24] 2612 	push	acc
      000C38 74 80            [12] 2613 	mov	a,#0x80
      000C3A C0 E0            [24] 2614 	push	acc
      000C3C 12r00r00         [24] 2615 	lcall	_printf
      000C3F 15 81            [12] 2616 	dec	sp
      000C41 15 81            [12] 2617 	dec	sp
      000C43 15 81            [12] 2618 	dec	sp
                                   2619 ;	syntax.c:382: temp_value = get_number("\n\r| Enter buffer number (0-102): ");
      000C45 90r07r49         [24] 2620 	mov	dptr,#___str_42
      000C48 75 F0 80         [24] 2621 	mov	b,#0x80
      000C4B 12r03r65         [24] 2622 	lcall	_get_number
      000C4E AE 82            [24] 2623 	mov	r6,dpl
      000C50 AF 83            [24] 2624 	mov	r7,dph
                                   2625 ;	syntax.c:384: if(temp_value <= 0) 
      000C52 C3               [12] 2626 	clr	c
      000C53 E4               [12] 2627 	clr	a
      000C54 9E               [12] 2628 	subb	a,r6
      000C55 74 80            [12] 2629 	mov	a,#(0x00 ^ 0x80)
      000C57 8F F0            [24] 2630 	mov	b,r7
      000C59 63 F0 80         [24] 2631 	xrl	b,#0x80
      000C5C 95 F0            [12] 2632 	subb	a,b
      000C5E 40 19            [24] 2633 	jc	00127$
                                   2634 ;	syntax.c:386: printf("\n\r| ERROR: Cannot delete Buffer 0                    |");
      000C60 74r6B            [12] 2635 	mov	a,#___str_43
      000C62 C0 E0            [24] 2636 	push	acc
      000C64 74s07            [12] 2637 	mov	a,#(___str_43 >> 8)
      000C66 C0 E0            [24] 2638 	push	acc
      000C68 74 80            [12] 2639 	mov	a,#0x80
      000C6A C0 E0            [24] 2640 	push	acc
      000C6C 12r00r00         [24] 2641 	lcall	_printf
      000C6F 15 81            [12] 2642 	dec	sp
      000C71 15 81            [12] 2643 	dec	sp
      000C73 15 81            [12] 2644 	dec	sp
                                   2645 ;	syntax.c:387: return -1;
      000C75 90 FF FF         [24] 2646 	mov	dptr,#0xffff
      000C78 22               [24] 2647 	ret
      000C79                       2648 00127$:
                                   2649 ;	syntax.c:389: if(temp_value < 0 || temp_value > 102) 
      000C79 EF               [12] 2650 	mov	a,r7
      000C7A 20 E7 0F         [24] 2651 	jb	acc.7,00128$
      000C7D C3               [12] 2652 	clr	c
      000C7E 74 66            [12] 2653 	mov	a,#0x66
      000C80 9E               [12] 2654 	subb	a,r6
      000C81 74 80            [12] 2655 	mov	a,#(0x00 ^ 0x80)
      000C83 8F F0            [24] 2656 	mov	b,r7
      000C85 63 F0 80         [24] 2657 	xrl	b,#0x80
      000C88 95 F0            [12] 2658 	subb	a,b
      000C8A 50 19            [24] 2659 	jnc	00129$
      000C8C                       2660 00128$:
                                   2661 ;	syntax.c:391: printf("\n\r| ERROR: Invalid delete request                  |");
      000C8C 74rA2            [12] 2662 	mov	a,#___str_44
      000C8E C0 E0            [24] 2663 	push	acc
      000C90 74s07            [12] 2664 	mov	a,#(___str_44 >> 8)
      000C92 C0 E0            [24] 2665 	push	acc
      000C94 74 80            [12] 2666 	mov	a,#0x80
      000C96 C0 E0            [24] 2667 	push	acc
      000C98 12r00r00         [24] 2668 	lcall	_printf
      000C9B 15 81            [12] 2669 	dec	sp
      000C9D 15 81            [12] 2670 	dec	sp
      000C9F 15 81            [12] 2671 	dec	sp
                                   2672 ;	syntax.c:392: return -1;
      000CA1 90 FF FF         [24] 2673 	mov	dptr,#0xffff
      000CA4 22               [24] 2674 	ret
      000CA5                       2675 00129$:
                                   2676 ;	syntax.c:396: array_for_nodes[temp_value].size = 0;
      000CA5 90r00r00         [24] 2677 	mov	dptr,#__mulint_PARM_2
      000CA8 EE               [12] 2678 	mov	a,r6
      000CA9 F0               [24] 2679 	movx	@dptr,a
      000CAA EF               [12] 2680 	mov	a,r7
      000CAB A3               [24] 2681 	inc	dptr
      000CAC F0               [24] 2682 	movx	@dptr,a
      000CAD 90 00 06         [24] 2683 	mov	dptr,#0x0006
      000CB0 C0 07            [24] 2684 	push	ar7
      000CB2 C0 06            [24] 2685 	push	ar6
      000CB4 12r00r00         [24] 2686 	lcall	__mulint
      000CB7 AC 82            [24] 2687 	mov	r4,dpl
      000CB9 AD 83            [24] 2688 	mov	r5,dph
      000CBB EC               [12] 2689 	mov	a,r4
      000CBC 24r03            [12] 2690 	add	a,#_array_for_nodes
      000CBE FC               [12] 2691 	mov	r4,a
      000CBF ED               [12] 2692 	mov	a,r5
      000CC0 34s00            [12] 2693 	addc	a,#(_array_for_nodes >> 8)
      000CC2 FD               [12] 2694 	mov	r5,a
      000CC3 8C 82            [24] 2695 	mov	dpl,r4
      000CC5 8D 83            [24] 2696 	mov	dph,r5
      000CC7 A3               [24] 2697 	inc	dptr
      000CC8 A3               [24] 2698 	inc	dptr
      000CC9 A3               [24] 2699 	inc	dptr
      000CCA A3               [24] 2700 	inc	dptr
      000CCB E4               [12] 2701 	clr	a
      000CCC F0               [24] 2702 	movx	@dptr,a
      000CCD A3               [24] 2703 	inc	dptr
      000CCE F0               [24] 2704 	movx	@dptr,a
                                   2705 ;	syntax.c:397: free(array_for_nodes[temp_value].data_pointer);
      000CCF 8C 82            [24] 2706 	mov	dpl,r4
      000CD1 8D 83            [24] 2707 	mov	dph,r5
      000CD3 A3               [24] 2708 	inc	dptr
      000CD4 E0               [24] 2709 	movx	a,@dptr
      000CD5 FB               [12] 2710 	mov	r3,a
      000CD6 A3               [24] 2711 	inc	dptr
      000CD7 E0               [24] 2712 	movx	a,@dptr
      000CD8 FC               [12] 2713 	mov	r4,a
      000CD9 A3               [24] 2714 	inc	dptr
      000CDA E0               [24] 2715 	movx	a,@dptr
      000CDB FD               [12] 2716 	mov	r5,a
      000CDC 8B 82            [24] 2717 	mov	dpl,r3
      000CDE 8C 83            [24] 2718 	mov	dph,r4
      000CE0 8D F0            [24] 2719 	mov	b,r5
      000CE2 12r00r00         [24] 2720 	lcall	_free
      000CE5 D0 06            [24] 2721 	pop	ar6
      000CE7 D0 07            [24] 2722 	pop	ar7
                                   2723 ;	syntax.c:398: printf("\n\r| SUCCESS: Buffer %-2d deleted                     |", temp_value);
      000CE9 C0 06            [24] 2724 	push	ar6
      000CEB C0 07            [24] 2725 	push	ar7
      000CED 74rD7            [12] 2726 	mov	a,#___str_45
      000CEF C0 E0            [24] 2727 	push	acc
      000CF1 74s07            [12] 2728 	mov	a,#(___str_45 >> 8)
      000CF3 C0 E0            [24] 2729 	push	acc
      000CF5 74 80            [12] 2730 	mov	a,#0x80
      000CF7 C0 E0            [24] 2731 	push	acc
      000CF9 12r00r00         [24] 2732 	lcall	_printf
      000CFC E5 81            [12] 2733 	mov	a,sp
      000CFE 24 FB            [12] 2734 	add	a,#0xfb
      000D00 F5 81            [12] 2735 	mov	sp,a
                                   2736 ;	syntax.c:400: printf("\n\r+--------------------------------------------------+\n\r");
      000D02 74r72            [12] 2737 	mov	a,#___str_2
      000D04 C0 E0            [24] 2738 	push	acc
      000D06 74s00            [12] 2739 	mov	a,#(___str_2 >> 8)
      000D08 C0 E0            [24] 2740 	push	acc
      000D0A 74 80            [12] 2741 	mov	a,#0x80
      000D0C C0 E0            [24] 2742 	push	acc
      000D0E 12r00r00         [24] 2743 	lcall	_printf
      000D11 15 81            [12] 2744 	dec	sp
      000D13 15 81            [12] 2745 	dec	sp
      000D15 15 81            [12] 2746 	dec	sp
                                   2747 ;	syntax.c:401: break;
                                   2748 ;	syntax.c:403: case '=':               // Display Buffer 0
      000D17 80 0F            [24] 2749 	sjmp	00133$
      000D19                       2750 00132$:
                                   2751 ;	syntax.c:404: DEBUGPORT(0x03);
      000D19 90r00r00         [24] 2752 	mov	dptr,#_dataout_PARM_2
      000D1C 74 03            [12] 2753 	mov	a,#0x03
      000D1E F0               [24] 2754 	movx	@dptr,a
      000D1F 90 FE FE         [24] 2755 	mov	dptr,#0xfefe
      000D22 12r00r00         [24] 2756 	lcall	_dataout
                                   2757 ;	syntax.c:405: buffer0_dump();
      000D25 12r0Dr2C         [24] 2758 	lcall	_buffer0_dump
                                   2759 ;	syntax.c:407: }
      000D28                       2760 00133$:
                                   2761 ;	syntax.c:408: return 0;
      000D28 90 00 00         [24] 2762 	mov	dptr,#0x0000
                                   2763 ;	syntax.c:409: }
      000D2B 22               [24] 2764 	ret
                                   2765 ;------------------------------------------------------------
                                   2766 ;Allocation info for local variables in function 'buffer0_dump'
                                   2767 ;------------------------------------------------------------
                                   2768 ;sloc0                     Allocated with name '_buffer0_dump_sloc0_1_0'
                                   2769 ;sloc1                     Allocated with name '_buffer0_dump_sloc1_1_0'
                                   2770 ;sloc2                     Allocated with name '_buffer0_dump_sloc2_1_0'
                                   2771 ;rd_ptr                    Allocated with name '_buffer0_dump_rd_ptr_65537_124'
                                   2772 ;remaining_bytes           Allocated with name '_buffer0_dump_remaining_bytes_65537_124'
                                   2773 ;offset                    Allocated with name '_buffer0_dump_offset_131073_125'
                                   2774 ;i                         Allocated with name '_buffer0_dump_i_262145_127'
                                   2775 ;i                         Allocated with name '_buffer0_dump_i_262145_129'
                                   2776 ;------------------------------------------------------------
                                   2777 ;	syntax.c:417: void buffer0_dump(void) {
                                   2778 ;	-----------------------------------------
                                   2779 ;	 function buffer0_dump
                                   2780 ;	-----------------------------------------
      000D2C                       2781 _buffer0_dump:
                                   2782 ;	syntax.c:418: printf("\n\r+---------------BUFFER 0 CONTENTS-----------------+");
      000D2C 74r0E            [12] 2783 	mov	a,#___str_46
      000D2E C0 E0            [24] 2784 	push	acc
      000D30 74s08            [12] 2785 	mov	a,#(___str_46 >> 8)
      000D32 C0 E0            [24] 2786 	push	acc
      000D34 74 80            [12] 2787 	mov	a,#0x80
      000D36 C0 E0            [24] 2788 	push	acc
      000D38 12r00r00         [24] 2789 	lcall	_printf
      000D3B 15 81            [12] 2790 	dec	sp
      000D3D 15 81            [12] 2791 	dec	sp
      000D3F 15 81            [12] 2792 	dec	sp
                                   2793 ;	syntax.c:419: printf("\n\r| Address    | Data                               |");
      000D41 74r44            [12] 2794 	mov	a,#___str_47
      000D43 C0 E0            [24] 2795 	push	acc
      000D45 74s08            [12] 2796 	mov	a,#(___str_47 >> 8)
      000D47 C0 E0            [24] 2797 	push	acc
      000D49 74 80            [12] 2798 	mov	a,#0x80
      000D4B C0 E0            [24] 2799 	push	acc
      000D4D 12r00r00         [24] 2800 	lcall	_printf
      000D50 15 81            [12] 2801 	dec	sp
      000D52 15 81            [12] 2802 	dec	sp
      000D54 15 81            [12] 2803 	dec	sp
                                   2804 ;	syntax.c:420: printf("\n\r|------------|---------------------------------------|");
      000D56 74r7A            [12] 2805 	mov	a,#___str_48
      000D58 C0 E0            [24] 2806 	push	acc
      000D5A 74s08            [12] 2807 	mov	a,#(___str_48 >> 8)
      000D5C C0 E0            [24] 2808 	push	acc
      000D5E 74 80            [12] 2809 	mov	a,#0x80
      000D60 C0 E0            [24] 2810 	push	acc
      000D62 12r00r00         [24] 2811 	lcall	_printf
      000D65 15 81            [12] 2812 	dec	sp
      000D67 15 81            [12] 2813 	dec	sp
      000D69 15 81            [12] 2814 	dec	sp
                                   2815 ;	syntax.c:421: printf("\n\r");
      000D6B 74rB3            [12] 2816 	mov	a,#___str_49
      000D6D C0 E0            [24] 2817 	push	acc
      000D6F 74s08            [12] 2818 	mov	a,#(___str_49 >> 8)
      000D71 C0 E0            [24] 2819 	push	acc
      000D73 74 80            [12] 2820 	mov	a,#0x80
      000D75 C0 E0            [24] 2821 	push	acc
      000D77 12r00r00         [24] 2822 	lcall	_printf
      000D7A 15 81            [12] 2823 	dec	sp
      000D7C 15 81            [12] 2824 	dec	sp
      000D7E 15 81            [12] 2825 	dec	sp
                                   2826 ;	syntax.c:423: if(array_for_nodes[0].data_pointer == NULL) 
      000D80 90r00r04         [24] 2827 	mov	dptr,#(_array_for_nodes + 0x0001)
      000D83 E0               [24] 2828 	movx	a,@dptr
      000D84 FD               [12] 2829 	mov	r5,a
      000D85 A3               [24] 2830 	inc	dptr
      000D86 E0               [24] 2831 	movx	a,@dptr
      000D87 FE               [12] 2832 	mov	r6,a
      000D88 A3               [24] 2833 	inc	dptr
      000D89 E0               [24] 2834 	movx	a,@dptr
      000D8A FF               [12] 2835 	mov	r7,a
      000D8B ED               [12] 2836 	mov	a,r5
      000D8C 4E               [12] 2837 	orl	a,r6
      000D8D 70 16            [24] 2838 	jnz	00102$
                                   2839 ;	syntax.c:424: {printf("BUFFER 0 DOES NOT EXIST\n\r");
      000D8F 74rB6            [12] 2840 	mov	a,#___str_50
      000D91 C0 E0            [24] 2841 	push	acc
      000D93 74s08            [12] 2842 	mov	a,#(___str_50 >> 8)
      000D95 C0 E0            [24] 2843 	push	acc
      000D97 74 80            [12] 2844 	mov	a,#0x80
      000D99 C0 E0            [24] 2845 	push	acc
      000D9B 12r00r00         [24] 2846 	lcall	_printf
      000D9E 15 81            [12] 2847 	dec	sp
      000DA0 15 81            [12] 2848 	dec	sp
      000DA2 15 81            [12] 2849 	dec	sp
                                   2850 ;	syntax.c:425: return;
      000DA4 22               [24] 2851 	ret
      000DA5                       2852 00102$:
                                   2853 ;	syntax.c:428: uint16_t remaining_bytes = array_for_nodes[0].size;
      000DA5 90r00r07         [24] 2854 	mov	dptr,#(_array_for_nodes + 0x0004)
      000DA8 E0               [24] 2855 	movx	a,@dptr
      000DA9 FB               [12] 2856 	mov	r3,a
      000DAA A3               [24] 2857 	inc	dptr
      000DAB E0               [24] 2858 	movx	a,@dptr
      000DAC FC               [12] 2859 	mov	r4,a
                                   2860 ;	syntax.c:431: for (uint16_t offset = 0; offset < total_number_of_storage; offset += 16) {
      000DAD 90r02r7F         [24] 2861 	mov	dptr,#_buffer0_dump_offset_131073_125
      000DB0 E4               [12] 2862 	clr	a
      000DB1 F0               [24] 2863 	movx	@dptr,a
      000DB2 A3               [24] 2864 	inc	dptr
      000DB3 F0               [24] 2865 	movx	@dptr,a
      000DB4                       2866 00114$:
      000DB4 C0 05            [24] 2867 	push	ar5
      000DB6 C0 06            [24] 2868 	push	ar6
      000DB8 C0 07            [24] 2869 	push	ar7
      000DBA 90r02r7F         [24] 2870 	mov	dptr,#_buffer0_dump_offset_131073_125
      000DBD E0               [24] 2871 	movx	a,@dptr
      000DBE F9               [12] 2872 	mov	r1,a
      000DBF A3               [24] 2873 	inc	dptr
      000DC0 E0               [24] 2874 	movx	a,@dptr
      000DC1 FA               [12] 2875 	mov	r2,a
      000DC2 90r00r02         [24] 2876 	mov	dptr,#_total_number_of_storage
      000DC5 E0               [24] 2877 	movx	a,@dptr
      000DC6 F8               [12] 2878 	mov	r0,a
      000DC7 7F 00            [12] 2879 	mov	r7,#0x00
      000DC9 C3               [12] 2880 	clr	c
      000DCA E9               [12] 2881 	mov	a,r1
      000DCB 98               [12] 2882 	subb	a,r0
      000DCC EA               [12] 2883 	mov	a,r2
      000DCD 9F               [12] 2884 	subb	a,r7
      000DCE D0 07            [24] 2885 	pop	ar7
      000DD0 D0 06            [24] 2886 	pop	ar6
      000DD2 D0 05            [24] 2887 	pop	ar5
      000DD4 40 03            [24] 2888 	jc	00154$
      000DD6 02r0Fr44         [24] 2889 	ljmp	00105$
      000DD9                       2890 00154$:
                                   2891 ;	syntax.c:433: printf("\n\r| %04X      |", (uint16_t)(uintptr_t)rd_ptr);
      000DD9 C0 03            [24] 2892 	push	ar3
      000DDB C0 04            [24] 2893 	push	ar4
      000DDD 8D 00            [24] 2894 	mov	ar0,r5
      000DDF 8E 03            [24] 2895 	mov	ar3,r6
      000DE1 8F 04            [24] 2896 	mov	ar4,r7
      000DE3 C0 07            [24] 2897 	push	ar7
      000DE5 C0 06            [24] 2898 	push	ar6
      000DE7 C0 05            [24] 2899 	push	ar5
      000DE9 C0 04            [24] 2900 	push	ar4
      000DEB C0 03            [24] 2901 	push	ar3
      000DED C0 02            [24] 2902 	push	ar2
      000DEF C0 01            [24] 2903 	push	ar1
      000DF1 C0 00            [24] 2904 	push	ar0
      000DF3 C0 03            [24] 2905 	push	ar3
      000DF5 74rD0            [12] 2906 	mov	a,#___str_51
      000DF7 C0 E0            [24] 2907 	push	acc
      000DF9 74s08            [12] 2908 	mov	a,#(___str_51 >> 8)
      000DFB C0 E0            [24] 2909 	push	acc
      000DFD 74 80            [12] 2910 	mov	a,#0x80
      000DFF C0 E0            [24] 2911 	push	acc
      000E01 12r00r00         [24] 2912 	lcall	_printf
      000E04 E5 81            [12] 2913 	mov	a,sp
      000E06 24 FB            [12] 2914 	add	a,#0xfb
      000E08 F5 81            [12] 2915 	mov	sp,a
      000E0A D0 01            [24] 2916 	pop	ar1
      000E0C D0 02            [24] 2917 	pop	ar2
      000E0E D0 03            [24] 2918 	pop	ar3
      000E10 D0 04            [24] 2919 	pop	ar4
      000E12 D0 05            [24] 2920 	pop	ar5
      000E14 D0 06            [24] 2921 	pop	ar6
      000E16 D0 07            [24] 2922 	pop	ar7
                                   2923 ;	syntax.c:436: for (int i = 0; i < 16 && (offset + i) < remaining_bytes; i++) {
      000E18 89*0B            [24] 2924 	mov	_buffer0_dump_sloc0_1_0,r1
      000E1A 8A*0C            [24] 2925 	mov	(_buffer0_dump_sloc0_1_0 + 1),r2
      000E1C 8D*0D            [24] 2926 	mov	_buffer0_dump_sloc1_1_0,r5
      000E1E 8E*0E            [24] 2927 	mov	(_buffer0_dump_sloc1_1_0 + 1),r6
      000E20 8F*0F            [24] 2928 	mov	(_buffer0_dump_sloc1_1_0 + 2),r7
      000E22 E4               [12] 2929 	clr	a
      000E23 F5*10            [12] 2930 	mov	_buffer0_dump_sloc2_1_0,a
      000E25 F5*11            [12] 2931 	mov	(_buffer0_dump_sloc2_1_0 + 1),a
                                   2932 ;	syntax.c:449: printf("\n\r+--------------------------------------------------+\n\r");
      000E27 D0 04            [24] 2933 	pop	ar4
      000E29 D0 03            [24] 2934 	pop	ar3
                                   2935 ;	syntax.c:436: for (int i = 0; i < 16 && (offset + i) < remaining_bytes; i++) {
      000E2B                       2936 00108$:
      000E2B C3               [12] 2937 	clr	c
      000E2C E5*10            [12] 2938 	mov	a,_buffer0_dump_sloc2_1_0
      000E2E 94 10            [12] 2939 	subb	a,#0x10
      000E30 E5*11            [12] 2940 	mov	a,(_buffer0_dump_sloc2_1_0 + 1)
      000E32 64 80            [12] 2941 	xrl	a,#0x80
      000E34 94 80            [12] 2942 	subb	a,#0x80
      000E36 50 70            [24] 2943 	jnc	00103$
      000E38 C0 05            [24] 2944 	push	ar5
      000E3A C0 06            [24] 2945 	push	ar6
      000E3C C0 07            [24] 2946 	push	ar7
      000E3E A9*0B            [24] 2947 	mov	r1,_buffer0_dump_sloc0_1_0
      000E40 AA*0C            [24] 2948 	mov	r2,(_buffer0_dump_sloc0_1_0 + 1)
      000E42 A8*10            [24] 2949 	mov	r0,_buffer0_dump_sloc2_1_0
      000E44 AF*11            [24] 2950 	mov	r7,(_buffer0_dump_sloc2_1_0 + 1)
      000E46 E8               [12] 2951 	mov	a,r0
      000E47 29               [12] 2952 	add	a,r1
      000E48 F9               [12] 2953 	mov	r1,a
      000E49 EF               [12] 2954 	mov	a,r7
      000E4A 3A               [12] 2955 	addc	a,r2
      000E4B FA               [12] 2956 	mov	r2,a
      000E4C C3               [12] 2957 	clr	c
      000E4D E9               [12] 2958 	mov	a,r1
      000E4E 9B               [12] 2959 	subb	a,r3
      000E4F EA               [12] 2960 	mov	a,r2
      000E50 9C               [12] 2961 	subb	a,r4
      000E51 D0 07            [24] 2962 	pop	ar7
      000E53 D0 06            [24] 2963 	pop	ar6
      000E55 D0 05            [24] 2964 	pop	ar5
      000E57 50 4F            [24] 2965 	jnc	00103$
                                   2966 ;	syntax.c:437: printf(" %02X", rd_ptr[i]);
      000E59 E5*10            [12] 2967 	mov	a,_buffer0_dump_sloc2_1_0
      000E5B 25*0D            [12] 2968 	add	a,_buffer0_dump_sloc1_1_0
      000E5D F8               [12] 2969 	mov	r0,a
      000E5E E5*11            [12] 2970 	mov	a,(_buffer0_dump_sloc2_1_0 + 1)
      000E60 35*0E            [12] 2971 	addc	a,(_buffer0_dump_sloc1_1_0 + 1)
      000E62 F9               [12] 2972 	mov	r1,a
      000E63 AA*0F            [24] 2973 	mov	r2,(_buffer0_dump_sloc1_1_0 + 2)
      000E65 88 82            [24] 2974 	mov	dpl,r0
      000E67 89 83            [24] 2975 	mov	dph,r1
      000E69 8A F0            [24] 2976 	mov	b,r2
      000E6B 12r00r00         [24] 2977 	lcall	__gptrget
      000E6E F8               [12] 2978 	mov	r0,a
      000E6F 7A 00            [12] 2979 	mov	r2,#0x00
      000E71 C0 07            [24] 2980 	push	ar7
      000E73 C0 06            [24] 2981 	push	ar6
      000E75 C0 05            [24] 2982 	push	ar5
      000E77 C0 04            [24] 2983 	push	ar4
      000E79 C0 03            [24] 2984 	push	ar3
      000E7B C0 00            [24] 2985 	push	ar0
      000E7D C0 02            [24] 2986 	push	ar2
      000E7F 74rE0            [12] 2987 	mov	a,#___str_52
      000E81 C0 E0            [24] 2988 	push	acc
      000E83 74s08            [12] 2989 	mov	a,#(___str_52 >> 8)
      000E85 C0 E0            [24] 2990 	push	acc
      000E87 74 80            [12] 2991 	mov	a,#0x80
      000E89 C0 E0            [24] 2992 	push	acc
      000E8B 12r00r00         [24] 2993 	lcall	_printf
      000E8E E5 81            [12] 2994 	mov	a,sp
      000E90 24 FB            [12] 2995 	add	a,#0xfb
      000E92 F5 81            [12] 2996 	mov	sp,a
      000E94 D0 03            [24] 2997 	pop	ar3
      000E96 D0 04            [24] 2998 	pop	ar4
      000E98 D0 05            [24] 2999 	pop	ar5
      000E9A D0 06            [24] 3000 	pop	ar6
      000E9C D0 07            [24] 3001 	pop	ar7
                                   3002 ;	syntax.c:436: for (int i = 0; i < 16 && (offset + i) < remaining_bytes; i++) {
      000E9E 05*10            [12] 3003 	inc	_buffer0_dump_sloc2_1_0
      000EA0 E4               [12] 3004 	clr	a
      000EA1 B5*10 87         [24] 3005 	cjne	a,_buffer0_dump_sloc2_1_0,00108$
      000EA4 05*11            [12] 3006 	inc	(_buffer0_dump_sloc2_1_0 + 1)
      000EA6 80 83            [24] 3007 	sjmp	00108$
      000EA8                       3008 00103$:
                                   3009 ;	syntax.c:441: for (int i = remaining_bytes - offset; i < 16; i++) {
      000EA8 90r02r7F         [24] 3010 	mov	dptr,#_buffer0_dump_offset_131073_125
      000EAB E0               [24] 3011 	movx	a,@dptr
      000EAC F9               [12] 3012 	mov	r1,a
      000EAD A3               [24] 3013 	inc	dptr
      000EAE E0               [24] 3014 	movx	a,@dptr
      000EAF FA               [12] 3015 	mov	r2,a
      000EB0 EB               [12] 3016 	mov	a,r3
      000EB1 C3               [12] 3017 	clr	c
      000EB2 99               [12] 3018 	subb	a,r1
      000EB3 F9               [12] 3019 	mov	r1,a
      000EB4 EC               [12] 3020 	mov	a,r4
      000EB5 9A               [12] 3021 	subb	a,r2
      000EB6 FA               [12] 3022 	mov	r2,a
      000EB7                       3023 00111$:
      000EB7 C3               [12] 3024 	clr	c
      000EB8 E9               [12] 3025 	mov	a,r1
      000EB9 94 10            [12] 3026 	subb	a,#0x10
      000EBB EA               [12] 3027 	mov	a,r2
      000EBC 64 80            [12] 3028 	xrl	a,#0x80
      000EBE 94 80            [12] 3029 	subb	a,#0x80
      000EC0 50 38            [24] 3030 	jnc	00104$
                                   3031 ;	syntax.c:442: printf("   ");
      000EC2 C0 07            [24] 3032 	push	ar7
      000EC4 C0 06            [24] 3033 	push	ar6
      000EC6 C0 05            [24] 3034 	push	ar5
      000EC8 C0 04            [24] 3035 	push	ar4
      000ECA C0 03            [24] 3036 	push	ar3
      000ECC C0 02            [24] 3037 	push	ar2
      000ECE C0 01            [24] 3038 	push	ar1
      000ED0 74rE6            [12] 3039 	mov	a,#___str_53
      000ED2 C0 E0            [24] 3040 	push	acc
      000ED4 74s08            [12] 3041 	mov	a,#(___str_53 >> 8)
      000ED6 C0 E0            [24] 3042 	push	acc
      000ED8 74 80            [12] 3043 	mov	a,#0x80
      000EDA C0 E0            [24] 3044 	push	acc
      000EDC 12r00r00         [24] 3045 	lcall	_printf
      000EDF 15 81            [12] 3046 	dec	sp
      000EE1 15 81            [12] 3047 	dec	sp
      000EE3 15 81            [12] 3048 	dec	sp
      000EE5 D0 01            [24] 3049 	pop	ar1
      000EE7 D0 02            [24] 3050 	pop	ar2
      000EE9 D0 03            [24] 3051 	pop	ar3
      000EEB D0 04            [24] 3052 	pop	ar4
      000EED D0 05            [24] 3053 	pop	ar5
      000EEF D0 06            [24] 3054 	pop	ar6
      000EF1 D0 07            [24] 3055 	pop	ar7
                                   3056 ;	syntax.c:441: for (int i = remaining_bytes - offset; i < 16; i++) {
      000EF3 09               [12] 3057 	inc	r1
      000EF4 B9 00 C0         [24] 3058 	cjne	r1,#0x00,00111$
      000EF7 0A               [12] 3059 	inc	r2
      000EF8 80 BD            [24] 3060 	sjmp	00111$
      000EFA                       3061 00104$:
                                   3062 ;	syntax.c:445: printf(" |");
      000EFA C0 07            [24] 3063 	push	ar7
      000EFC C0 06            [24] 3064 	push	ar6
      000EFE C0 05            [24] 3065 	push	ar5
      000F00 C0 04            [24] 3066 	push	ar4
      000F02 C0 03            [24] 3067 	push	ar3
      000F04 74rEA            [12] 3068 	mov	a,#___str_54
      000F06 C0 E0            [24] 3069 	push	acc
      000F08 74s08            [12] 3070 	mov	a,#(___str_54 >> 8)
      000F0A C0 E0            [24] 3071 	push	acc
      000F0C 74 80            [12] 3072 	mov	a,#0x80
      000F0E C0 E0            [24] 3073 	push	acc
      000F10 12r00r00         [24] 3074 	lcall	_printf
      000F13 15 81            [12] 3075 	dec	sp
      000F15 15 81            [12] 3076 	dec	sp
      000F17 15 81            [12] 3077 	dec	sp
      000F19 D0 03            [24] 3078 	pop	ar3
      000F1B D0 04            [24] 3079 	pop	ar4
      000F1D D0 05            [24] 3080 	pop	ar5
      000F1F D0 06            [24] 3081 	pop	ar6
      000F21 D0 07            [24] 3082 	pop	ar7
                                   3083 ;	syntax.c:446: rd_ptr += 16;
      000F23 74 10            [12] 3084 	mov	a,#0x10
      000F25 2D               [12] 3085 	add	a,r5
      000F26 FD               [12] 3086 	mov	r5,a
      000F27 E4               [12] 3087 	clr	a
      000F28 3E               [12] 3088 	addc	a,r6
      000F29 FE               [12] 3089 	mov	r6,a
                                   3090 ;	syntax.c:431: for (uint16_t offset = 0; offset < total_number_of_storage; offset += 16) {
      000F2A 90r02r7F         [24] 3091 	mov	dptr,#_buffer0_dump_offset_131073_125
      000F2D E0               [24] 3092 	movx	a,@dptr
      000F2E F9               [12] 3093 	mov	r1,a
      000F2F A3               [24] 3094 	inc	dptr
      000F30 E0               [24] 3095 	movx	a,@dptr
      000F31 FA               [12] 3096 	mov	r2,a
      000F32 74 10            [12] 3097 	mov	a,#0x10
      000F34 29               [12] 3098 	add	a,r1
      000F35 F9               [12] 3099 	mov	r1,a
      000F36 E4               [12] 3100 	clr	a
      000F37 3A               [12] 3101 	addc	a,r2
      000F38 FA               [12] 3102 	mov	r2,a
      000F39 90r02r7F         [24] 3103 	mov	dptr,#_buffer0_dump_offset_131073_125
      000F3C E9               [12] 3104 	mov	a,r1
      000F3D F0               [24] 3105 	movx	@dptr,a
      000F3E EA               [12] 3106 	mov	a,r2
      000F3F A3               [24] 3107 	inc	dptr
      000F40 F0               [24] 3108 	movx	@dptr,a
      000F41 02r0DrB4         [24] 3109 	ljmp	00114$
      000F44                       3110 00105$:
                                   3111 ;	syntax.c:449: printf("\n\r+--------------------------------------------------+\n\r");
      000F44 74r72            [12] 3112 	mov	a,#___str_2
      000F46 C0 E0            [24] 3113 	push	acc
      000F48 74s00            [12] 3114 	mov	a,#(___str_2 >> 8)
      000F4A C0 E0            [24] 3115 	push	acc
      000F4C 74 80            [12] 3116 	mov	a,#0x80
      000F4E C0 E0            [24] 3117 	push	acc
      000F50 12r00r00         [24] 3118 	lcall	_printf
      000F53 15 81            [12] 3119 	dec	sp
      000F55 15 81            [12] 3120 	dec	sp
      000F57 15 81            [12] 3121 	dec	sp
                                   3122 ;	syntax.c:450: }
      000F59 22               [24] 3123 	ret
                                   3124 ;------------------------------------------------------------
                                   3125 ;Allocation info for local variables in function 'main'
                                   3126 ;------------------------------------------------------------
                                   3127 ;sloc0                     Allocated with name '_main_sloc0_1_0'
                                   3128 ;buffer_size               Allocated with name '_main_buffer_size_65537_133'
                                   3129 ;node1                     Allocated with name '_main_node1_65538_137'
                                   3130 ;node2                     Allocated with name '_main_node2_65539_138'
                                   3131 ;wr                        Allocated with name '_main_wr_65540_139'
                                   3132 ;ch                        Allocated with name '_main_ch_131076_140'
                                   3133 ;cha                       Allocated with name '_main_cha_131077_143'
                                   3134 ;temp_buffer_size          Allocated to registers 
                                   3135 ;index_for_write           Allocated to registers 
                                   3136 ;------------------------------------------------------------
                                   3137 ;	syntax.c:458: void main(void)
                                   3138 ;	-----------------------------------------
                                   3139 ;	 function main
                                   3140 ;	-----------------------------------------
      000F5A                       3141 _main:
                                   3142 ;	syntax.c:461: printf("\n\r+==================================================+");
      000F5A 74rED            [12] 3143 	mov	a,#___str_55
      000F5C C0 E0            [24] 3144 	push	acc
      000F5E 74s08            [12] 3145 	mov	a,#(___str_55 >> 8)
      000F60 C0 E0            [24] 3146 	push	acc
      000F62 74 80            [12] 3147 	mov	a,#0x80
      000F64 C0 E0            [24] 3148 	push	acc
      000F66 12r00r00         [24] 3149 	lcall	_printf
      000F69 15 81            [12] 3150 	dec	sp
      000F6B 15 81            [12] 3151 	dec	sp
      000F6D 15 81            [12] 3152 	dec	sp
                                   3153 ;	syntax.c:462: printf("\n\r|           BUFFER MANAGEMENT SYSTEM                |");
      000F6F 74r24            [12] 3154 	mov	a,#___str_56
      000F71 C0 E0            [24] 3155 	push	acc
      000F73 74s09            [12] 3156 	mov	a,#(___str_56 >> 8)
      000F75 C0 E0            [24] 3157 	push	acc
      000F77 74 80            [12] 3158 	mov	a,#0x80
      000F79 C0 E0            [24] 3159 	push	acc
      000F7B 12r00r00         [24] 3160 	lcall	_printf
      000F7E 15 81            [12] 3161 	dec	sp
      000F80 15 81            [12] 3162 	dec	sp
      000F82 15 81            [12] 3163 	dec	sp
                                   3164 ;	syntax.c:463: printf("\n\r+==================================================+");
      000F84 74rED            [12] 3165 	mov	a,#___str_55
      000F86 C0 E0            [24] 3166 	push	acc
      000F88 74s08            [12] 3167 	mov	a,#(___str_55 >> 8)
      000F8A C0 E0            [24] 3168 	push	acc
      000F8C 74 80            [12] 3169 	mov	a,#0x80
      000F8E C0 E0            [24] 3170 	push	acc
      000F90 12r00r00         [24] 3171 	lcall	_printf
      000F93 15 81            [12] 3172 	dec	sp
      000F95 15 81            [12] 3173 	dec	sp
      000F97 15 81            [12] 3174 	dec	sp
                                   3175 ;	syntax.c:467: index_of_buffers = 0;
      000F99 90r00r00         [24] 3176 	mov	dptr,#_index_of_buffers
      000F9C E4               [12] 3177 	clr	a
      000F9D F0               [24] 3178 	movx	@dptr,a
                                   3179 ;	syntax.c:468: total_number_of_commands = 0;
      000F9E 90r00r01         [24] 3180 	mov	dptr,#_total_number_of_commands
      000FA1 F0               [24] 3181 	movx	@dptr,a
                                   3182 ;	syntax.c:469: total_number_of_storage = 0;
      000FA2 90r00r02         [24] 3183 	mov	dptr,#_total_number_of_storage
      000FA5 F0               [24] 3184 	movx	@dptr,a
                                   3185 ;	syntax.c:470: recent_commands = 0;
      000FA6 90r00r03         [24] 3186 	mov	dptr,#_recent_commands
      000FA9 F0               [24] 3187 	movx	@dptr,a
                                   3188 ;	syntax.c:471: recent_storage = 0;
      000FAA 90r00r04         [24] 3189 	mov	dptr,#_recent_storage
      000FAD F0               [24] 3190 	movx	@dptr,a
                                   3191 ;	syntax.c:472: recived_bytes = 0;
      000FAE 90r00r05         [24] 3192 	mov	dptr,#_recived_bytes
      000FB1 F0               [24] 3193 	movx	@dptr,a
                                   3194 ;	syntax.c:475: do{
      000FB2                       3195 00108$:
                                   3196 ;	syntax.c:477: buffer_size = get_buf_value("\n\r| Enter initial buffer size (32-5120): ", upper_default, LOWER_DEFAULT);
      000FB2 90r02r5D         [24] 3197 	mov	dptr,#_get_buf_value_PARM_2
      000FB5 E4               [12] 3198 	clr	a
      000FB6 F0               [24] 3199 	movx	@dptr,a
      000FB7 74 14            [12] 3200 	mov	a,#0x14
      000FB9 A3               [24] 3201 	inc	dptr
      000FBA F0               [24] 3202 	movx	@dptr,a
      000FBB 90r02r5F         [24] 3203 	mov	dptr,#_get_buf_value_PARM_3
      000FBE 74 20            [12] 3204 	mov	a,#0x20
      000FC0 F0               [24] 3205 	movx	@dptr,a
      000FC1 E4               [12] 3206 	clr	a
      000FC2 A3               [24] 3207 	inc	dptr
      000FC3 F0               [24] 3208 	movx	@dptr,a
      000FC4 90r09r5C         [24] 3209 	mov	dptr,#___str_57
      000FC7 75 F0 80         [24] 3210 	mov	b,#0x80
      000FCA 12r00r5B         [24] 3211 	lcall	_get_buf_value
      000FCD AE 82            [24] 3212 	mov	r6,dpl
      000FCF AF 83            [24] 3213 	mov	r7,dph
                                   3214 ;	syntax.c:479: if(buffer_size == -1) continue;
      000FD1 BE FF 06         [24] 3215 	cjne	r6,#0xff,00171$
      000FD4 BF FF 03         [24] 3216 	cjne	r7,#0xff,00171$
      000FD7 02r11r53         [24] 3217 	ljmp	00109$
      000FDA                       3218 00171$:
                                   3219 ;	syntax.c:482: pointer1 = (__xdata uint8_t *) malloc(buffer_size);
      000FDA 8E 82            [24] 3220 	mov	dpl,r6
      000FDC 8F 83            [24] 3221 	mov	dph,r7
      000FDE C0 07            [24] 3222 	push	ar7
      000FE0 C0 06            [24] 3223 	push	ar6
      000FE2 12r00r00         [24] 3224 	lcall	_malloc
      000FE5 AC 82            [24] 3225 	mov	r4,dpl
      000FE7 AD 83            [24] 3226 	mov	r5,dph
      000FE9 D0 06            [24] 3227 	pop	ar6
      000FEB D0 07            [24] 3228 	pop	ar7
      000FED 90r00r09         [24] 3229 	mov	dptr,#_pointer1
      000FF0 EC               [12] 3230 	mov	a,r4
      000FF1 F0               [24] 3231 	movx	@dptr,a
      000FF2 ED               [12] 3232 	mov	a,r5
      000FF3 A3               [24] 3233 	inc	dptr
      000FF4 F0               [24] 3234 	movx	@dptr,a
                                   3235 ;	syntax.c:483: if (pointer1 == NULL){
      000FF5 EC               [12] 3236 	mov	a,r4
      000FF6 4D               [12] 3237 	orl	a,r5
      000FF7 70 4A            [24] 3238 	jnz	00104$
                                   3239 ;	syntax.c:484: printf("\n\r| ERROR: Buffer 1 allocation failed                |");
      000FF9 C0 07            [24] 3240 	push	ar7
      000FFB C0 06            [24] 3241 	push	ar6
      000FFD 74r86            [12] 3242 	mov	a,#___str_58
      000FFF C0 E0            [24] 3243 	push	acc
      001001 74s09            [12] 3244 	mov	a,#(___str_58 >> 8)
      001003 C0 E0            [24] 3245 	push	acc
      001005 74 80            [12] 3246 	mov	a,#0x80
      001007 C0 E0            [24] 3247 	push	acc
      001009 12r00r00         [24] 3248 	lcall	_printf
      00100C 15 81            [12] 3249 	dec	sp
      00100E 15 81            [12] 3250 	dec	sp
      001010 15 81            [12] 3251 	dec	sp
                                   3252 ;	syntax.c:485: printf("\n\r| Try smaller size                                |");
      001012 74rBD            [12] 3253 	mov	a,#___str_59
      001014 C0 E0            [24] 3254 	push	acc
      001016 74s09            [12] 3255 	mov	a,#(___str_59 >> 8)
      001018 C0 E0            [24] 3256 	push	acc
      00101A 74 80            [12] 3257 	mov	a,#0x80
      00101C C0 E0            [24] 3258 	push	acc
      00101E 12r00r00         [24] 3259 	lcall	_printf
      001021 15 81            [12] 3260 	dec	sp
      001023 15 81            [12] 3261 	dec	sp
      001025 15 81            [12] 3262 	dec	sp
                                   3263 ;	syntax.c:486: printf("\n\r+------------------------------------------------+\n\r");
      001027 74rF3            [12] 3264 	mov	a,#___str_60
      001029 C0 E0            [24] 3265 	push	acc
      00102B 74s09            [12] 3266 	mov	a,#(___str_60 >> 8)
      00102D C0 E0            [24] 3267 	push	acc
      00102F 74 80            [12] 3268 	mov	a,#0x80
      001031 C0 E0            [24] 3269 	push	acc
      001033 12r00r00         [24] 3270 	lcall	_printf
      001036 15 81            [12] 3271 	dec	sp
      001038 15 81            [12] 3272 	dec	sp
      00103A 15 81            [12] 3273 	dec	sp
      00103C D0 06            [24] 3274 	pop	ar6
      00103E D0 07            [24] 3275 	pop	ar7
                                   3276 ;	syntax.c:487: continue;
      001040 02r11r53         [24] 3277 	ljmp	00109$
      001043                       3278 00104$:
                                   3279 ;	syntax.c:491: pointer2 = (__xdata uint8_t *) malloc(buffer_size);
      001043 8E 82            [24] 3280 	mov	dpl,r6
      001045 8F 83            [24] 3281 	mov	dph,r7
      001047 C0 07            [24] 3282 	push	ar7
      001049 C0 06            [24] 3283 	push	ar6
      00104B 12r00r00         [24] 3284 	lcall	_malloc
      00104E AC 82            [24] 3285 	mov	r4,dpl
      001050 AD 83            [24] 3286 	mov	r5,dph
      001052 D0 06            [24] 3287 	pop	ar6
      001054 D0 07            [24] 3288 	pop	ar7
      001056 90r00r0B         [24] 3289 	mov	dptr,#_pointer2
      001059 EC               [12] 3290 	mov	a,r4
      00105A F0               [24] 3291 	movx	@dptr,a
      00105B ED               [12] 3292 	mov	a,r5
      00105C A3               [24] 3293 	inc	dptr
      00105D F0               [24] 3294 	movx	@dptr,a
                                   3295 ;	syntax.c:492: if (pointer2 == NULL){
      00105E EC               [12] 3296 	mov	a,r4
      00105F 4D               [12] 3297 	orl	a,r5
      001060 70 5D            [24] 3298 	jnz	00106$
                                   3299 ;	syntax.c:493: free(pointer1);
      001062 90r00r09         [24] 3300 	mov	dptr,#_pointer1
      001065 E0               [24] 3301 	movx	a,@dptr
      001066 FC               [12] 3302 	mov	r4,a
      001067 A3               [24] 3303 	inc	dptr
      001068 E0               [24] 3304 	movx	a,@dptr
      001069 FD               [12] 3305 	mov	r5,a
      00106A 7B 00            [12] 3306 	mov	r3,#0x00
      00106C 8C 82            [24] 3307 	mov	dpl,r4
      00106E 8D 83            [24] 3308 	mov	dph,r5
      001070 8B F0            [24] 3309 	mov	b,r3
      001072 C0 07            [24] 3310 	push	ar7
      001074 C0 06            [24] 3311 	push	ar6
      001076 12r00r00         [24] 3312 	lcall	_free
                                   3313 ;	syntax.c:494: printf("\n\r| ERROR: Buffer 2 allocation failed                |");
      001079 74r2A            [12] 3314 	mov	a,#___str_61
      00107B C0 E0            [24] 3315 	push	acc
      00107D 74s0A            [12] 3316 	mov	a,#(___str_61 >> 8)
      00107F C0 E0            [24] 3317 	push	acc
      001081 74 80            [12] 3318 	mov	a,#0x80
      001083 C0 E0            [24] 3319 	push	acc
      001085 12r00r00         [24] 3320 	lcall	_printf
      001088 15 81            [12] 3321 	dec	sp
      00108A 15 81            [12] 3322 	dec	sp
      00108C 15 81            [12] 3323 	dec	sp
                                   3324 ;	syntax.c:495: printf("\n\r| Try smaller size                                |");
      00108E 74rBD            [12] 3325 	mov	a,#___str_59
      001090 C0 E0            [24] 3326 	push	acc
      001092 74s09            [12] 3327 	mov	a,#(___str_59 >> 8)
      001094 C0 E0            [24] 3328 	push	acc
      001096 74 80            [12] 3329 	mov	a,#0x80
      001098 C0 E0            [24] 3330 	push	acc
      00109A 12r00r00         [24] 3331 	lcall	_printf
      00109D 15 81            [12] 3332 	dec	sp
      00109F 15 81            [12] 3333 	dec	sp
      0010A1 15 81            [12] 3334 	dec	sp
                                   3335 ;	syntax.c:496: printf("\n\r+------------------------------------------------+\n\r");
      0010A3 74rF3            [12] 3336 	mov	a,#___str_60
      0010A5 C0 E0            [24] 3337 	push	acc
      0010A7 74s09            [12] 3338 	mov	a,#(___str_60 >> 8)
      0010A9 C0 E0            [24] 3339 	push	acc
      0010AB 74 80            [12] 3340 	mov	a,#0x80
      0010AD C0 E0            [24] 3341 	push	acc
      0010AF 12r00r00         [24] 3342 	lcall	_printf
      0010B2 15 81            [12] 3343 	dec	sp
      0010B4 15 81            [12] 3344 	dec	sp
      0010B6 15 81            [12] 3345 	dec	sp
      0010B8 D0 06            [24] 3346 	pop	ar6
      0010BA D0 07            [24] 3347 	pop	ar7
                                   3348 ;	syntax.c:497: continue;
      0010BC 02r11r53         [24] 3349 	ljmp	00109$
      0010BF                       3350 00106$:
                                   3351 ;	syntax.c:501: printf("\n\r+----------------BUFFER STATUS--------------------+");
      0010BF C0 07            [24] 3352 	push	ar7
      0010C1 C0 06            [24] 3353 	push	ar6
      0010C3 74r61            [12] 3354 	mov	a,#___str_62
      0010C5 C0 E0            [24] 3355 	push	acc
      0010C7 74s0A            [12] 3356 	mov	a,#(___str_62 >> 8)
      0010C9 C0 E0            [24] 3357 	push	acc
      0010CB 74 80            [12] 3358 	mov	a,#0x80
      0010CD C0 E0            [24] 3359 	push	acc
      0010CF 12r00r00         [24] 3360 	lcall	_printf
      0010D2 15 81            [12] 3361 	dec	sp
      0010D4 15 81            [12] 3362 	dec	sp
      0010D6 15 81            [12] 3363 	dec	sp
      0010D8 D0 06            [24] 3364 	pop	ar6
      0010DA D0 07            [24] 3365 	pop	ar7
                                   3366 ;	syntax.c:502: printf("\n\r| Buffer 1 | Addr: %-10p | Size: %-6d   |", pointer1, buffer_size);
      0010DC 90r00r09         [24] 3367 	mov	dptr,#_pointer1
      0010DF E0               [24] 3368 	movx	a,@dptr
      0010E0 FC               [12] 3369 	mov	r4,a
      0010E1 A3               [24] 3370 	inc	dptr
      0010E2 E0               [24] 3371 	movx	a,@dptr
      0010E3 FD               [12] 3372 	mov	r5,a
      0010E4 7B 00            [12] 3373 	mov	r3,#0x00
      0010E6 C0 07            [24] 3374 	push	ar7
      0010E8 C0 06            [24] 3375 	push	ar6
      0010EA C0 06            [24] 3376 	push	ar6
      0010EC C0 07            [24] 3377 	push	ar7
      0010EE C0 04            [24] 3378 	push	ar4
      0010F0 C0 05            [24] 3379 	push	ar5
      0010F2 C0 03            [24] 3380 	push	ar3
      0010F4 74r97            [12] 3381 	mov	a,#___str_63
      0010F6 C0 E0            [24] 3382 	push	acc
      0010F8 74s0A            [12] 3383 	mov	a,#(___str_63 >> 8)
      0010FA C0 E0            [24] 3384 	push	acc
      0010FC 74 80            [12] 3385 	mov	a,#0x80
      0010FE C0 E0            [24] 3386 	push	acc
      001100 12r00r00         [24] 3387 	lcall	_printf
      001103 E5 81            [12] 3388 	mov	a,sp
      001105 24 F8            [12] 3389 	add	a,#0xf8
      001107 F5 81            [12] 3390 	mov	sp,a
      001109 D0 06            [24] 3391 	pop	ar6
      00110B D0 07            [24] 3392 	pop	ar7
                                   3393 ;	syntax.c:503: printf("\n\r| Buffer 2 | Addr: %-10p | Size: %-6d   |", pointer2, buffer_size);
      00110D 90r00r0B         [24] 3394 	mov	dptr,#_pointer2
      001110 E0               [24] 3395 	movx	a,@dptr
      001111 FC               [12] 3396 	mov	r4,a
      001112 A3               [24] 3397 	inc	dptr
      001113 E0               [24] 3398 	movx	a,@dptr
      001114 FD               [12] 3399 	mov	r5,a
      001115 7B 00            [12] 3400 	mov	r3,#0x00
      001117 C0 07            [24] 3401 	push	ar7
      001119 C0 06            [24] 3402 	push	ar6
      00111B C0 06            [24] 3403 	push	ar6
      00111D C0 07            [24] 3404 	push	ar7
      00111F C0 04            [24] 3405 	push	ar4
      001121 C0 05            [24] 3406 	push	ar5
      001123 C0 03            [24] 3407 	push	ar3
      001125 74rC3            [12] 3408 	mov	a,#___str_64
      001127 C0 E0            [24] 3409 	push	acc
      001129 74s0A            [12] 3410 	mov	a,#(___str_64 >> 8)
      00112B C0 E0            [24] 3411 	push	acc
      00112D 74 80            [12] 3412 	mov	a,#0x80
      00112F C0 E0            [24] 3413 	push	acc
      001131 12r00r00         [24] 3414 	lcall	_printf
      001134 E5 81            [12] 3415 	mov	a,sp
      001136 24 F8            [12] 3416 	add	a,#0xf8
      001138 F5 81            [12] 3417 	mov	sp,a
                                   3418 ;	syntax.c:504: printf("\n\r+------------------------------------------------+\n\r");
      00113A 74rF3            [12] 3419 	mov	a,#___str_60
      00113C C0 E0            [24] 3420 	push	acc
      00113E 74s09            [12] 3421 	mov	a,#(___str_60 >> 8)
      001140 C0 E0            [24] 3422 	push	acc
      001142 74 80            [12] 3423 	mov	a,#0x80
      001144 C0 E0            [24] 3424 	push	acc
      001146 12r00r00         [24] 3425 	lcall	_printf
      001149 15 81            [12] 3426 	dec	sp
      00114B 15 81            [12] 3427 	dec	sp
      00114D 15 81            [12] 3428 	dec	sp
      00114F D0 06            [24] 3429 	pop	ar6
      001151 D0 07            [24] 3430 	pop	ar7
      001153                       3431 00109$:
                                   3432 ;	syntax.c:506: }while(pointer2 == NULL || pointer1 == NULL);
      001153 90r00r0B         [24] 3433 	mov	dptr,#_pointer2
      001156 E0               [24] 3434 	movx	a,@dptr
      001157 F5 F0            [12] 3435 	mov	b,a
      001159 A3               [24] 3436 	inc	dptr
      00115A E0               [24] 3437 	movx	a,@dptr
      00115B 45 F0            [12] 3438 	orl	a,b
      00115D 70 03            [24] 3439 	jnz	00174$
      00115F 02r0FrB2         [24] 3440 	ljmp	00108$
      001162                       3441 00174$:
      001162 90r00r09         [24] 3442 	mov	dptr,#_pointer1
      001165 E0               [24] 3443 	movx	a,@dptr
      001166 F5 F0            [12] 3444 	mov	b,a
      001168 A3               [24] 3445 	inc	dptr
      001169 E0               [24] 3446 	movx	a,@dptr
      00116A 45 F0            [12] 3447 	orl	a,b
      00116C 70 03            [24] 3448 	jnz	00175$
      00116E 02r0FrB2         [24] 3449 	ljmp	00108$
      001171                       3450 00175$:
                                   3451 ;	syntax.c:509: index_of_buffers = 0;
      001171 90r00r00         [24] 3452 	mov	dptr,#_index_of_buffers
      001174 E4               [12] 3453 	clr	a
      001175 F0               [24] 3454 	movx	@dptr,a
                                   3455 ;	syntax.c:512: node_t node1 = { index_of_buffers, pointer1, buffer_size};
      001176 90r02r81         [24] 3456 	mov	dptr,#_main_node1_65538_137
      001179 F0               [24] 3457 	movx	@dptr,a
      00117A 90r00r09         [24] 3458 	mov	dptr,#_pointer1
      00117D E0               [24] 3459 	movx	a,@dptr
      00117E FC               [12] 3460 	mov	r4,a
      00117F A3               [24] 3461 	inc	dptr
      001180 E0               [24] 3462 	movx	a,@dptr
      001181 FD               [12] 3463 	mov	r5,a
      001182 7B 00            [12] 3464 	mov	r3,#0x00
      001184 90r02r82         [24] 3465 	mov	dptr,#(_main_node1_65538_137 + 0x0001)
      001187 EC               [12] 3466 	mov	a,r4
      001188 F0               [24] 3467 	movx	@dptr,a
      001189 ED               [12] 3468 	mov	a,r5
      00118A A3               [24] 3469 	inc	dptr
      00118B F0               [24] 3470 	movx	@dptr,a
      00118C EB               [12] 3471 	mov	a,r3
      00118D A3               [24] 3472 	inc	dptr
      00118E F0               [24] 3473 	movx	@dptr,a
      00118F 90r02r85         [24] 3474 	mov	dptr,#(_main_node1_65538_137 + 0x0004)
      001192 EE               [12] 3475 	mov	a,r6
      001193 F0               [24] 3476 	movx	@dptr,a
      001194 EF               [12] 3477 	mov	a,r7
      001195 A3               [24] 3478 	inc	dptr
      001196 F0               [24] 3479 	movx	@dptr,a
                                   3480 ;	syntax.c:513: array_for_nodes[index_of_buffers] = node1;
      001197 90r00r00         [24] 3481 	mov	dptr,#_index_of_buffers
      00119A E0               [24] 3482 	movx	a,@dptr
      00119B 75 F0 06         [24] 3483 	mov	b,#0x06
      00119E A4               [48] 3484 	mul	ab
      00119F 24r03            [12] 3485 	add	a,#_array_for_nodes
      0011A1 FC               [12] 3486 	mov	r4,a
      0011A2 74s00            [12] 3487 	mov	a,#(_array_for_nodes >> 8)
      0011A4 35 F0            [12] 3488 	addc	a,b
      0011A6 FD               [12] 3489 	mov	r5,a
      0011A7 7B 00            [12] 3490 	mov	r3,#0x00
      0011A9 90r00r00         [24] 3491 	mov	dptr,#___memcpy_PARM_2
      0011AC 74r81            [12] 3492 	mov	a,#_main_node1_65538_137
      0011AE F0               [24] 3493 	movx	@dptr,a
      0011AF 74s02            [12] 3494 	mov	a,#(_main_node1_65538_137 >> 8)
      0011B1 A3               [24] 3495 	inc	dptr
      0011B2 F0               [24] 3496 	movx	@dptr,a
      0011B3 E4               [12] 3497 	clr	a
      0011B4 A3               [24] 3498 	inc	dptr
      0011B5 F0               [24] 3499 	movx	@dptr,a
      0011B6 90r00r00         [24] 3500 	mov	dptr,#___memcpy_PARM_3
      0011B9 74 06            [12] 3501 	mov	a,#0x06
      0011BB F0               [24] 3502 	movx	@dptr,a
      0011BC E4               [12] 3503 	clr	a
      0011BD A3               [24] 3504 	inc	dptr
      0011BE F0               [24] 3505 	movx	@dptr,a
      0011BF 8C 82            [24] 3506 	mov	dpl,r4
      0011C1 8D 83            [24] 3507 	mov	dph,r5
      0011C3 8B F0            [24] 3508 	mov	b,r3
      0011C5 C0 07            [24] 3509 	push	ar7
      0011C7 C0 06            [24] 3510 	push	ar6
      0011C9 12r00r00         [24] 3511 	lcall	___memcpy
      0011CC D0 06            [24] 3512 	pop	ar6
      0011CE D0 07            [24] 3513 	pop	ar7
                                   3514 ;	syntax.c:514: index_of_buffers++;
      0011D0 90r00r00         [24] 3515 	mov	dptr,#_index_of_buffers
      0011D3 E0               [24] 3516 	movx	a,@dptr
      0011D4 24 01            [12] 3517 	add	a,#0x01
      0011D6 F0               [24] 3518 	movx	@dptr,a
                                   3519 ;	syntax.c:517: node_t node2 = { index_of_buffers, pointer2, buffer_size};
      0011D7 E0               [24] 3520 	movx	a,@dptr
      0011D8 90r02r87         [24] 3521 	mov	dptr,#_main_node2_65539_138
      0011DB F0               [24] 3522 	movx	@dptr,a
      0011DC 90r00r0B         [24] 3523 	mov	dptr,#_pointer2
      0011DF E0               [24] 3524 	movx	a,@dptr
      0011E0 FC               [12] 3525 	mov	r4,a
      0011E1 A3               [24] 3526 	inc	dptr
      0011E2 E0               [24] 3527 	movx	a,@dptr
      0011E3 FD               [12] 3528 	mov	r5,a
      0011E4 7B 00            [12] 3529 	mov	r3,#0x00
      0011E6 90r02r88         [24] 3530 	mov	dptr,#(_main_node2_65539_138 + 0x0001)
      0011E9 EC               [12] 3531 	mov	a,r4
      0011EA F0               [24] 3532 	movx	@dptr,a
      0011EB ED               [12] 3533 	mov	a,r5
      0011EC A3               [24] 3534 	inc	dptr
      0011ED F0               [24] 3535 	movx	@dptr,a
      0011EE EB               [12] 3536 	mov	a,r3
      0011EF A3               [24] 3537 	inc	dptr
      0011F0 F0               [24] 3538 	movx	@dptr,a
      0011F1 90r02r8B         [24] 3539 	mov	dptr,#(_main_node2_65539_138 + 0x0004)
      0011F4 EE               [12] 3540 	mov	a,r6
      0011F5 F0               [24] 3541 	movx	@dptr,a
      0011F6 EF               [12] 3542 	mov	a,r7
      0011F7 A3               [24] 3543 	inc	dptr
      0011F8 F0               [24] 3544 	movx	@dptr,a
                                   3545 ;	syntax.c:518: array_for_nodes[index_of_buffers] = node2;
      0011F9 90r00r00         [24] 3546 	mov	dptr,#_index_of_buffers
      0011FC E0               [24] 3547 	movx	a,@dptr
      0011FD 75 F0 06         [24] 3548 	mov	b,#0x06
      001200 A4               [48] 3549 	mul	ab
      001201 24r03            [12] 3550 	add	a,#_array_for_nodes
      001203 FE               [12] 3551 	mov	r6,a
      001204 74s00            [12] 3552 	mov	a,#(_array_for_nodes >> 8)
      001206 35 F0            [12] 3553 	addc	a,b
      001208 FF               [12] 3554 	mov	r7,a
      001209 7D 00            [12] 3555 	mov	r5,#0x00
      00120B 90r00r00         [24] 3556 	mov	dptr,#___memcpy_PARM_2
      00120E 74r87            [12] 3557 	mov	a,#_main_node2_65539_138
      001210 F0               [24] 3558 	movx	@dptr,a
      001211 74s02            [12] 3559 	mov	a,#(_main_node2_65539_138 >> 8)
      001213 A3               [24] 3560 	inc	dptr
      001214 F0               [24] 3561 	movx	@dptr,a
      001215 E4               [12] 3562 	clr	a
      001216 A3               [24] 3563 	inc	dptr
      001217 F0               [24] 3564 	movx	@dptr,a
      001218 90r00r00         [24] 3565 	mov	dptr,#___memcpy_PARM_3
      00121B 74 06            [12] 3566 	mov	a,#0x06
      00121D F0               [24] 3567 	movx	@dptr,a
      00121E E4               [12] 3568 	clr	a
      00121F A3               [24] 3569 	inc	dptr
      001220 F0               [24] 3570 	movx	@dptr,a
      001221 8E 82            [24] 3571 	mov	dpl,r6
      001223 8F 83            [24] 3572 	mov	dph,r7
      001225 8D F0            [24] 3573 	mov	b,r5
      001227 12r00r00         [24] 3574 	lcall	___memcpy
                                   3575 ;	syntax.c:519: index_of_buffers++;
      00122A 90r00r00         [24] 3576 	mov	dptr,#_index_of_buffers
      00122D E0               [24] 3577 	movx	a,@dptr
      00122E 24 01            [12] 3578 	add	a,#0x01
      001230 F0               [24] 3579 	movx	@dptr,a
                                   3580 ;	syntax.c:522: printf("\n\r+------------------COMMANDS----------------------+");
      001231 74rEF            [12] 3581 	mov	a,#___str_65
      001233 C0 E0            [24] 3582 	push	acc
      001235 74s0A            [12] 3583 	mov	a,#(___str_65 >> 8)
      001237 C0 E0            [24] 3584 	push	acc
      001239 74 80            [12] 3585 	mov	a,#0x80
      00123B C0 E0            [24] 3586 	push	acc
      00123D 12r00r00         [24] 3587 	lcall	_printf
      001240 15 81            [12] 3588 	dec	sp
      001242 15 81            [12] 3589 	dec	sp
      001244 15 81            [12] 3590 	dec	sp
                                   3591 ;	syntax.c:523: printf("\n\r| [A-Z] : Store character in Buffer 0           |");
      001246 74r24            [12] 3592 	mov	a,#___str_66
      001248 C0 E0            [24] 3593 	push	acc
      00124A 74s0B            [12] 3594 	mov	a,#(___str_66 >> 8)
      00124C C0 E0            [24] 3595 	push	acc
      00124E 74 80            [12] 3596 	mov	a,#0x80
      001250 C0 E0            [24] 3597 	push	acc
      001252 12r00r00         [24] 3598 	lcall	_printf
      001255 15 81            [12] 3599 	dec	sp
      001257 15 81            [12] 3600 	dec	sp
      001259 15 81            [12] 3601 	dec	sp
                                   3602 ;	syntax.c:524: printf("\n\r| +     : Create new buffer                     |");
      00125B 74r58            [12] 3603 	mov	a,#___str_67
      00125D C0 E0            [24] 3604 	push	acc
      00125F 74s0B            [12] 3605 	mov	a,#(___str_67 >> 8)
      001261 C0 E0            [24] 3606 	push	acc
      001263 74 80            [12] 3607 	mov	a,#0x80
      001265 C0 E0            [24] 3608 	push	acc
      001267 12r00r00         [24] 3609 	lcall	_printf
      00126A 15 81            [12] 3610 	dec	sp
      00126C 15 81            [12] 3611 	dec	sp
      00126E 15 81            [12] 3612 	dec	sp
                                   3613 ;	syntax.c:525: printf("\n\r| -     : Delete buffer                         |");
      001270 74r8C            [12] 3614 	mov	a,#___str_68
      001272 C0 E0            [24] 3615 	push	acc
      001274 74s0B            [12] 3616 	mov	a,#(___str_68 >> 8)
      001276 C0 E0            [24] 3617 	push	acc
      001278 74 80            [12] 3618 	mov	a,#0x80
      00127A C0 E0            [24] 3619 	push	acc
      00127C 12r00r00         [24] 3620 	lcall	_printf
      00127F 15 81            [12] 3621 	dec	sp
      001281 15 81            [12] 3622 	dec	sp
      001283 15 81            [12] 3623 	dec	sp
                                   3624 ;	syntax.c:526: printf("\n\r| ?     : Show system status                    |");
      001285 74rC0            [12] 3625 	mov	a,#___str_69
      001287 C0 E0            [24] 3626 	push	acc
      001289 74s0B            [12] 3627 	mov	a,#(___str_69 >> 8)
      00128B C0 E0            [24] 3628 	push	acc
      00128D 74 80            [12] 3629 	mov	a,#0x80
      00128F C0 E0            [24] 3630 	push	acc
      001291 12r00r00         [24] 3631 	lcall	_printf
      001294 15 81            [12] 3632 	dec	sp
      001296 15 81            [12] 3633 	dec	sp
      001298 15 81            [12] 3634 	dec	sp
                                   3635 ;	syntax.c:527: printf("\n\r| =     : Display Buffer 0 contents             |");
      00129A 74rF4            [12] 3636 	mov	a,#___str_70
      00129C C0 E0            [24] 3637 	push	acc
      00129E 74s0B            [12] 3638 	mov	a,#(___str_70 >> 8)
      0012A0 C0 E0            [24] 3639 	push	acc
      0012A2 74 80            [12] 3640 	mov	a,#0x80
      0012A4 C0 E0            [24] 3641 	push	acc
      0012A6 12r00r00         [24] 3642 	lcall	_printf
      0012A9 15 81            [12] 3643 	dec	sp
      0012AB 15 81            [12] 3644 	dec	sp
      0012AD 15 81            [12] 3645 	dec	sp
                                   3646 ;	syntax.c:528: printf("\n\r| @     : Reset system                          |");
      0012AF 74r28            [12] 3647 	mov	a,#___str_71
      0012B1 C0 E0            [24] 3648 	push	acc
      0012B3 74s0C            [12] 3649 	mov	a,#(___str_71 >> 8)
      0012B5 C0 E0            [24] 3650 	push	acc
      0012B7 74 80            [12] 3651 	mov	a,#0x80
      0012B9 C0 E0            [24] 3652 	push	acc
      0012BB 12r00r00         [24] 3653 	lcall	_printf
      0012BE 15 81            [12] 3654 	dec	sp
      0012C0 15 81            [12] 3655 	dec	sp
      0012C2 15 81            [12] 3656 	dec	sp
                                   3657 ;	syntax.c:529: printf("\n\r+--------------------------------------------------+");
      0012C4 74r00            [12] 3658 	mov	a,#___str_0
      0012C6 C0 E0            [24] 3659 	push	acc
      0012C8 74s00            [12] 3660 	mov	a,#(___str_0 >> 8)
      0012CA C0 E0            [24] 3661 	push	acc
      0012CC 74 80            [12] 3662 	mov	a,#0x80
      0012CE C0 E0            [24] 3663 	push	acc
      0012D0 12r00r00         [24] 3664 	lcall	_printf
      0012D3 15 81            [12] 3665 	dec	sp
      0012D5 15 81            [12] 3666 	dec	sp
      0012D7 15 81            [12] 3667 	dec	sp
                                   3668 ;	syntax.c:530: printf("\n\r| Ready for input. Enter uppercase chars (A-Z):    |\n\r"); 
      0012D9 74r5C            [12] 3669 	mov	a,#___str_72
      0012DB C0 E0            [24] 3670 	push	acc
      0012DD 74s0C            [12] 3671 	mov	a,#(___str_72 >> 8)
      0012DF C0 E0            [24] 3672 	push	acc
      0012E1 74 80            [12] 3673 	mov	a,#0x80
      0012E3 C0 E0            [24] 3674 	push	acc
      0012E5 12r00r00         [24] 3675 	lcall	_printf
      0012E8 15 81            [12] 3676 	dec	sp
      0012EA 15 81            [12] 3677 	dec	sp
      0012EC 15 81            [12] 3678 	dec	sp
                                   3679 ;	syntax.c:531: printf("\n\r+--------------------------------------------------+\n\r");
      0012EE 74r72            [12] 3680 	mov	a,#___str_2
      0012F0 C0 E0            [24] 3681 	push	acc
      0012F2 74s00            [12] 3682 	mov	a,#(___str_2 >> 8)
      0012F4 C0 E0            [24] 3683 	push	acc
      0012F6 74 80            [12] 3684 	mov	a,#0x80
      0012F8 C0 E0            [24] 3685 	push	acc
      0012FA 12r00r00         [24] 3686 	lcall	_printf
      0012FD 15 81            [12] 3687 	dec	sp
      0012FF 15 81            [12] 3688 	dec	sp
      001301 15 81            [12] 3689 	dec	sp
                                   3690 ;	syntax.c:534: __idata int temp_buffer_size = array_for_nodes[0].size;
      001303 90r00r07         [24] 3691 	mov	dptr,#(_array_for_nodes + 0x0004)
      001306 E0               [24] 3692 	movx	a,@dptr
      001307 FE               [12] 3693 	mov	r6,a
      001308 A3               [24] 3694 	inc	dptr
      001309 E0               [24] 3695 	movx	a,@dptr
      00130A FF               [12] 3696 	mov	r7,a
                                   3697 ;	syntax.c:536: uint8_t * wr = array_for_nodes[0].data_pointer;
      00130B 90r00r04         [24] 3698 	mov	dptr,#(_array_for_nodes + 0x0001)
      00130E E0               [24] 3699 	movx	a,@dptr
      00130F FB               [12] 3700 	mov	r3,a
      001310 A3               [24] 3701 	inc	dptr
      001311 E0               [24] 3702 	movx	a,@dptr
      001312 FC               [12] 3703 	mov	r4,a
      001313 A3               [24] 3704 	inc	dptr
      001314 E0               [24] 3705 	movx	a,@dptr
      001315 FD               [12] 3706 	mov	r5,a
                                   3707 ;	syntax.c:539: do{
      001316                       3708 00114$:
                                   3709 ;	syntax.c:540: int ch = getchar();
      001316 C0 07            [24] 3710 	push	ar7
      001318 C0 06            [24] 3711 	push	ar6
      00131A C0 05            [24] 3712 	push	ar5
      00131C C0 04            [24] 3713 	push	ar4
      00131E C0 03            [24] 3714 	push	ar3
      001320 12r00r46         [24] 3715 	lcall	_getchar
                                   3716 ;	syntax.c:541: putchar(ch);
      001323 A9 82            [24] 3717 	mov	r1,dpl
      001325 AA 83            [24] 3718 	mov  r2,dph
      001327 C0 02            [24] 3719 	push	ar2
      001329 C0 01            [24] 3720 	push	ar1
      00132B 12r00r29         [24] 3721 	lcall	_putchar
      00132E D0 01            [24] 3722 	pop	ar1
      001330 D0 02            [24] 3723 	pop	ar2
      001332 D0 03            [24] 3724 	pop	ar3
      001334 D0 04            [24] 3725 	pop	ar4
      001336 D0 05            [24] 3726 	pop	ar5
      001338 D0 06            [24] 3727 	pop	ar6
      00133A D0 07            [24] 3728 	pop	ar7
                                   3729 ;	syntax.c:544: if(ch < 65 || ch > 90) {
      00133C C3               [12] 3730 	clr	c
      00133D E9               [12] 3731 	mov	a,r1
      00133E 94 41            [12] 3732 	subb	a,#0x41
      001340 EA               [12] 3733 	mov	a,r2
      001341 64 80            [12] 3734 	xrl	a,#0x80
      001343 94 80            [12] 3735 	subb	a,#0x80
      001345 40 0E            [24] 3736 	jc	00111$
      001347 74 5A            [12] 3737 	mov	a,#0x5a
      001349 99               [12] 3738 	subb	a,r1
      00134A 74 80            [12] 3739 	mov	a,#(0x00 ^ 0x80)
      00134C 8A F0            [24] 3740 	mov	b,r2
      00134E 63 F0 80         [24] 3741 	xrl	b,#0x80
      001351 95 F0            [12] 3742 	subb	a,b
      001353 50 5F            [24] 3743 	jnc	00112$
      001355                       3744 00111$:
                                   3745 ;	syntax.c:545: total_number_of_commands+=1;
      001355 90r00r01         [24] 3746 	mov	dptr,#_total_number_of_commands
      001358 E0               [24] 3747 	movx	a,@dptr
      001359 04               [12] 3748 	inc	a
      00135A F0               [24] 3749 	movx	@dptr,a
                                   3750 ;	syntax.c:546: recent_commands+=1;
      00135B 90r00r03         [24] 3751 	mov	dptr,#_recent_commands
      00135E E0               [24] 3752 	movx	a,@dptr
      00135F 04               [12] 3753 	inc	a
      001360 F0               [24] 3754 	movx	@dptr,a
                                   3755 ;	syntax.c:547: printf("\n\r| Command received: %-31c |", ch);
      001361 C0 07            [24] 3756 	push	ar7
      001363 C0 06            [24] 3757 	push	ar6
      001365 C0 05            [24] 3758 	push	ar5
      001367 C0 04            [24] 3759 	push	ar4
      001369 C0 03            [24] 3760 	push	ar3
      00136B C0 02            [24] 3761 	push	ar2
      00136D C0 01            [24] 3762 	push	ar1
      00136F C0 01            [24] 3763 	push	ar1
      001371 C0 02            [24] 3764 	push	ar2
      001373 74r95            [12] 3765 	mov	a,#___str_73
      001375 C0 E0            [24] 3766 	push	acc
      001377 74s0C            [12] 3767 	mov	a,#(___str_73 >> 8)
      001379 C0 E0            [24] 3768 	push	acc
      00137B 74 80            [12] 3769 	mov	a,#0x80
      00137D C0 E0            [24] 3770 	push	acc
      00137F 12r00r00         [24] 3771 	lcall	_printf
      001382 E5 81            [12] 3772 	mov	a,sp
      001384 24 FB            [12] 3773 	add	a,#0xfb
      001386 F5 81            [12] 3774 	mov	sp,a
                                   3775 ;	syntax.c:548: printf("\n\r+--------------------------------------------------+\n\r");
      001388 74r72            [12] 3776 	mov	a,#___str_2
      00138A C0 E0            [24] 3777 	push	acc
      00138C 74s00            [12] 3778 	mov	a,#(___str_2 >> 8)
      00138E C0 E0            [24] 3779 	push	acc
      001390 74 80            [12] 3780 	mov	a,#0x80
      001392 C0 E0            [24] 3781 	push	acc
      001394 12r00r00         [24] 3782 	lcall	_printf
      001397 15 81            [12] 3783 	dec	sp
      001399 15 81            [12] 3784 	dec	sp
      00139B 15 81            [12] 3785 	dec	sp
      00139D D0 01            [24] 3786 	pop	ar1
      00139F D0 02            [24] 3787 	pop	ar2
                                   3788 ;	syntax.c:549: get_command(ch);
      0013A1 89 82            [24] 3789 	mov	dpl,r1
      0013A3 8A 83            [24] 3790 	mov	dph,r2
      0013A5 12r04rB6         [24] 3791 	lcall	_get_command
      0013A8 D0 03            [24] 3792 	pop	ar3
      0013AA D0 04            [24] 3793 	pop	ar4
      0013AC D0 05            [24] 3794 	pop	ar5
      0013AE D0 06            [24] 3795 	pop	ar6
      0013B0 D0 07            [24] 3796 	pop	ar7
                                   3797 ;	syntax.c:550: continue;
      0013B2 80 68            [24] 3798 	sjmp	00115$
      0013B4                       3799 00112$:
                                   3800 ;	syntax.c:554: total_number_of_storage = total_number_of_storage + 1;
      0013B4 90r00r02         [24] 3801 	mov	dptr,#_total_number_of_storage
      0013B7 E0               [24] 3802 	movx	a,@dptr
      0013B8 04               [12] 3803 	inc	a
      0013B9 F0               [24] 3804 	movx	@dptr,a
                                   3805 ;	syntax.c:555: recent_storage = recent_storage + 1;
      0013BA 90r00r04         [24] 3806 	mov	dptr,#_recent_storage
      0013BD E0               [24] 3807 	movx	a,@dptr
      0013BE 04               [12] 3808 	inc	a
      0013BF F0               [24] 3809 	movx	@dptr,a
                                   3810 ;	syntax.c:557: *wr = ch;
      0013C0 8B 82            [24] 3811 	mov	dpl,r3
      0013C2 8C 83            [24] 3812 	mov	dph,r4
      0013C4 8D F0            [24] 3813 	mov	b,r5
      0013C6 E9               [12] 3814 	mov	a,r1
      0013C7 12r00r00         [24] 3815 	lcall	__gptrput
      0013CA A3               [24] 3816 	inc	dptr
      0013CB AB 82            [24] 3817 	mov	r3,dpl
      0013CD AC 83            [24] 3818 	mov	r4,dph
                                   3819 ;	syntax.c:558: wr++;
                                   3820 ;	syntax.c:560: total_number_of_storage, recent_storage, wr);
      0013CF 90r00r04         [24] 3821 	mov	dptr,#_recent_storage
      0013D2 E0               [24] 3822 	movx	a,@dptr
      0013D3 FA               [12] 3823 	mov	r2,a
      0013D4 8A*12            [24] 3824 	mov	_main_sloc0_1_0,r2
      0013D6 75*13 00         [24] 3825 	mov	(_main_sloc0_1_0 + 1),#0x00
      0013D9 90r00r02         [24] 3826 	mov	dptr,#_total_number_of_storage
      0013DC E0               [24] 3827 	movx	a,@dptr
      0013DD F8               [12] 3828 	mov	r0,a
      0013DE 7A 00            [12] 3829 	mov	r2,#0x00
                                   3830 ;	syntax.c:559: printf("\n\r| Storage: Total=%-4d Recent=%-4d Addr=%-10p |\n\r", 
      0013E0 C0 07            [24] 3831 	push	ar7
      0013E2 C0 06            [24] 3832 	push	ar6
      0013E4 C0 05            [24] 3833 	push	ar5
      0013E6 C0 04            [24] 3834 	push	ar4
      0013E8 C0 03            [24] 3835 	push	ar3
      0013EA C0 03            [24] 3836 	push	ar3
      0013EC C0 04            [24] 3837 	push	ar4
      0013EE C0 05            [24] 3838 	push	ar5
      0013F0 C0*12            [24] 3839 	push	_main_sloc0_1_0
      0013F2 C0*13            [24] 3840 	push	(_main_sloc0_1_0 + 1)
      0013F4 C0 00            [24] 3841 	push	ar0
      0013F6 C0 02            [24] 3842 	push	ar2
      0013F8 74rB3            [12] 3843 	mov	a,#___str_74
      0013FA C0 E0            [24] 3844 	push	acc
      0013FC 74s0C            [12] 3845 	mov	a,#(___str_74 >> 8)
      0013FE C0 E0            [24] 3846 	push	acc
      001400 74 80            [12] 3847 	mov	a,#0x80
      001402 C0 E0            [24] 3848 	push	acc
      001404 12r00r00         [24] 3849 	lcall	_printf
      001407 E5 81            [12] 3850 	mov	a,sp
      001409 24 F6            [12] 3851 	add	a,#0xf6
      00140B F5 81            [12] 3852 	mov	sp,a
      00140D D0 03            [24] 3853 	pop	ar3
      00140F D0 04            [24] 3854 	pop	ar4
      001411 D0 05            [24] 3855 	pop	ar5
      001413 D0 06            [24] 3856 	pop	ar6
      001415 D0 07            [24] 3857 	pop	ar7
                                   3858 ;	syntax.c:561: temp_buffer_size -= 1;
      001417 1E               [12] 3859 	dec	r6
      001418 BE FF 01         [24] 3860 	cjne	r6,#0xff,00178$
      00141B 1F               [12] 3861 	dec	r7
      00141C                       3862 00178$:
                                   3863 ;	syntax.c:562: index_for_write += 1;
      00141C                       3864 00115$:
                                   3865 ;	syntax.c:563: }while(temp_buffer_size>0);
      00141C C3               [12] 3866 	clr	c
      00141D E4               [12] 3867 	clr	a
      00141E 9E               [12] 3868 	subb	a,r6
      00141F 74 80            [12] 3869 	mov	a,#(0x00 ^ 0x80)
      001421 8F F0            [24] 3870 	mov	b,r7
      001423 63 F0 80         [24] 3871 	xrl	b,#0x80
      001426 95 F0            [12] 3872 	subb	a,b
      001428 50 03            [24] 3873 	jnc	00179$
      00142A 02r13r16         [24] 3874 	ljmp	00114$
      00142D                       3875 00179$:
                                   3876 ;	syntax.c:566: printf("\n\r+--------------------------------------------------+");
      00142D 74r00            [12] 3877 	mov	a,#___str_0
      00142F C0 E0            [24] 3878 	push	acc
      001431 74s00            [12] 3879 	mov	a,#(___str_0 >> 8)
      001433 C0 E0            [24] 3880 	push	acc
      001435 74 80            [12] 3881 	mov	a,#0x80
      001437 C0 E0            [24] 3882 	push	acc
      001439 12r00r00         [24] 3883 	lcall	_printf
      00143C 15 81            [12] 3884 	dec	sp
      00143E 15 81            [12] 3885 	dec	sp
      001440 15 81            [12] 3886 	dec	sp
                                   3887 ;	syntax.c:567: printf("\n\r| NOTICE: Buffer 0 is full - Storage stopped        |");
      001442 74rE6            [12] 3888 	mov	a,#___str_75
      001444 C0 E0            [24] 3889 	push	acc
      001446 74s0C            [12] 3890 	mov	a,#(___str_75 >> 8)
      001448 C0 E0            [24] 3891 	push	acc
      00144A 74 80            [12] 3892 	mov	a,#0x80
      00144C C0 E0            [24] 3893 	push	acc
      00144E 12r00r00         [24] 3894 	lcall	_printf
      001451 15 81            [12] 3895 	dec	sp
      001453 15 81            [12] 3896 	dec	sp
      001455 15 81            [12] 3897 	dec	sp
                                   3898 ;	syntax.c:568: printf("\n\r+--------------------------------------------------+\n\r");
      001457 74r72            [12] 3899 	mov	a,#___str_2
      001459 C0 E0            [24] 3900 	push	acc
      00145B 74s00            [12] 3901 	mov	a,#(___str_2 >> 8)
      00145D C0 E0            [24] 3902 	push	acc
      00145F 74 80            [12] 3903 	mov	a,#0x80
      001461 C0 E0            [24] 3904 	push	acc
      001463 12r00r00         [24] 3905 	lcall	_printf
      001466 15 81            [12] 3906 	dec	sp
      001468 15 81            [12] 3907 	dec	sp
      00146A 15 81            [12] 3908 	dec	sp
                                   3909 ;	syntax.c:571: while(1)
      00146C                       3910 00122$:
                                   3911 ;	syntax.c:573: printf("\n\r| Enter command (+, -, ?, =, @):                   |");
      00146C 74r1E            [12] 3912 	mov	a,#___str_76
      00146E C0 E0            [24] 3913 	push	acc
      001470 74s0D            [12] 3914 	mov	a,#(___str_76 >> 8)
      001472 C0 E0            [24] 3915 	push	acc
      001474 74 80            [12] 3916 	mov	a,#0x80
      001476 C0 E0            [24] 3917 	push	acc
      001478 12r00r00         [24] 3918 	lcall	_printf
      00147B 15 81            [12] 3919 	dec	sp
      00147D 15 81            [12] 3920 	dec	sp
      00147F 15 81            [12] 3921 	dec	sp
                                   3922 ;	syntax.c:574: printf("\n\r+--------------------------------------------------+\n\r");
      001481 74r72            [12] 3923 	mov	a,#___str_2
      001483 C0 E0            [24] 3924 	push	acc
      001485 74s00            [12] 3925 	mov	a,#(___str_2 >> 8)
      001487 C0 E0            [24] 3926 	push	acc
      001489 74 80            [12] 3927 	mov	a,#0x80
      00148B C0 E0            [24] 3928 	push	acc
      00148D 12r00r00         [24] 3929 	lcall	_printf
      001490 15 81            [12] 3930 	dec	sp
      001492 15 81            [12] 3931 	dec	sp
      001494 15 81            [12] 3932 	dec	sp
                                   3933 ;	syntax.c:575: int cha = getchar();
      001496 12r00r46         [24] 3934 	lcall	_getchar
      001499 AE 82            [24] 3935 	mov	r6,dpl
      00149B AF 83            [24] 3936 	mov	r7,dph
                                   3937 ;	syntax.c:576: if(cha < 65 || cha > 90) {
      00149D C3               [12] 3938 	clr	c
      00149E EE               [12] 3939 	mov	a,r6
      00149F 94 41            [12] 3940 	subb	a,#0x41
      0014A1 EF               [12] 3941 	mov	a,r7
      0014A2 64 80            [12] 3942 	xrl	a,#0x80
      0014A4 94 80            [12] 3943 	subb	a,#0x80
      0014A6 40 0E            [24] 3944 	jc	00117$
      0014A8 74 5A            [12] 3945 	mov	a,#0x5a
      0014AA 9E               [12] 3946 	subb	a,r6
      0014AB 74 80            [12] 3947 	mov	a,#(0x00 ^ 0x80)
      0014AD 8F F0            [24] 3948 	mov	b,r7
      0014AF 63 F0 80         [24] 3949 	xrl	b,#0x80
      0014B2 95 F0            [12] 3950 	subb	a,b
      0014B4 50 43            [24] 3951 	jnc	00118$
      0014B6                       3952 00117$:
                                   3953 ;	syntax.c:577: DEBUGPORT(0xAA);
      0014B6 90r00r00         [24] 3954 	mov	dptr,#_dataout_PARM_2
      0014B9 74 AA            [12] 3955 	mov	a,#0xaa
      0014BB F0               [24] 3956 	movx	@dptr,a
      0014BC 90 FE FE         [24] 3957 	mov	dptr,#0xfefe
      0014BF C0 07            [24] 3958 	push	ar7
      0014C1 C0 06            [24] 3959 	push	ar6
      0014C3 12r00r00         [24] 3960 	lcall	_dataout
      0014C6 D0 06            [24] 3961 	pop	ar6
      0014C8 D0 07            [24] 3962 	pop	ar7
                                   3963 ;	syntax.c:578: total_number_of_commands+=1;
      0014CA 90r00r01         [24] 3964 	mov	dptr,#_total_number_of_commands
      0014CD E0               [24] 3965 	movx	a,@dptr
      0014CE 04               [12] 3966 	inc	a
      0014CF F0               [24] 3967 	movx	@dptr,a
                                   3968 ;	syntax.c:579: recent_commands+=1;
      0014D0 90r00r03         [24] 3969 	mov	dptr,#_recent_commands
      0014D3 E0               [24] 3970 	movx	a,@dptr
      0014D4 04               [12] 3971 	inc	a
      0014D5 F0               [24] 3972 	movx	@dptr,a
                                   3973 ;	syntax.c:580: printf("\n\r| Command received: %-31c |", cha);
      0014D6 C0 07            [24] 3974 	push	ar7
      0014D8 C0 06            [24] 3975 	push	ar6
      0014DA C0 06            [24] 3976 	push	ar6
      0014DC C0 07            [24] 3977 	push	ar7
      0014DE 74r95            [12] 3978 	mov	a,#___str_73
      0014E0 C0 E0            [24] 3979 	push	acc
      0014E2 74s0C            [12] 3980 	mov	a,#(___str_73 >> 8)
      0014E4 C0 E0            [24] 3981 	push	acc
      0014E6 74 80            [12] 3982 	mov	a,#0x80
      0014E8 C0 E0            [24] 3983 	push	acc
      0014EA 12r00r00         [24] 3984 	lcall	_printf
      0014ED E5 81            [12] 3985 	mov	a,sp
      0014EF 24 FB            [12] 3986 	add	a,#0xfb
      0014F1 F5 81            [12] 3987 	mov	sp,a
      0014F3 D0 06            [24] 3988 	pop	ar6
      0014F5 D0 07            [24] 3989 	pop	ar7
      0014F7 80 0D            [24] 3990 	sjmp	00119$
      0014F9                       3991 00118$:
                                   3992 ;	syntax.c:583: total_number_of_storage = total_number_of_storage + 1;
      0014F9 90r00r02         [24] 3993 	mov	dptr,#_total_number_of_storage
      0014FC E0               [24] 3994 	movx	a,@dptr
      0014FD 04               [12] 3995 	inc	a
      0014FE F0               [24] 3996 	movx	@dptr,a
                                   3997 ;	syntax.c:584: recent_storage = recent_storage + 1;
      0014FF 90r00r04         [24] 3998 	mov	dptr,#_recent_storage
      001502 E0               [24] 3999 	movx	a,@dptr
      001503 FD               [12] 4000 	mov	r5,a
      001504 04               [12] 4001 	inc	a
      001505 F0               [24] 4002 	movx	@dptr,a
      001506                       4003 00119$:
                                   4004 ;	syntax.c:586: get_command(cha);
      001506 8E 82            [24] 4005 	mov	dpl,r6
      001508 8F 83            [24] 4006 	mov	dph,r7
      00150A 12r04rB6         [24] 4007 	lcall	_get_command
                                   4008 ;	syntax.c:588: }
      00150D 02r14r6C         [24] 4009 	ljmp	00122$
                                   4010 	.area CSEG    (CODE)
                                   4011 	.area CONST   (CODE)
                                   4012 	.area CONST   (CODE)
      000000                       4013 ___str_0:
      000000 0A                    4014 	.db 0x0a
      000001 0D                    4015 	.db 0x0d
      000002 2B 2D 2D 2D 2D 2D 2D  4016 	.ascii "+--------------------------------------------------+"
             2D 2D 2D 2D 2D 2D 2D
             2D 2D 2D 2D 2D 2D 2D
             2D 2D 2D 2D 2D 2D 2D
             2D 2D 2D 2D 2D 2D 2D
             2D 2D 2D 2D 2D 2D 2D
             2D 2D 2D 2D 2D 2D 2D
             2D 2D 2B
      000036 00                    4017 	.db 0x00
                                   4018 	.area CSEG    (CODE)
                                   4019 	.area CONST   (CODE)
      000037                       4020 ___str_1:
      000037 0A                    4021 	.db 0x0a
      000038 0D                    4022 	.db 0x0d
      000039 7C 20 45 52 52 4F 52  4023 	.ascii "| ERROR: Invalid input - Please enter numbers only     |"
             3A 20 49 6E 76 61 6C
             69 64 20 69 6E 70 75
             74 20 2D 20 50 6C 65
             61 73 65 20 65 6E 74
             65 72 20 6E 75 6D 62
             65 72 73 20 6F 6E 6C
             79 20 20 20 20 20 7C
      000071 00                    4024 	.db 0x00
                                   4025 	.area CSEG    (CODE)
                                   4026 	.area CONST   (CODE)
      000072                       4027 ___str_2:
      000072 0A                    4028 	.db 0x0a
      000073 0D                    4029 	.db 0x0d
      000074 2B 2D 2D 2D 2D 2D 2D  4030 	.ascii "+--------------------------------------------------+"
             2D 2D 2D 2D 2D 2D 2D
             2D 2D 2D 2D 2D 2D 2D
             2D 2D 2D 2D 2D 2D 2D
             2D 2D 2D 2D 2D 2D 2D
             2D 2D 2D 2D 2D 2D 2D
             2D 2D 2D 2D 2D 2D 2D
             2D 2D 2B
      0000A8 0A                    4031 	.db 0x0a
      0000A9 0D                    4032 	.db 0x0d
      0000AA 00                    4033 	.db 0x00
                                   4034 	.area CSEG    (CODE)
                                   4035 	.area CONST   (CODE)
      0000AB                       4036 ___str_3:
      0000AB 0A                    4037 	.db 0x0a
      0000AC 0D                    4038 	.db 0x0d
      0000AD 7C 20 45 52 52 4F 52  4039 	.ascii "| ERROR: Invalid buffer size                          |"
             3A 20 49 6E 76 61 6C
             69 64 20 62 75 66 66
             65 72 20 73 69 7A 65
             20 20 20 20 20 20 20
             20 20 20 20 20 20 20
             20 20 20 20 20 20 20
             20 20 20 20 20 7C
      0000E4 00                    4040 	.db 0x00
                                   4041 	.area CSEG    (CODE)
                                   4042 	.area CONST   (CODE)
      0000E5                       4043 ___str_4:
      0000E5 0A                    4044 	.db 0x0a
      0000E6 0D                    4045 	.db 0x0d
      0000E7 7C 20 2D 20 4D 75 73  4046 	.ascii "| - Must be between %d and %d                       |"
             74 20 62 65 20 62 65
             74 77 65 65 6E 20 25
             64 20 61 6E 64 20 25
             64 20 20 20 20 20 20
             20 20 20 20 20 20 20
             20 20 20 20 20 20 20
             20 20 20 7C
      00011C 00                    4047 	.db 0x00
                                   4048 	.area CSEG    (CODE)
                                   4049 	.area CONST   (CODE)
      00011D                       4050 ___str_5:
      00011D 0A                    4051 	.db 0x0a
      00011E 0D                    4052 	.db 0x0d
      00011F 7C 20 2D 20 4D 75 73  4053 	.ascii "| - Must be multiple of 16                           |"
             74 20 62 65 20 6D 75
             6C 74 69 70 6C 65 20
             6F 66 20 31 36 20 20
             20 20 20 20 20 20 20
             20 20 20 20 20 20 20
             20 20 20 20 20 20 20
             20 20 20 20 7C
      000155 00                    4054 	.db 0x00
                                   4055 	.area CSEG    (CODE)
                                   4056 	.area CONST   (CODE)
      000156                       4057 ___str_6:
      000156 0A                    4058 	.db 0x0a
      000157 0D                    4059 	.db 0x0d
      000158 7C 20 49 6E 70 75 74  4060 	.ascii "| Input size: %-39d |"
             20 73 69 7A 65 3A 20
             25 2D 33 39 64 20 7C
      00016D 00                    4061 	.db 0x00
                                   4062 	.area CSEG    (CODE)
                                   4063 	.area CONST   (CODE)
      00016E                       4064 ___str_7:
      00016E 0A                    4065 	.db 0x0a
      00016F 0D                    4066 	.db 0x0d
      000170 7C 20 42 55 46 46 45  4067 	.ascii "| BUFFER DEALLOCATION STATUS                      |"
             52 20 44 45 41 4C 4C
             4F 43 41 54 49 4F 4E
             20 53 54 41 54 55 53
             20 20 20 20 20 20 20
             20 20 20 20 20 20 20
             20 20 20 20 20 20 20
             20 7C
      0001A3 00                    4068 	.db 0x00
                                   4069 	.area CSEG    (CODE)
                                   4070 	.area CONST   (CODE)
      0001A4                       4071 ___str_8:
      0001A4 0A                    4072 	.db 0x0a
      0001A5 0D                    4073 	.db 0x0d
      0001A6 7C 2D 2D 2D 2D 2D 2D  4074 	.ascii "|------------------------------------------------|"
             2D 2D 2D 2D 2D 2D 2D
             2D 2D 2D 2D 2D 2D 2D
             2D 2D 2D 2D 2D 2D 2D
             2D 2D 2D 2D 2D 2D 2D
             2D 2D 2D 2D 2D 2D 2D
             2D 2D 2D 2D 2D 2D 2D
             7C
      0001D8 00                    4075 	.db 0x00
                                   4076 	.area CSEG    (CODE)
                                   4077 	.area CONST   (CODE)
      0001D9                       4078 ___str_9:
      0001D9 0A                    4079 	.db 0x0a
      0001DA 0D                    4080 	.db 0x0d
      0001DB 7C 20 42 75 66 66 65  4081 	.ascii "| Buffers to Free  | %-28d |"
             72 73 20 74 6F 20 46
             72 65 65 20 20 7C 20
             25 2D 32 38 64 20 7C
      0001F7 00                    4082 	.db 0x00
                                   4083 	.area CSEG    (CODE)
                                   4084 	.area CONST   (CODE)
      0001F8                       4085 ___str_10:
      0001F8 0A                    4086 	.db 0x0a
      0001F9 0D                    4087 	.db 0x0d
      0001FA 7C 20 41 6C 6C 20 62  4088 	.ascii "| All buffers successfully deallocated            |"
             75 66 66 65 72 73 20
             73 75 63 63 65 73 73
             66 75 6C 6C 79 20 64
             65 61 6C 6C 6F 63 61
             74 65 64 20 20 20 20
             20 20 20 20 20 20 20
             20 7C
      00022D 00                    4089 	.db 0x00
                                   4090 	.area CSEG    (CODE)
                                   4091 	.area CONST   (CODE)
      00022E                       4092 ___str_11:
      00022E 0A                    4093 	.db 0x0a
      00022F 0D                    4094 	.db 0x0d
      000230 7C 20 57 41 52 4E 49  4095 	.ascii "| WARNING: Some buffers failed to deallocate      |"
             4E 47 3A 20 53 6F 6D
             65 20 62 75 66 66 65
             72 73 20 66 61 69 6C
             65 64 20 74 6F 20 64
             65 61 6C 6C 6F 63 61
             74 65 20 20 20 20 20
             20 7C
      000263 00                    4096 	.db 0x00
                                   4097 	.area CSEG    (CODE)
                                   4098 	.area CONST   (CODE)
      000264                       4099 ___str_12:
      000264 0A                    4100 	.db 0x0a
      000265 0D                    4101 	.db 0x0d
      000266 2B 2D 2D 2D 2D 2D 2D  4102 	.ascii "+------------------SYSTEM STATUS-------------------+"
             2D 2D 2D 2D 2D 2D 2D
             2D 2D 2D 2D 2D 53 59
             53 54 45 4D 20 53 54
             41 54 55 53 2D 2D 2D
             2D 2D 2D 2D 2D 2D 2D
             2D 2D 2D 2D 2D 2D 2D
             2D 2D 2B
      00029A 00                    4103 	.db 0x00
                                   4104 	.area CSEG    (CODE)
                                   4105 	.area CONST   (CODE)
      00029B                       4106 ___str_13:
      00029B 0A                    4107 	.db 0x0a
      00029C 0D                    4108 	.db 0x0d
      00029D 7C 20 43 4F 4D 4D 41  4109 	.ascii "| COMMAND STATISTICS                              |"
             4E 44 20 53 54 41 54
             49 53 54 49 43 53 20
             20 20 20 20 20 20 20
             20 20 20 20 20 20 20
             20 20 20 20 20 20 20
             20 20 20 20 20 20 20
             20 7C
      0002D0 00                    4110 	.db 0x00
                                   4111 	.area CSEG    (CODE)
                                   4112 	.area CONST   (CODE)
      0002D1                       4113 ___str_14:
      0002D1 0A                    4114 	.db 0x0a
      0002D2 0D                    4115 	.db 0x0d
      0002D3 7C 20 54 6F 74 61 6C  4116 	.ascii "| Total Commands   | %-28d |"
             20 43 6F 6D 6D 61 6E
             64 73 20 20 20 7C 20
             25 2D 32 38 64 20 7C
      0002EF 00                    4117 	.db 0x00
                                   4118 	.area CSEG    (CODE)
                                   4119 	.area CONST   (CODE)
      0002F0                       4120 ___str_15:
      0002F0 0A                    4121 	.db 0x0a
      0002F1 0D                    4122 	.db 0x0d
      0002F2 7C 20 52 65 63 65 6E  4123 	.ascii "| Recent Commands  | %-28d |"
             74 20 43 6F 6D 6D 61
             6E 64 73 20 20 7C 20
             25 2D 32 38 64 20 7C
      00030E 00                    4124 	.db 0x00
                                   4125 	.area CSEG    (CODE)
                                   4126 	.area CONST   (CODE)
      00030F                       4127 ___str_16:
      00030F 0A                    4128 	.db 0x0a
      000310 0D                    4129 	.db 0x0d
      000311 7C 20 53 54 4F 52 41  4130 	.ascii "| STORAGE STATISTICS                             |"
             47 45 20 53 54 41 54
             49 53 54 49 43 53 20
             20 20 20 20 20 20 20
             20 20 20 20 20 20 20
             20 20 20 20 20 20 20
             20 20 20 20 20 20 20
             7C
      000343 00                    4131 	.db 0x00
                                   4132 	.area CSEG    (CODE)
                                   4133 	.area CONST   (CODE)
      000344                       4134 ___str_17:
      000344 0A                    4135 	.db 0x0a
      000345 0D                    4136 	.db 0x0d
      000346 7C 20 54 6F 74 61 6C  4137 	.ascii "| Total Storage    | %-28d |"
             20 53 74 6F 72 61 67
             65 20 20 20 20 7C 20
             25 2D 32 38 64 20 7C
      000362 00                    4138 	.db 0x00
                                   4139 	.area CSEG    (CODE)
                                   4140 	.area CONST   (CODE)
      000363                       4141 ___str_18:
      000363 0A                    4142 	.db 0x0a
      000364 0D                    4143 	.db 0x0d
      000365 7C 20 52 65 63 65 6E  4144 	.ascii "| Recent Storage   | %-28d |"
             74 20 53 74 6F 72 61
             67 65 20 20 20 7C 20
             25 2D 32 38 64 20 7C
      000381 00                    4145 	.db 0x00
                                   4146 	.area CSEG    (CODE)
                                   4147 	.area CONST   (CODE)
      000382                       4148 ___str_19:
      000382 0A                    4149 	.db 0x0a
      000383 0D                    4150 	.db 0x0d
      000384 7C 20 54 4F 54 41 4C  4151 	.ascii "| TOTAL BUFFERS IN HEAP                           |"
             20 42 55 46 46 45 52
             53 20 49 4E 20 48 45
             41 50 20 20 20 20 20
             20 20 20 20 20 20 20
             20 20 20 20 20 20 20
             20 20 20 20 20 20 20
             20 7C
      0003B7 00                    4152 	.db 0x00
                                   4153 	.area CSEG    (CODE)
                                   4154 	.area CONST   (CODE)
      0003B8                       4155 ___str_20:
      0003B8 0A                    4156 	.db 0x0a
      0003B9 0D                    4157 	.db 0x0d
      0003BA 7C 20 54 6F 74 61 6C  4158 	.ascii "| Total Buffers    | %-28d |"
             20 42 75 66 66 65 72
             73 20 20 20 20 7C 20
             25 2D 32 38 64 20 7C
      0003D6 00                    4159 	.db 0x00
                                   4160 	.area CSEG    (CODE)
                                   4161 	.area CONST   (CODE)
      0003D7                       4162 ___str_21:
      0003D7 0A                    4163 	.db 0x0a
      0003D8 0D                    4164 	.db 0x0d
      0003D9 2B 2D 2D 2D 2D 2D 2D  4165 	.ascii "+------------------BUFFER INFO--------------------+"
             2D 2D 2D 2D 2D 2D 2D
             2D 2D 2D 2D 2D 42 55
             46 46 45 52 20 49 4E
             46 4F 2D 2D 2D 2D 2D
             2D 2D 2D 2D 2D 2D 2D
             2D 2D 2D 2D 2D 2D 2D
             2D 2B
      00040C 00                    4166 	.db 0x00
                                   4167 	.area CSEG    (CODE)
                                   4168 	.area CONST   (CODE)
      00040D                       4169 ___str_22:
      00040D 0A                    4170 	.db 0x0a
      00040E 0D                    4171 	.db 0x0d
      00040F 7C 20 49 44 20 7C 20  4172 	.ascii "| ID | Start Addr  | End Addr    | Size (bytes) |"
             53 74 61 72 74 20 41
             64 64 72 20 20 7C 20
             45 6E 64 20 41 64 64
             72 20 20 20 20 7C 20
             53 69 7A 65 20 28 62
             79 74 65 73 29 20 7C
      000440 00                    4173 	.db 0x00
                                   4174 	.area CSEG    (CODE)
                                   4175 	.area CONST   (CODE)
      000441                       4176 ___str_23:
      000441 0A                    4177 	.db 0x0a
      000442 0D                    4178 	.db 0x0d
      000443 7C 2D 2D 2D 2D 7C 2D  4179 	.ascii "|----|-------------|-------------|--------------|"
             2D 2D 2D 2D 2D 2D 2D
             2D 2D 2D 2D 2D 7C 2D
             2D 2D 2D 2D 2D 2D 2D
             2D 2D 2D 2D 2D 7C 2D
             2D 2D 2D 2D 2D 2D 2D
             2D 2D 2D 2D 2D 2D 7C
      000474 00                    4180 	.db 0x00
                                   4181 	.area CSEG    (CODE)
                                   4182 	.area CONST   (CODE)
      000475                       4183 ___str_24:
      000475 0A                    4184 	.db 0x0a
      000476 0D                    4185 	.db 0x0d
      000477 7C 20 25 2D 32 64 20  4186 	.ascii "| %-2d | %-10p | %-10p | %-11d |"
             7C 20 25 2D 31 30 70
             20 7C 20 25 2D 31 30
             70 20 7C 20 25 2D 31
             31 64 20 7C
      000497 00                    4187 	.db 0x00
                                   4188 	.area CSEG    (CODE)
                                   4189 	.area CONST   (CODE)
      000498                       4190 ___str_25:
      000498 0A                    4191 	.db 0x0a
      000499 0D                    4192 	.db 0x0d
      00049A 7C 20 4D 45 4D 4F 52  4193 	.ascii "| MEMORY ALLOCATION STATUS BUFFER 0              |"
             59 20 41 4C 4C 4F 43
             41 54 49 4F 4E 20 53
             54 41 54 55 53 20 42
             55 46 46 45 52 20 30
             20 20 20 20 20 20 20
             20 20 20 20 20 20 20
             7C
      0004CC 00                    4194 	.db 0x00
                                   4195 	.area CSEG    (CODE)
                                   4196 	.area CONST   (CODE)
      0004CD                       4197 ___str_26:
      0004CD 0A                    4198 	.db 0x0a
      0004CE 0D                    4199 	.db 0x0d
      0004CF 7C 20 54 6F 74 61 6C  4200 	.ascii "| Total Space      | %-28d |"
             20 53 70 61 63 65 20
             20 20 20 20 20 7C 20
             25 2D 32 38 64 20 7C
      0004EB 00                    4201 	.db 0x00
                                   4202 	.area CSEG    (CODE)
                                   4203 	.area CONST   (CODE)
      0004EC                       4204 ___str_27:
      0004EC 0A                    4205 	.db 0x0a
      0004ED 0D                    4206 	.db 0x0d
      0004EE 7C 20 4F 63 63 75 70  4207 	.ascii "| Occupied Space   | %-28d |"
             69 65 64 20 53 70 61
             63 65 20 20 20 7C 20
             25 2D 32 38 64 20 7C
      00050A 00                    4208 	.db 0x00
                                   4209 	.area CSEG    (CODE)
                                   4210 	.area CONST   (CODE)
      00050B                       4211 ___str_28:
      00050B 0A                    4212 	.db 0x0a
      00050C 0D                    4213 	.db 0x0d
      00050D 7C 20 46 72 65 65 20  4214 	.ascii "| Free Space       | %-28d |"
             53 70 61 63 65 20 20
             20 20 20 20 20 7C 20
             25 2D 32 38 64 20 7C
      000529 00                    4215 	.db 0x00
                                   4216 	.area CSEG    (CODE)
                                   4217 	.area CONST   (CODE)
      00052A                       4218 ___str_29:
      00052A 0A                    4219 	.db 0x0a
      00052B 0D                    4220 	.db 0x0d
      00052C 7C 20 42 55 46 46 45  4221 	.ascii "| BUFFER 0 CLEAR STATUS                           |"
             52 20 30 20 43 4C 45
             41 52 20 53 54 41 54
             55 53 20 20 20 20 20
             20 20 20 20 20 20 20
             20 20 20 20 20 20 20
             20 20 20 20 20 20 20
             20 7C
      00055F 00                    4222 	.db 0x00
                                   4223 	.area CSEG    (CODE)
                                   4224 	.area CONST   (CODE)
      000560                       4225 ___str_30:
      000560 0A                    4226 	.db 0x0a
      000561 0D                    4227 	.db 0x0d
      000562 7C 20 42 75 66 66 65  4228 	.ascii "| Buffer 0 is not initialized                     |"
             72 20 30 20 69 73 20
             6E 6F 74 20 69 6E 69
             74 69 61 6C 69 7A 65
             64 20 20 20 20 20 20
             20 20 20 20 20 20 20
             20 20 20 20 20 20 20
             20 7C
      000595 00                    4229 	.db 0x00
                                   4230 	.area CSEG    (CODE)
                                   4231 	.area CONST   (CODE)
      000596                       4232 ___str_31:
      000596 0A                    4233 	.db 0x0a
      000597 0D                    4234 	.db 0x0d
      000598 7C 20 42 75 66 66 65  4235 	.ascii "| Buffer Size      | %-28d |"
             72 20 53 69 7A 65 20
             20 20 20 20 20 7C 20
             25 2D 32 38 64 20 7C
      0005B4 00                    4236 	.db 0x00
                                   4237 	.area CSEG    (CODE)
                                   4238 	.area CONST   (CODE)
      0005B5                       4239 ___str_32:
      0005B5 0A                    4240 	.db 0x0a
      0005B6 0D                    4241 	.db 0x0d
      0005B7 7C 20 53 74 61 74 75  4242 	.ascii "| Status          | %-28s |"
             73 20 20 20 20 20 20
             20 20 20 20 7C 20 25
             2D 32 38 73 20 7C
      0005D2 00                    4243 	.db 0x00
                                   4244 	.area CSEG    (CODE)
                                   4245 	.area CONST   (CODE)
      0005D3                       4246 ___str_33:
      0005D3 44 61 74 61 20 45 72  4247 	.ascii "Data Erased"
             61 73 65 64
      0005DE 00                    4248 	.db 0x00
                                   4249 	.area CSEG    (CODE)
                                   4250 	.area CONST   (CODE)
      0005DF                       4251 ___str_34:
      0005DF 0A                    4252 	.db 0x0a
      0005E0 0D                    4253 	.db 0x0d
      0005E1 2B 2D 2D 2D 2D 2D 2D  4254 	.ascii "+----------------BUFFER CREATION------------------+"
             2D 2D 2D 2D 2D 2D 2D
             2D 2D 2D 42 55 46 46
             45 52 20 43 52 45 41
             54 49 4F 4E 2D 2D 2D
             2D 2D 2D 2D 2D 2D 2D
             2D 2D 2D 2D 2D 2D 2D
             2D 2B
      000614 00                    4255 	.db 0x00
                                   4256 	.area CSEG    (CODE)
                                   4257 	.area CONST   (CODE)
      000615                       4258 ___str_35:
      000615 0A                    4259 	.db 0x0a
      000616 0D                    4260 	.db 0x0d
      000617 7C 20 45 6E 74 65 72  4261 	.ascii "| Enter buffer size (50-500): "
             20 62 75 66 66 65 72
             20 73 69 7A 65 20 28
             35 30 2D 35 30 30 29
             3A 20
      000635 00                    4262 	.db 0x00
                                   4263 	.area CSEG    (CODE)
                                   4264 	.area CONST   (CODE)
      000636                       4265 ___str_36:
      000636 0A                    4266 	.db 0x0a
      000637 0D                    4267 	.db 0x0d
      000638 20 45 52 52 4F 52 20  4268 	.ascii " ERROR : Invalid request"
             3A 20 49 6E 76 61 6C
             69 64 20 72 65 71 75
             65 73 74
      000650 0A                    4269 	.db 0x0a
      000651 0D                    4270 	.db 0x0d
      000652 00                    4271 	.db 0x00
                                   4272 	.area CSEG    (CODE)
                                   4273 	.area CONST   (CODE)
      000653                       4274 ___str_37:
      000653 0A                    4275 	.db 0x0a
      000654 0D                    4276 	.db 0x0d
      000655 7C 20 52 65 71 75 65  4277 	.ascii "| Requested Size: %-32d |"
             73 74 65 64 20 53 69
             7A 65 3A 20 25 2D 33
             32 64 20 7C
      00066E 00                    4278 	.db 0x00
                                   4279 	.area CSEG    (CODE)
                                   4280 	.area CONST   (CODE)
      00066F                       4281 ___str_38:
      00066F 0A                    4282 	.db 0x0a
      000670 0D                    4283 	.db 0x0d
      000671 7C 20 45 52 52 4F 52  4284 	.ascii "| ERROR: Memory allocation failed                  |"
             3A 20 4D 65 6D 6F 72
             79 20 61 6C 6C 6F 63
             61 74 69 6F 6E 20 66
             61 69 6C 65 64 20 20
             20 20 20 20 20 20 20
             20 20 20 20 20 20 20
             20 20 7C
      0006A5 00                    4285 	.db 0x00
                                   4286 	.area CSEG    (CODE)
                                   4287 	.area CONST   (CODE)
      0006A6                       4288 ___str_39:
      0006A6 0A                    4289 	.db 0x0a
      0006A7 0D                    4290 	.db 0x0d
      0006A8 7C 20 54 72 79 20 73  4291 	.ascii "| Try smaller size with '+' command                |"
             6D 61 6C 6C 65 72 20
             73 69 7A 65 20 77 69
             74 68 20 27 2B 27 20
             63 6F 6D 6D 61 6E 64
             20 20 20 20 20 20 20
             20 20 20 20 20 20 20
             20 20 7C
      0006DC 00                    4292 	.db 0x00
                                   4293 	.area CSEG    (CODE)
                                   4294 	.area CONST   (CODE)
      0006DD                       4295 ___str_40:
      0006DD 0A                    4296 	.db 0x0a
      0006DE 0D                    4297 	.db 0x0d
      0006DF 7C 20 53 55 43 43 45  4298 	.ascii "| SUCCESS: Buffer created successfully            |"
             53 53 3A 20 42 75 66
             66 65 72 20 63 72 65
             61 74 65 64 20 73 75
             63 63 65 73 73 66 75
             6C 6C 79 20 20 20 20
             20 20 20 20 20 20 20
             20 7C
      000712 00                    4299 	.db 0x00
                                   4300 	.area CSEG    (CODE)
                                   4301 	.area CONST   (CODE)
      000713                       4302 ___str_41:
      000713 0A                    4303 	.db 0x0a
      000714 0D                    4304 	.db 0x0d
      000715 2B 2D 2D 2D 2D 2D 2D  4305 	.ascii "+----------------BUFFER DELETION------------------+"
             2D 2D 2D 2D 2D 2D 2D
             2D 2D 2D 42 55 46 46
             45 52 20 44 45 4C 45
             54 49 4F 4E 2D 2D 2D
             2D 2D 2D 2D 2D 2D 2D
             2D 2D 2D 2D 2D 2D 2D
             2D 2B
      000748 00                    4306 	.db 0x00
                                   4307 	.area CSEG    (CODE)
                                   4308 	.area CONST   (CODE)
      000749                       4309 ___str_42:
      000749 0A                    4310 	.db 0x0a
      00074A 0D                    4311 	.db 0x0d
      00074B 7C 20 45 6E 74 65 72  4312 	.ascii "| Enter buffer number (0-102): "
             20 62 75 66 66 65 72
             20 6E 75 6D 62 65 72
             20 28 30 2D 31 30 32
             29 3A 20
      00076A 00                    4313 	.db 0x00
                                   4314 	.area CSEG    (CODE)
                                   4315 	.area CONST   (CODE)
      00076B                       4316 ___str_43:
      00076B 0A                    4317 	.db 0x0a
      00076C 0D                    4318 	.db 0x0d
      00076D 7C 20 45 52 52 4F 52  4319 	.ascii "| ERROR: Cannot delete Buffer 0                    |"
             3A 20 43 61 6E 6E 6F
             74 20 64 65 6C 65 74
             65 20 42 75 66 66 65
             72 20 30 20 20 20 20
             20 20 20 20 20 20 20
             20 20 20 20 20 20 20
             20 20 7C
      0007A1 00                    4320 	.db 0x00
                                   4321 	.area CSEG    (CODE)
                                   4322 	.area CONST   (CODE)
      0007A2                       4323 ___str_44:
      0007A2 0A                    4324 	.db 0x0a
      0007A3 0D                    4325 	.db 0x0d
      0007A4 7C 20 45 52 52 4F 52  4326 	.ascii "| ERROR: Invalid delete request                  |"
             3A 20 49 6E 76 61 6C
             69 64 20 64 65 6C 65
             74 65 20 72 65 71 75
             65 73 74 20 20 20 20
             20 20 20 20 20 20 20
             20 20 20 20 20 20 20
             7C
      0007D6 00                    4327 	.db 0x00
                                   4328 	.area CSEG    (CODE)
                                   4329 	.area CONST   (CODE)
      0007D7                       4330 ___str_45:
      0007D7 0A                    4331 	.db 0x0a
      0007D8 0D                    4332 	.db 0x0d
      0007D9 7C 20 53 55 43 43 45  4333 	.ascii "| SUCCESS: Buffer %-2d deleted                     |"
             53 53 3A 20 42 75 66
             66 65 72 20 25 2D 32
             64 20 64 65 6C 65 74
             65 64 20 20 20 20 20
             20 20 20 20 20 20 20
             20 20 20 20 20 20 20
             20 20 7C
      00080D 00                    4334 	.db 0x00
                                   4335 	.area CSEG    (CODE)
                                   4336 	.area CONST   (CODE)
      00080E                       4337 ___str_46:
      00080E 0A                    4338 	.db 0x0a
      00080F 0D                    4339 	.db 0x0d
      000810 2B 2D 2D 2D 2D 2D 2D  4340 	.ascii "+---------------BUFFER 0 CONTENTS-----------------+"
             2D 2D 2D 2D 2D 2D 2D
             2D 2D 42 55 46 46 45
             52 20 30 20 43 4F 4E
             54 45 4E 54 53 2D 2D
             2D 2D 2D 2D 2D 2D 2D
             2D 2D 2D 2D 2D 2D 2D
             2D 2B
      000843 00                    4341 	.db 0x00
                                   4342 	.area CSEG    (CODE)
                                   4343 	.area CONST   (CODE)
      000844                       4344 ___str_47:
      000844 0A                    4345 	.db 0x0a
      000845 0D                    4346 	.db 0x0d
      000846 7C 20 41 64 64 72 65  4347 	.ascii "| Address    | Data                               |"
             73 73 20 20 20 20 7C
             20 44 61 74 61 20 20
             20 20 20 20 20 20 20
             20 20 20 20 20 20 20
             20 20 20 20 20 20 20
             20 20 20 20 20 20 20
             20 7C
      000879 00                    4348 	.db 0x00
                                   4349 	.area CSEG    (CODE)
                                   4350 	.area CONST   (CODE)
      00087A                       4351 ___str_48:
      00087A 0A                    4352 	.db 0x0a
      00087B 0D                    4353 	.db 0x0d
      00087C 7C 2D 2D 2D 2D 2D 2D  4354 	.ascii "|------------|---------------------------------------|"
             2D 2D 2D 2D 2D 2D 7C
             2D 2D 2D 2D 2D 2D 2D
             2D 2D 2D 2D 2D 2D 2D
             2D 2D 2D 2D 2D 2D 2D
             2D 2D 2D 2D 2D 2D 2D
             2D 2D 2D 2D 2D 2D 2D
             2D 2D 2D 2D 7C
      0008B2 00                    4355 	.db 0x00
                                   4356 	.area CSEG    (CODE)
                                   4357 	.area CONST   (CODE)
      0008B3                       4358 ___str_49:
      0008B3 0A                    4359 	.db 0x0a
      0008B4 0D                    4360 	.db 0x0d
      0008B5 00                    4361 	.db 0x00
                                   4362 	.area CSEG    (CODE)
                                   4363 	.area CONST   (CODE)
      0008B6                       4364 ___str_50:
      0008B6 42 55 46 46 45 52 20  4365 	.ascii "BUFFER 0 DOES NOT EXIST"
             30 20 44 4F 45 53 20
             4E 4F 54 20 45 58 49
             53 54
      0008CD 0A                    4366 	.db 0x0a
      0008CE 0D                    4367 	.db 0x0d
      0008CF 00                    4368 	.db 0x00
                                   4369 	.area CSEG    (CODE)
                                   4370 	.area CONST   (CODE)
      0008D0                       4371 ___str_51:
      0008D0 0A                    4372 	.db 0x0a
      0008D1 0D                    4373 	.db 0x0d
      0008D2 7C 20 25 30 34 58 20  4374 	.ascii "| %04X      |"
             20 20 20 20 20 7C
      0008DF 00                    4375 	.db 0x00
                                   4376 	.area CSEG    (CODE)
                                   4377 	.area CONST   (CODE)
      0008E0                       4378 ___str_52:
      0008E0 20 25 30 32 58        4379 	.ascii " %02X"
      0008E5 00                    4380 	.db 0x00
                                   4381 	.area CSEG    (CODE)
                                   4382 	.area CONST   (CODE)
      0008E6                       4383 ___str_53:
      0008E6 20 20 20              4384 	.ascii "   "
      0008E9 00                    4385 	.db 0x00
                                   4386 	.area CSEG    (CODE)
                                   4387 	.area CONST   (CODE)
      0008EA                       4388 ___str_54:
      0008EA 20 7C                 4389 	.ascii " |"
      0008EC 00                    4390 	.db 0x00
                                   4391 	.area CSEG    (CODE)
                                   4392 	.area CONST   (CODE)
      0008ED                       4393 ___str_55:
      0008ED 0A                    4394 	.db 0x0a
      0008EE 0D                    4395 	.db 0x0d
      0008EF 2B 3D 3D 3D 3D 3D 3D  4396 	.ascii "+==================================================+"
             3D 3D 3D 3D 3D 3D 3D
             3D 3D 3D 3D 3D 3D 3D
             3D 3D 3D 3D 3D 3D 3D
             3D 3D 3D 3D 3D 3D 3D
             3D 3D 3D 3D 3D 3D 3D
             3D 3D 3D 3D 3D 3D 3D
             3D 3D 2B
      000923 00                    4397 	.db 0x00
                                   4398 	.area CSEG    (CODE)
                                   4399 	.area CONST   (CODE)
      000924                       4400 ___str_56:
      000924 0A                    4401 	.db 0x0a
      000925 0D                    4402 	.db 0x0d
      000926 7C 20 20 20 20 20 20  4403 	.ascii "|           BUFFER MANAGEMENT SYSTEM                |"
             20 20 20 20 20 42 55
             46 46 45 52 20 4D 41
             4E 41 47 45 4D 45 4E
             54 20 53 59 53 54 45
             4D 20 20 20 20 20 20
             20 20 20 20 20 20 20
             20 20 20 7C
      00095B 00                    4404 	.db 0x00
                                   4405 	.area CSEG    (CODE)
                                   4406 	.area CONST   (CODE)
      00095C                       4407 ___str_57:
      00095C 0A                    4408 	.db 0x0a
      00095D 0D                    4409 	.db 0x0d
      00095E 7C 20 45 6E 74 65 72  4410 	.ascii "| Enter initial buffer size (32-5120): "
             20 69 6E 69 74 69 61
             6C 20 62 75 66 66 65
             72 20 73 69 7A 65 20
             28 33 32 2D 35 31 32
             30 29 3A 20
      000985 00                    4411 	.db 0x00
                                   4412 	.area CSEG    (CODE)
                                   4413 	.area CONST   (CODE)
      000986                       4414 ___str_58:
      000986 0A                    4415 	.db 0x0a
      000987 0D                    4416 	.db 0x0d
      000988 7C 20 45 52 52 4F 52  4417 	.ascii "| ERROR: Buffer 1 allocation failed                |"
             3A 20 42 75 66 66 65
             72 20 31 20 61 6C 6C
             6F 63 61 74 69 6F 6E
             20 66 61 69 6C 65 64
             20 20 20 20 20 20 20
             20 20 20 20 20 20 20
             20 20 7C
      0009BC 00                    4418 	.db 0x00
                                   4419 	.area CSEG    (CODE)
                                   4420 	.area CONST   (CODE)
      0009BD                       4421 ___str_59:
      0009BD 0A                    4422 	.db 0x0a
      0009BE 0D                    4423 	.db 0x0d
      0009BF 7C 20 54 72 79 20 73  4424 	.ascii "| Try smaller size                                |"
             6D 61 6C 6C 65 72 20
             73 69 7A 65 20 20 20
             20 20 20 20 20 20 20
             20 20 20 20 20 20 20
             20 20 20 20 20 20 20
             20 20 20 20 20 20 20
             20 7C
      0009F2 00                    4425 	.db 0x00
                                   4426 	.area CSEG    (CODE)
                                   4427 	.area CONST   (CODE)
      0009F3                       4428 ___str_60:
      0009F3 0A                    4429 	.db 0x0a
      0009F4 0D                    4430 	.db 0x0d
      0009F5 2B 2D 2D 2D 2D 2D 2D  4431 	.ascii "+------------------------------------------------+"
             2D 2D 2D 2D 2D 2D 2D
             2D 2D 2D 2D 2D 2D 2D
             2D 2D 2D 2D 2D 2D 2D
             2D 2D 2D 2D 2D 2D 2D
             2D 2D 2D 2D 2D 2D 2D
             2D 2D 2D 2D 2D 2D 2D
             2B
      000A27 0A                    4432 	.db 0x0a
      000A28 0D                    4433 	.db 0x0d
      000A29 00                    4434 	.db 0x00
                                   4435 	.area CSEG    (CODE)
                                   4436 	.area CONST   (CODE)
      000A2A                       4437 ___str_61:
      000A2A 0A                    4438 	.db 0x0a
      000A2B 0D                    4439 	.db 0x0d
      000A2C 7C 20 45 52 52 4F 52  4440 	.ascii "| ERROR: Buffer 2 allocation failed                |"
             3A 20 42 75 66 66 65
             72 20 32 20 61 6C 6C
             6F 63 61 74 69 6F 6E
             20 66 61 69 6C 65 64
             20 20 20 20 20 20 20
             20 20 20 20 20 20 20
             20 20 7C
      000A60 00                    4441 	.db 0x00
                                   4442 	.area CSEG    (CODE)
                                   4443 	.area CONST   (CODE)
      000A61                       4444 ___str_62:
      000A61 0A                    4445 	.db 0x0a
      000A62 0D                    4446 	.db 0x0d
      000A63 2B 2D 2D 2D 2D 2D 2D  4447 	.ascii "+----------------BUFFER STATUS--------------------+"
             2D 2D 2D 2D 2D 2D 2D
             2D 2D 2D 42 55 46 46
             45 52 20 53 54 41 54
             55 53 2D 2D 2D 2D 2D
             2D 2D 2D 2D 2D 2D 2D
             2D 2D 2D 2D 2D 2D 2D
             2D 2B
      000A96 00                    4448 	.db 0x00
                                   4449 	.area CSEG    (CODE)
                                   4450 	.area CONST   (CODE)
      000A97                       4451 ___str_63:
      000A97 0A                    4452 	.db 0x0a
      000A98 0D                    4453 	.db 0x0d
      000A99 7C 20 42 75 66 66 65  4454 	.ascii "| Buffer 1 | Addr: %-10p | Size: %-6d   |"
             72 20 31 20 7C 20 41
             64 64 72 3A 20 25 2D
             31 30 70 20 7C 20 53
             69 7A 65 3A 20 25 2D
             36 64 20 20 20 7C
      000AC2 00                    4455 	.db 0x00
                                   4456 	.area CSEG    (CODE)
                                   4457 	.area CONST   (CODE)
      000AC3                       4458 ___str_64:
      000AC3 0A                    4459 	.db 0x0a
      000AC4 0D                    4460 	.db 0x0d
      000AC5 7C 20 42 75 66 66 65  4461 	.ascii "| Buffer 2 | Addr: %-10p | Size: %-6d   |"
             72 20 32 20 7C 20 41
             64 64 72 3A 20 25 2D
             31 30 70 20 7C 20 53
             69 7A 65 3A 20 25 2D
             36 64 20 20 20 7C
      000AEE 00                    4462 	.db 0x00
                                   4463 	.area CSEG    (CODE)
                                   4464 	.area CONST   (CODE)
      000AEF                       4465 ___str_65:
      000AEF 0A                    4466 	.db 0x0a
      000AF0 0D                    4467 	.db 0x0d
      000AF1 2B 2D 2D 2D 2D 2D 2D  4468 	.ascii "+------------------COMMANDS----------------------+"
             2D 2D 2D 2D 2D 2D 2D
             2D 2D 2D 2D 2D 43 4F
             4D 4D 41 4E 44 53 2D
             2D 2D 2D 2D 2D 2D 2D
             2D 2D 2D 2D 2D 2D 2D
             2D 2D 2D 2D 2D 2D 2D
             2B
      000B23 00                    4469 	.db 0x00
                                   4470 	.area CSEG    (CODE)
                                   4471 	.area CONST   (CODE)
      000B24                       4472 ___str_66:
      000B24 0A                    4473 	.db 0x0a
      000B25 0D                    4474 	.db 0x0d
      000B26 7C 20 5B 41 2D 5A 5D  4475 	.ascii "| [A-Z] : Store character in Buffer 0           |"
             20 3A 20 53 74 6F 72
             65 20 63 68 61 72 61
             63 74 65 72 20 69 6E
             20 42 75 66 66 65 72
             20 30 20 20 20 20 20
             20 20 20 20 20 20 7C
      000B57 00                    4476 	.db 0x00
                                   4477 	.area CSEG    (CODE)
                                   4478 	.area CONST   (CODE)
      000B58                       4479 ___str_67:
      000B58 0A                    4480 	.db 0x0a
      000B59 0D                    4481 	.db 0x0d
      000B5A 7C 20 2B 20 20 20 20  4482 	.ascii "| +     : Create new buffer                     |"
             20 3A 20 43 72 65 61
             74 65 20 6E 65 77 20
             62 75 66 66 65 72 20
             20 20 20 20 20 20 20
             20 20 20 20 20 20 20
             20 20 20 20 20 20 7C
      000B8B 00                    4483 	.db 0x00
                                   4484 	.area CSEG    (CODE)
                                   4485 	.area CONST   (CODE)
      000B8C                       4486 ___str_68:
      000B8C 0A                    4487 	.db 0x0a
      000B8D 0D                    4488 	.db 0x0d
      000B8E 7C 20 2D 20 20 20 20  4489 	.ascii "| -     : Delete buffer                         |"
             20 3A 20 44 65 6C 65
             74 65 20 62 75 66 66
             65 72 20 20 20 20 20
             20 20 20 20 20 20 20
             20 20 20 20 20 20 20
             20 20 20 20 20 20 7C
      000BBF 00                    4490 	.db 0x00
                                   4491 	.area CSEG    (CODE)
                                   4492 	.area CONST   (CODE)
      000BC0                       4493 ___str_69:
      000BC0 0A                    4494 	.db 0x0a
      000BC1 0D                    4495 	.db 0x0d
      000BC2 7C 20 3F 20 20 20 20  4496 	.ascii "| ?     : Show system status                    |"
             20 3A 20 53 68 6F 77
             20 73 79 73 74 65 6D
             20 73 74 61 74 75 73
             20 20 20 20 20 20 20
             20 20 20 20 20 20 20
             20 20 20 20 20 20 7C
      000BF3 00                    4497 	.db 0x00
                                   4498 	.area CSEG    (CODE)
                                   4499 	.area CONST   (CODE)
      000BF4                       4500 ___str_70:
      000BF4 0A                    4501 	.db 0x0a
      000BF5 0D                    4502 	.db 0x0d
      000BF6 7C 20 3D 20 20 20 20  4503 	.ascii "| =     : Display Buffer 0 contents             |"
             20 3A 20 44 69 73 70
             6C 61 79 20 42 75 66
             66 65 72 20 30 20 63
             6F 6E 74 65 6E 74 73
             20 20 20 20 20 20 20
             20 20 20 20 20 20 7C
      000C27 00                    4504 	.db 0x00
                                   4505 	.area CSEG    (CODE)
                                   4506 	.area CONST   (CODE)
      000C28                       4507 ___str_71:
      000C28 0A                    4508 	.db 0x0a
      000C29 0D                    4509 	.db 0x0d
      000C2A 7C 20 40 20 20 20 20  4510 	.ascii "| @     : Reset system                          |"
             20 3A 20 52 65 73 65
             74 20 73 79 73 74 65
             6D 20 20 20 20 20 20
             20 20 20 20 20 20 20
             20 20 20 20 20 20 20
             20 20 20 20 20 20 7C
      000C5B 00                    4511 	.db 0x00
                                   4512 	.area CSEG    (CODE)
                                   4513 	.area CONST   (CODE)
      000C5C                       4514 ___str_72:
      000C5C 0A                    4515 	.db 0x0a
      000C5D 0D                    4516 	.db 0x0d
      000C5E 7C 20 52 65 61 64 79  4517 	.ascii "| Ready for input. Enter uppercase chars (A-Z):    |"
             20 66 6F 72 20 69 6E
             70 75 74 2E 20 45 6E
             74 65 72 20 75 70 70
             65 72 63 61 73 65 20
             63 68 61 72 73 20 28
             41 2D 5A 29 3A 20 20
             20 20 7C
      000C92 0A                    4518 	.db 0x0a
      000C93 0D                    4519 	.db 0x0d
      000C94 00                    4520 	.db 0x00
                                   4521 	.area CSEG    (CODE)
                                   4522 	.area CONST   (CODE)
      000C95                       4523 ___str_73:
      000C95 0A                    4524 	.db 0x0a
      000C96 0D                    4525 	.db 0x0d
      000C97 7C 20 43 6F 6D 6D 61  4526 	.ascii "| Command received: %-31c |"
             6E 64 20 72 65 63 65
             69 76 65 64 3A 20 25
             2D 33 31 63 20 7C
      000CB2 00                    4527 	.db 0x00
                                   4528 	.area CSEG    (CODE)
                                   4529 	.area CONST   (CODE)
      000CB3                       4530 ___str_74:
      000CB3 0A                    4531 	.db 0x0a
      000CB4 0D                    4532 	.db 0x0d
      000CB5 7C 20 53 74 6F 72 61  4533 	.ascii "| Storage: Total=%-4d Recent=%-4d Addr=%-10p |"
             67 65 3A 20 54 6F 74
             61 6C 3D 25 2D 34 64
             20 52 65 63 65 6E 74
             3D 25 2D 34 64 20 41
             64 64 72 3D 25 2D 31
             30 70 20 7C
      000CE3 0A                    4534 	.db 0x0a
      000CE4 0D                    4535 	.db 0x0d
      000CE5 00                    4536 	.db 0x00
                                   4537 	.area CSEG    (CODE)
                                   4538 	.area CONST   (CODE)
      000CE6                       4539 ___str_75:
      000CE6 0A                    4540 	.db 0x0a
      000CE7 0D                    4541 	.db 0x0d
      000CE8 7C 20 4E 4F 54 49 43  4542 	.ascii "| NOTICE: Buffer 0 is full - Storage stopped        |"
             45 3A 20 42 75 66 66
             65 72 20 30 20 69 73
             20 66 75 6C 6C 20 2D
             20 53 74 6F 72 61 67
             65 20 73 74 6F 70 70
             65 64 20 20 20 20 20
             20 20 20 7C
      000D1D 00                    4543 	.db 0x00
                                   4544 	.area CSEG    (CODE)
                                   4545 	.area CONST   (CODE)
      000D1E                       4546 ___str_76:
      000D1E 0A                    4547 	.db 0x0a
      000D1F 0D                    4548 	.db 0x0d
      000D20 7C 20 45 6E 74 65 72  4549 	.ascii "| Enter command (+, -, ?, =, @):                   |"
             20 63 6F 6D 6D 61 6E
             64 20 28 2B 2C 20 2D
             2C 20 3F 2C 20 3D 2C
             20 40 29 3A 20 20 20
             20 20 20 20 20 20 20
             20 20 20 20 20 20 20
             20 20 7C
      000D54 00                    4550 	.db 0x00
                                   4551 	.area CSEG    (CODE)
                                   4552 	.area XINIT   (CODE)
      000000                       4553 __xinit__index_of_buffers:
      000000 00                    4554 	.db #0x00	; 0
      000001                       4555 __xinit__total_number_of_commands:
      000001 00                    4556 	.db #0x00	; 0
      000002                       4557 __xinit__total_number_of_storage:
      000002 00                    4558 	.db #0x00	; 0
      000003                       4559 __xinit__recent_commands:
      000003 00                    4560 	.db #0x00	; 0
      000004                       4561 __xinit__recent_storage:
      000004 00                    4562 	.db #0x00	; 0
      000005                       4563 __xinit__recived_bytes:
      000005 00                    4564 	.db #0x00	; 0
      000006                       4565 __xinit__wr:
      000006 00 00 00              4566 	.byte #0x00,#0x00,#0x00
      000009                       4567 __xinit__pointer1:
      000009 00 00                 4568 	.byte #0x00,#0x00
      00000B                       4569 __xinit__pointer2:
      00000B 00 00                 4570 	.byte #0x00,#0x00
                                   4571 	.area CABS    (ABS,CODE)
