                                      1 ;--------------------------------------------------------
                                      2 ; File Created by SDCC : free open source ANSI-C Compiler
                                      3 ; Version 4.0.0 #11528 (Linux)
                                      4 ;--------------------------------------------------------
                                      5 	.module eeprom
                                      6 	.optsdcc -mmcs51 --model-large
                                      7 	
                                      8 ;--------------------------------------------------------
                                      9 ; Public variables in this module
                                     10 ;--------------------------------------------------------
                                     11 	.globl _EEPROM_hexdump
                                     12 	.globl _take_address
                                     13 	.globl _putchar
                                     14 	.globl _i2c_delay
                                     15 	.globl _i2c_stop
                                     16 	.globl _i2c_start
                                     17 	.globl _i2c_read
                                     18 	.globl _i2c_write
                                     19 	.globl _printf
                                     20 	.globl _CY
                                     21 	.globl _AC
                                     22 	.globl _F0
                                     23 	.globl _RS1
                                     24 	.globl _RS0
                                     25 	.globl _OV
                                     26 	.globl _F1
                                     27 	.globl _P
                                     28 	.globl _PS
                                     29 	.globl _PT1
                                     30 	.globl _PX1
                                     31 	.globl _PT0
                                     32 	.globl _PX0
                                     33 	.globl _RD
                                     34 	.globl _WR
                                     35 	.globl _T1
                                     36 	.globl _T0
                                     37 	.globl _INT1
                                     38 	.globl _INT0
                                     39 	.globl _TXD
                                     40 	.globl _RXD
                                     41 	.globl _P3_7
                                     42 	.globl _P3_6
                                     43 	.globl _P3_5
                                     44 	.globl _P3_4
                                     45 	.globl _P3_3
                                     46 	.globl _P3_2
                                     47 	.globl _P3_1
                                     48 	.globl _P3_0
                                     49 	.globl _EA
                                     50 	.globl _ES
                                     51 	.globl _ET1
                                     52 	.globl _EX1
                                     53 	.globl _ET0
                                     54 	.globl _EX0
                                     55 	.globl _P2_7
                                     56 	.globl _P2_6
                                     57 	.globl _P2_5
                                     58 	.globl _P2_4
                                     59 	.globl _P2_3
                                     60 	.globl _P2_2
                                     61 	.globl _P2_1
                                     62 	.globl _P2_0
                                     63 	.globl _SM0
                                     64 	.globl _SM1
                                     65 	.globl _SM2
                                     66 	.globl _REN
                                     67 	.globl _TB8
                                     68 	.globl _RB8
                                     69 	.globl _TI
                                     70 	.globl _RI
                                     71 	.globl _P1_7
                                     72 	.globl _P1_6
                                     73 	.globl _P1_5
                                     74 	.globl _P1_4
                                     75 	.globl _P1_3
                                     76 	.globl _P1_2
                                     77 	.globl _P1_1
                                     78 	.globl _P1_0
                                     79 	.globl _TF1
                                     80 	.globl _TR1
                                     81 	.globl _TF0
                                     82 	.globl _TR0
                                     83 	.globl _IE1
                                     84 	.globl _IT1
                                     85 	.globl _IE0
                                     86 	.globl _IT0
                                     87 	.globl _P0_7
                                     88 	.globl _P0_6
                                     89 	.globl _P0_5
                                     90 	.globl _P0_4
                                     91 	.globl _P0_3
                                     92 	.globl _P0_2
                                     93 	.globl _P0_1
                                     94 	.globl _P0_0
                                     95 	.globl _P5_7
                                     96 	.globl _P5_6
                                     97 	.globl _P5_5
                                     98 	.globl _P5_4
                                     99 	.globl _P5_3
                                    100 	.globl _P5_2
                                    101 	.globl _P5_1
                                    102 	.globl _P5_0
                                    103 	.globl _P4_7
                                    104 	.globl _P4_6
                                    105 	.globl _P4_5
                                    106 	.globl _P4_4
                                    107 	.globl _P4_3
                                    108 	.globl _P4_2
                                    109 	.globl _P4_1
                                    110 	.globl _P4_0
                                    111 	.globl _PX0L
                                    112 	.globl _PT0L
                                    113 	.globl _PX1L
                                    114 	.globl _PT1L
                                    115 	.globl _PSL
                                    116 	.globl _PT2L
                                    117 	.globl _PPCL
                                    118 	.globl _EC
                                    119 	.globl _CCF0
                                    120 	.globl _CCF1
                                    121 	.globl _CCF2
                                    122 	.globl _CCF3
                                    123 	.globl _CCF4
                                    124 	.globl _CR
                                    125 	.globl _CF
                                    126 	.globl _TF2
                                    127 	.globl _EXF2
                                    128 	.globl _RCLK
                                    129 	.globl _TCLK
                                    130 	.globl _EXEN2
                                    131 	.globl _TR2
                                    132 	.globl _C_T2
                                    133 	.globl _CP_RL2
                                    134 	.globl _T2CON_7
                                    135 	.globl _T2CON_6
                                    136 	.globl _T2CON_5
                                    137 	.globl _T2CON_4
                                    138 	.globl _T2CON_3
                                    139 	.globl _T2CON_2
                                    140 	.globl _T2CON_1
                                    141 	.globl _T2CON_0
                                    142 	.globl _PT2
                                    143 	.globl _ET2
                                    144 	.globl _B
                                    145 	.globl _ACC
                                    146 	.globl _PSW
                                    147 	.globl _IP
                                    148 	.globl _P3
                                    149 	.globl _IE
                                    150 	.globl _P2
                                    151 	.globl _SBUF
                                    152 	.globl _SCON
                                    153 	.globl _P1
                                    154 	.globl _TH1
                                    155 	.globl _TH0
                                    156 	.globl _TL1
                                    157 	.globl _TL0
                                    158 	.globl _TMOD
                                    159 	.globl _TCON
                                    160 	.globl _PCON
                                    161 	.globl _DPH
                                    162 	.globl _DPL
                                    163 	.globl _SP
                                    164 	.globl _P0
                                    165 	.globl _EECON
                                    166 	.globl _KBF
                                    167 	.globl _KBE
                                    168 	.globl _KBLS
                                    169 	.globl _BRL
                                    170 	.globl _BDRCON
                                    171 	.globl _T2MOD
                                    172 	.globl _SPDAT
                                    173 	.globl _SPSTA
                                    174 	.globl _SPCON
                                    175 	.globl _SADEN
                                    176 	.globl _SADDR
                                    177 	.globl _WDTPRG
                                    178 	.globl _WDTRST
                                    179 	.globl _P5
                                    180 	.globl _P4
                                    181 	.globl _IPH1
                                    182 	.globl _IPL1
                                    183 	.globl _IPH0
                                    184 	.globl _IPL0
                                    185 	.globl _IEN1
                                    186 	.globl _IEN0
                                    187 	.globl _CMOD
                                    188 	.globl _CL
                                    189 	.globl _CH
                                    190 	.globl _CCON
                                    191 	.globl _CCAPM4
                                    192 	.globl _CCAPM3
                                    193 	.globl _CCAPM2
                                    194 	.globl _CCAPM1
                                    195 	.globl _CCAPM0
                                    196 	.globl _CCAP4L
                                    197 	.globl _CCAP3L
                                    198 	.globl _CCAP2L
                                    199 	.globl _CCAP1L
                                    200 	.globl _CCAP0L
                                    201 	.globl _CCAP4H
                                    202 	.globl _CCAP3H
                                    203 	.globl _CCAP2H
                                    204 	.globl _CCAP1H
                                    205 	.globl _CCAP0H
                                    206 	.globl _CKCON1
                                    207 	.globl _CKCON0
                                    208 	.globl _CKRL
                                    209 	.globl _AUXR1
                                    210 	.globl _AUXR
                                    211 	.globl _TH2
                                    212 	.globl _TL2
                                    213 	.globl _RCAP2H
                                    214 	.globl _RCAP2L
                                    215 	.globl _T2CON
                                    216 	.globl _EEPROM_hexdump_PARM_2
                                    217 	.globl _eeprom_write_PARM_2
                                    218 	.globl _eeprom_write
                                    219 	.globl _eeprom_read
                                    220 	.globl _handler_EEPROM_hexdump
                                    221 	.globl _eeprom_reset
                                    222 ;--------------------------------------------------------
                                    223 ; special function registers
                                    224 ;--------------------------------------------------------
                                    225 	.area RSEG    (ABS,DATA)
      000000                        226 	.org 0x0000
                           0000C8   227 _T2CON	=	0x00c8
                           0000CA   228 _RCAP2L	=	0x00ca
                           0000CB   229 _RCAP2H	=	0x00cb
                           0000CC   230 _TL2	=	0x00cc
                           0000CD   231 _TH2	=	0x00cd
                           00008E   232 _AUXR	=	0x008e
                           0000A2   233 _AUXR1	=	0x00a2
                           000097   234 _CKRL	=	0x0097
                           00008F   235 _CKCON0	=	0x008f
                           0000AF   236 _CKCON1	=	0x00af
                           0000FA   237 _CCAP0H	=	0x00fa
                           0000FB   238 _CCAP1H	=	0x00fb
                           0000FC   239 _CCAP2H	=	0x00fc
                           0000FD   240 _CCAP3H	=	0x00fd
                           0000FE   241 _CCAP4H	=	0x00fe
                           0000EA   242 _CCAP0L	=	0x00ea
                           0000EB   243 _CCAP1L	=	0x00eb
                           0000EC   244 _CCAP2L	=	0x00ec
                           0000ED   245 _CCAP3L	=	0x00ed
                           0000EE   246 _CCAP4L	=	0x00ee
                           0000DA   247 _CCAPM0	=	0x00da
                           0000DB   248 _CCAPM1	=	0x00db
                           0000DC   249 _CCAPM2	=	0x00dc
                           0000DD   250 _CCAPM3	=	0x00dd
                           0000DE   251 _CCAPM4	=	0x00de
                           0000D8   252 _CCON	=	0x00d8
                           0000F9   253 _CH	=	0x00f9
                           0000E9   254 _CL	=	0x00e9
                           0000D9   255 _CMOD	=	0x00d9
                           0000A8   256 _IEN0	=	0x00a8
                           0000B1   257 _IEN1	=	0x00b1
                           0000B8   258 _IPL0	=	0x00b8
                           0000B7   259 _IPH0	=	0x00b7
                           0000B2   260 _IPL1	=	0x00b2
                           0000B3   261 _IPH1	=	0x00b3
                           0000C0   262 _P4	=	0x00c0
                           0000E8   263 _P5	=	0x00e8
                           0000A6   264 _WDTRST	=	0x00a6
                           0000A7   265 _WDTPRG	=	0x00a7
                           0000A9   266 _SADDR	=	0x00a9
                           0000B9   267 _SADEN	=	0x00b9
                           0000C3   268 _SPCON	=	0x00c3
                           0000C4   269 _SPSTA	=	0x00c4
                           0000C5   270 _SPDAT	=	0x00c5
                           0000C9   271 _T2MOD	=	0x00c9
                           00009B   272 _BDRCON	=	0x009b
                           00009A   273 _BRL	=	0x009a
                           00009C   274 _KBLS	=	0x009c
                           00009D   275 _KBE	=	0x009d
                           00009E   276 _KBF	=	0x009e
                           0000D2   277 _EECON	=	0x00d2
                           000080   278 _P0	=	0x0080
                           000081   279 _SP	=	0x0081
                           000082   280 _DPL	=	0x0082
                           000083   281 _DPH	=	0x0083
                           000087   282 _PCON	=	0x0087
                           000088   283 _TCON	=	0x0088
                           000089   284 _TMOD	=	0x0089
                           00008A   285 _TL0	=	0x008a
                           00008B   286 _TL1	=	0x008b
                           00008C   287 _TH0	=	0x008c
                           00008D   288 _TH1	=	0x008d
                           000090   289 _P1	=	0x0090
                           000098   290 _SCON	=	0x0098
                           000099   291 _SBUF	=	0x0099
                           0000A0   292 _P2	=	0x00a0
                           0000A8   293 _IE	=	0x00a8
                           0000B0   294 _P3	=	0x00b0
                           0000B8   295 _IP	=	0x00b8
                           0000D0   296 _PSW	=	0x00d0
                           0000E0   297 _ACC	=	0x00e0
                           0000F0   298 _B	=	0x00f0
                                    299 ;--------------------------------------------------------
                                    300 ; special function bits
                                    301 ;--------------------------------------------------------
                                    302 	.area RSEG    (ABS,DATA)
      000000                        303 	.org 0x0000
                           0000AD   304 _ET2	=	0x00ad
                           0000BD   305 _PT2	=	0x00bd
                           0000C8   306 _T2CON_0	=	0x00c8
                           0000C9   307 _T2CON_1	=	0x00c9
                           0000CA   308 _T2CON_2	=	0x00ca
                           0000CB   309 _T2CON_3	=	0x00cb
                           0000CC   310 _T2CON_4	=	0x00cc
                           0000CD   311 _T2CON_5	=	0x00cd
                           0000CE   312 _T2CON_6	=	0x00ce
                           0000CF   313 _T2CON_7	=	0x00cf
                           0000C8   314 _CP_RL2	=	0x00c8
                           0000C9   315 _C_T2	=	0x00c9
                           0000CA   316 _TR2	=	0x00ca
                           0000CB   317 _EXEN2	=	0x00cb
                           0000CC   318 _TCLK	=	0x00cc
                           0000CD   319 _RCLK	=	0x00cd
                           0000CE   320 _EXF2	=	0x00ce
                           0000CF   321 _TF2	=	0x00cf
                           0000DF   322 _CF	=	0x00df
                           0000DE   323 _CR	=	0x00de
                           0000DC   324 _CCF4	=	0x00dc
                           0000DB   325 _CCF3	=	0x00db
                           0000DA   326 _CCF2	=	0x00da
                           0000D9   327 _CCF1	=	0x00d9
                           0000D8   328 _CCF0	=	0x00d8
                           0000AE   329 _EC	=	0x00ae
                           0000BE   330 _PPCL	=	0x00be
                           0000BD   331 _PT2L	=	0x00bd
                           0000BC   332 _PSL	=	0x00bc
                           0000BB   333 _PT1L	=	0x00bb
                           0000BA   334 _PX1L	=	0x00ba
                           0000B9   335 _PT0L	=	0x00b9
                           0000B8   336 _PX0L	=	0x00b8
                           0000C0   337 _P4_0	=	0x00c0
                           0000C1   338 _P4_1	=	0x00c1
                           0000C2   339 _P4_2	=	0x00c2
                           0000C3   340 _P4_3	=	0x00c3
                           0000C4   341 _P4_4	=	0x00c4
                           0000C5   342 _P4_5	=	0x00c5
                           0000C6   343 _P4_6	=	0x00c6
                           0000C7   344 _P4_7	=	0x00c7
                           0000E8   345 _P5_0	=	0x00e8
                           0000E9   346 _P5_1	=	0x00e9
                           0000EA   347 _P5_2	=	0x00ea
                           0000EB   348 _P5_3	=	0x00eb
                           0000EC   349 _P5_4	=	0x00ec
                           0000ED   350 _P5_5	=	0x00ed
                           0000EE   351 _P5_6	=	0x00ee
                           0000EF   352 _P5_7	=	0x00ef
                           000080   353 _P0_0	=	0x0080
                           000081   354 _P0_1	=	0x0081
                           000082   355 _P0_2	=	0x0082
                           000083   356 _P0_3	=	0x0083
                           000084   357 _P0_4	=	0x0084
                           000085   358 _P0_5	=	0x0085
                           000086   359 _P0_6	=	0x0086
                           000087   360 _P0_7	=	0x0087
                           000088   361 _IT0	=	0x0088
                           000089   362 _IE0	=	0x0089
                           00008A   363 _IT1	=	0x008a
                           00008B   364 _IE1	=	0x008b
                           00008C   365 _TR0	=	0x008c
                           00008D   366 _TF0	=	0x008d
                           00008E   367 _TR1	=	0x008e
                           00008F   368 _TF1	=	0x008f
                           000090   369 _P1_0	=	0x0090
                           000091   370 _P1_1	=	0x0091
                           000092   371 _P1_2	=	0x0092
                           000093   372 _P1_3	=	0x0093
                           000094   373 _P1_4	=	0x0094
                           000095   374 _P1_5	=	0x0095
                           000096   375 _P1_6	=	0x0096
                           000097   376 _P1_7	=	0x0097
                           000098   377 _RI	=	0x0098
                           000099   378 _TI	=	0x0099
                           00009A   379 _RB8	=	0x009a
                           00009B   380 _TB8	=	0x009b
                           00009C   381 _REN	=	0x009c
                           00009D   382 _SM2	=	0x009d
                           00009E   383 _SM1	=	0x009e
                           00009F   384 _SM0	=	0x009f
                           0000A0   385 _P2_0	=	0x00a0
                           0000A1   386 _P2_1	=	0x00a1
                           0000A2   387 _P2_2	=	0x00a2
                           0000A3   388 _P2_3	=	0x00a3
                           0000A4   389 _P2_4	=	0x00a4
                           0000A5   390 _P2_5	=	0x00a5
                           0000A6   391 _P2_6	=	0x00a6
                           0000A7   392 _P2_7	=	0x00a7
                           0000A8   393 _EX0	=	0x00a8
                           0000A9   394 _ET0	=	0x00a9
                           0000AA   395 _EX1	=	0x00aa
                           0000AB   396 _ET1	=	0x00ab
                           0000AC   397 _ES	=	0x00ac
                           0000AF   398 _EA	=	0x00af
                           0000B0   399 _P3_0	=	0x00b0
                           0000B1   400 _P3_1	=	0x00b1
                           0000B2   401 _P3_2	=	0x00b2
                           0000B3   402 _P3_3	=	0x00b3
                           0000B4   403 _P3_4	=	0x00b4
                           0000B5   404 _P3_5	=	0x00b5
                           0000B6   405 _P3_6	=	0x00b6
                           0000B7   406 _P3_7	=	0x00b7
                           0000B0   407 _RXD	=	0x00b0
                           0000B1   408 _TXD	=	0x00b1
                           0000B2   409 _INT0	=	0x00b2
                           0000B3   410 _INT1	=	0x00b3
                           0000B4   411 _T0	=	0x00b4
                           0000B5   412 _T1	=	0x00b5
                           0000B6   413 _WR	=	0x00b6
                           0000B7   414 _RD	=	0x00b7
                           0000B8   415 _PX0	=	0x00b8
                           0000B9   416 _PT0	=	0x00b9
                           0000BA   417 _PX1	=	0x00ba
                           0000BB   418 _PT1	=	0x00bb
                           0000BC   419 _PS	=	0x00bc
                           0000D0   420 _P	=	0x00d0
                           0000D1   421 _F1	=	0x00d1
                           0000D2   422 _OV	=	0x00d2
                           0000D3   423 _RS0	=	0x00d3
                           0000D4   424 _RS1	=	0x00d4
                           0000D5   425 _F0	=	0x00d5
                           0000D6   426 _AC	=	0x00d6
                           0000D7   427 _CY	=	0x00d7
                                    428 ;--------------------------------------------------------
                                    429 ; overlayable register banks
                                    430 ;--------------------------------------------------------
                                    431 	.area REG_BANK_0	(REL,OVR,DATA)
      000000                        432 	.ds 8
                                    433 ;--------------------------------------------------------
                                    434 ; internal ram data
                                    435 ;--------------------------------------------------------
                                    436 	.area DSEG    (DATA)
                                    437 ;--------------------------------------------------------
                                    438 ; overlayable items in internal ram 
                                    439 ;--------------------------------------------------------
                                    440 ;--------------------------------------------------------
                                    441 ; indirectly addressable internal ram data
                                    442 ;--------------------------------------------------------
                                    443 	.area ISEG    (DATA)
                                    444 ;--------------------------------------------------------
                                    445 ; absolute internal ram data
                                    446 ;--------------------------------------------------------
                                    447 	.area IABS    (ABS,DATA)
                                    448 	.area IABS    (ABS,DATA)
                                    449 ;--------------------------------------------------------
                                    450 ; bit data
                                    451 ;--------------------------------------------------------
                                    452 	.area BSEG    (BIT)
                                    453 ;--------------------------------------------------------
                                    454 ; paged external ram data
                                    455 ;--------------------------------------------------------
                                    456 	.area PSEG    (PAG,XDATA)
                                    457 ;--------------------------------------------------------
                                    458 ; external ram data
                                    459 ;--------------------------------------------------------
                                    460 	.area XSEG    (XDATA)
      000000                        461 _eeprom_write_PARM_2:
      000000                        462 	.ds 1
      000001                        463 _eeprom_write_address_65536_23:
      000001                        464 	.ds 2
      000003                        465 _eeprom_read_address_65536_30:
      000003                        466 	.ds 2
      000005                        467 _EEPROM_hexdump_PARM_2:
      000005                        468 	.ds 2
      000007                        469 _EEPROM_hexdump_start_address_65536_35:
      000007                        470 	.ds 2
      000009                        471 _EEPROM_hexdump_current_address_65537_37:
      000009                        472 	.ds 2
                                    473 ;--------------------------------------------------------
                                    474 ; absolute external ram data
                                    475 ;--------------------------------------------------------
                                    476 	.area XABS    (ABS,XDATA)
                                    477 ;--------------------------------------------------------
                                    478 ; external initialized ram data
                                    479 ;--------------------------------------------------------
                                    480 	.area XISEG   (XDATA)
                                    481 	.area HOME    (CODE)
                                    482 	.area GSINIT0 (CODE)
                                    483 	.area GSINIT1 (CODE)
                                    484 	.area GSINIT2 (CODE)
                                    485 	.area GSINIT3 (CODE)
                                    486 	.area GSINIT4 (CODE)
                                    487 	.area GSINIT5 (CODE)
                                    488 	.area GSINIT  (CODE)
                                    489 	.area GSFINAL (CODE)
                                    490 	.area CSEG    (CODE)
                                    491 ;--------------------------------------------------------
                                    492 ; global & static initialisations
                                    493 ;--------------------------------------------------------
                                    494 	.area HOME    (CODE)
                                    495 	.area GSINIT  (CODE)
                                    496 	.area GSFINAL (CODE)
                                    497 	.area GSINIT  (CODE)
                                    498 ;--------------------------------------------------------
                                    499 ; Home
                                    500 ;--------------------------------------------------------
                                    501 	.area HOME    (CODE)
                                    502 	.area HOME    (CODE)
                                    503 ;--------------------------------------------------------
                                    504 ; code
                                    505 ;--------------------------------------------------------
                                    506 	.area CSEG    (CODE)
                                    507 ;------------------------------------------------------------
                                    508 ;Allocation info for local variables in function 'eeprom_write'
                                    509 ;------------------------------------------------------------
                                    510 ;data                      Allocated with name '_eeprom_write_PARM_2'
                                    511 ;address                   Allocated with name '_eeprom_write_address_65536_23'
                                    512 ;i                         Allocated with name '_eeprom_write_i_131072_28'
                                    513 ;------------------------------------------------------------
                                    514 ;	src/eeprom.c:15: int eeprom_write(unsigned int address, unsigned char data) 
                                    515 ;	-----------------------------------------
                                    516 ;	 function eeprom_write
                                    517 ;	-----------------------------------------
      000000                        518 _eeprom_write:
                           000007   519 	ar7 = 0x07
                           000006   520 	ar6 = 0x06
                           000005   521 	ar5 = 0x05
                           000004   522 	ar4 = 0x04
                           000003   523 	ar3 = 0x03
                           000002   524 	ar2 = 0x02
                           000001   525 	ar1 = 0x01
                           000000   526 	ar0 = 0x00
      000000 AF 83            [24]  527 	mov	r7,dph
      000002 E5 82            [12]  528 	mov	a,dpl
      000004 90r00r01         [24]  529 	mov	dptr,#_eeprom_write_address_65536_23
      000007 F0               [24]  530 	movx	@dptr,a
      000008 EF               [12]  531 	mov	a,r7
      000009 A3               [24]  532 	inc	dptr
      00000A F0               [24]  533 	movx	@dptr,a
                                    534 ;	src/eeprom.c:18: i2c_start();
      00000B 12r00r00         [24]  535 	lcall	_i2c_start
                                    536 ;	src/eeprom.c:21: if(!i2c_write(EEPROM_ID | block | WRITE)) {
      00000E 90r00r00         [24]  537 	mov	dptr,#_block
      000011 E0               [24]  538 	movx	a,@dptr
      000012 FE               [12]  539 	mov	r6,a
      000013 A3               [24]  540 	inc	dptr
      000014 E0               [24]  541 	movx	a,@dptr
      000015 43 06 A0         [24]  542 	orl	ar6,#0xa0
      000018 8E 82            [24]  543 	mov	dpl,r6
      00001A 12r00r00         [24]  544 	lcall	_i2c_write
      00001D E5 82            [12]  545 	mov	a,dpl
      00001F 85 83 F0         [24]  546 	mov	b,dph
      000022 45 F0            [12]  547 	orl	a,b
      000024 70 1C            [24]  548 	jnz	00102$
                                    549 ;	src/eeprom.c:22: printf("Error: No ACK for device address (write)\n\r");
      000026 74r00            [12]  550 	mov	a,#___str_0
      000028 C0 E0            [24]  551 	push	acc
      00002A 74s00            [12]  552 	mov	a,#(___str_0 >> 8)
      00002C C0 E0            [24]  553 	push	acc
      00002E 74 80            [12]  554 	mov	a,#0x80
      000030 C0 E0            [24]  555 	push	acc
      000032 12r00r00         [24]  556 	lcall	_printf
      000035 15 81            [12]  557 	dec	sp
      000037 15 81            [12]  558 	dec	sp
      000039 15 81            [12]  559 	dec	sp
                                    560 ;	src/eeprom.c:23: i2c_stop();
      00003B 12r00r00         [24]  561 	lcall	_i2c_stop
                                    562 ;	src/eeprom.c:24: return 0;
      00003E 90 00 00         [24]  563 	mov	dptr,#0x0000
      000041 22               [24]  564 	ret
      000042                        565 00102$:
                                    566 ;	src/eeprom.c:28: if(!i2c_write((unsigned char)address)) {
      000042 90r00r01         [24]  567 	mov	dptr,#_eeprom_write_address_65536_23
      000045 E0               [24]  568 	movx	a,@dptr
      000046 FE               [12]  569 	mov	r6,a
      000047 A3               [24]  570 	inc	dptr
      000048 E0               [24]  571 	movx	a,@dptr
      000049 FF               [12]  572 	mov	r7,a
      00004A 8E 05            [24]  573 	mov	ar5,r6
      00004C 8D 82            [24]  574 	mov	dpl,r5
      00004E C0 07            [24]  575 	push	ar7
      000050 C0 06            [24]  576 	push	ar6
      000052 12r00r00         [24]  577 	lcall	_i2c_write
      000055 E5 82            [12]  578 	mov	a,dpl
      000057 85 83 F0         [24]  579 	mov	b,dph
      00005A D0 06            [24]  580 	pop	ar6
      00005C D0 07            [24]  581 	pop	ar7
      00005E 45 F0            [12]  582 	orl	a,b
      000060 70 1C            [24]  583 	jnz	00104$
                                    584 ;	src/eeprom.c:29: printf("Error: No ACK for memory address\n\r");
      000062 74r2B            [12]  585 	mov	a,#___str_1
      000064 C0 E0            [24]  586 	push	acc
      000066 74s00            [12]  587 	mov	a,#(___str_1 >> 8)
      000068 C0 E0            [24]  588 	push	acc
      00006A 74 80            [12]  589 	mov	a,#0x80
      00006C C0 E0            [24]  590 	push	acc
      00006E 12r00r00         [24]  591 	lcall	_printf
      000071 15 81            [12]  592 	dec	sp
      000073 15 81            [12]  593 	dec	sp
      000075 15 81            [12]  594 	dec	sp
                                    595 ;	src/eeprom.c:30: i2c_stop();
      000077 12r00r00         [24]  596 	lcall	_i2c_stop
                                    597 ;	src/eeprom.c:31: return 0;
      00007A 90 00 00         [24]  598 	mov	dptr,#0x0000
      00007D 22               [24]  599 	ret
      00007E                        600 00104$:
                                    601 ;	src/eeprom.c:35: if(!i2c_write(data)) {
      00007E 90r00r00         [24]  602 	mov	dptr,#_eeprom_write_PARM_2
      000081 E0               [24]  603 	movx	a,@dptr
      000082 FD               [12]  604 	mov	r5,a
      000083 F5 82            [12]  605 	mov	dpl,a
      000085 C0 07            [24]  606 	push	ar7
      000087 C0 06            [24]  607 	push	ar6
      000089 C0 05            [24]  608 	push	ar5
      00008B 12r00r00         [24]  609 	lcall	_i2c_write
      00008E E5 82            [12]  610 	mov	a,dpl
      000090 85 83 F0         [24]  611 	mov	b,dph
      000093 D0 05            [24]  612 	pop	ar5
      000095 D0 06            [24]  613 	pop	ar6
      000097 D0 07            [24]  614 	pop	ar7
      000099 45 F0            [12]  615 	orl	a,b
      00009B 70 1C            [24]  616 	jnz	00106$
                                    617 ;	src/eeprom.c:36: printf("Error: No ACK for data\n\r");
      00009D 74r4E            [12]  618 	mov	a,#___str_2
      00009F C0 E0            [24]  619 	push	acc
      0000A1 74s00            [12]  620 	mov	a,#(___str_2 >> 8)
      0000A3 C0 E0            [24]  621 	push	acc
      0000A5 74 80            [12]  622 	mov	a,#0x80
      0000A7 C0 E0            [24]  623 	push	acc
      0000A9 12r00r00         [24]  624 	lcall	_printf
      0000AC 15 81            [12]  625 	dec	sp
      0000AE 15 81            [12]  626 	dec	sp
      0000B0 15 81            [12]  627 	dec	sp
                                    628 ;	src/eeprom.c:37: i2c_stop();
      0000B2 12r00r00         [24]  629 	lcall	_i2c_stop
                                    630 ;	src/eeprom.c:38: return 0;
      0000B5 90 00 00         [24]  631 	mov	dptr,#0x0000
      0000B8 22               [24]  632 	ret
      0000B9                        633 00106$:
                                    634 ;	src/eeprom.c:41: i2c_stop();
      0000B9 C0 07            [24]  635 	push	ar7
      0000BB C0 06            [24]  636 	push	ar6
      0000BD C0 05            [24]  637 	push	ar5
      0000BF 12r00r00         [24]  638 	lcall	_i2c_stop
      0000C2 D0 05            [24]  639 	pop	ar5
      0000C4 D0 06            [24]  640 	pop	ar6
      0000C6 D0 07            [24]  641 	pop	ar7
                                    642 ;	src/eeprom.c:43: for(int i = 0; i<10; i++)
      0000C8 7B 00            [12]  643 	mov	r3,#0x00
      0000CA 7C 00            [12]  644 	mov	r4,#0x00
      0000CC                        645 00109$:
      0000CC C3               [12]  646 	clr	c
      0000CD EB               [12]  647 	mov	a,r3
      0000CE 94 0A            [12]  648 	subb	a,#0x0a
      0000D0 EC               [12]  649 	mov	a,r4
      0000D1 64 80            [12]  650 	xrl	a,#0x80
      0000D3 94 80            [12]  651 	subb	a,#0x80
      0000D5 50 1E            [24]  652 	jnc	00107$
                                    653 ;	src/eeprom.c:45: i2c_delay();
      0000D7 C0 07            [24]  654 	push	ar7
      0000D9 C0 06            [24]  655 	push	ar6
      0000DB C0 05            [24]  656 	push	ar5
      0000DD C0 04            [24]  657 	push	ar4
      0000DF C0 03            [24]  658 	push	ar3
      0000E1 12r00r00         [24]  659 	lcall	_i2c_delay
      0000E4 D0 03            [24]  660 	pop	ar3
      0000E6 D0 04            [24]  661 	pop	ar4
      0000E8 D0 05            [24]  662 	pop	ar5
      0000EA D0 06            [24]  663 	pop	ar6
      0000EC D0 07            [24]  664 	pop	ar7
                                    665 ;	src/eeprom.c:43: for(int i = 0; i<10; i++)
      0000EE 0B               [12]  666 	inc	r3
      0000EF BB 00 DA         [24]  667 	cjne	r3,#0x00,00109$
      0000F2 0C               [12]  668 	inc	r4
      0000F3 80 D7            [24]  669 	sjmp	00109$
      0000F5                        670 00107$:
                                    671 ;	src/eeprom.c:48: printf("| Writing at Address 0x%03X Data 0x%02X          |\n\r", address, data);
      0000F5 7C 00            [12]  672 	mov	r4,#0x00
      0000F7 C0 05            [24]  673 	push	ar5
      0000F9 C0 04            [24]  674 	push	ar4
      0000FB C0 06            [24]  675 	push	ar6
      0000FD C0 07            [24]  676 	push	ar7
      0000FF 74r67            [12]  677 	mov	a,#___str_3
      000101 C0 E0            [24]  678 	push	acc
      000103 74s00            [12]  679 	mov	a,#(___str_3 >> 8)
      000105 C0 E0            [24]  680 	push	acc
      000107 74 80            [12]  681 	mov	a,#0x80
      000109 C0 E0            [24]  682 	push	acc
      00010B 12r00r00         [24]  683 	lcall	_printf
      00010E E5 81            [12]  684 	mov	a,sp
      000110 24 F9            [12]  685 	add	a,#0xf9
      000112 F5 81            [12]  686 	mov	sp,a
                                    687 ;	src/eeprom.c:49: printf("│ Write successful!                             │\n\r");
      000114 74r9C            [12]  688 	mov	a,#___str_4
      000116 C0 E0            [24]  689 	push	acc
      000118 74s00            [12]  690 	mov	a,#(___str_4 >> 8)
      00011A C0 E0            [24]  691 	push	acc
      00011C 74 80            [12]  692 	mov	a,#0x80
      00011E C0 E0            [24]  693 	push	acc
      000120 12r00r00         [24]  694 	lcall	_printf
      000123 15 81            [12]  695 	dec	sp
      000125 15 81            [12]  696 	dec	sp
      000127 15 81            [12]  697 	dec	sp
                                    698 ;	src/eeprom.c:50: printf("└───────────────────────────────────────────────┘\n\r");
      000129 74rD4            [12]  699 	mov	a,#___str_5
      00012B C0 E0            [24]  700 	push	acc
      00012D 74s00            [12]  701 	mov	a,#(___str_5 >> 8)
      00012F C0 E0            [24]  702 	push	acc
      000131 74 80            [12]  703 	mov	a,#0x80
      000133 C0 E0            [24]  704 	push	acc
      000135 12r00r00         [24]  705 	lcall	_printf
      000138 15 81            [12]  706 	dec	sp
      00013A 15 81            [12]  707 	dec	sp
      00013C 15 81            [12]  708 	dec	sp
                                    709 ;	src/eeprom.c:51: return 1;  // Success
      00013E 90 00 01         [24]  710 	mov	dptr,#0x0001
                                    711 ;	src/eeprom.c:54: }
      000141 22               [24]  712 	ret
                                    713 ;------------------------------------------------------------
                                    714 ;Allocation info for local variables in function 'eeprom_read'
                                    715 ;------------------------------------------------------------
                                    716 ;address                   Allocated with name '_eeprom_read_address_65536_30'
                                    717 ;result                    Allocated with name '_eeprom_read_result_65536_31'
                                    718 ;------------------------------------------------------------
                                    719 ;	src/eeprom.c:70: int eeprom_read(unsigned int address)
                                    720 ;	-----------------------------------------
                                    721 ;	 function eeprom_read
                                    722 ;	-----------------------------------------
      000142                        723 _eeprom_read:
      000142 AF 83            [24]  724 	mov	r7,dph
      000144 E5 82            [12]  725 	mov	a,dpl
      000146 90r00r03         [24]  726 	mov	dptr,#_eeprom_read_address_65536_30
      000149 F0               [24]  727 	movx	@dptr,a
      00014A EF               [12]  728 	mov	a,r7
      00014B A3               [24]  729 	inc	dptr
      00014C F0               [24]  730 	movx	@dptr,a
                                    731 ;	src/eeprom.c:76: i2c_start();
      00014D 12r00r00         [24]  732 	lcall	_i2c_start
                                    733 ;	src/eeprom.c:79: if(!i2c_write(EEPROM_ID | WRITE)) {
      000150 75 82 A0         [24]  734 	mov	dpl,#0xa0
      000153 12r00r00         [24]  735 	lcall	_i2c_write
      000156 E5 82            [12]  736 	mov	a,dpl
      000158 85 83 F0         [24]  737 	mov	b,dph
      00015B 45 F0            [12]  738 	orl	a,b
      00015D 70 1C            [24]  739 	jnz	00102$
                                    740 ;	src/eeprom.c:80: printf("Error: No ACK for device address (write mode)\n\r");
      00015F 74r6A            [12]  741 	mov	a,#___str_6
      000161 C0 E0            [24]  742 	push	acc
      000163 74s01            [12]  743 	mov	a,#(___str_6 >> 8)
      000165 C0 E0            [24]  744 	push	acc
      000167 74 80            [12]  745 	mov	a,#0x80
      000169 C0 E0            [24]  746 	push	acc
      00016B 12r00r00         [24]  747 	lcall	_printf
      00016E 15 81            [12]  748 	dec	sp
      000170 15 81            [12]  749 	dec	sp
      000172 15 81            [12]  750 	dec	sp
                                    751 ;	src/eeprom.c:81: i2c_stop();
      000174 12r00r00         [24]  752 	lcall	_i2c_stop
                                    753 ;	src/eeprom.c:82: return -1;
      000177 90 FF FF         [24]  754 	mov	dptr,#0xffff
      00017A 22               [24]  755 	ret
      00017B                        756 00102$:
                                    757 ;	src/eeprom.c:86: if(!i2c_write((unsigned char)address)) {
      00017B 90r00r03         [24]  758 	mov	dptr,#_eeprom_read_address_65536_30
      00017E E0               [24]  759 	movx	a,@dptr
      00017F FE               [12]  760 	mov	r6,a
      000180 A3               [24]  761 	inc	dptr
      000181 E0               [24]  762 	movx	a,@dptr
      000182 FF               [12]  763 	mov	r7,a
      000183 8E 05            [24]  764 	mov	ar5,r6
      000185 8D 82            [24]  765 	mov	dpl,r5
      000187 C0 07            [24]  766 	push	ar7
      000189 C0 06            [24]  767 	push	ar6
      00018B 12r00r00         [24]  768 	lcall	_i2c_write
      00018E E5 82            [12]  769 	mov	a,dpl
      000190 85 83 F0         [24]  770 	mov	b,dph
      000193 D0 06            [24]  771 	pop	ar6
      000195 D0 07            [24]  772 	pop	ar7
      000197 45 F0            [12]  773 	orl	a,b
      000199 70 1C            [24]  774 	jnz	00104$
                                    775 ;	src/eeprom.c:87: printf("Error: No ACK for memory address\n\r");
      00019B 74r2B            [12]  776 	mov	a,#___str_1
      00019D C0 E0            [24]  777 	push	acc
      00019F 74s00            [12]  778 	mov	a,#(___str_1 >> 8)
      0001A1 C0 E0            [24]  779 	push	acc
      0001A3 74 80            [12]  780 	mov	a,#0x80
      0001A5 C0 E0            [24]  781 	push	acc
      0001A7 12r00r00         [24]  782 	lcall	_printf
      0001AA 15 81            [12]  783 	dec	sp
      0001AC 15 81            [12]  784 	dec	sp
      0001AE 15 81            [12]  785 	dec	sp
                                    786 ;	src/eeprom.c:88: i2c_stop();
      0001B0 12r00r00         [24]  787 	lcall	_i2c_stop
                                    788 ;	src/eeprom.c:89: return -1;
      0001B3 90 FF FF         [24]  789 	mov	dptr,#0xffff
      0001B6 22               [24]  790 	ret
      0001B7                        791 00104$:
                                    792 ;	src/eeprom.c:93: i2c_start();
      0001B7 C0 07            [24]  793 	push	ar7
      0001B9 C0 06            [24]  794 	push	ar6
      0001BB 12r00r00         [24]  795 	lcall	_i2c_start
                                    796 ;	src/eeprom.c:96: if(!i2c_write(EEPROM_ID | READ)) {
      0001BE 75 82 A1         [24]  797 	mov	dpl,#0xa1
      0001C1 12r00r00         [24]  798 	lcall	_i2c_write
      0001C4 E5 82            [12]  799 	mov	a,dpl
      0001C6 85 83 F0         [24]  800 	mov	b,dph
      0001C9 D0 06            [24]  801 	pop	ar6
      0001CB D0 07            [24]  802 	pop	ar7
      0001CD 45 F0            [12]  803 	orl	a,b
      0001CF 70 1C            [24]  804 	jnz	00106$
                                    805 ;	src/eeprom.c:97: printf("Error: No ACK for device address (read mode)\n\r");
      0001D1 74r9A            [12]  806 	mov	a,#___str_7
      0001D3 C0 E0            [24]  807 	push	acc
      0001D5 74s01            [12]  808 	mov	a,#(___str_7 >> 8)
      0001D7 C0 E0            [24]  809 	push	acc
      0001D9 74 80            [12]  810 	mov	a,#0x80
      0001DB C0 E0            [24]  811 	push	acc
      0001DD 12r00r00         [24]  812 	lcall	_printf
      0001E0 15 81            [12]  813 	dec	sp
      0001E2 15 81            [12]  814 	dec	sp
      0001E4 15 81            [12]  815 	dec	sp
                                    816 ;	src/eeprom.c:98: i2c_stop();
      0001E6 12r00r00         [24]  817 	lcall	_i2c_stop
                                    818 ;	src/eeprom.c:99: return -1;
      0001E9 90 FF FF         [24]  819 	mov	dptr,#0xffff
      0001EC 22               [24]  820 	ret
      0001ED                        821 00106$:
                                    822 ;	src/eeprom.c:103: result = i2c_read(0);  // 0 means send NACK
      0001ED 90 00 00         [24]  823 	mov	dptr,#0x0000
      0001F0 C0 07            [24]  824 	push	ar7
      0001F2 C0 06            [24]  825 	push	ar6
      0001F4 12r00r00         [24]  826 	lcall	_i2c_read
      0001F7 AC 82            [24]  827 	mov	r4,dpl
      0001F9 D0 06            [24]  828 	pop	ar6
      0001FB D0 07            [24]  829 	pop	ar7
                                    830 ;	src/eeprom.c:105: printf("| 0x%03X : 0x%02X \n\r", address, result);
      0001FD 7D 00            [12]  831 	mov	r5,#0x00
      0001FF C0 05            [24]  832 	push	ar5
      000201 C0 04            [24]  833 	push	ar4
      000203 C0 04            [24]  834 	push	ar4
      000205 C0 05            [24]  835 	push	ar5
      000207 C0 06            [24]  836 	push	ar6
      000209 C0 07            [24]  837 	push	ar7
      00020B 74rC9            [12]  838 	mov	a,#___str_8
      00020D C0 E0            [24]  839 	push	acc
      00020F 74s01            [12]  840 	mov	a,#(___str_8 >> 8)
      000211 C0 E0            [24]  841 	push	acc
      000213 74 80            [12]  842 	mov	a,#0x80
      000215 C0 E0            [24]  843 	push	acc
      000217 12r00r00         [24]  844 	lcall	_printf
      00021A E5 81            [12]  845 	mov	a,sp
      00021C 24 F9            [12]  846 	add	a,#0xf9
      00021E F5 81            [12]  847 	mov	sp,a
                                    848 ;	src/eeprom.c:106: printf("│ Read successful!                 │\n\r");
      000220 74rDE            [12]  849 	mov	a,#___str_9
      000222 C0 E0            [24]  850 	push	acc
      000224 74s01            [12]  851 	mov	a,#(___str_9 >> 8)
      000226 C0 E0            [24]  852 	push	acc
      000228 74 80            [12]  853 	mov	a,#0x80
      00022A C0 E0            [24]  854 	push	acc
      00022C 12r00r00         [24]  855 	lcall	_printf
      00022F 15 81            [12]  856 	dec	sp
      000231 15 81            [12]  857 	dec	sp
      000233 15 81            [12]  858 	dec	sp
                                    859 ;	src/eeprom.c:107: printf("└───────────────────────────────────────────────┘\n\r");
      000235 74rD4            [12]  860 	mov	a,#___str_5
      000237 C0 E0            [24]  861 	push	acc
      000239 74s00            [12]  862 	mov	a,#(___str_5 >> 8)
      00023B C0 E0            [24]  863 	push	acc
      00023D 74 80            [12]  864 	mov	a,#0x80
      00023F C0 E0            [24]  865 	push	acc
      000241 12r00r00         [24]  866 	lcall	_printf
      000244 15 81            [12]  867 	dec	sp
      000246 15 81            [12]  868 	dec	sp
      000248 15 81            [12]  869 	dec	sp
                                    870 ;	src/eeprom.c:108: i2c_stop();
      00024A 12r00r00         [24]  871 	lcall	_i2c_stop
      00024D D0 04            [24]  872 	pop	ar4
      00024F D0 05            [24]  873 	pop	ar5
                                    874 ;	src/eeprom.c:109: return result;
      000251 8C 82            [24]  875 	mov	dpl,r4
      000253 8D 83            [24]  876 	mov	dph,r5
                                    877 ;	src/eeprom.c:110: }
      000255 22               [24]  878 	ret
                                    879 ;------------------------------------------------------------
                                    880 ;Allocation info for local variables in function 'EEPROM_hexdump'
                                    881 ;------------------------------------------------------------
                                    882 ;end_address               Allocated with name '_EEPROM_hexdump_PARM_2'
                                    883 ;start_address             Allocated with name '_EEPROM_hexdump_start_address_65536_35'
                                    884 ;num_bytes                 Allocated with name '_EEPROM_hexdump_num_bytes_65537_37'
                                    885 ;current_address           Allocated with name '_EEPROM_hexdump_current_address_65537_37'
                                    886 ;i                         Allocated with name '_EEPROM_hexdump_i_196609_39'
                                    887 ;data                      Allocated with name '_EEPROM_hexdump_data_327682_45'
                                    888 ;i                         Allocated with name '_EEPROM_hexdump_i_196609_47'
                                    889 ;data                      Allocated with name '_EEPROM_hexdump_data_327682_50'
                                    890 ;------------------------------------------------------------
                                    891 ;	src/eeprom.c:125: int EEPROM_hexdump(uint16_t start_address, uint16_t end_address) {
                                    892 ;	-----------------------------------------
                                    893 ;	 function EEPROM_hexdump
                                    894 ;	-----------------------------------------
      000256                        895 _EEPROM_hexdump:
      000256 AF 83            [24]  896 	mov	r7,dph
      000258 E5 82            [12]  897 	mov	a,dpl
      00025A 90r00r07         [24]  898 	mov	dptr,#_EEPROM_hexdump_start_address_65536_35
      00025D F0               [24]  899 	movx	@dptr,a
      00025E EF               [12]  900 	mov	a,r7
      00025F A3               [24]  901 	inc	dptr
      000260 F0               [24]  902 	movx	@dptr,a
                                    903 ;	src/eeprom.c:127: printf("\r\n----------------------------------------------------------------\r\n");
      000261 74r09            [12]  904 	mov	a,#___str_10
      000263 C0 E0            [24]  905 	push	acc
      000265 74s02            [12]  906 	mov	a,#(___str_10 >> 8)
      000267 C0 E0            [24]  907 	push	acc
      000269 74 80            [12]  908 	mov	a,#0x80
      00026B C0 E0            [24]  909 	push	acc
      00026D 12r00r00         [24]  910 	lcall	_printf
      000270 15 81            [12]  911 	dec	sp
      000272 15 81            [12]  912 	dec	sp
      000274 15 81            [12]  913 	dec	sp
                                    914 ;	src/eeprom.c:128: printf("                    EEPROM Hex Dump                               \r\n");
      000276 74r4E            [12]  915 	mov	a,#___str_11
      000278 C0 E0            [24]  916 	push	acc
      00027A 74s02            [12]  917 	mov	a,#(___str_11 >> 8)
      00027C C0 E0            [24]  918 	push	acc
      00027E 74 80            [12]  919 	mov	a,#0x80
      000280 C0 E0            [24]  920 	push	acc
      000282 12r00r00         [24]  921 	lcall	_printf
      000285 15 81            [12]  922 	dec	sp
      000287 15 81            [12]  923 	dec	sp
      000289 15 81            [12]  924 	dec	sp
                                    925 ;	src/eeprom.c:129: printf("----------------------------------------------------------------\r\n");
      00028B 74r93            [12]  926 	mov	a,#___str_12
      00028D C0 E0            [24]  927 	push	acc
      00028F 74s02            [12]  928 	mov	a,#(___str_12 >> 8)
      000291 C0 E0            [24]  929 	push	acc
      000293 74 80            [12]  930 	mov	a,#0x80
      000295 C0 E0            [24]  931 	push	acc
      000297 12r00r00         [24]  932 	lcall	_printf
      00029A 15 81            [12]  933 	dec	sp
      00029C 15 81            [12]  934 	dec	sp
      00029E 15 81            [12]  935 	dec	sp
                                    936 ;	src/eeprom.c:130: printf("     0  1  2  3  4  5  6  7  8  9  A  B  C  D  E  F\r\n");
      0002A0 74rD6            [12]  937 	mov	a,#___str_13
      0002A2 C0 E0            [24]  938 	push	acc
      0002A4 74s02            [12]  939 	mov	a,#(___str_13 >> 8)
      0002A6 C0 E0            [24]  940 	push	acc
      0002A8 74 80            [12]  941 	mov	a,#0x80
      0002AA C0 E0            [24]  942 	push	acc
      0002AC 12r00r00         [24]  943 	lcall	_printf
      0002AF 15 81            [12]  944 	dec	sp
      0002B1 15 81            [12]  945 	dec	sp
      0002B3 15 81            [12]  946 	dec	sp
                                    947 ;	src/eeprom.c:134: uint16_t current_address = start_address;
      0002B5 90r00r07         [24]  948 	mov	dptr,#_EEPROM_hexdump_start_address_65536_35
      0002B8 E0               [24]  949 	movx	a,@dptr
      0002B9 FE               [12]  950 	mov	r6,a
      0002BA A3               [24]  951 	inc	dptr
      0002BB E0               [24]  952 	movx	a,@dptr
      0002BC FF               [12]  953 	mov	r7,a
      0002BD 90r00r09         [24]  954 	mov	dptr,#_EEPROM_hexdump_current_address_65537_37
      0002C0 EE               [12]  955 	mov	a,r6
      0002C1 F0               [24]  956 	movx	@dptr,a
      0002C2 EF               [12]  957 	mov	a,r7
      0002C3 A3               [24]  958 	inc	dptr
      0002C4 F0               [24]  959 	movx	@dptr,a
                                    960 ;	src/eeprom.c:137: while (current_address <= end_address) {
      0002C5 90r00r05         [24]  961 	mov	dptr,#_EEPROM_hexdump_PARM_2
      0002C8 E0               [24]  962 	movx	a,@dptr
      0002C9 FE               [12]  963 	mov	r6,a
      0002CA A3               [24]  964 	inc	dptr
      0002CB E0               [24]  965 	movx	a,@dptr
      0002CC FF               [12]  966 	mov	r7,a
      0002CD                        967 00119$:
      0002CD 90r00r09         [24]  968 	mov	dptr,#_EEPROM_hexdump_current_address_65537_37
      0002D0 E0               [24]  969 	movx	a,@dptr
      0002D1 FC               [12]  970 	mov	r4,a
      0002D2 A3               [24]  971 	inc	dptr
      0002D3 E0               [24]  972 	movx	a,@dptr
      0002D4 FD               [12]  973 	mov	r5,a
      0002D5 C3               [12]  974 	clr	c
      0002D6 EE               [12]  975 	mov	a,r6
      0002D7 9C               [12]  976 	subb	a,r4
      0002D8 EF               [12]  977 	mov	a,r7
      0002D9 9D               [12]  978 	subb	a,r5
      0002DA 50 03            [24]  979 	jnc	00183$
      0002DC 02r05r6C         [24]  980 	ljmp	00121$
      0002DF                        981 00183$:
                                    982 ;	src/eeprom.c:139: printf("%03X: ", current_address & 0xFFF0);
      0002DF 53 04 F0         [24]  983 	anl	ar4,#0xf0
      0002E2 C0 07            [24]  984 	push	ar7
      0002E4 C0 06            [24]  985 	push	ar6
      0002E6 C0 04            [24]  986 	push	ar4
      0002E8 C0 05            [24]  987 	push	ar5
      0002EA 74r0C            [12]  988 	mov	a,#___str_14
      0002EC C0 E0            [24]  989 	push	acc
      0002EE 74s03            [12]  990 	mov	a,#(___str_14 >> 8)
      0002F0 C0 E0            [24]  991 	push	acc
      0002F2 74 80            [12]  992 	mov	a,#0x80
      0002F4 C0 E0            [24]  993 	push	acc
      0002F6 12r00r00         [24]  994 	lcall	_printf
      0002F9 E5 81            [12]  995 	mov	a,sp
      0002FB 24 FB            [12]  996 	add	a,#0xfb
      0002FD F5 81            [12]  997 	mov	sp,a
      0002FF D0 06            [24]  998 	pop	ar6
      000301 D0 07            [24]  999 	pop	ar7
                                   1000 ;	src/eeprom.c:142: for (uint8_t i = 0; i < 16; i++) {
      000303 7D 00            [12] 1001 	mov	r5,#0x00
      000305                       1002 00123$:
      000305 BD 10 00         [24] 1003 	cjne	r5,#0x10,00184$
      000308                       1004 00184$:
      000308 40 03            [24] 1005 	jc	00185$
      00030A 02r04r41         [24] 1006 	ljmp	00110$
      00030D                       1007 00185$:
                                   1008 ;	src/eeprom.c:143: if (current_address + i <= end_address) {
      00030D 8D 03            [24] 1009 	mov	ar3,r5
      00030F 7C 00            [12] 1010 	mov	r4,#0x00
      000311 90r00r09         [24] 1011 	mov	dptr,#_EEPROM_hexdump_current_address_65537_37
      000314 E0               [24] 1012 	movx	a,@dptr
      000315 F9               [12] 1013 	mov	r1,a
      000316 A3               [24] 1014 	inc	dptr
      000317 E0               [24] 1015 	movx	a,@dptr
      000318 FA               [12] 1016 	mov	r2,a
      000319 C0 05            [24] 1017 	push	ar5
      00031B 89 00            [24] 1018 	mov	ar0,r1
      00031D 8A 05            [24] 1019 	mov	ar5,r2
      00031F EB               [12] 1020 	mov	a,r3
      000320 28               [12] 1021 	add	a,r0
      000321 F8               [12] 1022 	mov	r0,a
      000322 EC               [12] 1023 	mov	a,r4
      000323 3D               [12] 1024 	addc	a,r5
      000324 FD               [12] 1025 	mov	r5,a
      000325 C3               [12] 1026 	clr	c
      000326 EE               [12] 1027 	mov	a,r6
      000327 98               [12] 1028 	subb	a,r0
      000328 EF               [12] 1029 	mov	a,r7
      000329 9D               [12] 1030 	subb	a,r5
      00032A D0 05            [24] 1031 	pop	ar5
      00032C 50 03            [24] 1032 	jnc	00186$
      00032E 02r04r1C         [24] 1033 	ljmp	00108$
      000331                       1034 00186$:
                                   1035 ;	src/eeprom.c:145: i2c_start();
      000331 C0 07            [24] 1036 	push	ar7
      000333 C0 06            [24] 1037 	push	ar6
      000335 C0 05            [24] 1038 	push	ar5
      000337 C0 02            [24] 1039 	push	ar2
      000339 C0 01            [24] 1040 	push	ar1
      00033B 12r00r00         [24] 1041 	lcall	_i2c_start
                                   1042 ;	src/eeprom.c:148: if (!i2c_write(EEPROM_ID | WRITE)) {
      00033E 75 82 A0         [24] 1043 	mov	dpl,#0xa0
      000341 12r00r00         [24] 1044 	lcall	_i2c_write
      000344 E5 82            [12] 1045 	mov	a,dpl
      000346 85 83 F0         [24] 1046 	mov	b,dph
      000349 D0 01            [24] 1047 	pop	ar1
      00034B D0 02            [24] 1048 	pop	ar2
      00034D D0 05            [24] 1049 	pop	ar5
      00034F D0 06            [24] 1050 	pop	ar6
      000351 D0 07            [24] 1051 	pop	ar7
      000353 45 F0            [12] 1052 	orl	a,b
      000355 70 1C            [24] 1053 	jnz	00102$
                                   1054 ;	src/eeprom.c:149: printf("Error: Device not responding\r\n");
      000357 74r13            [12] 1055 	mov	a,#___str_15
      000359 C0 E0            [24] 1056 	push	acc
      00035B 74s03            [12] 1057 	mov	a,#(___str_15 >> 8)
      00035D C0 E0            [24] 1058 	push	acc
      00035F 74 80            [12] 1059 	mov	a,#0x80
      000361 C0 E0            [24] 1060 	push	acc
      000363 12r00r00         [24] 1061 	lcall	_printf
      000366 15 81            [12] 1062 	dec	sp
      000368 15 81            [12] 1063 	dec	sp
      00036A 15 81            [12] 1064 	dec	sp
                                   1065 ;	src/eeprom.c:150: i2c_stop();
      00036C 12r00r00         [24] 1066 	lcall	_i2c_stop
                                   1067 ;	src/eeprom.c:151: return 0;
      00036F 90 00 00         [24] 1068 	mov	dptr,#0x0000
      000372 22               [24] 1069 	ret
      000373                       1070 00102$:
                                   1071 ;	src/eeprom.c:155: if (!i2c_write((unsigned char)(current_address + i))) {
      000373 ED               [12] 1072 	mov	a,r5
      000374 29               [12] 1073 	add	a,r1
      000375 F5 82            [12] 1074 	mov	dpl,a
      000377 C0 07            [24] 1075 	push	ar7
      000379 C0 06            [24] 1076 	push	ar6
      00037B C0 05            [24] 1077 	push	ar5
      00037D 12r00r00         [24] 1078 	lcall	_i2c_write
      000380 E5 82            [12] 1079 	mov	a,dpl
      000382 85 83 F0         [24] 1080 	mov	b,dph
      000385 D0 05            [24] 1081 	pop	ar5
      000387 D0 06            [24] 1082 	pop	ar6
      000389 D0 07            [24] 1083 	pop	ar7
      00038B 45 F0            [12] 1084 	orl	a,b
      00038D 70 1C            [24] 1085 	jnz	00104$
                                   1086 ;	src/eeprom.c:156: printf("Error: Address write failed\r\n");
      00038F 74r32            [12] 1087 	mov	a,#___str_16
      000391 C0 E0            [24] 1088 	push	acc
      000393 74s03            [12] 1089 	mov	a,#(___str_16 >> 8)
      000395 C0 E0            [24] 1090 	push	acc
      000397 74 80            [12] 1091 	mov	a,#0x80
      000399 C0 E0            [24] 1092 	push	acc
      00039B 12r00r00         [24] 1093 	lcall	_printf
      00039E 15 81            [12] 1094 	dec	sp
      0003A0 15 81            [12] 1095 	dec	sp
      0003A2 15 81            [12] 1096 	dec	sp
                                   1097 ;	src/eeprom.c:157: i2c_stop();
      0003A4 12r00r00         [24] 1098 	lcall	_i2c_stop
                                   1099 ;	src/eeprom.c:158: return 0;
      0003A7 90 00 00         [24] 1100 	mov	dptr,#0x0000
      0003AA 22               [24] 1101 	ret
      0003AB                       1102 00104$:
                                   1103 ;	src/eeprom.c:162: i2c_start();
      0003AB C0 07            [24] 1104 	push	ar7
      0003AD C0 06            [24] 1105 	push	ar6
      0003AF C0 05            [24] 1106 	push	ar5
      0003B1 12r00r00         [24] 1107 	lcall	_i2c_start
                                   1108 ;	src/eeprom.c:165: if (!i2c_write(EEPROM_ID | READ)) {
      0003B4 75 82 A1         [24] 1109 	mov	dpl,#0xa1
      0003B7 12r00r00         [24] 1110 	lcall	_i2c_write
      0003BA E5 82            [12] 1111 	mov	a,dpl
      0003BC 85 83 F0         [24] 1112 	mov	b,dph
      0003BF D0 05            [24] 1113 	pop	ar5
      0003C1 D0 06            [24] 1114 	pop	ar6
      0003C3 D0 07            [24] 1115 	pop	ar7
      0003C5 45 F0            [12] 1116 	orl	a,b
      0003C7 70 1C            [24] 1117 	jnz	00106$
                                   1118 ;	src/eeprom.c:166: printf("Error: Device not responding in read mode\r\n");
      0003C9 74r50            [12] 1119 	mov	a,#___str_17
      0003CB C0 E0            [24] 1120 	push	acc
      0003CD 74s03            [12] 1121 	mov	a,#(___str_17 >> 8)
      0003CF C0 E0            [24] 1122 	push	acc
      0003D1 74 80            [12] 1123 	mov	a,#0x80
      0003D3 C0 E0            [24] 1124 	push	acc
      0003D5 12r00r00         [24] 1125 	lcall	_printf
      0003D8 15 81            [12] 1126 	dec	sp
      0003DA 15 81            [12] 1127 	dec	sp
      0003DC 15 81            [12] 1128 	dec	sp
                                   1129 ;	src/eeprom.c:167: i2c_stop();
      0003DE 12r00r00         [24] 1130 	lcall	_i2c_stop
                                   1131 ;	src/eeprom.c:168: return 0;
      0003E1 90 00 00         [24] 1132 	mov	dptr,#0x0000
      0003E4 22               [24] 1133 	ret
      0003E5                       1134 00106$:
                                   1135 ;	src/eeprom.c:172: unsigned char data = i2c_read(0);
      0003E5 90 00 00         [24] 1136 	mov	dptr,#0x0000
      0003E8 C0 07            [24] 1137 	push	ar7
      0003EA C0 06            [24] 1138 	push	ar6
      0003EC C0 05            [24] 1139 	push	ar5
      0003EE 12r00r00         [24] 1140 	lcall	_i2c_read
      0003F1 AB 82            [24] 1141 	mov	r3,dpl
                                   1142 ;	src/eeprom.c:173: printf("%02X ", data);
      0003F3 7C 00            [12] 1143 	mov	r4,#0x00
      0003F5 C0 03            [24] 1144 	push	ar3
      0003F7 C0 04            [24] 1145 	push	ar4
      0003F9 74r7C            [12] 1146 	mov	a,#___str_18
      0003FB C0 E0            [24] 1147 	push	acc
      0003FD 74s03            [12] 1148 	mov	a,#(___str_18 >> 8)
      0003FF C0 E0            [24] 1149 	push	acc
      000401 74 80            [12] 1150 	mov	a,#0x80
      000403 C0 E0            [24] 1151 	push	acc
      000405 12r00r00         [24] 1152 	lcall	_printf
      000408 E5 81            [12] 1153 	mov	a,sp
      00040A 24 FB            [12] 1154 	add	a,#0xfb
      00040C F5 81            [12] 1155 	mov	sp,a
                                   1156 ;	src/eeprom.c:175: i2c_stop();
      00040E 12r00r00         [24] 1157 	lcall	_i2c_stop
                                   1158 ;	src/eeprom.c:176: i2c_delay(); // Small delay between reads
      000411 12r00r00         [24] 1159 	lcall	_i2c_delay
      000414 D0 05            [24] 1160 	pop	ar5
      000416 D0 06            [24] 1161 	pop	ar6
      000418 D0 07            [24] 1162 	pop	ar7
      00041A 80 21            [24] 1163 	sjmp	00124$
      00041C                       1164 00108$:
                                   1165 ;	src/eeprom.c:178: printf("   "); // Print spaces for addresses beyond end_address
      00041C C0 07            [24] 1166 	push	ar7
      00041E C0 06            [24] 1167 	push	ar6
      000420 C0 05            [24] 1168 	push	ar5
      000422 74r82            [12] 1169 	mov	a,#___str_19
      000424 C0 E0            [24] 1170 	push	acc
      000426 74s03            [12] 1171 	mov	a,#(___str_19 >> 8)
      000428 C0 E0            [24] 1172 	push	acc
      00042A 74 80            [12] 1173 	mov	a,#0x80
      00042C C0 E0            [24] 1174 	push	acc
      00042E 12r00r00         [24] 1175 	lcall	_printf
      000431 15 81            [12] 1176 	dec	sp
      000433 15 81            [12] 1177 	dec	sp
      000435 15 81            [12] 1178 	dec	sp
      000437 D0 05            [24] 1179 	pop	ar5
      000439 D0 06            [24] 1180 	pop	ar6
      00043B D0 07            [24] 1181 	pop	ar7
      00043D                       1182 00124$:
                                   1183 ;	src/eeprom.c:142: for (uint8_t i = 0; i < 16; i++) {
      00043D 0D               [12] 1184 	inc	r5
      00043E 02r03r05         [24] 1185 	ljmp	00123$
      000441                       1186 00110$:
                                   1187 ;	src/eeprom.c:183: printf(" | ");
      000441 C0 07            [24] 1188 	push	ar7
      000443 C0 06            [24] 1189 	push	ar6
      000445 74r86            [12] 1190 	mov	a,#___str_20
      000447 C0 E0            [24] 1191 	push	acc
      000449 74s03            [12] 1192 	mov	a,#(___str_20 >> 8)
      00044B C0 E0            [24] 1193 	push	acc
      00044D 74 80            [12] 1194 	mov	a,#0x80
      00044F C0 E0            [24] 1195 	push	acc
      000451 12r00r00         [24] 1196 	lcall	_printf
      000454 15 81            [12] 1197 	dec	sp
      000456 15 81            [12] 1198 	dec	sp
      000458 15 81            [12] 1199 	dec	sp
      00045A D0 06            [24] 1200 	pop	ar6
      00045C D0 07            [24] 1201 	pop	ar7
                                   1202 ;	src/eeprom.c:184: for (uint8_t i = 0; i < 16; i++) {
      00045E 90r00r09         [24] 1203 	mov	dptr,#_EEPROM_hexdump_current_address_65537_37
      000461 E0               [24] 1204 	movx	a,@dptr
      000462 FC               [12] 1205 	mov	r4,a
      000463 A3               [24] 1206 	inc	dptr
      000464 E0               [24] 1207 	movx	a,@dptr
      000465 FD               [12] 1208 	mov	r5,a
      000466 7B 00            [12] 1209 	mov	r3,#0x00
      000468                       1210 00126$:
      000468 BB 10 00         [24] 1211 	cjne	r3,#0x10,00190$
      00046B                       1212 00190$:
      00046B 40 03            [24] 1213 	jc	00191$
      00046D 02r05r35         [24] 1214 	ljmp	00118$
      000470                       1215 00191$:
                                   1216 ;	src/eeprom.c:185: if (current_address + i <= end_address) {
      000470 8B 01            [24] 1217 	mov	ar1,r3
      000472 7A 00            [12] 1218 	mov	r2,#0x00
      000474 C0 03            [24] 1219 	push	ar3
      000476 8C 00            [24] 1220 	mov	ar0,r4
      000478 8D 03            [24] 1221 	mov	ar3,r5
      00047A E9               [12] 1222 	mov	a,r1
      00047B 28               [12] 1223 	add	a,r0
      00047C F8               [12] 1224 	mov	r0,a
      00047D EA               [12] 1225 	mov	a,r2
      00047E 3B               [12] 1226 	addc	a,r3
      00047F FB               [12] 1227 	mov	r3,a
      000480 C3               [12] 1228 	clr	c
      000481 EE               [12] 1229 	mov	a,r6
      000482 98               [12] 1230 	subb	a,r0
      000483 EF               [12] 1231 	mov	a,r7
      000484 9B               [12] 1232 	subb	a,r3
      000485 D0 03            [24] 1233 	pop	ar3
      000487 50 03            [24] 1234 	jnc	00192$
      000489 02r05r17         [24] 1235 	ljmp	00116$
      00048C                       1236 00192$:
                                   1237 ;	src/eeprom.c:187: i2c_start();
      00048C C0 07            [24] 1238 	push	ar7
      00048E C0 06            [24] 1239 	push	ar6
      000490 C0 05            [24] 1240 	push	ar5
      000492 C0 04            [24] 1241 	push	ar4
      000494 C0 03            [24] 1242 	push	ar3
      000496 12r00r00         [24] 1243 	lcall	_i2c_start
                                   1244 ;	src/eeprom.c:188: i2c_write(EEPROM_ID | WRITE);
      000499 75 82 A0         [24] 1245 	mov	dpl,#0xa0
      00049C 12r00r00         [24] 1246 	lcall	_i2c_write
      00049F D0 03            [24] 1247 	pop	ar3
      0004A1 D0 04            [24] 1248 	pop	ar4
                                   1249 ;	src/eeprom.c:189: i2c_write((unsigned char)(current_address + i));
      0004A3 8C 02            [24] 1250 	mov	ar2,r4
      0004A5 EB               [12] 1251 	mov	a,r3
      0004A6 2A               [12] 1252 	add	a,r2
      0004A7 F5 82            [12] 1253 	mov	dpl,a
      0004A9 C0 04            [24] 1254 	push	ar4
      0004AB C0 03            [24] 1255 	push	ar3
      0004AD 12r00r00         [24] 1256 	lcall	_i2c_write
                                   1257 ;	src/eeprom.c:190: i2c_start();
      0004B0 12r00r00         [24] 1258 	lcall	_i2c_start
                                   1259 ;	src/eeprom.c:191: i2c_write(EEPROM_ID | READ);
      0004B3 75 82 A1         [24] 1260 	mov	dpl,#0xa1
      0004B6 12r00r00         [24] 1261 	lcall	_i2c_write
                                   1262 ;	src/eeprom.c:192: unsigned char data = i2c_read(0);
      0004B9 90 00 00         [24] 1263 	mov	dptr,#0x0000
      0004BC 12r00r00         [24] 1264 	lcall	_i2c_read
      0004BF A9 82            [24] 1265 	mov	r1,dpl
                                   1266 ;	src/eeprom.c:193: i2c_stop();
      0004C1 C0 01            [24] 1267 	push	ar1
      0004C3 12r00r00         [24] 1268 	lcall	_i2c_stop
      0004C6 D0 01            [24] 1269 	pop	ar1
      0004C8 D0 03            [24] 1270 	pop	ar3
      0004CA D0 04            [24] 1271 	pop	ar4
      0004CC D0 05            [24] 1272 	pop	ar5
      0004CE D0 06            [24] 1273 	pop	ar6
      0004D0 D0 07            [24] 1274 	pop	ar7
                                   1275 ;	src/eeprom.c:196: if (data >= 32 && data <= 126) {
      0004D2 B9 20 00         [24] 1276 	cjne	r1,#0x20,00193$
      0004D5                       1277 00193$:
      0004D5 40 24            [24] 1278 	jc	00112$
      0004D7 E9               [12] 1279 	mov	a,r1
      0004D8 24 81            [12] 1280 	add	a,#0xff - 0x7e
      0004DA 40 1F            [24] 1281 	jc	00112$
                                   1282 ;	src/eeprom.c:197: putchar(data);
      0004DC 7A 00            [12] 1283 	mov	r2,#0x00
      0004DE 89 82            [24] 1284 	mov	dpl,r1
      0004E0 8A 83            [24] 1285 	mov	dph,r2
      0004E2 C0 07            [24] 1286 	push	ar7
      0004E4 C0 06            [24] 1287 	push	ar6
      0004E6 C0 05            [24] 1288 	push	ar5
      0004E8 C0 04            [24] 1289 	push	ar4
      0004EA C0 03            [24] 1290 	push	ar3
      0004EC 12r00r00         [24] 1291 	lcall	_putchar
      0004EF D0 03            [24] 1292 	pop	ar3
      0004F1 D0 04            [24] 1293 	pop	ar4
      0004F3 D0 05            [24] 1294 	pop	ar5
      0004F5 D0 06            [24] 1295 	pop	ar6
      0004F7 D0 07            [24] 1296 	pop	ar7
      0004F9 80 36            [24] 1297 	sjmp	00127$
      0004FB                       1298 00112$:
                                   1299 ;	src/eeprom.c:199: putchar('.');
      0004FB 90 00 2E         [24] 1300 	mov	dptr,#0x002e
      0004FE C0 07            [24] 1301 	push	ar7
      000500 C0 06            [24] 1302 	push	ar6
      000502 C0 05            [24] 1303 	push	ar5
      000504 C0 04            [24] 1304 	push	ar4
      000506 C0 03            [24] 1305 	push	ar3
      000508 12r00r00         [24] 1306 	lcall	_putchar
      00050B D0 03            [24] 1307 	pop	ar3
      00050D D0 04            [24] 1308 	pop	ar4
      00050F D0 05            [24] 1309 	pop	ar5
      000511 D0 06            [24] 1310 	pop	ar6
      000513 D0 07            [24] 1311 	pop	ar7
      000515 80 1A            [24] 1312 	sjmp	00127$
      000517                       1313 00116$:
                                   1314 ;	src/eeprom.c:202: putchar(' ');
      000517 90 00 20         [24] 1315 	mov	dptr,#0x0020
      00051A C0 07            [24] 1316 	push	ar7
      00051C C0 06            [24] 1317 	push	ar6
      00051E C0 05            [24] 1318 	push	ar5
      000520 C0 04            [24] 1319 	push	ar4
      000522 C0 03            [24] 1320 	push	ar3
      000524 12r00r00         [24] 1321 	lcall	_putchar
      000527 D0 03            [24] 1322 	pop	ar3
      000529 D0 04            [24] 1323 	pop	ar4
      00052B D0 05            [24] 1324 	pop	ar5
      00052D D0 06            [24] 1325 	pop	ar6
      00052F D0 07            [24] 1326 	pop	ar7
      000531                       1327 00127$:
                                   1328 ;	src/eeprom.c:184: for (uint8_t i = 0; i < 16; i++) {
      000531 0B               [12] 1329 	inc	r3
      000532 02r04r68         [24] 1330 	ljmp	00126$
      000535                       1331 00118$:
                                   1332 ;	src/eeprom.c:206: printf("\r\n");
      000535 C0 07            [24] 1333 	push	ar7
      000537 C0 06            [24] 1334 	push	ar6
      000539 74r8A            [12] 1335 	mov	a,#___str_21
      00053B C0 E0            [24] 1336 	push	acc
      00053D 74s03            [12] 1337 	mov	a,#(___str_21 >> 8)
      00053F C0 E0            [24] 1338 	push	acc
      000541 74 80            [12] 1339 	mov	a,#0x80
      000543 C0 E0            [24] 1340 	push	acc
      000545 12r00r00         [24] 1341 	lcall	_printf
      000548 15 81            [12] 1342 	dec	sp
      00054A 15 81            [12] 1343 	dec	sp
      00054C 15 81            [12] 1344 	dec	sp
      00054E D0 06            [24] 1345 	pop	ar6
      000550 D0 07            [24] 1346 	pop	ar7
                                   1347 ;	src/eeprom.c:207: current_address += 16;
      000552 90r00r09         [24] 1348 	mov	dptr,#_EEPROM_hexdump_current_address_65537_37
      000555 E0               [24] 1349 	movx	a,@dptr
      000556 FC               [12] 1350 	mov	r4,a
      000557 A3               [24] 1351 	inc	dptr
      000558 E0               [24] 1352 	movx	a,@dptr
      000559 FD               [12] 1353 	mov	r5,a
      00055A 74 10            [12] 1354 	mov	a,#0x10
      00055C 2C               [12] 1355 	add	a,r4
      00055D FC               [12] 1356 	mov	r4,a
      00055E E4               [12] 1357 	clr	a
      00055F 3D               [12] 1358 	addc	a,r5
      000560 FD               [12] 1359 	mov	r5,a
      000561 90r00r09         [24] 1360 	mov	dptr,#_EEPROM_hexdump_current_address_65537_37
      000564 EC               [12] 1361 	mov	a,r4
      000565 F0               [24] 1362 	movx	@dptr,a
      000566 ED               [12] 1363 	mov	a,r5
      000567 A3               [24] 1364 	inc	dptr
      000568 F0               [24] 1365 	movx	@dptr,a
      000569 02r02rCD         [24] 1366 	ljmp	00119$
      00056C                       1367 00121$:
                                   1368 ;	src/eeprom.c:210: printf("----------------------------------------------------------------\r\n");
      00056C 74r93            [12] 1369 	mov	a,#___str_12
      00056E C0 E0            [24] 1370 	push	acc
      000570 74s02            [12] 1371 	mov	a,#(___str_12 >> 8)
      000572 C0 E0            [24] 1372 	push	acc
      000574 74 80            [12] 1373 	mov	a,#0x80
      000576 C0 E0            [24] 1374 	push	acc
      000578 12r00r00         [24] 1375 	lcall	_printf
      00057B 15 81            [12] 1376 	dec	sp
      00057D 15 81            [12] 1377 	dec	sp
      00057F 15 81            [12] 1378 	dec	sp
                                   1379 ;	src/eeprom.c:211: return 1;
      000581 90 00 01         [24] 1380 	mov	dptr,#0x0001
                                   1381 ;	src/eeprom.c:212: }
      000584 22               [24] 1382 	ret
                                   1383 ;------------------------------------------------------------
                                   1384 ;Allocation info for local variables in function 'handler_EEPROM_hexdump'
                                   1385 ;------------------------------------------------------------
                                   1386 ;start_addr                Allocated with name '_handler_EEPROM_hexdump_start_addr_65537_56'
                                   1387 ;end_addr                  Allocated with name '_handler_EEPROM_hexdump_end_addr_65538_58'
                                   1388 ;------------------------------------------------------------
                                   1389 ;	src/eeprom.c:215: void handler_EEPROM_hexdump(void) {
                                   1390 ;	-----------------------------------------
                                   1391 ;	 function handler_EEPROM_hexdump
                                   1392 ;	-----------------------------------------
      000585                       1393 _handler_EEPROM_hexdump:
                                   1394 ;	src/eeprom.c:216: printf("\nEnter Start Address for HEX Dump (000-7FF):\r\n");
      000585 74r8D            [12] 1395 	mov	a,#___str_22
      000587 C0 E0            [24] 1396 	push	acc
      000589 74s03            [12] 1397 	mov	a,#(___str_22 >> 8)
      00058B C0 E0            [24] 1398 	push	acc
      00058D 74 80            [12] 1399 	mov	a,#0x80
      00058F C0 E0            [24] 1400 	push	acc
      000591 12r00r00         [24] 1401 	lcall	_printf
      000594 15 81            [12] 1402 	dec	sp
      000596 15 81            [12] 1403 	dec	sp
      000598 15 81            [12] 1404 	dec	sp
                                   1405 ;	src/eeprom.c:217: uint16_t start_addr = take_address();
      00059A 12r00r00         [24] 1406 	lcall	_take_address
      00059D AE 82            [24] 1407 	mov	r6,dpl
      00059F AF 83            [24] 1408 	mov	r7,dph
                                   1409 ;	src/eeprom.c:219: if (start_addr > ADDR_MAX) {
      0005A1 8E 04            [24] 1410 	mov	ar4,r6
      0005A3 8F 05            [24] 1411 	mov	ar5,r7
      0005A5 C3               [12] 1412 	clr	c
      0005A6 74 FF            [12] 1413 	mov	a,#0xff
      0005A8 9C               [12] 1414 	subb	a,r4
      0005A9 74 07            [12] 1415 	mov	a,#0x07
      0005AB 9D               [12] 1416 	subb	a,r5
      0005AC 50 16            [24] 1417 	jnc	00102$
                                   1418 ;	src/eeprom.c:220: printf("Invalid Start Address! Must be between 0x000 and 0x7FF\r\n");
      0005AE 74rBC            [12] 1419 	mov	a,#___str_23
      0005B0 C0 E0            [24] 1420 	push	acc
      0005B2 74s03            [12] 1421 	mov	a,#(___str_23 >> 8)
      0005B4 C0 E0            [24] 1422 	push	acc
      0005B6 74 80            [12] 1423 	mov	a,#0x80
      0005B8 C0 E0            [24] 1424 	push	acc
      0005BA 12r00r00         [24] 1425 	lcall	_printf
      0005BD 15 81            [12] 1426 	dec	sp
      0005BF 15 81            [12] 1427 	dec	sp
      0005C1 15 81            [12] 1428 	dec	sp
                                   1429 ;	src/eeprom.c:221: return;
      0005C3 22               [24] 1430 	ret
      0005C4                       1431 00102$:
                                   1432 ;	src/eeprom.c:224: printf("\nEnter End Address for HEX Dump (000-7FF):\r\n");
      0005C4 C0 07            [24] 1433 	push	ar7
      0005C6 C0 06            [24] 1434 	push	ar6
      0005C8 74rF5            [12] 1435 	mov	a,#___str_24
      0005CA C0 E0            [24] 1436 	push	acc
      0005CC 74s03            [12] 1437 	mov	a,#(___str_24 >> 8)
      0005CE C0 E0            [24] 1438 	push	acc
      0005D0 74 80            [12] 1439 	mov	a,#0x80
      0005D2 C0 E0            [24] 1440 	push	acc
      0005D4 12r00r00         [24] 1441 	lcall	_printf
      0005D7 15 81            [12] 1442 	dec	sp
      0005D9 15 81            [12] 1443 	dec	sp
      0005DB 15 81            [12] 1444 	dec	sp
                                   1445 ;	src/eeprom.c:225: uint16_t end_addr = take_address();
      0005DD 12r00r00         [24] 1446 	lcall	_take_address
      0005E0 AC 82            [24] 1447 	mov	r4,dpl
      0005E2 AD 83            [24] 1448 	mov	r5,dph
      0005E4 D0 06            [24] 1449 	pop	ar6
      0005E6 D0 07            [24] 1450 	pop	ar7
                                   1451 ;	src/eeprom.c:227: if (end_addr > ADDR_MAX || end_addr < start_addr) {
      0005E8 8C 02            [24] 1452 	mov	ar2,r4
      0005EA 8D 03            [24] 1453 	mov	ar3,r5
      0005EC C3               [12] 1454 	clr	c
      0005ED 74 FF            [12] 1455 	mov	a,#0xff
      0005EF 9A               [12] 1456 	subb	a,r2
      0005F0 74 07            [12] 1457 	mov	a,#0x07
      0005F2 9B               [12] 1458 	subb	a,r3
      0005F3 40 06            [24] 1459 	jc	00103$
      0005F5 EC               [12] 1460 	mov	a,r4
      0005F6 9E               [12] 1461 	subb	a,r6
      0005F7 ED               [12] 1462 	mov	a,r5
      0005F8 9F               [12] 1463 	subb	a,r7
      0005F9 50 1A            [24] 1464 	jnc	00104$
      0005FB                       1465 00103$:
                                   1466 ;	src/eeprom.c:228: printf("Invalid End Address! Must be between 0x%03X and 0x7FF\r\n", start_addr);
      0005FB C0 06            [24] 1467 	push	ar6
      0005FD C0 07            [24] 1468 	push	ar7
      0005FF 74r22            [12] 1469 	mov	a,#___str_25
      000601 C0 E0            [24] 1470 	push	acc
      000603 74s04            [12] 1471 	mov	a,#(___str_25 >> 8)
      000605 C0 E0            [24] 1472 	push	acc
      000607 74 80            [12] 1473 	mov	a,#0x80
      000609 C0 E0            [24] 1474 	push	acc
      00060B 12r00r00         [24] 1475 	lcall	_printf
      00060E E5 81            [12] 1476 	mov	a,sp
      000610 24 FB            [12] 1477 	add	a,#0xfb
      000612 F5 81            [12] 1478 	mov	sp,a
                                   1479 ;	src/eeprom.c:229: return;
      000614 22               [24] 1480 	ret
      000615                       1481 00104$:
                                   1482 ;	src/eeprom.c:232: EEPROM_hexdump(start_addr, end_addr);
      000615 90r00r05         [24] 1483 	mov	dptr,#_EEPROM_hexdump_PARM_2
      000618 EC               [12] 1484 	mov	a,r4
      000619 F0               [24] 1485 	movx	@dptr,a
      00061A ED               [12] 1486 	mov	a,r5
      00061B A3               [24] 1487 	inc	dptr
      00061C F0               [24] 1488 	movx	@dptr,a
      00061D 8E 82            [24] 1489 	mov	dpl,r6
      00061F 8F 83            [24] 1490 	mov	dph,r7
                                   1491 ;	src/eeprom.c:233: }
      000621 02r02r56         [24] 1492 	ljmp	_EEPROM_hexdump
                                   1493 ;------------------------------------------------------------
                                   1494 ;Allocation info for local variables in function 'eeprom_reset'
                                   1495 ;------------------------------------------------------------
                                   1496 ;i                         Allocated with name '_eeprom_reset_i_131072_61'
                                   1497 ;------------------------------------------------------------
                                   1498 ;	src/eeprom.c:246: void eeprom_reset()
                                   1499 ;	-----------------------------------------
                                   1500 ;	 function eeprom_reset
                                   1501 ;	-----------------------------------------
      000624                       1502 _eeprom_reset:
                                   1503 ;	src/eeprom.c:248: i2c_start();
      000624 12r00r00         [24] 1504 	lcall	_i2c_start
                                   1505 ;	src/eeprom.c:249: SDA = 0;
                                   1506 ;	assignBit
      000627 C2 94            [12] 1507 	clr	_P1_4
                                   1508 ;	src/eeprom.c:250: SDA = 1;
                                   1509 ;	assignBit
      000629 D2 94            [12] 1510 	setb	_P1_4
                                   1511 ;	src/eeprom.c:251: for(int i = 0; i<10; i++)
      00062B 7E 00            [12] 1512 	mov	r6,#0x00
      00062D 7F 00            [12] 1513 	mov	r7,#0x00
      00062F                       1514 00103$:
      00062F C3               [12] 1515 	clr	c
      000630 EE               [12] 1516 	mov	a,r6
      000631 94 0A            [12] 1517 	subb	a,#0x0a
      000633 EF               [12] 1518 	mov	a,r7
      000634 64 80            [12] 1519 	xrl	a,#0x80
      000636 94 80            [12] 1520 	subb	a,#0x80
      000638 50 0B            [24] 1521 	jnc	00101$
                                   1522 ;	src/eeprom.c:253: SCL = 0;
                                   1523 ;	assignBit
      00063A C2 93            [12] 1524 	clr	_P1_3
                                   1525 ;	src/eeprom.c:254: SCL = 1;
                                   1526 ;	assignBit
      00063C D2 93            [12] 1527 	setb	_P1_3
                                   1528 ;	src/eeprom.c:251: for(int i = 0; i<10; i++)
      00063E 0E               [12] 1529 	inc	r6
      00063F BE 00 ED         [24] 1530 	cjne	r6,#0x00,00103$
      000642 0F               [12] 1531 	inc	r7
      000643 80 EA            [24] 1532 	sjmp	00103$
      000645                       1533 00101$:
                                   1534 ;	src/eeprom.c:256: i2c_start();
      000645 12r00r00         [24] 1535 	lcall	_i2c_start
                                   1536 ;	src/eeprom.c:257: SDA = 0;
                                   1537 ;	assignBit
      000648 C2 94            [12] 1538 	clr	_P1_4
                                   1539 ;	src/eeprom.c:258: i2c_stop();
      00064A 12r00r00         [24] 1540 	lcall	_i2c_stop
                                   1541 ;	src/eeprom.c:259: SDA = 1;
                                   1542 ;	assignBit
      00064D D2 94            [12] 1543 	setb	_P1_4
                                   1544 ;	src/eeprom.c:260: }
      00064F 22               [24] 1545 	ret
                                   1546 	.area CSEG    (CODE)
                                   1547 	.area CONST   (CODE)
                                   1548 	.area CONST   (CODE)
      000000                       1549 ___str_0:
      000000 45 72 72 6F 72 3A 20  1550 	.ascii "Error: No ACK for device address (write)"
             4E 6F 20 41 43 4B 20
             66 6F 72 20 64 65 76
             69 63 65 20 61 64 64
             72 65 73 73 20 28 77
             72 69 74 65 29
      000028 0A                    1551 	.db 0x0a
      000029 0D                    1552 	.db 0x0d
      00002A 00                    1553 	.db 0x00
                                   1554 	.area CSEG    (CODE)
                                   1555 	.area CONST   (CODE)
      00002B                       1556 ___str_1:
      00002B 45 72 72 6F 72 3A 20  1557 	.ascii "Error: No ACK for memory address"
             4E 6F 20 41 43 4B 20
             66 6F 72 20 6D 65 6D
             6F 72 79 20 61 64 64
             72 65 73 73
      00004B 0A                    1558 	.db 0x0a
      00004C 0D                    1559 	.db 0x0d
      00004D 00                    1560 	.db 0x00
                                   1561 	.area CSEG    (CODE)
                                   1562 	.area CONST   (CODE)
      00004E                       1563 ___str_2:
      00004E 45 72 72 6F 72 3A 20  1564 	.ascii "Error: No ACK for data"
             4E 6F 20 41 43 4B 20
             66 6F 72 20 64 61 74
             61
      000064 0A                    1565 	.db 0x0a
      000065 0D                    1566 	.db 0x0d
      000066 00                    1567 	.db 0x00
                                   1568 	.area CSEG    (CODE)
                                   1569 	.area CONST   (CODE)
      000067                       1570 ___str_3:
      000067 7C 20 57 72 69 74 69  1571 	.ascii "| Writing at Address 0x%03X Data 0x%02X          |"
             6E 67 20 61 74 20 41
             64 64 72 65 73 73 20
             30 78 25 30 33 58 20
             44 61 74 61 20 30 78
             25 30 32 58 20 20 20
             20 20 20 20 20 20 20
             7C
      000099 0A                    1572 	.db 0x0a
      00009A 0D                    1573 	.db 0x0d
      00009B 00                    1574 	.db 0x00
                                   1575 	.area CSEG    (CODE)
                                   1576 	.area CONST   (CODE)
      00009C                       1577 ___str_4:
      00009C E2                    1578 	.db 0xe2
      00009D 94                    1579 	.db 0x94
      00009E 82                    1580 	.db 0x82
      00009F 20 57 72 69 74 65 20  1581 	.ascii " Write successful!                             "
             73 75 63 63 65 73 73
             66 75 6C 21 20 20 20
             20 20 20 20 20 20 20
             20 20 20 20 20 20 20
             20 20 20 20 20 20 20
             20 20 20 20 20
      0000CE E2                    1582 	.db 0xe2
      0000CF 94                    1583 	.db 0x94
      0000D0 82                    1584 	.db 0x82
      0000D1 0A                    1585 	.db 0x0a
      0000D2 0D                    1586 	.db 0x0d
      0000D3 00                    1587 	.db 0x00
                                   1588 	.area CSEG    (CODE)
                                   1589 	.area CONST   (CODE)
      0000D4                       1590 ___str_5:
      0000D4 E2                    1591 	.db 0xe2
      0000D5 94                    1592 	.db 0x94
      0000D6 94                    1593 	.db 0x94
      0000D7 E2                    1594 	.db 0xe2
      0000D8 94                    1595 	.db 0x94
      0000D9 80                    1596 	.db 0x80
      0000DA E2                    1597 	.db 0xe2
      0000DB 94                    1598 	.db 0x94
      0000DC 80                    1599 	.db 0x80
      0000DD E2                    1600 	.db 0xe2
      0000DE 94                    1601 	.db 0x94
      0000DF 80                    1602 	.db 0x80
      0000E0 E2                    1603 	.db 0xe2
      0000E1 94                    1604 	.db 0x94
      0000E2 80                    1605 	.db 0x80
      0000E3 E2                    1606 	.db 0xe2
      0000E4 94                    1607 	.db 0x94
      0000E5 80                    1608 	.db 0x80
      0000E6 E2                    1609 	.db 0xe2
      0000E7 94                    1610 	.db 0x94
      0000E8 80                    1611 	.db 0x80
      0000E9 E2                    1612 	.db 0xe2
      0000EA 94                    1613 	.db 0x94
      0000EB 80                    1614 	.db 0x80
      0000EC E2                    1615 	.db 0xe2
      0000ED 94                    1616 	.db 0x94
      0000EE 80                    1617 	.db 0x80
      0000EF E2                    1618 	.db 0xe2
      0000F0 94                    1619 	.db 0x94
      0000F1 80                    1620 	.db 0x80
      0000F2 E2                    1621 	.db 0xe2
      0000F3 94                    1622 	.db 0x94
      0000F4 80                    1623 	.db 0x80
      0000F5 E2                    1624 	.db 0xe2
      0000F6 94                    1625 	.db 0x94
      0000F7 80                    1626 	.db 0x80
      0000F8 E2                    1627 	.db 0xe2
      0000F9 94                    1628 	.db 0x94
      0000FA 80                    1629 	.db 0x80
      0000FB E2                    1630 	.db 0xe2
      0000FC 94                    1631 	.db 0x94
      0000FD 80                    1632 	.db 0x80
      0000FE E2                    1633 	.db 0xe2
      0000FF 94                    1634 	.db 0x94
      000100 80                    1635 	.db 0x80
      000101 E2                    1636 	.db 0xe2
      000102 94                    1637 	.db 0x94
      000103 80                    1638 	.db 0x80
      000104 E2                    1639 	.db 0xe2
      000105 94                    1640 	.db 0x94
      000106 80                    1641 	.db 0x80
      000107 E2                    1642 	.db 0xe2
      000108 94                    1643 	.db 0x94
      000109 80                    1644 	.db 0x80
      00010A E2                    1645 	.db 0xe2
      00010B 94                    1646 	.db 0x94
      00010C 80                    1647 	.db 0x80
      00010D E2                    1648 	.db 0xe2
      00010E 94                    1649 	.db 0x94
      00010F 80                    1650 	.db 0x80
      000110 E2                    1651 	.db 0xe2
      000111 94                    1652 	.db 0x94
      000112 80                    1653 	.db 0x80
      000113 E2                    1654 	.db 0xe2
      000114 94                    1655 	.db 0x94
      000115 80                    1656 	.db 0x80
      000116 E2                    1657 	.db 0xe2
      000117 94                    1658 	.db 0x94
      000118 80                    1659 	.db 0x80
      000119 E2                    1660 	.db 0xe2
      00011A 94                    1661 	.db 0x94
      00011B 80                    1662 	.db 0x80
      00011C E2                    1663 	.db 0xe2
      00011D 94                    1664 	.db 0x94
      00011E 80                    1665 	.db 0x80
      00011F E2                    1666 	.db 0xe2
      000120 94                    1667 	.db 0x94
      000121 80                    1668 	.db 0x80
      000122 E2                    1669 	.db 0xe2
      000123 94                    1670 	.db 0x94
      000124 80                    1671 	.db 0x80
      000125 E2                    1672 	.db 0xe2
      000126 94                    1673 	.db 0x94
      000127 80                    1674 	.db 0x80
      000128 E2                    1675 	.db 0xe2
      000129 94                    1676 	.db 0x94
      00012A 80                    1677 	.db 0x80
      00012B E2                    1678 	.db 0xe2
      00012C 94                    1679 	.db 0x94
      00012D 80                    1680 	.db 0x80
      00012E E2                    1681 	.db 0xe2
      00012F 94                    1682 	.db 0x94
      000130 80                    1683 	.db 0x80
      000131 E2                    1684 	.db 0xe2
      000132 94                    1685 	.db 0x94
      000133 80                    1686 	.db 0x80
      000134 E2                    1687 	.db 0xe2
      000135 94                    1688 	.db 0x94
      000136 80                    1689 	.db 0x80
      000137 E2                    1690 	.db 0xe2
      000138 94                    1691 	.db 0x94
      000139 80                    1692 	.db 0x80
      00013A E2                    1693 	.db 0xe2
      00013B 94                    1694 	.db 0x94
      00013C 80                    1695 	.db 0x80
      00013D E2                    1696 	.db 0xe2
      00013E 94                    1697 	.db 0x94
      00013F 80                    1698 	.db 0x80
      000140 E2                    1699 	.db 0xe2
      000141 94                    1700 	.db 0x94
      000142 80                    1701 	.db 0x80
      000143 E2                    1702 	.db 0xe2
      000144 94                    1703 	.db 0x94
      000145 80                    1704 	.db 0x80
      000146 E2                    1705 	.db 0xe2
      000147 94                    1706 	.db 0x94
      000148 80                    1707 	.db 0x80
      000149 E2                    1708 	.db 0xe2
      00014A 94                    1709 	.db 0x94
      00014B 80                    1710 	.db 0x80
      00014C E2                    1711 	.db 0xe2
      00014D 94                    1712 	.db 0x94
      00014E 80                    1713 	.db 0x80
      00014F E2                    1714 	.db 0xe2
      000150 94                    1715 	.db 0x94
      000151 80                    1716 	.db 0x80
      000152 E2                    1717 	.db 0xe2
      000153 94                    1718 	.db 0x94
      000154 80                    1719 	.db 0x80
      000155 E2                    1720 	.db 0xe2
      000156 94                    1721 	.db 0x94
      000157 80                    1722 	.db 0x80
      000158 E2                    1723 	.db 0xe2
      000159 94                    1724 	.db 0x94
      00015A 80                    1725 	.db 0x80
      00015B E2                    1726 	.db 0xe2
      00015C 94                    1727 	.db 0x94
      00015D 80                    1728 	.db 0x80
      00015E E2                    1729 	.db 0xe2
      00015F 94                    1730 	.db 0x94
      000160 80                    1731 	.db 0x80
      000161 E2                    1732 	.db 0xe2
      000162 94                    1733 	.db 0x94
      000163 80                    1734 	.db 0x80
      000164 E2                    1735 	.db 0xe2
      000165 94                    1736 	.db 0x94
      000166 98                    1737 	.db 0x98
      000167 0A                    1738 	.db 0x0a
      000168 0D                    1739 	.db 0x0d
      000169 00                    1740 	.db 0x00
                                   1741 	.area CSEG    (CODE)
                                   1742 	.area CONST   (CODE)
      00016A                       1743 ___str_6:
      00016A 45 72 72 6F 72 3A 20  1744 	.ascii "Error: No ACK for device address (write mode)"
             4E 6F 20 41 43 4B 20
             66 6F 72 20 64 65 76
             69 63 65 20 61 64 64
             72 65 73 73 20 28 77
             72 69 74 65 20 6D 6F
             64 65 29
      000197 0A                    1745 	.db 0x0a
      000198 0D                    1746 	.db 0x0d
      000199 00                    1747 	.db 0x00
                                   1748 	.area CSEG    (CODE)
                                   1749 	.area CONST   (CODE)
      00019A                       1750 ___str_7:
      00019A 45 72 72 6F 72 3A 20  1751 	.ascii "Error: No ACK for device address (read mode)"
             4E 6F 20 41 43 4B 20
             66 6F 72 20 64 65 76
             69 63 65 20 61 64 64
             72 65 73 73 20 28 72
             65 61 64 20 6D 6F 64
             65 29
      0001C6 0A                    1752 	.db 0x0a
      0001C7 0D                    1753 	.db 0x0d
      0001C8 00                    1754 	.db 0x00
                                   1755 	.area CSEG    (CODE)
                                   1756 	.area CONST   (CODE)
      0001C9                       1757 ___str_8:
      0001C9 7C 20 30 78 25 30 33  1758 	.ascii "| 0x%03X : 0x%02X "
             58 20 3A 20 30 78 25
             30 32 58 20
      0001DB 0A                    1759 	.db 0x0a
      0001DC 0D                    1760 	.db 0x0d
      0001DD 00                    1761 	.db 0x00
                                   1762 	.area CSEG    (CODE)
                                   1763 	.area CONST   (CODE)
      0001DE                       1764 ___str_9:
      0001DE E2                    1765 	.db 0xe2
      0001DF 94                    1766 	.db 0x94
      0001E0 82                    1767 	.db 0x82
      0001E1 20 52 65 61 64 20 73  1768 	.ascii " Read successful!                 "
             75 63 63 65 73 73 66
             75 6C 21 20 20 20 20
             20 20 20 20 20 20 20
             20 20 20 20 20 20
      000203 E2                    1769 	.db 0xe2
      000204 94                    1770 	.db 0x94
      000205 82                    1771 	.db 0x82
      000206 0A                    1772 	.db 0x0a
      000207 0D                    1773 	.db 0x0d
      000208 00                    1774 	.db 0x00
                                   1775 	.area CSEG    (CODE)
                                   1776 	.area CONST   (CODE)
      000209                       1777 ___str_10:
      000209 0D                    1778 	.db 0x0d
      00020A 0A                    1779 	.db 0x0a
      00020B 2D 2D 2D 2D 2D 2D 2D  1780 	.ascii "------------------------------------------------------------"
             2D 2D 2D 2D 2D 2D 2D
             2D 2D 2D 2D 2D 2D 2D
             2D 2D 2D 2D 2D 2D 2D
             2D 2D 2D 2D 2D 2D 2D
             2D 2D 2D 2D 2D 2D 2D
             2D 2D 2D 2D 2D 2D 2D
             2D 2D 2D 2D 2D 2D 2D
             2D 2D 2D 2D
      000247 2D 2D 2D 2D           1781 	.ascii "----"
      00024B 0D                    1782 	.db 0x0d
      00024C 0A                    1783 	.db 0x0a
      00024D 00                    1784 	.db 0x00
                                   1785 	.area CSEG    (CODE)
                                   1786 	.area CONST   (CODE)
      00024E                       1787 ___str_11:
      00024E 20 20 20 20 20 20 20  1788 	.ascii "                    EEPROM Hex Dump                         "
             20 20 20 20 20 20 20
             20 20 20 20 20 20 45
             45 50 52 4F 4D 20 48
             65 78 20 44 75 6D 70
             20 20 20 20 20 20 20
             20 20 20 20 20 20 20
             20 20 20 20 20 20 20
             20 20 20 20
      00028A 20 20 20 20 20 20     1789 	.ascii "      "
      000290 0D                    1790 	.db 0x0d
      000291 0A                    1791 	.db 0x0a
      000292 00                    1792 	.db 0x00
                                   1793 	.area CSEG    (CODE)
                                   1794 	.area CONST   (CODE)
      000293                       1795 ___str_12:
      000293 2D 2D 2D 2D 2D 2D 2D  1796 	.ascii "------------------------------------------------------------"
             2D 2D 2D 2D 2D 2D 2D
             2D 2D 2D 2D 2D 2D 2D
             2D 2D 2D 2D 2D 2D 2D
             2D 2D 2D 2D 2D 2D 2D
             2D 2D 2D 2D 2D 2D 2D
             2D 2D 2D 2D 2D 2D 2D
             2D 2D 2D 2D 2D 2D 2D
             2D 2D 2D 2D
      0002CF 2D 2D 2D 2D           1797 	.ascii "----"
      0002D3 0D                    1798 	.db 0x0d
      0002D4 0A                    1799 	.db 0x0a
      0002D5 00                    1800 	.db 0x00
                                   1801 	.area CSEG    (CODE)
                                   1802 	.area CONST   (CODE)
      0002D6                       1803 ___str_13:
      0002D6 20 20 20 20 20 30 20  1804 	.ascii "     0  1  2  3  4  5  6  7  8  9  A  B  C  D  E  F"
             20 31 20 20 32 20 20
             33 20 20 34 20 20 35
             20 20 36 20 20 37 20
             20 38 20 20 39 20 20
             41 20 20 42 20 20 43
             20 20 44 20 20 45 20
             20 46
      000309 0D                    1805 	.db 0x0d
      00030A 0A                    1806 	.db 0x0a
      00030B 00                    1807 	.db 0x00
                                   1808 	.area CSEG    (CODE)
                                   1809 	.area CONST   (CODE)
      00030C                       1810 ___str_14:
      00030C 25 30 33 58 3A 20     1811 	.ascii "%03X: "
      000312 00                    1812 	.db 0x00
                                   1813 	.area CSEG    (CODE)
                                   1814 	.area CONST   (CODE)
      000313                       1815 ___str_15:
      000313 45 72 72 6F 72 3A 20  1816 	.ascii "Error: Device not responding"
             44 65 76 69 63 65 20
             6E 6F 74 20 72 65 73
             70 6F 6E 64 69 6E 67
      00032F 0D                    1817 	.db 0x0d
      000330 0A                    1818 	.db 0x0a
      000331 00                    1819 	.db 0x00
                                   1820 	.area CSEG    (CODE)
                                   1821 	.area CONST   (CODE)
      000332                       1822 ___str_16:
      000332 45 72 72 6F 72 3A 20  1823 	.ascii "Error: Address write failed"
             41 64 64 72 65 73 73
             20 77 72 69 74 65 20
             66 61 69 6C 65 64
      00034D 0D                    1824 	.db 0x0d
      00034E 0A                    1825 	.db 0x0a
      00034F 00                    1826 	.db 0x00
                                   1827 	.area CSEG    (CODE)
                                   1828 	.area CONST   (CODE)
      000350                       1829 ___str_17:
      000350 45 72 72 6F 72 3A 20  1830 	.ascii "Error: Device not responding in read mode"
             44 65 76 69 63 65 20
             6E 6F 74 20 72 65 73
             70 6F 6E 64 69 6E 67
             20 69 6E 20 72 65 61
             64 20 6D 6F 64 65
      000379 0D                    1831 	.db 0x0d
      00037A 0A                    1832 	.db 0x0a
      00037B 00                    1833 	.db 0x00
                                   1834 	.area CSEG    (CODE)
                                   1835 	.area CONST   (CODE)
      00037C                       1836 ___str_18:
      00037C 25 30 32 58 20        1837 	.ascii "%02X "
      000381 00                    1838 	.db 0x00
                                   1839 	.area CSEG    (CODE)
                                   1840 	.area CONST   (CODE)
      000382                       1841 ___str_19:
      000382 20 20 20              1842 	.ascii "   "
      000385 00                    1843 	.db 0x00
                                   1844 	.area CSEG    (CODE)
                                   1845 	.area CONST   (CODE)
      000386                       1846 ___str_20:
      000386 20 7C 20              1847 	.ascii " | "
      000389 00                    1848 	.db 0x00
                                   1849 	.area CSEG    (CODE)
                                   1850 	.area CONST   (CODE)
      00038A                       1851 ___str_21:
      00038A 0D                    1852 	.db 0x0d
      00038B 0A                    1853 	.db 0x0a
      00038C 00                    1854 	.db 0x00
                                   1855 	.area CSEG    (CODE)
                                   1856 	.area CONST   (CODE)
      00038D                       1857 ___str_22:
      00038D 0A                    1858 	.db 0x0a
      00038E 45 6E 74 65 72 20 53  1859 	.ascii "Enter Start Address for HEX Dump (000-7FF):"
             74 61 72 74 20 41 64
             64 72 65 73 73 20 66
             6F 72 20 48 45 58 20
             44 75 6D 70 20 28 30
             30 30 2D 37 46 46 29
             3A
      0003B9 0D                    1860 	.db 0x0d
      0003BA 0A                    1861 	.db 0x0a
      0003BB 00                    1862 	.db 0x00
                                   1863 	.area CSEG    (CODE)
                                   1864 	.area CONST   (CODE)
      0003BC                       1865 ___str_23:
      0003BC 49 6E 76 61 6C 69 64  1866 	.ascii "Invalid Start Address! Must be between 0x000 and 0x7FF"
             20 53 74 61 72 74 20
             41 64 64 72 65 73 73
             21 20 4D 75 73 74 20
             62 65 20 62 65 74 77
             65 65 6E 20 30 78 30
             30 30 20 61 6E 64 20
             30 78 37 46 46
      0003F2 0D                    1867 	.db 0x0d
      0003F3 0A                    1868 	.db 0x0a
      0003F4 00                    1869 	.db 0x00
                                   1870 	.area CSEG    (CODE)
                                   1871 	.area CONST   (CODE)
      0003F5                       1872 ___str_24:
      0003F5 0A                    1873 	.db 0x0a
      0003F6 45 6E 74 65 72 20 45  1874 	.ascii "Enter End Address for HEX Dump (000-7FF):"
             6E 64 20 41 64 64 72
             65 73 73 20 66 6F 72
             20 48 45 58 20 44 75
             6D 70 20 28 30 30 30
             2D 37 46 46 29 3A
      00041F 0D                    1875 	.db 0x0d
      000420 0A                    1876 	.db 0x0a
      000421 00                    1877 	.db 0x00
                                   1878 	.area CSEG    (CODE)
                                   1879 	.area CONST   (CODE)
      000422                       1880 ___str_25:
      000422 49 6E 76 61 6C 69 64  1881 	.ascii "Invalid End Address! Must be between 0x%03X and 0x7FF"
             20 45 6E 64 20 41 64
             64 72 65 73 73 21 20
             4D 75 73 74 20 62 65
             20 62 65 74 77 65 65
             6E 20 30 78 25 30 33
             58 20 61 6E 64 20 30
             78 37 46 46
      000457 0D                    1882 	.db 0x0d
      000458 0A                    1883 	.db 0x0a
      000459 00                    1884 	.db 0x00
                                   1885 	.area CSEG    (CODE)
                                   1886 	.area XINIT   (CODE)
                                   1887 	.area CABS    (ABS,CODE)
