                                      1 ;--------------------------------------------------------
                                      2 ; File Created by SDCC : free open source ANSI-C Compiler
                                      3 ; Version 4.0.0 #11528 (Linux)
                                      4 ;--------------------------------------------------------
                                      5 	.module 8051_i2c_eeprom
                                      6 	.optsdcc -mmcs51 --model-large
                                      7 	
                                      8 ;--------------------------------------------------------
                                      9 ; Public variables in this module
                                     10 ;--------------------------------------------------------
                                     11 	.globl _test_function
                                     12 	.globl _EEPROM_hexdump
                                     13 	.globl _main
                                     14 	.globl _command_menu
                                     15 	.globl _ui
                                     16 	.globl _getchar
                                     17 	.globl _putchar
                                     18 	.globl _printf
                                     19 	.globl _P5_7
                                     20 	.globl _P5_6
                                     21 	.globl _P5_5
                                     22 	.globl _P5_4
                                     23 	.globl _P5_3
                                     24 	.globl _P5_2
                                     25 	.globl _P5_1
                                     26 	.globl _P5_0
                                     27 	.globl _P4_7
                                     28 	.globl _P4_6
                                     29 	.globl _P4_5
                                     30 	.globl _P4_4
                                     31 	.globl _P4_3
                                     32 	.globl _P4_2
                                     33 	.globl _P4_1
                                     34 	.globl _P4_0
                                     35 	.globl _PX0L
                                     36 	.globl _PT0L
                                     37 	.globl _PX1L
                                     38 	.globl _PT1L
                                     39 	.globl _PSL
                                     40 	.globl _PT2L
                                     41 	.globl _PPCL
                                     42 	.globl _EC
                                     43 	.globl _CCF0
                                     44 	.globl _CCF1
                                     45 	.globl _CCF2
                                     46 	.globl _CCF3
                                     47 	.globl _CCF4
                                     48 	.globl _CR
                                     49 	.globl _CF
                                     50 	.globl _TF2
                                     51 	.globl _EXF2
                                     52 	.globl _RCLK
                                     53 	.globl _TCLK
                                     54 	.globl _EXEN2
                                     55 	.globl _TR2
                                     56 	.globl _C_T2
                                     57 	.globl _CP_RL2
                                     58 	.globl _T2CON_7
                                     59 	.globl _T2CON_6
                                     60 	.globl _T2CON_5
                                     61 	.globl _T2CON_4
                                     62 	.globl _T2CON_3
                                     63 	.globl _T2CON_2
                                     64 	.globl _T2CON_1
                                     65 	.globl _T2CON_0
                                     66 	.globl _PT2
                                     67 	.globl _ET2
                                     68 	.globl _CY
                                     69 	.globl _AC
                                     70 	.globl _F0
                                     71 	.globl _RS1
                                     72 	.globl _RS0
                                     73 	.globl _OV
                                     74 	.globl _F1
                                     75 	.globl _P
                                     76 	.globl _PS
                                     77 	.globl _PT1
                                     78 	.globl _PX1
                                     79 	.globl _PT0
                                     80 	.globl _PX0
                                     81 	.globl _RD
                                     82 	.globl _WR
                                     83 	.globl _T1
                                     84 	.globl _T0
                                     85 	.globl _INT1
                                     86 	.globl _INT0
                                     87 	.globl _TXD
                                     88 	.globl _RXD
                                     89 	.globl _P3_7
                                     90 	.globl _P3_6
                                     91 	.globl _P3_5
                                     92 	.globl _P3_4
                                     93 	.globl _P3_3
                                     94 	.globl _P3_2
                                     95 	.globl _P3_1
                                     96 	.globl _P3_0
                                     97 	.globl _EA
                                     98 	.globl _ES
                                     99 	.globl _ET1
                                    100 	.globl _EX1
                                    101 	.globl _ET0
                                    102 	.globl _EX0
                                    103 	.globl _P2_7
                                    104 	.globl _P2_6
                                    105 	.globl _P2_5
                                    106 	.globl _P2_4
                                    107 	.globl _P2_3
                                    108 	.globl _P2_2
                                    109 	.globl _P2_1
                                    110 	.globl _P2_0
                                    111 	.globl _SM0
                                    112 	.globl _SM1
                                    113 	.globl _SM2
                                    114 	.globl _REN
                                    115 	.globl _TB8
                                    116 	.globl _RB8
                                    117 	.globl _TI
                                    118 	.globl _RI
                                    119 	.globl _P1_7
                                    120 	.globl _P1_6
                                    121 	.globl _P1_5
                                    122 	.globl _P1_4
                                    123 	.globl _P1_3
                                    124 	.globl _P1_2
                                    125 	.globl _P1_1
                                    126 	.globl _P1_0
                                    127 	.globl _TF1
                                    128 	.globl _TR1
                                    129 	.globl _TF0
                                    130 	.globl _TR0
                                    131 	.globl _IE1
                                    132 	.globl _IT1
                                    133 	.globl _IE0
                                    134 	.globl _IT0
                                    135 	.globl _P0_7
                                    136 	.globl _P0_6
                                    137 	.globl _P0_5
                                    138 	.globl _P0_4
                                    139 	.globl _P0_3
                                    140 	.globl _P0_2
                                    141 	.globl _P0_1
                                    142 	.globl _P0_0
                                    143 	.globl _EECON
                                    144 	.globl _KBF
                                    145 	.globl _KBE
                                    146 	.globl _KBLS
                                    147 	.globl _BRL
                                    148 	.globl _BDRCON
                                    149 	.globl _T2MOD
                                    150 	.globl _SPDAT
                                    151 	.globl _SPSTA
                                    152 	.globl _SPCON
                                    153 	.globl _SADEN
                                    154 	.globl _SADDR
                                    155 	.globl _WDTPRG
                                    156 	.globl _WDTRST
                                    157 	.globl _P5
                                    158 	.globl _P4
                                    159 	.globl _IPH1
                                    160 	.globl _IPL1
                                    161 	.globl _IPH0
                                    162 	.globl _IPL0
                                    163 	.globl _IEN1
                                    164 	.globl _IEN0
                                    165 	.globl _CMOD
                                    166 	.globl _CL
                                    167 	.globl _CH
                                    168 	.globl _CCON
                                    169 	.globl _CCAPM4
                                    170 	.globl _CCAPM3
                                    171 	.globl _CCAPM2
                                    172 	.globl _CCAPM1
                                    173 	.globl _CCAPM0
                                    174 	.globl _CCAP4L
                                    175 	.globl _CCAP3L
                                    176 	.globl _CCAP2L
                                    177 	.globl _CCAP1L
                                    178 	.globl _CCAP0L
                                    179 	.globl _CCAP4H
                                    180 	.globl _CCAP3H
                                    181 	.globl _CCAP2H
                                    182 	.globl _CCAP1H
                                    183 	.globl _CCAP0H
                                    184 	.globl _CKCON1
                                    185 	.globl _CKCON0
                                    186 	.globl _CKRL
                                    187 	.globl _AUXR1
                                    188 	.globl _AUXR
                                    189 	.globl _TH2
                                    190 	.globl _TL2
                                    191 	.globl _RCAP2H
                                    192 	.globl _RCAP2L
                                    193 	.globl _T2CON
                                    194 	.globl _B
                                    195 	.globl _ACC
                                    196 	.globl _PSW
                                    197 	.globl _IP
                                    198 	.globl _P3
                                    199 	.globl _IE
                                    200 	.globl _P2
                                    201 	.globl _SBUF
                                    202 	.globl _SCON
                                    203 	.globl _P1
                                    204 	.globl _TH1
                                    205 	.globl _TH0
                                    206 	.globl _TL1
                                    207 	.globl _TL0
                                    208 	.globl _TMOD
                                    209 	.globl _TCON
                                    210 	.globl _PCON
                                    211 	.globl _DPH
                                    212 	.globl _DPL
                                    213 	.globl _SP
                                    214 	.globl _P0
                                    215 	.globl _EEPROM_hexdump_PARM_2
                                    216 	.globl _eeprom_write_PARM_2
                                    217 	.globl _ACK
                                    218 	.globl _take_address
                                    219 	.globl _take_data
                                    220 	.globl _eeprom_write
                                    221 	.globl _eeprom_read
                                    222 	.globl _i2c_write
                                    223 	.globl _i2c_read
                                    224 	.globl _i2c_start
                                    225 	.globl _handler_EEPROM_hexdump
                                    226 	.globl _i2c_stop
                                    227 	.globl _eeprom_reset
                                    228 	.globl _i2c_delay
                                    229 ;--------------------------------------------------------
                                    230 ; special function registers
                                    231 ;--------------------------------------------------------
                                    232 	.area RSEG    (ABS,DATA)
      000000                        233 	.org 0x0000
                           000080   234 _P0	=	0x0080
                           000081   235 _SP	=	0x0081
                           000082   236 _DPL	=	0x0082
                           000083   237 _DPH	=	0x0083
                           000087   238 _PCON	=	0x0087
                           000088   239 _TCON	=	0x0088
                           000089   240 _TMOD	=	0x0089
                           00008A   241 _TL0	=	0x008a
                           00008B   242 _TL1	=	0x008b
                           00008C   243 _TH0	=	0x008c
                           00008D   244 _TH1	=	0x008d
                           000090   245 _P1	=	0x0090
                           000098   246 _SCON	=	0x0098
                           000099   247 _SBUF	=	0x0099
                           0000A0   248 _P2	=	0x00a0
                           0000A8   249 _IE	=	0x00a8
                           0000B0   250 _P3	=	0x00b0
                           0000B8   251 _IP	=	0x00b8
                           0000D0   252 _PSW	=	0x00d0
                           0000E0   253 _ACC	=	0x00e0
                           0000F0   254 _B	=	0x00f0
                           0000C8   255 _T2CON	=	0x00c8
                           0000CA   256 _RCAP2L	=	0x00ca
                           0000CB   257 _RCAP2H	=	0x00cb
                           0000CC   258 _TL2	=	0x00cc
                           0000CD   259 _TH2	=	0x00cd
                           00008E   260 _AUXR	=	0x008e
                           0000A2   261 _AUXR1	=	0x00a2
                           000097   262 _CKRL	=	0x0097
                           00008F   263 _CKCON0	=	0x008f
                           0000AF   264 _CKCON1	=	0x00af
                           0000FA   265 _CCAP0H	=	0x00fa
                           0000FB   266 _CCAP1H	=	0x00fb
                           0000FC   267 _CCAP2H	=	0x00fc
                           0000FD   268 _CCAP3H	=	0x00fd
                           0000FE   269 _CCAP4H	=	0x00fe
                           0000EA   270 _CCAP0L	=	0x00ea
                           0000EB   271 _CCAP1L	=	0x00eb
                           0000EC   272 _CCAP2L	=	0x00ec
                           0000ED   273 _CCAP3L	=	0x00ed
                           0000EE   274 _CCAP4L	=	0x00ee
                           0000DA   275 _CCAPM0	=	0x00da
                           0000DB   276 _CCAPM1	=	0x00db
                           0000DC   277 _CCAPM2	=	0x00dc
                           0000DD   278 _CCAPM3	=	0x00dd
                           0000DE   279 _CCAPM4	=	0x00de
                           0000D8   280 _CCON	=	0x00d8
                           0000F9   281 _CH	=	0x00f9
                           0000E9   282 _CL	=	0x00e9
                           0000D9   283 _CMOD	=	0x00d9
                           0000A8   284 _IEN0	=	0x00a8
                           0000B1   285 _IEN1	=	0x00b1
                           0000B8   286 _IPL0	=	0x00b8
                           0000B7   287 _IPH0	=	0x00b7
                           0000B2   288 _IPL1	=	0x00b2
                           0000B3   289 _IPH1	=	0x00b3
                           0000C0   290 _P4	=	0x00c0
                           0000E8   291 _P5	=	0x00e8
                           0000A6   292 _WDTRST	=	0x00a6
                           0000A7   293 _WDTPRG	=	0x00a7
                           0000A9   294 _SADDR	=	0x00a9
                           0000B9   295 _SADEN	=	0x00b9
                           0000C3   296 _SPCON	=	0x00c3
                           0000C4   297 _SPSTA	=	0x00c4
                           0000C5   298 _SPDAT	=	0x00c5
                           0000C9   299 _T2MOD	=	0x00c9
                           00009B   300 _BDRCON	=	0x009b
                           00009A   301 _BRL	=	0x009a
                           00009C   302 _KBLS	=	0x009c
                           00009D   303 _KBE	=	0x009d
                           00009E   304 _KBF	=	0x009e
                           0000D2   305 _EECON	=	0x00d2
                                    306 ;--------------------------------------------------------
                                    307 ; special function bits
                                    308 ;--------------------------------------------------------
                                    309 	.area RSEG    (ABS,DATA)
      000000                        310 	.org 0x0000
                           000080   311 _P0_0	=	0x0080
                           000081   312 _P0_1	=	0x0081
                           000082   313 _P0_2	=	0x0082
                           000083   314 _P0_3	=	0x0083
                           000084   315 _P0_4	=	0x0084
                           000085   316 _P0_5	=	0x0085
                           000086   317 _P0_6	=	0x0086
                           000087   318 _P0_7	=	0x0087
                           000088   319 _IT0	=	0x0088
                           000089   320 _IE0	=	0x0089
                           00008A   321 _IT1	=	0x008a
                           00008B   322 _IE1	=	0x008b
                           00008C   323 _TR0	=	0x008c
                           00008D   324 _TF0	=	0x008d
                           00008E   325 _TR1	=	0x008e
                           00008F   326 _TF1	=	0x008f
                           000090   327 _P1_0	=	0x0090
                           000091   328 _P1_1	=	0x0091
                           000092   329 _P1_2	=	0x0092
                           000093   330 _P1_3	=	0x0093
                           000094   331 _P1_4	=	0x0094
                           000095   332 _P1_5	=	0x0095
                           000096   333 _P1_6	=	0x0096
                           000097   334 _P1_7	=	0x0097
                           000098   335 _RI	=	0x0098
                           000099   336 _TI	=	0x0099
                           00009A   337 _RB8	=	0x009a
                           00009B   338 _TB8	=	0x009b
                           00009C   339 _REN	=	0x009c
                           00009D   340 _SM2	=	0x009d
                           00009E   341 _SM1	=	0x009e
                           00009F   342 _SM0	=	0x009f
                           0000A0   343 _P2_0	=	0x00a0
                           0000A1   344 _P2_1	=	0x00a1
                           0000A2   345 _P2_2	=	0x00a2
                           0000A3   346 _P2_3	=	0x00a3
                           0000A4   347 _P2_4	=	0x00a4
                           0000A5   348 _P2_5	=	0x00a5
                           0000A6   349 _P2_6	=	0x00a6
                           0000A7   350 _P2_7	=	0x00a7
                           0000A8   351 _EX0	=	0x00a8
                           0000A9   352 _ET0	=	0x00a9
                           0000AA   353 _EX1	=	0x00aa
                           0000AB   354 _ET1	=	0x00ab
                           0000AC   355 _ES	=	0x00ac
                           0000AF   356 _EA	=	0x00af
                           0000B0   357 _P3_0	=	0x00b0
                           0000B1   358 _P3_1	=	0x00b1
                           0000B2   359 _P3_2	=	0x00b2
                           0000B3   360 _P3_3	=	0x00b3
                           0000B4   361 _P3_4	=	0x00b4
                           0000B5   362 _P3_5	=	0x00b5
                           0000B6   363 _P3_6	=	0x00b6
                           0000B7   364 _P3_7	=	0x00b7
                           0000B0   365 _RXD	=	0x00b0
                           0000B1   366 _TXD	=	0x00b1
                           0000B2   367 _INT0	=	0x00b2
                           0000B3   368 _INT1	=	0x00b3
                           0000B4   369 _T0	=	0x00b4
                           0000B5   370 _T1	=	0x00b5
                           0000B6   371 _WR	=	0x00b6
                           0000B7   372 _RD	=	0x00b7
                           0000B8   373 _PX0	=	0x00b8
                           0000B9   374 _PT0	=	0x00b9
                           0000BA   375 _PX1	=	0x00ba
                           0000BB   376 _PT1	=	0x00bb
                           0000BC   377 _PS	=	0x00bc
                           0000D0   378 _P	=	0x00d0
                           0000D1   379 _F1	=	0x00d1
                           0000D2   380 _OV	=	0x00d2
                           0000D3   381 _RS0	=	0x00d3
                           0000D4   382 _RS1	=	0x00d4
                           0000D5   383 _F0	=	0x00d5
                           0000D6   384 _AC	=	0x00d6
                           0000D7   385 _CY	=	0x00d7
                           0000AD   386 _ET2	=	0x00ad
                           0000BD   387 _PT2	=	0x00bd
                           0000C8   388 _T2CON_0	=	0x00c8
                           0000C9   389 _T2CON_1	=	0x00c9
                           0000CA   390 _T2CON_2	=	0x00ca
                           0000CB   391 _T2CON_3	=	0x00cb
                           0000CC   392 _T2CON_4	=	0x00cc
                           0000CD   393 _T2CON_5	=	0x00cd
                           0000CE   394 _T2CON_6	=	0x00ce
                           0000CF   395 _T2CON_7	=	0x00cf
                           0000C8   396 _CP_RL2	=	0x00c8
                           0000C9   397 _C_T2	=	0x00c9
                           0000CA   398 _TR2	=	0x00ca
                           0000CB   399 _EXEN2	=	0x00cb
                           0000CC   400 _TCLK	=	0x00cc
                           0000CD   401 _RCLK	=	0x00cd
                           0000CE   402 _EXF2	=	0x00ce
                           0000CF   403 _TF2	=	0x00cf
                           0000DF   404 _CF	=	0x00df
                           0000DE   405 _CR	=	0x00de
                           0000DC   406 _CCF4	=	0x00dc
                           0000DB   407 _CCF3	=	0x00db
                           0000DA   408 _CCF2	=	0x00da
                           0000D9   409 _CCF1	=	0x00d9
                           0000D8   410 _CCF0	=	0x00d8
                           0000AE   411 _EC	=	0x00ae
                           0000BE   412 _PPCL	=	0x00be
                           0000BD   413 _PT2L	=	0x00bd
                           0000BC   414 _PSL	=	0x00bc
                           0000BB   415 _PT1L	=	0x00bb
                           0000BA   416 _PX1L	=	0x00ba
                           0000B9   417 _PT0L	=	0x00b9
                           0000B8   418 _PX0L	=	0x00b8
                           0000C0   419 _P4_0	=	0x00c0
                           0000C1   420 _P4_1	=	0x00c1
                           0000C2   421 _P4_2	=	0x00c2
                           0000C3   422 _P4_3	=	0x00c3
                           0000C4   423 _P4_4	=	0x00c4
                           0000C5   424 _P4_5	=	0x00c5
                           0000C6   425 _P4_6	=	0x00c6
                           0000C7   426 _P4_7	=	0x00c7
                           0000E8   427 _P5_0	=	0x00e8
                           0000E9   428 _P5_1	=	0x00e9
                           0000EA   429 _P5_2	=	0x00ea
                           0000EB   430 _P5_3	=	0x00eb
                           0000EC   431 _P5_4	=	0x00ec
                           0000ED   432 _P5_5	=	0x00ed
                           0000EE   433 _P5_6	=	0x00ee
                           0000EF   434 _P5_7	=	0x00ef
                                    435 ;--------------------------------------------------------
                                    436 ; overlayable register banks
                                    437 ;--------------------------------------------------------
                                    438 	.area REG_BANK_0	(REL,OVR,DATA)
      000000                        439 	.ds 8
                                    440 ;--------------------------------------------------------
                                    441 ; internal ram data
                                    442 ;--------------------------------------------------------
                                    443 	.area DSEG    (DATA)
                                    444 ;--------------------------------------------------------
                                    445 ; overlayable items in internal ram 
                                    446 ;--------------------------------------------------------
                                    447 ;--------------------------------------------------------
                                    448 ; Stack segment in internal ram 
                                    449 ;--------------------------------------------------------
                                    450 	.area	SSEG
      000000                        451 __start__stack:
      000000                        452 	.ds	1
                                    453 
                                    454 ;--------------------------------------------------------
                                    455 ; indirectly addressable internal ram data
                                    456 ;--------------------------------------------------------
                                    457 	.area ISEG    (DATA)
                                    458 ;--------------------------------------------------------
                                    459 ; absolute internal ram data
                                    460 ;--------------------------------------------------------
                                    461 	.area IABS    (ABS,DATA)
                                    462 	.area IABS    (ABS,DATA)
                                    463 ;--------------------------------------------------------
                                    464 ; bit data
                                    465 ;--------------------------------------------------------
                                    466 	.area BSEG    (BIT)
                                    467 ;--------------------------------------------------------
                                    468 ; paged external ram data
                                    469 ;--------------------------------------------------------
                                    470 	.area PSEG    (PAG,XDATA)
                                    471 ;--------------------------------------------------------
                                    472 ; external ram data
                                    473 ;--------------------------------------------------------
                                    474 	.area XSEG    (XDATA)
      000000                        475 _ACK::
      000000                        476 	.ds 2
      000002                        477 _putchar_charToSend_65536_50:
      000002                        478 	.ds 2
      000004                        479 _take_address_input_65537_68:
      000004                        480 	.ds 4
      000008                        481 _take_address_address_65538_72:
      000008                        482 	.ds 2
      00000A                        483 _take_data_input_65537_78:
      00000A                        484 	.ds 4
      00000E                        485 _take_data_data_65538_82:
      00000E                        486 	.ds 1
      00000F                        487 _eeprom_write_PARM_2:
      00000F                        488 	.ds 1
      000010                        489 _eeprom_write_address_65536_86:
      000010                        490 	.ds 2
      000012                        491 _eeprom_read_address_65536_93:
      000012                        492 	.ds 2
      000014                        493 _i2c_write_data_65536_98:
      000014                        494 	.ds 1
      000015                        495 _i2c_read_ACK_65536_103:
      000015                        496 	.ds 2
      000017                        497 _i2c_read_buff_65536_104:
      000017                        498 	.ds 1
      000018                        499 _EEPROM_hexdump_PARM_2:
      000018                        500 	.ds 2
      00001A                        501 _EEPROM_hexdump_start_address_65536_109:
      00001A                        502 	.ds 2
      00001C                        503 _EEPROM_hexdump_current_address_65537_111:
      00001C                        504 	.ds 2
                                    505 ;--------------------------------------------------------
                                    506 ; absolute external ram data
                                    507 ;--------------------------------------------------------
                                    508 	.area XABS    (ABS,XDATA)
                                    509 ;--------------------------------------------------------
                                    510 ; external initialized ram data
                                    511 ;--------------------------------------------------------
                                    512 	.area XISEG   (XDATA)
      000000                        513 _address_range_flag:
      000000                        514 	.ds 2
      000002                        515 _data_range_flag:
      000002                        516 	.ds 2
      000004                        517 _block:
      000004                        518 	.ds 2
                                    519 	.area HOME    (CODE)
                                    520 	.area GSINIT0 (CODE)
                                    521 	.area GSINIT1 (CODE)
                                    522 	.area GSINIT2 (CODE)
                                    523 	.area GSINIT3 (CODE)
                                    524 	.area GSINIT4 (CODE)
                                    525 	.area GSINIT5 (CODE)
                                    526 	.area GSINIT  (CODE)
                                    527 	.area GSFINAL (CODE)
                                    528 	.area CSEG    (CODE)
                                    529 ;--------------------------------------------------------
                                    530 ; interrupt vector 
                                    531 ;--------------------------------------------------------
                                    532 	.area HOME    (CODE)
      000000                        533 __interrupt_vect:
      000000 02r00r00         [24]  534 	ljmp	__sdcc_gsinit_startup
                                    535 ;--------------------------------------------------------
                                    536 ; global & static initialisations
                                    537 ;--------------------------------------------------------
                                    538 	.area HOME    (CODE)
                                    539 	.area GSINIT  (CODE)
                                    540 	.area GSFINAL (CODE)
                                    541 	.area GSINIT  (CODE)
                                    542 	.globl __sdcc_gsinit_startup
                                    543 	.globl __sdcc_program_startup
                                    544 	.globl __start__stack
                                    545 	.globl __mcs51_genXINIT
                                    546 	.globl __mcs51_genXRAMCLEAR
                                    547 	.globl __mcs51_genRAMCLEAR
                                    548 	.area GSFINAL (CODE)
      000000 02r00r03         [24]  549 	ljmp	__sdcc_program_startup
                                    550 ;--------------------------------------------------------
                                    551 ; Home
                                    552 ;--------------------------------------------------------
                                    553 	.area HOME    (CODE)
                                    554 	.area HOME    (CODE)
      000003                        555 __sdcc_program_startup:
      000003 02r01r40         [24]  556 	ljmp	_main
                                    557 ;	return from main will return to caller
                                    558 ;--------------------------------------------------------
                                    559 ; code
                                    560 ;--------------------------------------------------------
                                    561 	.area CSEG    (CODE)
                                    562 ;------------------------------------------------------------
                                    563 ;Allocation info for local variables in function 'putchar'
                                    564 ;------------------------------------------------------------
                                    565 ;charToSend                Allocated with name '_putchar_charToSend_65536_50'
                                    566 ;------------------------------------------------------------
                                    567 ;	8051_i2c_eeprom.c:64: int putchar(int charToSend) {
                                    568 ;	-----------------------------------------
                                    569 ;	 function putchar
                                    570 ;	-----------------------------------------
      000000                        571 _putchar:
                           000007   572 	ar7 = 0x07
                           000006   573 	ar6 = 0x06
                           000005   574 	ar5 = 0x05
                           000004   575 	ar4 = 0x04
                           000003   576 	ar3 = 0x03
                           000002   577 	ar2 = 0x02
                           000001   578 	ar1 = 0x01
                           000000   579 	ar0 = 0x00
      000000 AF 83            [24]  580 	mov	r7,dph
      000002 E5 82            [12]  581 	mov	a,dpl
      000004 90r00r02         [24]  582 	mov	dptr,#_putchar_charToSend_65536_50
      000007 F0               [24]  583 	movx	@dptr,a
      000008 EF               [12]  584 	mov	a,r7
      000009 A3               [24]  585 	inc	dptr
      00000A F0               [24]  586 	movx	@dptr,a
                                    587 ;	8051_i2c_eeprom.c:65: SBUF = charToSend;       /* Load character into serial buffer */
      00000B 90r00r02         [24]  588 	mov	dptr,#_putchar_charToSend_65536_50
      00000E E0               [24]  589 	movx	a,@dptr
      00000F FE               [12]  590 	mov	r6,a
      000010 A3               [24]  591 	inc	dptr
      000011 E0               [24]  592 	movx	a,@dptr
      000012 FF               [12]  593 	mov	r7,a
      000013 8E 99            [24]  594 	mov	_SBUF,r6
                                    595 ;	8051_i2c_eeprom.c:66: while (!TI);             /* Wait for transmission completion */
      000015                        596 00101$:
                                    597 ;	8051_i2c_eeprom.c:67: TI = 0;                  /* Clear transmission flag */
                                    598 ;	assignBit
      000015 10 99 02         [24]  599 	jbc	_TI,00114$
      000018 80 FB            [24]  600 	sjmp	00101$
      00001A                        601 00114$:
                                    602 ;	8051_i2c_eeprom.c:68: return charToSend;
      00001A 8E 82            [24]  603 	mov	dpl,r6
      00001C 8F 83            [24]  604 	mov	dph,r7
                                    605 ;	8051_i2c_eeprom.c:69: }
      00001E 22               [24]  606 	ret
                                    607 ;------------------------------------------------------------
                                    608 ;Allocation info for local variables in function 'getchar'
                                    609 ;------------------------------------------------------------
                                    610 ;	8051_i2c_eeprom.c:75: int getchar(void) {
                                    611 ;	-----------------------------------------
                                    612 ;	 function getchar
                                    613 ;	-----------------------------------------
      00001F                        614 _getchar:
                                    615 ;	8051_i2c_eeprom.c:76: while (!RI);             /* Wait for reception completion */
      00001F                        616 00101$:
                                    617 ;	8051_i2c_eeprom.c:77: RI = 0;                  /* Clear reception flag */
                                    618 ;	assignBit
      00001F 10 98 02         [24]  619 	jbc	_RI,00114$
      000022 80 FB            [24]  620 	sjmp	00101$
      000024                        621 00114$:
                                    622 ;	8051_i2c_eeprom.c:78: return SBUF;             /* Return received character */
      000024 AE 99            [24]  623 	mov	r6,_SBUF
      000026 7F 00            [12]  624 	mov	r7,#0x00
      000028 8E 82            [24]  625 	mov	dpl,r6
      00002A 8F 83            [24]  626 	mov	dph,r7
                                    627 ;	8051_i2c_eeprom.c:79: }
      00002C 22               [24]  628 	ret
                                    629 ;------------------------------------------------------------
                                    630 ;Allocation info for local variables in function 'ui'
                                    631 ;------------------------------------------------------------
                                    632 ;	8051_i2c_eeprom.c:84: void ui()
                                    633 ;	-----------------------------------------
                                    634 ;	 function ui
                                    635 ;	-----------------------------------------
      00002D                        636 _ui:
                                    637 ;	8051_i2c_eeprom.c:86: printf("\n╔════════════════════════════════════════════════════════╗\n\r");
      00002D 74r00            [12]  638 	mov	a,#___str_0
      00002F C0 E0            [24]  639 	push	acc
      000031 74s00            [12]  640 	mov	a,#(___str_0 >> 8)
      000033 C0 E0            [24]  641 	push	acc
      000035 74 80            [12]  642 	mov	a,#0x80
      000037 C0 E0            [24]  643 	push	acc
      000039 12r00r00         [24]  644 	lcall	_printf
      00003C 15 81            [12]  645 	dec	sp
      00003E 15 81            [12]  646 	dec	sp
      000040 15 81            [12]  647 	dec	sp
                                    648 ;	8051_i2c_eeprom.c:87: printf("║           I2C Memory Management System v1.0            ║\n\r");
      000042 74rB2            [12]  649 	mov	a,#___str_1
      000044 C0 E0            [24]  650 	push	acc
      000046 74s00            [12]  651 	mov	a,#(___str_1 >> 8)
      000048 C0 E0            [24]  652 	push	acc
      00004A 74 80            [12]  653 	mov	a,#0x80
      00004C C0 E0            [24]  654 	push	acc
      00004E 12r00r00         [24]  655 	lcall	_printf
      000051 15 81            [12]  656 	dec	sp
      000053 15 81            [12]  657 	dec	sp
      000055 15 81            [12]  658 	dec	sp
                                    659 ;	8051_i2c_eeprom.c:88: printf("╚════════════════════════════════════════════════════════╝\n\r");
      000057 74rF3            [12]  660 	mov	a,#___str_2
      000059 C0 E0            [24]  661 	push	acc
      00005B 74s00            [12]  662 	mov	a,#(___str_2 >> 8)
      00005D C0 E0            [24]  663 	push	acc
      00005F 74 80            [12]  664 	mov	a,#0x80
      000061 C0 E0            [24]  665 	push	acc
      000063 12r00r00         [24]  666 	lcall	_printf
      000066 15 81            [12]  667 	dec	sp
      000068 15 81            [12]  668 	dec	sp
      00006A 15 81            [12]  669 	dec	sp
                                    670 ;	8051_i2c_eeprom.c:90: }
      00006C 22               [24]  671 	ret
                                    672 ;------------------------------------------------------------
                                    673 ;Allocation info for local variables in function 'command_menu'
                                    674 ;------------------------------------------------------------
                                    675 ;	8051_i2c_eeprom.c:95: void command_menu()
                                    676 ;	-----------------------------------------
                                    677 ;	 function command_menu
                                    678 ;	-----------------------------------------
      00006D                        679 _command_menu:
                                    680 ;	8051_i2c_eeprom.c:97: printf("\n\r┌────────────┬────────────────────────────────────────────┐\n\r");
      00006D 74rA4            [12]  681 	mov	a,#___str_3
      00006F C0 E0            [24]  682 	push	acc
      000071 74s01            [12]  683 	mov	a,#(___str_3 >> 8)
      000073 C0 E0            [24]  684 	push	acc
      000075 74 80            [12]  685 	mov	a,#0x80
      000077 C0 E0            [24]  686 	push	acc
      000079 12r00r00         [24]  687 	lcall	_printf
      00007C 15 81            [12]  688 	dec	sp
      00007E 15 81            [12]  689 	dec	sp
      000080 15 81            [12]  690 	dec	sp
                                    691 ;	8051_i2c_eeprom.c:98: printf("│  Command   │               Description                  │\n\r");
      000082 74r5A            [12]  692 	mov	a,#___str_4
      000084 C0 E0            [24]  693 	push	acc
      000086 74s02            [12]  694 	mov	a,#(___str_4 >> 8)
      000088 C0 E0            [24]  695 	push	acc
      00008A 74 80            [12]  696 	mov	a,#0x80
      00008C C0 E0            [24]  697 	push	acc
      00008E 12r00r00         [24]  698 	lcall	_printf
      000091 15 81            [12]  699 	dec	sp
      000093 15 81            [12]  700 	dec	sp
      000095 15 81            [12]  701 	dec	sp
                                    702 ;	8051_i2c_eeprom.c:99: printf("├────────────┼────────────────────────────────────────────┤\n\r");
      000097 74r9E            [12]  703 	mov	a,#___str_5
      000099 C0 E0            [24]  704 	push	acc
      00009B 74s02            [12]  705 	mov	a,#(___str_5 >> 8)
      00009D C0 E0            [24]  706 	push	acc
      00009F 74 80            [12]  707 	mov	a,#0x80
      0000A1 C0 E0            [24]  708 	push	acc
      0000A3 12r00r00         [24]  709 	lcall	_printf
      0000A6 15 81            [12]  710 	dec	sp
      0000A8 15 81            [12]  711 	dec	sp
      0000AA 15 81            [12]  712 	dec	sp
                                    713 ;	8051_i2c_eeprom.c:100: printf("│     R      │ Read from address                          │\n\r");
      0000AC 74r52            [12]  714 	mov	a,#___str_6
      0000AE C0 E0            [24]  715 	push	acc
      0000B0 74s03            [12]  716 	mov	a,#(___str_6 >> 8)
      0000B2 C0 E0            [24]  717 	push	acc
      0000B4 74 80            [12]  718 	mov	a,#0x80
      0000B6 C0 E0            [24]  719 	push	acc
      0000B8 12r00r00         [24]  720 	lcall	_printf
      0000BB 15 81            [12]  721 	dec	sp
      0000BD 15 81            [12]  722 	dec	sp
      0000BF 15 81            [12]  723 	dec	sp
                                    724 ;	8051_i2c_eeprom.c:101: printf("│     W      │ Write data to address                      │\n\r");
      0000C1 74r96            [12]  725 	mov	a,#___str_7
      0000C3 C0 E0            [24]  726 	push	acc
      0000C5 74s03            [12]  727 	mov	a,#(___str_7 >> 8)
      0000C7 C0 E0            [24]  728 	push	acc
      0000C9 74 80            [12]  729 	mov	a,#0x80
      0000CB C0 E0            [24]  730 	push	acc
      0000CD 12r00r00         [24]  731 	lcall	_printf
      0000D0 15 81            [12]  732 	dec	sp
      0000D2 15 81            [12]  733 	dec	sp
      0000D4 15 81            [12]  734 	dec	sp
                                    735 ;	8051_i2c_eeprom.c:102: printf("│     H      │ Display hex dump                           │\n\r");
      0000D6 74rDA            [12]  736 	mov	a,#___str_8
      0000D8 C0 E0            [24]  737 	push	acc
      0000DA 74s03            [12]  738 	mov	a,#(___str_8 >> 8)
      0000DC C0 E0            [24]  739 	push	acc
      0000DE 74 80            [12]  740 	mov	a,#0x80
      0000E0 C0 E0            [24]  741 	push	acc
      0000E2 12r00r00         [24]  742 	lcall	_printf
      0000E5 15 81            [12]  743 	dec	sp
      0000E7 15 81            [12]  744 	dec	sp
      0000E9 15 81            [12]  745 	dec	sp
                                    746 ;	8051_i2c_eeprom.c:103: printf("│     X      │ Reset memory system                        │\n\r");
      0000EB 74r1E            [12]  747 	mov	a,#___str_9
      0000ED C0 E0            [24]  748 	push	acc
      0000EF 74s04            [12]  749 	mov	a,#(___str_9 >> 8)
      0000F1 C0 E0            [24]  750 	push	acc
      0000F3 74 80            [12]  751 	mov	a,#0x80
      0000F5 C0 E0            [24]  752 	push	acc
      0000F7 12r00r00         [24]  753 	lcall	_printf
      0000FA 15 81            [12]  754 	dec	sp
      0000FC 15 81            [12]  755 	dec	sp
      0000FE 15 81            [12]  756 	dec	sp
                                    757 ;	8051_i2c_eeprom.c:104: printf("│     ?      │ Display this help menu                     │\n\r");
      000100 74r62            [12]  758 	mov	a,#___str_10
      000102 C0 E0            [24]  759 	push	acc
      000104 74s04            [12]  760 	mov	a,#(___str_10 >> 8)
      000106 C0 E0            [24]  761 	push	acc
      000108 74 80            [12]  762 	mov	a,#0x80
      00010A C0 E0            [24]  763 	push	acc
      00010C 12r00r00         [24]  764 	lcall	_printf
      00010F 15 81            [12]  765 	dec	sp
      000111 15 81            [12]  766 	dec	sp
      000113 15 81            [12]  767 	dec	sp
                                    768 ;	8051_i2c_eeprom.c:105: printf("│     Q      │ Quit program                               │\n\r");
      000115 74rA6            [12]  769 	mov	a,#___str_11
      000117 C0 E0            [24]  770 	push	acc
      000119 74s04            [12]  771 	mov	a,#(___str_11 >> 8)
      00011B C0 E0            [24]  772 	push	acc
      00011D 74 80            [12]  773 	mov	a,#0x80
      00011F C0 E0            [24]  774 	push	acc
      000121 12r00r00         [24]  775 	lcall	_printf
      000124 15 81            [12]  776 	dec	sp
      000126 15 81            [12]  777 	dec	sp
      000128 15 81            [12]  778 	dec	sp
                                    779 ;	8051_i2c_eeprom.c:106: printf("└────────────┴────────────────────────────────────────────┘\n\r");
      00012A 74rEA            [12]  780 	mov	a,#___str_12
      00012C C0 E0            [24]  781 	push	acc
      00012E 74s04            [12]  782 	mov	a,#(___str_12 >> 8)
      000130 C0 E0            [24]  783 	push	acc
      000132 74 80            [12]  784 	mov	a,#0x80
      000134 C0 E0            [24]  785 	push	acc
      000136 12r00r00         [24]  786 	lcall	_printf
      000139 15 81            [12]  787 	dec	sp
      00013B 15 81            [12]  788 	dec	sp
      00013D 15 81            [12]  789 	dec	sp
                                    790 ;	8051_i2c_eeprom.c:109: }
      00013F 22               [24]  791 	ret
                                    792 ;------------------------------------------------------------
                                    793 ;Allocation info for local variables in function 'main'
                                    794 ;------------------------------------------------------------
                                    795 ;user_input                Allocated with name '_main_user_input_131072_57'
                                    796 ;addr                      Allocated with name '_main_addr_262145_60'
                                    797 ;data                      Allocated with name '_main_data_262146_62'
                                    798 ;addr                      Allocated with name '_main_addr_262145_65'
                                    799 ;------------------------------------------------------------
                                    800 ;	8051_i2c_eeprom.c:115: int main()
                                    801 ;	-----------------------------------------
                                    802 ;	 function main
                                    803 ;	-----------------------------------------
      000140                        804 _main:
                                    805 ;	8051_i2c_eeprom.c:118: P1 &= ~(1<<3);  // Set P1.3 as output
      000140 53 90 F7         [24]  806 	anl	_P1,#0xf7
                                    807 ;	8051_i2c_eeprom.c:119: P1 &= ~(1<<4);  // Set P1.4 as output
      000143 53 90 EF         [24]  808 	anl	_P1,#0xef
                                    809 ;	8051_i2c_eeprom.c:120: ui();
      000146 12r00r2D         [24]  810 	lcall	_ui
                                    811 ;	8051_i2c_eeprom.c:121: command_menu();
      000149 12r00r6D         [24]  812 	lcall	_command_menu
                                    813 ;	8051_i2c_eeprom.c:122: i2c_start();
      00014C 12r09rBB         [24]  814 	lcall	_i2c_start
                                    815 ;	8051_i2c_eeprom.c:123: while(1)
      00014F                        816 00115$:
                                    817 ;	8051_i2c_eeprom.c:125: char user_input = getchar();
      00014F 12r00r1F         [24]  818 	lcall	_getchar
      000152 AE 82            [24]  819 	mov	r6,dpl
                                    820 ;	8051_i2c_eeprom.c:126: printf("| $ %c\n\r", user_input);
      000154 8E 05            [24]  821 	mov	ar5,r6
      000156 7F 00            [12]  822 	mov	r7,#0x00
      000158 C0 06            [24]  823 	push	ar6
      00015A C0 05            [24]  824 	push	ar5
      00015C C0 07            [24]  825 	push	ar7
      00015E 74r9E            [12]  826 	mov	a,#___str_13
      000160 C0 E0            [24]  827 	push	acc
      000162 74s05            [12]  828 	mov	a,#(___str_13 >> 8)
      000164 C0 E0            [24]  829 	push	acc
      000166 74 80            [12]  830 	mov	a,#0x80
      000168 C0 E0            [24]  831 	push	acc
      00016A 12r00r00         [24]  832 	lcall	_printf
      00016D E5 81            [12]  833 	mov	a,sp
      00016F 24 FB            [12]  834 	add	a,#0xfb
      000171 F5 81            [12]  835 	mov	sp,a
                                    836 ;	8051_i2c_eeprom.c:127: printf("\n\r");
      000173 74rA7            [12]  837 	mov	a,#___str_14
      000175 C0 E0            [24]  838 	push	acc
      000177 74s05            [12]  839 	mov	a,#(___str_14 >> 8)
      000179 C0 E0            [24]  840 	push	acc
      00017B 74 80            [12]  841 	mov	a,#0x80
      00017D C0 E0            [24]  842 	push	acc
      00017F 12r00r00         [24]  843 	lcall	_printf
      000182 15 81            [12]  844 	dec	sp
      000184 15 81            [12]  845 	dec	sp
      000186 15 81            [12]  846 	dec	sp
      000188 D0 06            [24]  847 	pop	ar6
                                    848 ;	8051_i2c_eeprom.c:128: switch(user_input)
      00018A BE 3F 03         [24]  849 	cjne	r6,#0x3f,00155$
      00018D 02r02r70         [24]  850 	ljmp	00109$
      000190                        851 00155$:
      000190 BE 48 03         [24]  852 	cjne	r6,#0x48,00156$
      000193 02r02r91         [24]  853 	ljmp	00111$
      000196                        854 00156$:
      000196 BE 52 02         [24]  855 	cjne	r6,#0x52,00157$
      000199 80 76            [24]  856 	sjmp	00106$
      00019B                        857 00157$:
      00019B BE 57 02         [24]  858 	cjne	r6,#0x57,00158$
      00019E 80 09            [24]  859 	sjmp	00101$
      0001A0                        860 00158$:
      0001A0 BE 58 03         [24]  861 	cjne	r6,#0x58,00159$
      0001A3 02r02r76         [24]  862 	ljmp	00110$
      0001A6                        863 00159$:
      0001A6 02r02rA9         [24]  864 	ljmp	00112$
                                    865 ;	8051_i2c_eeprom.c:130: case 'W':
      0001A9                        866 00101$:
                                    867 ;	8051_i2c_eeprom.c:132: printf("\n┌─────────────── WRITE OPERATION ──────────────┐\n\r");
      0001A9 74rAA            [12]  868 	mov	a,#___str_15
      0001AB C0 E0            [24]  869 	push	acc
      0001AD 74s05            [12]  870 	mov	a,#(___str_15 >> 8)
      0001AF C0 E0            [24]  871 	push	acc
      0001B1 74 80            [12]  872 	mov	a,#0x80
      0001B3 C0 E0            [24]  873 	push	acc
      0001B5 12r00r00         [24]  874 	lcall	_printf
      0001B8 15 81            [12]  875 	dec	sp
      0001BA 15 81            [12]  876 	dec	sp
      0001BC 15 81            [12]  877 	dec	sp
                                    878 ;	8051_i2c_eeprom.c:134: addr = take_address();
      0001BE 12r02rC1         [24]  879 	lcall	_take_address
      0001C1 AE 82            [24]  880 	mov	r6,dpl
      0001C3 AF 83            [24]  881 	mov	r7,dph
                                    882 ;	8051_i2c_eeprom.c:135: if(!address_range_flag) 
      0001C5 90r00r00         [24]  883 	mov	dptr,#_address_range_flag
      0001C8 E0               [24]  884 	movx	a,@dptr
      0001C9 F5 F0            [12]  885 	mov	b,a
      0001CB A3               [24]  886 	inc	dptr
      0001CC E0               [24]  887 	movx	a,@dptr
      0001CD 45 F0            [12]  888 	orl	a,b
      0001CF 70 0C            [24]  889 	jnz	00103$
                                    890 ;	8051_i2c_eeprom.c:137: address_range_flag = 1;
      0001D1 90r00r00         [24]  891 	mov	dptr,#_address_range_flag
      0001D4 74 01            [12]  892 	mov	a,#0x01
      0001D6 F0               [24]  893 	movx	@dptr,a
      0001D7 E4               [12]  894 	clr	a
      0001D8 A3               [24]  895 	inc	dptr
      0001D9 F0               [24]  896 	movx	@dptr,a
                                    897 ;	8051_i2c_eeprom.c:138: break;
      0001DA 02r01r4F         [24]  898 	ljmp	00115$
      0001DD                        899 00103$:
                                    900 ;	8051_i2c_eeprom.c:141: data = take_data();
      0001DD C0 07            [24]  901 	push	ar7
      0001DF C0 06            [24]  902 	push	ar6
      0001E1 12r04rFF         [24]  903 	lcall	_take_data
      0001E4 AD 82            [24]  904 	mov	r5,dpl
      0001E6 D0 06            [24]  905 	pop	ar6
      0001E8 D0 07            [24]  906 	pop	ar7
                                    907 ;	8051_i2c_eeprom.c:142: if(!data_range_flag) 
      0001EA 90r00r02         [24]  908 	mov	dptr,#_data_range_flag
      0001ED E0               [24]  909 	movx	a,@dptr
      0001EE F5 F0            [12]  910 	mov	b,a
      0001F0 A3               [24]  911 	inc	dptr
      0001F1 E0               [24]  912 	movx	a,@dptr
      0001F2 45 F0            [12]  913 	orl	a,b
      0001F4 70 0C            [24]  914 	jnz	00105$
                                    915 ;	8051_i2c_eeprom.c:144: data_range_flag = 1;
      0001F6 90r00r02         [24]  916 	mov	dptr,#_data_range_flag
      0001F9 74 01            [12]  917 	mov	a,#0x01
      0001FB F0               [24]  918 	movx	@dptr,a
      0001FC E4               [12]  919 	clr	a
      0001FD A3               [24]  920 	inc	dptr
      0001FE F0               [24]  921 	movx	@dptr,a
                                    922 ;	8051_i2c_eeprom.c:145: break;
      0001FF 02r01r4F         [24]  923 	ljmp	00115$
      000202                        924 00105$:
                                    925 ;	8051_i2c_eeprom.c:148: eeprom_write(addr, data);
      000202 90r00r0F         [24]  926 	mov	dptr,#_eeprom_write_PARM_2
      000205 ED               [12]  927 	mov	a,r5
      000206 F0               [24]  928 	movx	@dptr,a
      000207 8E 82            [24]  929 	mov	dpl,r6
      000209 8F 83            [24]  930 	mov	dph,r7
      00020B 12r06r78         [24]  931 	lcall	_eeprom_write
                                    932 ;	8051_i2c_eeprom.c:149: break;
      00020E 02r01r4F         [24]  933 	ljmp	00115$
                                    934 ;	8051_i2c_eeprom.c:151: case 'R':
      000211                        935 00106$:
                                    936 ;	8051_i2c_eeprom.c:153: printf("\n┌─────────────── READ OPERATION ───────────────┐\n\r");
      000211 74r1C            [12]  937 	mov	a,#___str_16
      000213 C0 E0            [24]  938 	push	acc
      000215 74s06            [12]  939 	mov	a,#(___str_16 >> 8)
      000217 C0 E0            [24]  940 	push	acc
      000219 74 80            [12]  941 	mov	a,#0x80
      00021B C0 E0            [24]  942 	push	acc
      00021D 12r00r00         [24]  943 	lcall	_printf
      000220 15 81            [12]  944 	dec	sp
      000222 15 81            [12]  945 	dec	sp
      000224 15 81            [12]  946 	dec	sp
                                    947 ;	8051_i2c_eeprom.c:155: addr = take_address(); 
      000226 12r02rC1         [24]  948 	lcall	_take_address
      000229 AE 82            [24]  949 	mov	r6,dpl
      00022B AF 83            [24]  950 	mov	r7,dph
                                    951 ;	8051_i2c_eeprom.c:156: if(!address_range_flag) 
      00022D 90r00r00         [24]  952 	mov	dptr,#_address_range_flag
      000230 E0               [24]  953 	movx	a,@dptr
      000231 F5 F0            [12]  954 	mov	b,a
      000233 A3               [24]  955 	inc	dptr
      000234 E0               [24]  956 	movx	a,@dptr
      000235 45 F0            [12]  957 	orl	a,b
      000237 70 0C            [24]  958 	jnz	00108$
                                    959 ;	8051_i2c_eeprom.c:158: address_range_flag = 1;
      000239 90r00r00         [24]  960 	mov	dptr,#_address_range_flag
      00023C 74 01            [12]  961 	mov	a,#0x01
      00023E F0               [24]  962 	movx	@dptr,a
      00023F E4               [12]  963 	clr	a
      000240 A3               [24]  964 	inc	dptr
      000241 F0               [24]  965 	movx	@dptr,a
                                    966 ;	8051_i2c_eeprom.c:159: break;
      000242 02r01r4F         [24]  967 	ljmp	00115$
      000245                        968 00108$:
                                    969 ;	8051_i2c_eeprom.c:161: printf("| Reading from Address 0x%03X           |\n\r", addr);
      000245 C0 07            [24]  970 	push	ar7
      000247 C0 06            [24]  971 	push	ar6
      000249 C0 06            [24]  972 	push	ar6
      00024B C0 07            [24]  973 	push	ar7
      00024D 74r90            [12]  974 	mov	a,#___str_17
      00024F C0 E0            [24]  975 	push	acc
      000251 74s06            [12]  976 	mov	a,#(___str_17 >> 8)
      000253 C0 E0            [24]  977 	push	acc
      000255 74 80            [12]  978 	mov	a,#0x80
      000257 C0 E0            [24]  979 	push	acc
      000259 12r00r00         [24]  980 	lcall	_printf
      00025C E5 81            [12]  981 	mov	a,sp
      00025E 24 FB            [12]  982 	add	a,#0xfb
      000260 F5 81            [12]  983 	mov	sp,a
      000262 D0 06            [24]  984 	pop	ar6
      000264 D0 07            [24]  985 	pop	ar7
                                    986 ;	8051_i2c_eeprom.c:162: eeprom_read(addr);
      000266 8E 82            [24]  987 	mov	dpl,r6
      000268 8F 83            [24]  988 	mov	dph,r7
      00026A 12r07rBA         [24]  989 	lcall	_eeprom_read
                                    990 ;	8051_i2c_eeprom.c:163: break;
      00026D 02r01r4F         [24]  991 	ljmp	00115$
                                    992 ;	8051_i2c_eeprom.c:166: case '?':
      000270                        993 00109$:
                                    994 ;	8051_i2c_eeprom.c:167: command_menu();
      000270 12r00r6D         [24]  995 	lcall	_command_menu
                                    996 ;	8051_i2c_eeprom.c:168: break;
      000273 02r01r4F         [24]  997 	ljmp	00115$
                                    998 ;	8051_i2c_eeprom.c:170: case 'X':
      000276                        999 00110$:
                                   1000 ;	8051_i2c_eeprom.c:171: printf("\n┌─────────────── RESET OPERATION ───────────┐\n\r");
      000276 74rBC            [12] 1001 	mov	a,#___str_18
      000278 C0 E0            [24] 1002 	push	acc
      00027A 74s06            [12] 1003 	mov	a,#(___str_18 >> 8)
      00027C C0 E0            [24] 1004 	push	acc
      00027E 74 80            [12] 1005 	mov	a,#0x80
      000280 C0 E0            [24] 1006 	push	acc
      000282 12r00r00         [24] 1007 	lcall	_printf
      000285 15 81            [12] 1008 	dec	sp
      000287 15 81            [12] 1009 	dec	sp
      000289 15 81            [12] 1010 	dec	sp
                                   1011 ;	8051_i2c_eeprom.c:172: eeprom_reset();
      00028B 12r0DrAB         [24] 1012 	lcall	_eeprom_reset
                                   1013 ;	8051_i2c_eeprom.c:173: break;
      00028E 02r01r4F         [24] 1014 	ljmp	00115$
                                   1015 ;	8051_i2c_eeprom.c:175: case 'H':
      000291                       1016 00111$:
                                   1017 ;	8051_i2c_eeprom.c:176: printf("\n┌───────────── HEX DUMP OPERATION ───────────────┐\n\r");
      000291 74r25            [12] 1018 	mov	a,#___str_19
      000293 C0 E0            [24] 1019 	push	acc
      000295 74s07            [12] 1020 	mov	a,#(___str_19 >> 8)
      000297 C0 E0            [24] 1021 	push	acc
      000299 74 80            [12] 1022 	mov	a,#0x80
      00029B C0 E0            [24] 1023 	push	acc
      00029D 12r00r00         [24] 1024 	lcall	_printf
      0002A0 15 81            [12] 1025 	dec	sp
      0002A2 15 81            [12] 1026 	dec	sp
      0002A4 15 81            [12] 1027 	dec	sp
                                   1028 ;	8051_i2c_eeprom.c:192: handler_EEPROM_hexdump();
      0002A6 12r0CrFF         [24] 1029 	lcall	_handler_EEPROM_hexdump
                                   1030 ;	8051_i2c_eeprom.c:195: default:
      0002A9                       1031 00112$:
                                   1032 ;	8051_i2c_eeprom.c:196: printf("INVALID INPUT\n\r");
      0002A9 74r97            [12] 1033 	mov	a,#___str_20
      0002AB C0 E0            [24] 1034 	push	acc
      0002AD 74s07            [12] 1035 	mov	a,#(___str_20 >> 8)
      0002AF C0 E0            [24] 1036 	push	acc
      0002B1 74 80            [12] 1037 	mov	a,#0x80
      0002B3 C0 E0            [24] 1038 	push	acc
      0002B5 12r00r00         [24] 1039 	lcall	_printf
      0002B8 15 81            [12] 1040 	dec	sp
      0002BA 15 81            [12] 1041 	dec	sp
      0002BC 15 81            [12] 1042 	dec	sp
                                   1043 ;	8051_i2c_eeprom.c:198: }
                                   1044 ;	8051_i2c_eeprom.c:201: }
      0002BE 02r01r4F         [24] 1045 	ljmp	00115$
                                   1046 ;------------------------------------------------------------
                                   1047 ;Allocation info for local variables in function 'take_address'
                                   1048 ;------------------------------------------------------------
                                   1049 ;input                     Allocated with name '_take_address_input_65537_68'
                                   1050 ;i                         Allocated with name '_take_address_i_65537_68'
                                   1051 ;c                         Allocated with name '_take_address_c_65537_68'
                                   1052 ;address                   Allocated with name '_take_address_address_65538_72'
                                   1053 ;block                     Allocated with name '_take_address_block_65539_76'
                                   1054 ;------------------------------------------------------------
                                   1055 ;	8051_i2c_eeprom.c:209: unsigned int take_address() 
                                   1056 ;	-----------------------------------------
                                   1057 ;	 function take_address
                                   1058 ;	-----------------------------------------
      0002C1                       1059 _take_address:
                                   1060 ;	8051_i2c_eeprom.c:211: printf("│ Enter address (hex, up to 3 characters): \n\r|");
      0002C1 74rA7            [12] 1061 	mov	a,#___str_21
      0002C3 C0 E0            [24] 1062 	push	acc
      0002C5 74s07            [12] 1063 	mov	a,#(___str_21 >> 8)
      0002C7 C0 E0            [24] 1064 	push	acc
      0002C9 74 80            [12] 1065 	mov	a,#0x80
      0002CB C0 E0            [24] 1066 	push	acc
      0002CD 12r00r00         [24] 1067 	lcall	_printf
      0002D0 15 81            [12] 1068 	dec	sp
      0002D2 15 81            [12] 1069 	dec	sp
      0002D4 15 81            [12] 1070 	dec	sp
                                   1071 ;	8051_i2c_eeprom.c:212: char input[4] = {0};  // Array for 3 hex chars + null terminator
      0002D6 90r00r04         [24] 1072 	mov	dptr,#_take_address_input_65537_68
      0002D9 E4               [12] 1073 	clr	a
      0002DA F0               [24] 1074 	movx	@dptr,a
      0002DB 90r00r05         [24] 1075 	mov	dptr,#(_take_address_input_65537_68 + 0x0001)
      0002DE F0               [24] 1076 	movx	@dptr,a
      0002DF 90r00r06         [24] 1077 	mov	dptr,#(_take_address_input_65537_68 + 0x0002)
      0002E2 F0               [24] 1078 	movx	@dptr,a
      0002E3 90r00r07         [24] 1079 	mov	dptr,#(_take_address_input_65537_68 + 0x0003)
      0002E6 F0               [24] 1080 	movx	@dptr,a
                                   1081 ;	8051_i2c_eeprom.c:216: printf("| $ ");
      0002E7 74rD8            [12] 1082 	mov	a,#___str_22
      0002E9 C0 E0            [24] 1083 	push	acc
      0002EB 74s07            [12] 1084 	mov	a,#(___str_22 >> 8)
      0002ED C0 E0            [24] 1085 	push	acc
      0002EF 74 80            [12] 1086 	mov	a,#0x80
      0002F1 C0 E0            [24] 1087 	push	acc
      0002F3 12r00r00         [24] 1088 	lcall	_printf
      0002F6 15 81            [12] 1089 	dec	sp
      0002F8 15 81            [12] 1090 	dec	sp
      0002FA 15 81            [12] 1091 	dec	sp
                                   1092 ;	8051_i2c_eeprom.c:218: while (i < 3) {
      0002FC 7E 00            [12] 1093 	mov	r6,#0x00
      0002FE 7F 00            [12] 1094 	mov	r7,#0x00
      000300                       1095 00111$:
      000300 C3               [12] 1096 	clr	c
      000301 EE               [12] 1097 	mov	a,r6
      000302 94 03            [12] 1098 	subb	a,#0x03
      000304 EF               [12] 1099 	mov	a,r7
      000305 64 80            [12] 1100 	xrl	a,#0x80
      000307 94 80            [12] 1101 	subb	a,#0x80
      000309 50 5B            [24] 1102 	jnc	00113$
                                   1103 ;	8051_i2c_eeprom.c:220: c = getchar();
      00030B C0 07            [24] 1104 	push	ar7
      00030D C0 06            [24] 1105 	push	ar6
      00030F 12r00r1F         [24] 1106 	lcall	_getchar
      000312 AC 82            [24] 1107 	mov	r4,dpl
      000314 AD 83            [24] 1108 	mov	r5,dph
      000316 D0 06            [24] 1109 	pop	ar6
      000318 D0 07            [24] 1110 	pop	ar7
                                   1111 ;	8051_i2c_eeprom.c:223: if (c == '\r' || c == '\n') {
      00031A BC 0D 02         [24] 1112 	cjne	r4,#0x0d,00200$
      00031D 80 47            [24] 1113 	sjmp	00113$
      00031F                       1114 00200$:
      00031F BC 0A 02         [24] 1115 	cjne	r4,#0x0a,00201$
      000322 80 42            [24] 1116 	sjmp	00113$
      000324                       1117 00201$:
                                   1118 ;	8051_i2c_eeprom.c:228: if ((c >= '0' && c <= '9') || 
      000324 BC 30 00         [24] 1119 	cjne	r4,#0x30,00202$
      000327                       1120 00202$:
      000327 40 05            [24] 1121 	jc	00108$
      000329 EC               [12] 1122 	mov	a,r4
      00032A 24 C6            [12] 1123 	add	a,#0xff - 0x39
      00032C 50 14            [24] 1124 	jnc	00104$
      00032E                       1125 00108$:
                                   1126 ;	8051_i2c_eeprom.c:229: (c >= 'a' && c <= 'f') || 
      00032E BC 61 00         [24] 1127 	cjne	r4,#0x61,00205$
      000331                       1128 00205$:
      000331 40 05            [24] 1129 	jc	00110$
      000333 EC               [12] 1130 	mov	a,r4
      000334 24 99            [12] 1131 	add	a,#0xff - 0x66
      000336 50 0A            [24] 1132 	jnc	00104$
      000338                       1133 00110$:
                                   1134 ;	8051_i2c_eeprom.c:230: (c >= 'A' && c <= 'F')) {
      000338 BC 41 00         [24] 1135 	cjne	r4,#0x41,00208$
      00033B                       1136 00208$:
      00033B 40 C3            [24] 1137 	jc	00111$
      00033D EC               [12] 1138 	mov	a,r4
      00033E 24 B9            [12] 1139 	add	a,#0xff - 0x46
      000340 40 BE            [24] 1140 	jc	00111$
      000342                       1141 00104$:
                                   1142 ;	8051_i2c_eeprom.c:232: input[i] = c;
      000342 EE               [12] 1143 	mov	a,r6
      000343 24r04            [12] 1144 	add	a,#_take_address_input_65537_68
      000345 F5 82            [12] 1145 	mov	dpl,a
      000347 EF               [12] 1146 	mov	a,r7
      000348 34s00            [12] 1147 	addc	a,#(_take_address_input_65537_68 >> 8)
      00034A F5 83            [12] 1148 	mov	dph,a
      00034C EC               [12] 1149 	mov	a,r4
      00034D F0               [24] 1150 	movx	@dptr,a
                                   1151 ;	8051_i2c_eeprom.c:233: putchar(c);  // Echo character back
      00034E 7D 00            [12] 1152 	mov	r5,#0x00
      000350 8C 82            [24] 1153 	mov	dpl,r4
      000352 8D 83            [24] 1154 	mov	dph,r5
      000354 C0 07            [24] 1155 	push	ar7
      000356 C0 06            [24] 1156 	push	ar6
      000358 12r00r00         [24] 1157 	lcall	_putchar
      00035B D0 06            [24] 1158 	pop	ar6
      00035D D0 07            [24] 1159 	pop	ar7
                                   1160 ;	8051_i2c_eeprom.c:234: i++;
      00035F 0E               [12] 1161 	inc	r6
      000360 BE 00 9D         [24] 1162 	cjne	r6,#0x00,00111$
      000363 0F               [12] 1163 	inc	r7
      000364 80 9A            [24] 1164 	sjmp	00111$
      000366                       1165 00113$:
                                   1166 ;	8051_i2c_eeprom.c:238: input[i] = '\0';  // Null-terminate the string
      000366 EE               [12] 1167 	mov	a,r6
      000367 24r04            [12] 1168 	add	a,#_take_address_input_65537_68
      000369 F5 82            [12] 1169 	mov	dpl,a
      00036B EF               [12] 1170 	mov	a,r7
      00036C 34s00            [12] 1171 	addc	a,#(_take_address_input_65537_68 >> 8)
      00036E F5 83            [12] 1172 	mov	dph,a
      000370 E4               [12] 1173 	clr	a
      000371 F0               [24] 1174 	movx	@dptr,a
                                   1175 ;	8051_i2c_eeprom.c:241: unsigned int address = 0;
      000372 90r00r08         [24] 1176 	mov	dptr,#_take_address_address_65538_72
      000375 F0               [24] 1177 	movx	@dptr,a
      000376 A3               [24] 1178 	inc	dptr
      000377 F0               [24] 1179 	movx	@dptr,a
                                   1180 ;	8051_i2c_eeprom.c:242: for(i = 0; input[i] != '\0'; i++) {
      000378 7E 00            [12] 1181 	mov	r6,#0x00
      00037A 7F 00            [12] 1182 	mov	r7,#0x00
      00037C                       1183 00129$:
      00037C EE               [12] 1184 	mov	a,r6
      00037D 24r04            [12] 1185 	add	a,#_take_address_input_65537_68
      00037F F5 82            [12] 1186 	mov	dpl,a
      000381 EF               [12] 1187 	mov	a,r7
      000382 34s00            [12] 1188 	addc	a,#(_take_address_input_65537_68 >> 8)
      000384 F5 83            [12] 1189 	mov	dph,a
      000386 E0               [24] 1190 	movx	a,@dptr
      000387 FD               [12] 1191 	mov	r5,a
      000388 70 03            [24] 1192 	jnz	00212$
      00038A 02r04r35         [24] 1193 	ljmp	00125$
      00038D                       1194 00212$:
                                   1195 ;	8051_i2c_eeprom.c:243: address = address * 16;
      00038D 90r00r08         [24] 1196 	mov	dptr,#_take_address_address_65538_72
      000390 E0               [24] 1197 	movx	a,@dptr
      000391 FB               [12] 1198 	mov	r3,a
      000392 A3               [24] 1199 	inc	dptr
      000393 E0               [24] 1200 	movx	a,@dptr
      000394 C4               [12] 1201 	swap	a
      000395 54 F0            [12] 1202 	anl	a,#0xf0
      000397 CB               [12] 1203 	xch	a,r3
      000398 C4               [12] 1204 	swap	a
      000399 CB               [12] 1205 	xch	a,r3
      00039A 6B               [12] 1206 	xrl	a,r3
      00039B CB               [12] 1207 	xch	a,r3
      00039C 54 F0            [12] 1208 	anl	a,#0xf0
      00039E CB               [12] 1209 	xch	a,r3
      00039F 6B               [12] 1210 	xrl	a,r3
      0003A0 FC               [12] 1211 	mov	r4,a
      0003A1 90r00r08         [24] 1212 	mov	dptr,#_take_address_address_65538_72
      0003A4 EB               [12] 1213 	mov	a,r3
      0003A5 F0               [24] 1214 	movx	@dptr,a
      0003A6 EC               [12] 1215 	mov	a,r4
      0003A7 A3               [24] 1216 	inc	dptr
      0003A8 F0               [24] 1217 	movx	@dptr,a
                                   1218 ;	8051_i2c_eeprom.c:244: if(input[i] >= '0' && input[i] <= '9')
      0003A9 BD 30 00         [24] 1219 	cjne	r5,#0x30,00213$
      0003AC                       1220 00213$:
      0003AC 40 23            [24] 1221 	jc	00122$
      0003AE ED               [12] 1222 	mov	a,r5
      0003AF 24 C6            [12] 1223 	add	a,#0xff - 0x39
      0003B1 40 1E            [24] 1224 	jc	00122$
                                   1225 ;	8051_i2c_eeprom.c:245: address += input[i] - '0';
      0003B3 7C 00            [12] 1226 	mov	r4,#0x00
      0003B5 ED               [12] 1227 	mov	a,r5
      0003B6 24 D0            [12] 1228 	add	a,#0xd0
      0003B8 FD               [12] 1229 	mov	r5,a
      0003B9 EC               [12] 1230 	mov	a,r4
      0003BA 34 FF            [12] 1231 	addc	a,#0xff
      0003BC FC               [12] 1232 	mov	r4,a
      0003BD 90r00r08         [24] 1233 	mov	dptr,#_take_address_address_65538_72
      0003C0 E0               [24] 1234 	movx	a,@dptr
      0003C1 FA               [12] 1235 	mov	r2,a
      0003C2 A3               [24] 1236 	inc	dptr
      0003C3 E0               [24] 1237 	movx	a,@dptr
      0003C4 FB               [12] 1238 	mov	r3,a
      0003C5 90r00r08         [24] 1239 	mov	dptr,#_take_address_address_65538_72
      0003C8 ED               [12] 1240 	mov	a,r5
      0003C9 2A               [12] 1241 	add	a,r2
      0003CA F0               [24] 1242 	movx	@dptr,a
      0003CB EC               [12] 1243 	mov	a,r4
      0003CC 3B               [12] 1244 	addc	a,r3
      0003CD A3               [24] 1245 	inc	dptr
      0003CE F0               [24] 1246 	movx	@dptr,a
      0003CF 80 5C            [24] 1247 	sjmp	00130$
      0003D1                       1248 00122$:
                                   1249 ;	8051_i2c_eeprom.c:246: else if(input[i] >= 'A' && input[i] <= 'F')
      0003D1 EE               [12] 1250 	mov	a,r6
      0003D2 24r04            [12] 1251 	add	a,#_take_address_input_65537_68
      0003D4 F5 82            [12] 1252 	mov	dpl,a
      0003D6 EF               [12] 1253 	mov	a,r7
      0003D7 34s00            [12] 1254 	addc	a,#(_take_address_input_65537_68 >> 8)
      0003D9 F5 83            [12] 1255 	mov	dph,a
      0003DB E0               [24] 1256 	movx	a,@dptr
      0003DC FD               [12] 1257 	mov	r5,a
      0003DD BD 41 00         [24] 1258 	cjne	r5,#0x41,00216$
      0003E0                       1259 00216$:
      0003E0 40 25            [24] 1260 	jc	00118$
      0003E2 ED               [12] 1261 	mov	a,r5
      0003E3 24 B9            [12] 1262 	add	a,#0xff - 0x46
      0003E5 40 20            [24] 1263 	jc	00118$
                                   1264 ;	8051_i2c_eeprom.c:247: address += input[i] - 'A' + 10;
      0003E7 8D 03            [24] 1265 	mov	ar3,r5
      0003E9 7C 00            [12] 1266 	mov	r4,#0x00
      0003EB 74 C9            [12] 1267 	mov	a,#0xc9
      0003ED 2B               [12] 1268 	add	a,r3
      0003EE FB               [12] 1269 	mov	r3,a
      0003EF 74 FF            [12] 1270 	mov	a,#0xff
      0003F1 3C               [12] 1271 	addc	a,r4
      0003F2 FC               [12] 1272 	mov	r4,a
      0003F3 90r00r08         [24] 1273 	mov	dptr,#_take_address_address_65538_72
      0003F6 E0               [24] 1274 	movx	a,@dptr
      0003F7 F9               [12] 1275 	mov	r1,a
      0003F8 A3               [24] 1276 	inc	dptr
      0003F9 E0               [24] 1277 	movx	a,@dptr
      0003FA FA               [12] 1278 	mov	r2,a
      0003FB 90r00r08         [24] 1279 	mov	dptr,#_take_address_address_65538_72
      0003FE EB               [12] 1280 	mov	a,r3
      0003FF 29               [12] 1281 	add	a,r1
      000400 F0               [24] 1282 	movx	@dptr,a
      000401 EC               [12] 1283 	mov	a,r4
      000402 3A               [12] 1284 	addc	a,r2
      000403 A3               [24] 1285 	inc	dptr
      000404 F0               [24] 1286 	movx	@dptr,a
      000405 80 26            [24] 1287 	sjmp	00130$
      000407                       1288 00118$:
                                   1289 ;	8051_i2c_eeprom.c:248: else if(input[i] >= 'a' && input[i] <= 'f')
      000407 BD 61 00         [24] 1290 	cjne	r5,#0x61,00219$
      00040A                       1291 00219$:
      00040A 40 21            [24] 1292 	jc	00130$
      00040C ED               [12] 1293 	mov	a,r5
      00040D 24 99            [12] 1294 	add	a,#0xff - 0x66
      00040F 40 1C            [24] 1295 	jc	00130$
                                   1296 ;	8051_i2c_eeprom.c:249: address += input[i] - 'a' + 10;
      000411 7C 00            [12] 1297 	mov	r4,#0x00
      000413 74 A9            [12] 1298 	mov	a,#0xa9
      000415 2D               [12] 1299 	add	a,r5
      000416 FD               [12] 1300 	mov	r5,a
      000417 74 FF            [12] 1301 	mov	a,#0xff
      000419 3C               [12] 1302 	addc	a,r4
      00041A FC               [12] 1303 	mov	r4,a
      00041B 90r00r08         [24] 1304 	mov	dptr,#_take_address_address_65538_72
      00041E E0               [24] 1305 	movx	a,@dptr
      00041F FA               [12] 1306 	mov	r2,a
      000420 A3               [24] 1307 	inc	dptr
      000421 E0               [24] 1308 	movx	a,@dptr
      000422 FB               [12] 1309 	mov	r3,a
      000423 90r00r08         [24] 1310 	mov	dptr,#_take_address_address_65538_72
      000426 ED               [12] 1311 	mov	a,r5
      000427 2A               [12] 1312 	add	a,r2
      000428 F0               [24] 1313 	movx	@dptr,a
      000429 EC               [12] 1314 	mov	a,r4
      00042A 3B               [12] 1315 	addc	a,r3
      00042B A3               [24] 1316 	inc	dptr
      00042C F0               [24] 1317 	movx	@dptr,a
      00042D                       1318 00130$:
                                   1319 ;	8051_i2c_eeprom.c:242: for(i = 0; input[i] != '\0'; i++) {
      00042D 0E               [12] 1320 	inc	r6
      00042E BE 00 01         [24] 1321 	cjne	r6,#0x00,00222$
      000431 0F               [12] 1322 	inc	r7
      000432                       1323 00222$:
      000432 02r03r7C         [24] 1324 	ljmp	00129$
      000435                       1325 00125$:
                                   1326 ;	8051_i2c_eeprom.c:252: printf("\n\r│ Entered address: 0x%03X\n\r", address);
      000435 90r00r08         [24] 1327 	mov	dptr,#_take_address_address_65538_72
      000438 E0               [24] 1328 	movx	a,@dptr
      000439 FE               [12] 1329 	mov	r6,a
      00043A A3               [24] 1330 	inc	dptr
      00043B E0               [24] 1331 	movx	a,@dptr
      00043C FF               [12] 1332 	mov	r7,a
      00043D C0 07            [24] 1333 	push	ar7
      00043F C0 06            [24] 1334 	push	ar6
      000441 C0 06            [24] 1335 	push	ar6
      000443 C0 07            [24] 1336 	push	ar7
      000445 74rDD            [12] 1337 	mov	a,#___str_23
      000447 C0 E0            [24] 1338 	push	acc
      000449 74s07            [12] 1339 	mov	a,#(___str_23 >> 8)
      00044B C0 E0            [24] 1340 	push	acc
      00044D 74 80            [12] 1341 	mov	a,#0x80
      00044F C0 E0            [24] 1342 	push	acc
      000451 12r00r00         [24] 1343 	lcall	_printf
      000454 E5 81            [12] 1344 	mov	a,sp
      000456 24 FB            [12] 1345 	add	a,#0xfb
      000458 F5 81            [12] 1346 	mov	sp,a
      00045A D0 06            [24] 1347 	pop	ar6
      00045C D0 07            [24] 1348 	pop	ar7
                                   1349 ;	8051_i2c_eeprom.c:253: if(address > 0x7ff) 
      00045E C3               [12] 1350 	clr	c
      00045F 74 FF            [12] 1351 	mov	a,#0xff
      000461 9E               [12] 1352 	subb	a,r6
      000462 74 07            [12] 1353 	mov	a,#0x07
      000464 9F               [12] 1354 	subb	a,r7
      000465 50 5F            [24] 1355 	jnc	00127$
                                   1356 ;	8051_i2c_eeprom.c:255: printf("╔══════════════════════════════════════════╗\n\r");
      000467 74rFD            [12] 1357 	mov	a,#___str_24
      000469 C0 E0            [24] 1358 	push	acc
      00046B 74s07            [12] 1359 	mov	a,#(___str_24 >> 8)
      00046D C0 E0            [24] 1360 	push	acc
      00046F 74 80            [12] 1361 	mov	a,#0x80
      000471 C0 E0            [24] 1362 	push	acc
      000473 12r00r00         [24] 1363 	lcall	_printf
      000476 15 81            [12] 1364 	dec	sp
      000478 15 81            [12] 1365 	dec	sp
      00047A 15 81            [12] 1366 	dec	sp
                                   1367 ;	8051_i2c_eeprom.c:256: printf("║       ! ADDRESS OUT OF RANGE !         ║\n\r");
      00047C 74r84            [12] 1368 	mov	a,#___str_25
      00047E C0 E0            [24] 1369 	push	acc
      000480 74s08            [12] 1370 	mov	a,#(___str_25 >> 8)
      000482 C0 E0            [24] 1371 	push	acc
      000484 74 80            [12] 1372 	mov	a,#0x80
      000486 C0 E0            [24] 1373 	push	acc
      000488 12r00r00         [24] 1374 	lcall	_printf
      00048B 15 81            [12] 1375 	dec	sp
      00048D 15 81            [12] 1376 	dec	sp
      00048F 15 81            [12] 1377 	dec	sp
                                   1378 ;	8051_i2c_eeprom.c:257: printf("║     Please Enter Valid Address         ║\n\r");
      000491 74rB5            [12] 1379 	mov	a,#___str_26
      000493 C0 E0            [24] 1380 	push	acc
      000495 74s08            [12] 1381 	mov	a,#(___str_26 >> 8)
      000497 C0 E0            [24] 1382 	push	acc
      000499 74 80            [12] 1383 	mov	a,#0x80
      00049B C0 E0            [24] 1384 	push	acc
      00049D 12r00r00         [24] 1385 	lcall	_printf
      0004A0 15 81            [12] 1386 	dec	sp
      0004A2 15 81            [12] 1387 	dec	sp
      0004A4 15 81            [12] 1388 	dec	sp
                                   1389 ;	8051_i2c_eeprom.c:258: printf("╚══════════════════════════════════════════╝\n\r");
      0004A6 74rE6            [12] 1390 	mov	a,#___str_27
      0004A8 C0 E0            [24] 1391 	push	acc
      0004AA 74s08            [12] 1392 	mov	a,#(___str_27 >> 8)
      0004AC C0 E0            [24] 1393 	push	acc
      0004AE 74 80            [12] 1394 	mov	a,#0x80
      0004B0 C0 E0            [24] 1395 	push	acc
      0004B2 12r00r00         [24] 1396 	lcall	_printf
      0004B5 15 81            [12] 1397 	dec	sp
      0004B7 15 81            [12] 1398 	dec	sp
      0004B9 15 81            [12] 1399 	dec	sp
                                   1400 ;	8051_i2c_eeprom.c:259: address_range_flag = 0;
      0004BB 90r00r00         [24] 1401 	mov	dptr,#_address_range_flag
      0004BE E4               [12] 1402 	clr	a
      0004BF F0               [24] 1403 	movx	@dptr,a
      0004C0 A3               [24] 1404 	inc	dptr
      0004C1 F0               [24] 1405 	movx	@dptr,a
                                   1406 ;	8051_i2c_eeprom.c:260: return 0;
      0004C2 90 00 00         [24] 1407 	mov	dptr,#0x0000
      0004C5 22               [24] 1408 	ret
      0004C6                       1409 00127$:
                                   1410 ;	8051_i2c_eeprom.c:262: unsigned int block = address/256;       //block address
      0004C6 8F 04            [24] 1411 	mov	ar4,r7
      0004C8 7D 00            [12] 1412 	mov	r5,#0x00
                                   1413 ;	8051_i2c_eeprom.c:263: printf("| Block number %d                            \n\r", block);
      0004CA C0 07            [24] 1414 	push	ar7
      0004CC C0 06            [24] 1415 	push	ar6
      0004CE C0 04            [24] 1416 	push	ar4
      0004D0 C0 05            [24] 1417 	push	ar5
      0004D2 74r6D            [12] 1418 	mov	a,#___str_28
      0004D4 C0 E0            [24] 1419 	push	acc
      0004D6 74s09            [12] 1420 	mov	a,#(___str_28 >> 8)
      0004D8 C0 E0            [24] 1421 	push	acc
      0004DA 74 80            [12] 1422 	mov	a,#0x80
      0004DC C0 E0            [24] 1423 	push	acc
      0004DE 12r00r00         [24] 1424 	lcall	_printf
      0004E1 E5 81            [12] 1425 	mov	a,sp
      0004E3 24 FB            [12] 1426 	add	a,#0xfb
      0004E5 F5 81            [12] 1427 	mov	sp,a
      0004E7 D0 06            [24] 1428 	pop	ar6
      0004E9 D0 07            [24] 1429 	pop	ar7
                                   1430 ;	8051_i2c_eeprom.c:264: address = address%256;     //word address
      0004EB 90r00r08         [24] 1431 	mov	dptr,#_take_address_address_65538_72
      0004EE EE               [12] 1432 	mov	a,r6
      0004EF F0               [24] 1433 	movx	@dptr,a
      0004F0 E4               [12] 1434 	clr	a
      0004F1 A3               [24] 1435 	inc	dptr
      0004F2 F0               [24] 1436 	movx	@dptr,a
                                   1437 ;	8051_i2c_eeprom.c:267: return address;
      0004F3 90r00r08         [24] 1438 	mov	dptr,#_take_address_address_65538_72
      0004F6 E0               [24] 1439 	movx	a,@dptr
      0004F7 FE               [12] 1440 	mov	r6,a
      0004F8 A3               [24] 1441 	inc	dptr
      0004F9 E0               [24] 1442 	movx	a,@dptr
                                   1443 ;	8051_i2c_eeprom.c:268: }
      0004FA 8E 82            [24] 1444 	mov	dpl,r6
      0004FC F5 83            [12] 1445 	mov	dph,a
      0004FE 22               [24] 1446 	ret
                                   1447 ;------------------------------------------------------------
                                   1448 ;Allocation info for local variables in function 'take_data'
                                   1449 ;------------------------------------------------------------
                                   1450 ;input                     Allocated with name '_take_data_input_65537_78'
                                   1451 ;i                         Allocated with name '_take_data_i_65537_78'
                                   1452 ;c                         Allocated with name '_take_data_c_65537_78'
                                   1453 ;data                      Allocated with name '_take_data_data_65538_82'
                                   1454 ;------------------------------------------------------------
                                   1455 ;	8051_i2c_eeprom.c:276: unsigned char take_data()
                                   1456 ;	-----------------------------------------
                                   1457 ;	 function take_data
                                   1458 ;	-----------------------------------------
      0004FF                       1459 _take_data:
                                   1460 ;	8051_i2c_eeprom.c:278: printf("│ Enter data (hex, up to 2 characters): \n\r|");
      0004FF 74r9D            [12] 1461 	mov	a,#___str_29
      000501 C0 E0            [24] 1462 	push	acc
      000503 74s09            [12] 1463 	mov	a,#(___str_29 >> 8)
      000505 C0 E0            [24] 1464 	push	acc
      000507 74 80            [12] 1465 	mov	a,#0x80
      000509 C0 E0            [24] 1466 	push	acc
      00050B 12r00r00         [24] 1467 	lcall	_printf
      00050E 15 81            [12] 1468 	dec	sp
      000510 15 81            [12] 1469 	dec	sp
      000512 15 81            [12] 1470 	dec	sp
                                   1471 ;	8051_i2c_eeprom.c:279: char input[4] = {0};  // Array for 3 hex chars + null terminator
      000514 90r00r0A         [24] 1472 	mov	dptr,#_take_data_input_65537_78
      000517 E4               [12] 1473 	clr	a
      000518 F0               [24] 1474 	movx	@dptr,a
      000519 90r00r0B         [24] 1475 	mov	dptr,#(_take_data_input_65537_78 + 0x0001)
      00051C F0               [24] 1476 	movx	@dptr,a
      00051D 90r00r0C         [24] 1477 	mov	dptr,#(_take_data_input_65537_78 + 0x0002)
      000520 F0               [24] 1478 	movx	@dptr,a
      000521 90r00r0D         [24] 1479 	mov	dptr,#(_take_data_input_65537_78 + 0x0003)
      000524 F0               [24] 1480 	movx	@dptr,a
                                   1481 ;	8051_i2c_eeprom.c:283: printf("$ ");
      000525 74rCB            [12] 1482 	mov	a,#___str_30
      000527 C0 E0            [24] 1483 	push	acc
      000529 74s09            [12] 1484 	mov	a,#(___str_30 >> 8)
      00052B C0 E0            [24] 1485 	push	acc
      00052D 74 80            [12] 1486 	mov	a,#0x80
      00052F C0 E0            [24] 1487 	push	acc
      000531 12r00r00         [24] 1488 	lcall	_printf
      000534 15 81            [12] 1489 	dec	sp
      000536 15 81            [12] 1490 	dec	sp
      000538 15 81            [12] 1491 	dec	sp
                                   1492 ;	8051_i2c_eeprom.c:285: while (i < 3) {
      00053A 7E 00            [12] 1493 	mov	r6,#0x00
      00053C 7F 00            [12] 1494 	mov	r7,#0x00
      00053E                       1495 00111$:
      00053E C3               [12] 1496 	clr	c
      00053F EE               [12] 1497 	mov	a,r6
      000540 94 03            [12] 1498 	subb	a,#0x03
      000542 EF               [12] 1499 	mov	a,r7
      000543 64 80            [12] 1500 	xrl	a,#0x80
      000545 94 80            [12] 1501 	subb	a,#0x80
      000547 50 5B            [24] 1502 	jnc	00113$
                                   1503 ;	8051_i2c_eeprom.c:287: c = getchar();
      000549 C0 07            [24] 1504 	push	ar7
      00054B C0 06            [24] 1505 	push	ar6
      00054D 12r00r1F         [24] 1506 	lcall	_getchar
      000550 AC 82            [24] 1507 	mov	r4,dpl
      000552 AD 83            [24] 1508 	mov	r5,dph
      000554 D0 06            [24] 1509 	pop	ar6
      000556 D0 07            [24] 1510 	pop	ar7
                                   1511 ;	8051_i2c_eeprom.c:290: if (c == '\r' || c == '\n') {
      000558 BC 0D 02         [24] 1512 	cjne	r4,#0x0d,00200$
      00055B 80 47            [24] 1513 	sjmp	00113$
      00055D                       1514 00200$:
      00055D BC 0A 02         [24] 1515 	cjne	r4,#0x0a,00201$
      000560 80 42            [24] 1516 	sjmp	00113$
      000562                       1517 00201$:
                                   1518 ;	8051_i2c_eeprom.c:295: if ((c >= '0' && c <= '9') ||
      000562 BC 30 00         [24] 1519 	cjne	r4,#0x30,00202$
      000565                       1520 00202$:
      000565 40 05            [24] 1521 	jc	00108$
      000567 EC               [12] 1522 	mov	a,r4
      000568 24 C6            [12] 1523 	add	a,#0xff - 0x39
      00056A 50 14            [24] 1524 	jnc	00104$
      00056C                       1525 00108$:
                                   1526 ;	8051_i2c_eeprom.c:296: (c >= 'a' && c <= 'f') ||
      00056C BC 61 00         [24] 1527 	cjne	r4,#0x61,00205$
      00056F                       1528 00205$:
      00056F 40 05            [24] 1529 	jc	00110$
      000571 EC               [12] 1530 	mov	a,r4
      000572 24 99            [12] 1531 	add	a,#0xff - 0x66
      000574 50 0A            [24] 1532 	jnc	00104$
      000576                       1533 00110$:
                                   1534 ;	8051_i2c_eeprom.c:297: (c >= 'A' && c <= 'F')) {
      000576 BC 41 00         [24] 1535 	cjne	r4,#0x41,00208$
      000579                       1536 00208$:
      000579 40 C3            [24] 1537 	jc	00111$
      00057B EC               [12] 1538 	mov	a,r4
      00057C 24 B9            [12] 1539 	add	a,#0xff - 0x46
      00057E 40 BE            [24] 1540 	jc	00111$
      000580                       1541 00104$:
                                   1542 ;	8051_i2c_eeprom.c:299: input[i] = c;
      000580 EE               [12] 1543 	mov	a,r6
      000581 24r0A            [12] 1544 	add	a,#_take_data_input_65537_78
      000583 F5 82            [12] 1545 	mov	dpl,a
      000585 EF               [12] 1546 	mov	a,r7
      000586 34s00            [12] 1547 	addc	a,#(_take_data_input_65537_78 >> 8)
      000588 F5 83            [12] 1548 	mov	dph,a
      00058A EC               [12] 1549 	mov	a,r4
      00058B F0               [24] 1550 	movx	@dptr,a
                                   1551 ;	8051_i2c_eeprom.c:300: putchar(c);  // Echo character back
      00058C 7D 00            [12] 1552 	mov	r5,#0x00
      00058E 8C 82            [24] 1553 	mov	dpl,r4
      000590 8D 83            [24] 1554 	mov	dph,r5
      000592 C0 07            [24] 1555 	push	ar7
      000594 C0 06            [24] 1556 	push	ar6
      000596 12r00r00         [24] 1557 	lcall	_putchar
      000599 D0 06            [24] 1558 	pop	ar6
      00059B D0 07            [24] 1559 	pop	ar7
                                   1560 ;	8051_i2c_eeprom.c:301: i++;
      00059D 0E               [12] 1561 	inc	r6
      00059E BE 00 9D         [24] 1562 	cjne	r6,#0x00,00111$
      0005A1 0F               [12] 1563 	inc	r7
      0005A2 80 9A            [24] 1564 	sjmp	00111$
      0005A4                       1565 00113$:
                                   1566 ;	8051_i2c_eeprom.c:305: input[i] = '\0';  // Null-terminate the string
      0005A4 EE               [12] 1567 	mov	a,r6
      0005A5 24r0A            [12] 1568 	add	a,#_take_data_input_65537_78
      0005A7 F5 82            [12] 1569 	mov	dpl,a
      0005A9 EF               [12] 1570 	mov	a,r7
      0005AA 34s00            [12] 1571 	addc	a,#(_take_data_input_65537_78 >> 8)
      0005AC F5 83            [12] 1572 	mov	dph,a
      0005AE E4               [12] 1573 	clr	a
      0005AF F0               [24] 1574 	movx	@dptr,a
                                   1575 ;	8051_i2c_eeprom.c:308: unsigned char data = 0;
      0005B0 90r00r0E         [24] 1576 	mov	dptr,#_take_data_data_65538_82
      0005B3 F0               [24] 1577 	movx	@dptr,a
                                   1578 ;	8051_i2c_eeprom.c:309: for (i = 0; input[i] != '\0'; i++) {
      0005B4 7E 00            [12] 1579 	mov	r6,#0x00
      0005B6 7F 00            [12] 1580 	mov	r7,#0x00
      0005B8                       1581 00129$:
      0005B8 EE               [12] 1582 	mov	a,r6
      0005B9 24r0A            [12] 1583 	add	a,#_take_data_input_65537_78
      0005BB F5 82            [12] 1584 	mov	dpl,a
      0005BD EF               [12] 1585 	mov	a,r7
      0005BE 34s00            [12] 1586 	addc	a,#(_take_data_input_65537_78 >> 8)
      0005C0 F5 83            [12] 1587 	mov	dph,a
      0005C2 E0               [24] 1588 	movx	a,@dptr
      0005C3 FD               [12] 1589 	mov	r5,a
      0005C4 70 03            [24] 1590 	jnz	00212$
      0005C6 02r06r2B         [24] 1591 	ljmp	00125$
      0005C9                       1592 00212$:
                                   1593 ;	8051_i2c_eeprom.c:310: data = data * 16;
      0005C9 90r00r0E         [24] 1594 	mov	dptr,#_take_data_data_65538_82
      0005CC E0               [24] 1595 	movx	a,@dptr
      0005CD C4               [12] 1596 	swap	a
      0005CE 54 F0            [12] 1597 	anl	a,#0xf0
      0005D0 FC               [12] 1598 	mov	r4,a
      0005D1 F0               [24] 1599 	movx	@dptr,a
                                   1600 ;	8051_i2c_eeprom.c:311: if (input[i] >= '0' && input[i] <= '9')
      0005D2 BD 30 00         [24] 1601 	cjne	r5,#0x30,00213$
      0005D5                       1602 00213$:
      0005D5 40 12            [24] 1603 	jc	00122$
      0005D7 ED               [12] 1604 	mov	a,r5
      0005D8 24 C6            [12] 1605 	add	a,#0xff - 0x39
      0005DA 40 0D            [24] 1606 	jc	00122$
                                   1607 ;	8051_i2c_eeprom.c:312: data += input[i] - '0';
      0005DC ED               [12] 1608 	mov	a,r5
      0005DD 24 D0            [12] 1609 	add	a,#0xd0
      0005DF FD               [12] 1610 	mov	r5,a
      0005E0 90r00r0E         [24] 1611 	mov	dptr,#_take_data_data_65538_82
      0005E3 E0               [24] 1612 	movx	a,@dptr
      0005E4 FC               [12] 1613 	mov	r4,a
      0005E5 2D               [12] 1614 	add	a,r5
      0005E6 F0               [24] 1615 	movx	@dptr,a
      0005E7 80 3A            [24] 1616 	sjmp	00130$
      0005E9                       1617 00122$:
                                   1618 ;	8051_i2c_eeprom.c:313: else if (input[i] >= 'A' && input[i] <= 'F')
      0005E9 EE               [12] 1619 	mov	a,r6
      0005EA 24r0A            [12] 1620 	add	a,#_take_data_input_65537_78
      0005EC F5 82            [12] 1621 	mov	dpl,a
      0005EE EF               [12] 1622 	mov	a,r7
      0005EF 34s00            [12] 1623 	addc	a,#(_take_data_input_65537_78 >> 8)
      0005F1 F5 83            [12] 1624 	mov	dph,a
      0005F3 E0               [24] 1625 	movx	a,@dptr
      0005F4 FD               [12] 1626 	mov	r5,a
      0005F5 BD 41 00         [24] 1627 	cjne	r5,#0x41,00216$
      0005F8                       1628 00216$:
      0005F8 40 14            [24] 1629 	jc	00118$
      0005FA ED               [12] 1630 	mov	a,r5
      0005FB 24 B9            [12] 1631 	add	a,#0xff - 0x46
      0005FD 40 0F            [24] 1632 	jc	00118$
                                   1633 ;	8051_i2c_eeprom.c:314: data += input[i] - 'A' + 10;
      0005FF 8D 04            [24] 1634 	mov	ar4,r5
      000601 74 C9            [12] 1635 	mov	a,#0xc9
      000603 2C               [12] 1636 	add	a,r4
      000604 FC               [12] 1637 	mov	r4,a
      000605 90r00r0E         [24] 1638 	mov	dptr,#_take_data_data_65538_82
      000608 E0               [24] 1639 	movx	a,@dptr
      000609 FB               [12] 1640 	mov	r3,a
      00060A 2C               [12] 1641 	add	a,r4
      00060B F0               [24] 1642 	movx	@dptr,a
      00060C 80 15            [24] 1643 	sjmp	00130$
      00060E                       1644 00118$:
                                   1645 ;	8051_i2c_eeprom.c:315: else if (input[i] >= 'a' && input[i] <= 'f')
      00060E BD 61 00         [24] 1646 	cjne	r5,#0x61,00219$
      000611                       1647 00219$:
      000611 40 10            [24] 1648 	jc	00130$
      000613 ED               [12] 1649 	mov	a,r5
      000614 24 99            [12] 1650 	add	a,#0xff - 0x66
      000616 40 0B            [24] 1651 	jc	00130$
                                   1652 ;	8051_i2c_eeprom.c:316: data += input[i] - 'a' + 10;
      000618 74 A9            [12] 1653 	mov	a,#0xa9
      00061A 2D               [12] 1654 	add	a,r5
      00061B FD               [12] 1655 	mov	r5,a
      00061C 90r00r0E         [24] 1656 	mov	dptr,#_take_data_data_65538_82
      00061F E0               [24] 1657 	movx	a,@dptr
      000620 FC               [12] 1658 	mov	r4,a
      000621 2D               [12] 1659 	add	a,r5
      000622 F0               [24] 1660 	movx	@dptr,a
      000623                       1661 00130$:
                                   1662 ;	8051_i2c_eeprom.c:309: for (i = 0; input[i] != '\0'; i++) {
      000623 0E               [12] 1663 	inc	r6
      000624 BE 00 01         [24] 1664 	cjne	r6,#0x00,00222$
      000627 0F               [12] 1665 	inc	r7
      000628                       1666 00222$:
      000628 02r05rB8         [24] 1667 	ljmp	00129$
      00062B                       1668 00125$:
                                   1669 ;	8051_i2c_eeprom.c:319: printf("\n\r│ Entered data: 0x%02X\n\r", data);
      00062B 90r00r0E         [24] 1670 	mov	dptr,#_take_data_data_65538_82
      00062E E0               [24] 1671 	movx	a,@dptr
      00062F FF               [12] 1672 	mov	r7,a
      000630 FD               [12] 1673 	mov	r5,a
      000631 7E 00            [12] 1674 	mov	r6,#0x00
      000633 C0 07            [24] 1675 	push	ar7
      000635 C0 05            [24] 1676 	push	ar5
      000637 C0 06            [24] 1677 	push	ar6
      000639 74rCE            [12] 1678 	mov	a,#___str_31
      00063B C0 E0            [24] 1679 	push	acc
      00063D 74s09            [12] 1680 	mov	a,#(___str_31 >> 8)
      00063F C0 E0            [24] 1681 	push	acc
      000641 74 80            [12] 1682 	mov	a,#0x80
      000643 C0 E0            [24] 1683 	push	acc
      000645 12r00r00         [24] 1684 	lcall	_printf
      000648 E5 81            [12] 1685 	mov	a,sp
      00064A 24 FB            [12] 1686 	add	a,#0xfb
      00064C F5 81            [12] 1687 	mov	sp,a
      00064E D0 07            [24] 1688 	pop	ar7
                                   1689 ;	8051_i2c_eeprom.c:320: if(data > 0xfe)
      000650 EF               [12] 1690 	mov	a,r7
      000651 24 01            [12] 1691 	add	a,#0xff - 0xfe
      000653 50 20            [24] 1692 	jnc	00127$
                                   1693 ;	8051_i2c_eeprom.c:322: printf("Data out of Range\n\r");
      000655 74rEB            [12] 1694 	mov	a,#___str_32
      000657 C0 E0            [24] 1695 	push	acc
      000659 74s09            [12] 1696 	mov	a,#(___str_32 >> 8)
      00065B C0 E0            [24] 1697 	push	acc
      00065D 74 80            [12] 1698 	mov	a,#0x80
      00065F C0 E0            [24] 1699 	push	acc
      000661 12r00r00         [24] 1700 	lcall	_printf
      000664 15 81            [12] 1701 	dec	sp
      000666 15 81            [12] 1702 	dec	sp
      000668 15 81            [12] 1703 	dec	sp
                                   1704 ;	8051_i2c_eeprom.c:323: data_range_flag = 0;
      00066A 90r00r02         [24] 1705 	mov	dptr,#_data_range_flag
      00066D E4               [12] 1706 	clr	a
      00066E F0               [24] 1707 	movx	@dptr,a
      00066F A3               [24] 1708 	inc	dptr
      000670 F0               [24] 1709 	movx	@dptr,a
                                   1710 ;	8051_i2c_eeprom.c:324: return 0;
      000671 75 82 00         [24] 1711 	mov	dpl,#0x00
      000674 22               [24] 1712 	ret
      000675                       1713 00127$:
                                   1714 ;	8051_i2c_eeprom.c:326: return data;
      000675 8F 82            [24] 1715 	mov	dpl,r7
                                   1716 ;	8051_i2c_eeprom.c:328: }
      000677 22               [24] 1717 	ret
                                   1718 ;------------------------------------------------------------
                                   1719 ;Allocation info for local variables in function 'eeprom_write'
                                   1720 ;------------------------------------------------------------
                                   1721 ;data                      Allocated with name '_eeprom_write_PARM_2'
                                   1722 ;address                   Allocated with name '_eeprom_write_address_65536_86'
                                   1723 ;i                         Allocated with name '_eeprom_write_i_131072_91'
                                   1724 ;------------------------------------------------------------
                                   1725 ;	8051_i2c_eeprom.c:344: int eeprom_write(unsigned int address, unsigned char data) 
                                   1726 ;	-----------------------------------------
                                   1727 ;	 function eeprom_write
                                   1728 ;	-----------------------------------------
      000678                       1729 _eeprom_write:
      000678 AF 83            [24] 1730 	mov	r7,dph
      00067A E5 82            [12] 1731 	mov	a,dpl
      00067C 90r00r10         [24] 1732 	mov	dptr,#_eeprom_write_address_65536_86
      00067F F0               [24] 1733 	movx	@dptr,a
      000680 EF               [12] 1734 	mov	a,r7
      000681 A3               [24] 1735 	inc	dptr
      000682 F0               [24] 1736 	movx	@dptr,a
                                   1737 ;	8051_i2c_eeprom.c:347: i2c_start();
      000683 12r09rBB         [24] 1738 	lcall	_i2c_start
                                   1739 ;	8051_i2c_eeprom.c:350: if(!i2c_write(EEPROM_ID | block | WRITE)) {
      000686 90r00r04         [24] 1740 	mov	dptr,#_block
      000689 E0               [24] 1741 	movx	a,@dptr
      00068A FE               [12] 1742 	mov	r6,a
      00068B A3               [24] 1743 	inc	dptr
      00068C E0               [24] 1744 	movx	a,@dptr
      00068D 43 06 A0         [24] 1745 	orl	ar6,#0xa0
      000690 8E 82            [24] 1746 	mov	dpl,r6
      000692 12r08rCE         [24] 1747 	lcall	_i2c_write
      000695 E5 82            [12] 1748 	mov	a,dpl
      000697 85 83 F0         [24] 1749 	mov	b,dph
      00069A 45 F0            [12] 1750 	orl	a,b
      00069C 70 1C            [24] 1751 	jnz	00102$
                                   1752 ;	8051_i2c_eeprom.c:351: printf("Error: No ACK for device address (write)\n\r");
      00069E 74rFF            [12] 1753 	mov	a,#___str_33
      0006A0 C0 E0            [24] 1754 	push	acc
      0006A2 74s09            [12] 1755 	mov	a,#(___str_33 >> 8)
      0006A4 C0 E0            [24] 1756 	push	acc
      0006A6 74 80            [12] 1757 	mov	a,#0x80
      0006A8 C0 E0            [24] 1758 	push	acc
      0006AA 12r00r00         [24] 1759 	lcall	_printf
      0006AD 15 81            [12] 1760 	dec	sp
      0006AF 15 81            [12] 1761 	dec	sp
      0006B1 15 81            [12] 1762 	dec	sp
                                   1763 ;	8051_i2c_eeprom.c:352: i2c_stop();
      0006B3 12r0Dr9E         [24] 1764 	lcall	_i2c_stop
                                   1765 ;	8051_i2c_eeprom.c:353: return 0;
      0006B6 90 00 00         [24] 1766 	mov	dptr,#0x0000
      0006B9 22               [24] 1767 	ret
      0006BA                       1768 00102$:
                                   1769 ;	8051_i2c_eeprom.c:357: if(!i2c_write((unsigned char)address)) {
      0006BA 90r00r10         [24] 1770 	mov	dptr,#_eeprom_write_address_65536_86
      0006BD E0               [24] 1771 	movx	a,@dptr
      0006BE FE               [12] 1772 	mov	r6,a
      0006BF A3               [24] 1773 	inc	dptr
      0006C0 E0               [24] 1774 	movx	a,@dptr
      0006C1 FF               [12] 1775 	mov	r7,a
      0006C2 8E 05            [24] 1776 	mov	ar5,r6
      0006C4 8D 82            [24] 1777 	mov	dpl,r5
      0006C6 C0 07            [24] 1778 	push	ar7
      0006C8 C0 06            [24] 1779 	push	ar6
      0006CA 12r08rCE         [24] 1780 	lcall	_i2c_write
      0006CD E5 82            [12] 1781 	mov	a,dpl
      0006CF 85 83 F0         [24] 1782 	mov	b,dph
      0006D2 D0 06            [24] 1783 	pop	ar6
      0006D4 D0 07            [24] 1784 	pop	ar7
      0006D6 45 F0            [12] 1785 	orl	a,b
      0006D8 70 1C            [24] 1786 	jnz	00104$
                                   1787 ;	8051_i2c_eeprom.c:358: printf("Error: No ACK for memory address\n\r");
      0006DA 74r2A            [12] 1788 	mov	a,#___str_34
      0006DC C0 E0            [24] 1789 	push	acc
      0006DE 74s0A            [12] 1790 	mov	a,#(___str_34 >> 8)
      0006E0 C0 E0            [24] 1791 	push	acc
      0006E2 74 80            [12] 1792 	mov	a,#0x80
      0006E4 C0 E0            [24] 1793 	push	acc
      0006E6 12r00r00         [24] 1794 	lcall	_printf
      0006E9 15 81            [12] 1795 	dec	sp
      0006EB 15 81            [12] 1796 	dec	sp
      0006ED 15 81            [12] 1797 	dec	sp
                                   1798 ;	8051_i2c_eeprom.c:359: i2c_stop();
      0006EF 12r0Dr9E         [24] 1799 	lcall	_i2c_stop
                                   1800 ;	8051_i2c_eeprom.c:360: return 0;
      0006F2 90 00 00         [24] 1801 	mov	dptr,#0x0000
      0006F5 22               [24] 1802 	ret
      0006F6                       1803 00104$:
                                   1804 ;	8051_i2c_eeprom.c:364: if(!i2c_write(data)) {
      0006F6 90r00r0F         [24] 1805 	mov	dptr,#_eeprom_write_PARM_2
      0006F9 E0               [24] 1806 	movx	a,@dptr
      0006FA FD               [12] 1807 	mov	r5,a
      0006FB F5 82            [12] 1808 	mov	dpl,a
      0006FD C0 07            [24] 1809 	push	ar7
      0006FF C0 06            [24] 1810 	push	ar6
      000701 C0 05            [24] 1811 	push	ar5
      000703 12r08rCE         [24] 1812 	lcall	_i2c_write
      000706 E5 82            [12] 1813 	mov	a,dpl
      000708 85 83 F0         [24] 1814 	mov	b,dph
      00070B D0 05            [24] 1815 	pop	ar5
      00070D D0 06            [24] 1816 	pop	ar6
      00070F D0 07            [24] 1817 	pop	ar7
      000711 45 F0            [12] 1818 	orl	a,b
      000713 70 1C            [24] 1819 	jnz	00106$
                                   1820 ;	8051_i2c_eeprom.c:365: printf("Error: No ACK for data\n\r");
      000715 74r4D            [12] 1821 	mov	a,#___str_35
      000717 C0 E0            [24] 1822 	push	acc
      000719 74s0A            [12] 1823 	mov	a,#(___str_35 >> 8)
      00071B C0 E0            [24] 1824 	push	acc
      00071D 74 80            [12] 1825 	mov	a,#0x80
      00071F C0 E0            [24] 1826 	push	acc
      000721 12r00r00         [24] 1827 	lcall	_printf
      000724 15 81            [12] 1828 	dec	sp
      000726 15 81            [12] 1829 	dec	sp
      000728 15 81            [12] 1830 	dec	sp
                                   1831 ;	8051_i2c_eeprom.c:366: i2c_stop();
      00072A 12r0Dr9E         [24] 1832 	lcall	_i2c_stop
                                   1833 ;	8051_i2c_eeprom.c:367: return 0;
      00072D 90 00 00         [24] 1834 	mov	dptr,#0x0000
      000730 22               [24] 1835 	ret
      000731                       1836 00106$:
                                   1837 ;	8051_i2c_eeprom.c:370: i2c_stop();
      000731 C0 07            [24] 1838 	push	ar7
      000733 C0 06            [24] 1839 	push	ar6
      000735 C0 05            [24] 1840 	push	ar5
      000737 12r0Dr9E         [24] 1841 	lcall	_i2c_stop
      00073A D0 05            [24] 1842 	pop	ar5
      00073C D0 06            [24] 1843 	pop	ar6
      00073E D0 07            [24] 1844 	pop	ar7
                                   1845 ;	8051_i2c_eeprom.c:372: for(int i = 0; i<10; i++)
      000740 7B 00            [12] 1846 	mov	r3,#0x00
      000742 7C 00            [12] 1847 	mov	r4,#0x00
      000744                       1848 00109$:
      000744 C3               [12] 1849 	clr	c
      000745 EB               [12] 1850 	mov	a,r3
      000746 94 0A            [12] 1851 	subb	a,#0x0a
      000748 EC               [12] 1852 	mov	a,r4
      000749 64 80            [12] 1853 	xrl	a,#0x80
      00074B 94 80            [12] 1854 	subb	a,#0x80
      00074D 50 1E            [24] 1855 	jnc	00107$
                                   1856 ;	8051_i2c_eeprom.c:374: i2c_delay();
      00074F C0 07            [24] 1857 	push	ar7
      000751 C0 06            [24] 1858 	push	ar6
      000753 C0 05            [24] 1859 	push	ar5
      000755 C0 04            [24] 1860 	push	ar4
      000757 C0 03            [24] 1861 	push	ar3
      000759 12r0DrD7         [24] 1862 	lcall	_i2c_delay
      00075C D0 03            [24] 1863 	pop	ar3
      00075E D0 04            [24] 1864 	pop	ar4
      000760 D0 05            [24] 1865 	pop	ar5
      000762 D0 06            [24] 1866 	pop	ar6
      000764 D0 07            [24] 1867 	pop	ar7
                                   1868 ;	8051_i2c_eeprom.c:372: for(int i = 0; i<10; i++)
      000766 0B               [12] 1869 	inc	r3
      000767 BB 00 DA         [24] 1870 	cjne	r3,#0x00,00109$
      00076A 0C               [12] 1871 	inc	r4
      00076B 80 D7            [24] 1872 	sjmp	00109$
      00076D                       1873 00107$:
                                   1874 ;	8051_i2c_eeprom.c:377: printf("| Writing at Address 0x%03X Data 0x%02X          |\n\r", address, data);
      00076D 7C 00            [12] 1875 	mov	r4,#0x00
      00076F C0 05            [24] 1876 	push	ar5
      000771 C0 04            [24] 1877 	push	ar4
      000773 C0 06            [24] 1878 	push	ar6
      000775 C0 07            [24] 1879 	push	ar7
      000777 74r66            [12] 1880 	mov	a,#___str_36
      000779 C0 E0            [24] 1881 	push	acc
      00077B 74s0A            [12] 1882 	mov	a,#(___str_36 >> 8)
      00077D C0 E0            [24] 1883 	push	acc
      00077F 74 80            [12] 1884 	mov	a,#0x80
      000781 C0 E0            [24] 1885 	push	acc
      000783 12r00r00         [24] 1886 	lcall	_printf
      000786 E5 81            [12] 1887 	mov	a,sp
      000788 24 F9            [12] 1888 	add	a,#0xf9
      00078A F5 81            [12] 1889 	mov	sp,a
                                   1890 ;	8051_i2c_eeprom.c:378: printf("│ Write successful!                             │\n\r");
      00078C 74r9B            [12] 1891 	mov	a,#___str_37
      00078E C0 E0            [24] 1892 	push	acc
      000790 74s0A            [12] 1893 	mov	a,#(___str_37 >> 8)
      000792 C0 E0            [24] 1894 	push	acc
      000794 74 80            [12] 1895 	mov	a,#0x80
      000796 C0 E0            [24] 1896 	push	acc
      000798 12r00r00         [24] 1897 	lcall	_printf
      00079B 15 81            [12] 1898 	dec	sp
      00079D 15 81            [12] 1899 	dec	sp
      00079F 15 81            [12] 1900 	dec	sp
                                   1901 ;	8051_i2c_eeprom.c:379: printf("└───────────────────────────────────────────────┘\n\r");
      0007A1 74rD3            [12] 1902 	mov	a,#___str_38
      0007A3 C0 E0            [24] 1903 	push	acc
      0007A5 74s0A            [12] 1904 	mov	a,#(___str_38 >> 8)
      0007A7 C0 E0            [24] 1905 	push	acc
      0007A9 74 80            [12] 1906 	mov	a,#0x80
      0007AB C0 E0            [24] 1907 	push	acc
      0007AD 12r00r00         [24] 1908 	lcall	_printf
      0007B0 15 81            [12] 1909 	dec	sp
      0007B2 15 81            [12] 1910 	dec	sp
      0007B4 15 81            [12] 1911 	dec	sp
                                   1912 ;	8051_i2c_eeprom.c:380: return 1;  // Success
      0007B6 90 00 01         [24] 1913 	mov	dptr,#0x0001
                                   1914 ;	8051_i2c_eeprom.c:390: }
      0007B9 22               [24] 1915 	ret
                                   1916 ;------------------------------------------------------------
                                   1917 ;Allocation info for local variables in function 'eeprom_read'
                                   1918 ;------------------------------------------------------------
                                   1919 ;address                   Allocated with name '_eeprom_read_address_65536_93'
                                   1920 ;result                    Allocated with name '_eeprom_read_result_65536_94'
                                   1921 ;------------------------------------------------------------
                                   1922 ;	8051_i2c_eeprom.c:406: int eeprom_read(unsigned int address)
                                   1923 ;	-----------------------------------------
                                   1924 ;	 function eeprom_read
                                   1925 ;	-----------------------------------------
      0007BA                       1926 _eeprom_read:
      0007BA AF 83            [24] 1927 	mov	r7,dph
      0007BC E5 82            [12] 1928 	mov	a,dpl
      0007BE 90r00r12         [24] 1929 	mov	dptr,#_eeprom_read_address_65536_93
      0007C1 F0               [24] 1930 	movx	@dptr,a
      0007C2 EF               [12] 1931 	mov	a,r7
      0007C3 A3               [24] 1932 	inc	dptr
      0007C4 F0               [24] 1933 	movx	@dptr,a
                                   1934 ;	8051_i2c_eeprom.c:412: i2c_start();
      0007C5 12r09rBB         [24] 1935 	lcall	_i2c_start
                                   1936 ;	8051_i2c_eeprom.c:415: if(!i2c_write(EEPROM_ID | WRITE)) {
      0007C8 75 82 A0         [24] 1937 	mov	dpl,#0xa0
      0007CB 12r08rCE         [24] 1938 	lcall	_i2c_write
      0007CE E5 82            [12] 1939 	mov	a,dpl
      0007D0 85 83 F0         [24] 1940 	mov	b,dph
      0007D3 45 F0            [12] 1941 	orl	a,b
      0007D5 70 1C            [24] 1942 	jnz	00102$
                                   1943 ;	8051_i2c_eeprom.c:416: printf("Error: No ACK for device address (write mode)\n\r");
      0007D7 74r69            [12] 1944 	mov	a,#___str_39
      0007D9 C0 E0            [24] 1945 	push	acc
      0007DB 74s0B            [12] 1946 	mov	a,#(___str_39 >> 8)
      0007DD C0 E0            [24] 1947 	push	acc
      0007DF 74 80            [12] 1948 	mov	a,#0x80
      0007E1 C0 E0            [24] 1949 	push	acc
      0007E3 12r00r00         [24] 1950 	lcall	_printf
      0007E6 15 81            [12] 1951 	dec	sp
      0007E8 15 81            [12] 1952 	dec	sp
      0007EA 15 81            [12] 1953 	dec	sp
                                   1954 ;	8051_i2c_eeprom.c:417: i2c_stop();
      0007EC 12r0Dr9E         [24] 1955 	lcall	_i2c_stop
                                   1956 ;	8051_i2c_eeprom.c:418: return -1;
      0007EF 90 FF FF         [24] 1957 	mov	dptr,#0xffff
      0007F2 22               [24] 1958 	ret
      0007F3                       1959 00102$:
                                   1960 ;	8051_i2c_eeprom.c:422: if(!i2c_write((unsigned char)address)) {
      0007F3 90r00r12         [24] 1961 	mov	dptr,#_eeprom_read_address_65536_93
      0007F6 E0               [24] 1962 	movx	a,@dptr
      0007F7 FE               [12] 1963 	mov	r6,a
      0007F8 A3               [24] 1964 	inc	dptr
      0007F9 E0               [24] 1965 	movx	a,@dptr
      0007FA FF               [12] 1966 	mov	r7,a
      0007FB 8E 05            [24] 1967 	mov	ar5,r6
      0007FD 8D 82            [24] 1968 	mov	dpl,r5
      0007FF C0 07            [24] 1969 	push	ar7
      000801 C0 06            [24] 1970 	push	ar6
      000803 12r08rCE         [24] 1971 	lcall	_i2c_write
      000806 E5 82            [12] 1972 	mov	a,dpl
      000808 85 83 F0         [24] 1973 	mov	b,dph
      00080B D0 06            [24] 1974 	pop	ar6
      00080D D0 07            [24] 1975 	pop	ar7
      00080F 45 F0            [12] 1976 	orl	a,b
      000811 70 1C            [24] 1977 	jnz	00104$
                                   1978 ;	8051_i2c_eeprom.c:423: printf("Error: No ACK for memory address\n\r");
      000813 74r2A            [12] 1979 	mov	a,#___str_34
      000815 C0 E0            [24] 1980 	push	acc
      000817 74s0A            [12] 1981 	mov	a,#(___str_34 >> 8)
      000819 C0 E0            [24] 1982 	push	acc
      00081B 74 80            [12] 1983 	mov	a,#0x80
      00081D C0 E0            [24] 1984 	push	acc
      00081F 12r00r00         [24] 1985 	lcall	_printf
      000822 15 81            [12] 1986 	dec	sp
      000824 15 81            [12] 1987 	dec	sp
      000826 15 81            [12] 1988 	dec	sp
                                   1989 ;	8051_i2c_eeprom.c:424: i2c_stop();
      000828 12r0Dr9E         [24] 1990 	lcall	_i2c_stop
                                   1991 ;	8051_i2c_eeprom.c:425: return -1;
      00082B 90 FF FF         [24] 1992 	mov	dptr,#0xffff
      00082E 22               [24] 1993 	ret
      00082F                       1994 00104$:
                                   1995 ;	8051_i2c_eeprom.c:429: i2c_start();
      00082F C0 07            [24] 1996 	push	ar7
      000831 C0 06            [24] 1997 	push	ar6
      000833 12r09rBB         [24] 1998 	lcall	_i2c_start
                                   1999 ;	8051_i2c_eeprom.c:432: if(!i2c_write(EEPROM_ID | READ)) {
      000836 75 82 A1         [24] 2000 	mov	dpl,#0xa1
      000839 12r08rCE         [24] 2001 	lcall	_i2c_write
      00083C E5 82            [12] 2002 	mov	a,dpl
      00083E 85 83 F0         [24] 2003 	mov	b,dph
      000841 D0 06            [24] 2004 	pop	ar6
      000843 D0 07            [24] 2005 	pop	ar7
      000845 45 F0            [12] 2006 	orl	a,b
      000847 70 1C            [24] 2007 	jnz	00106$
                                   2008 ;	8051_i2c_eeprom.c:433: printf("Error: No ACK for device address (read mode)\n\r");
      000849 74r99            [12] 2009 	mov	a,#___str_40
      00084B C0 E0            [24] 2010 	push	acc
      00084D 74s0B            [12] 2011 	mov	a,#(___str_40 >> 8)
      00084F C0 E0            [24] 2012 	push	acc
      000851 74 80            [12] 2013 	mov	a,#0x80
      000853 C0 E0            [24] 2014 	push	acc
      000855 12r00r00         [24] 2015 	lcall	_printf
      000858 15 81            [12] 2016 	dec	sp
      00085A 15 81            [12] 2017 	dec	sp
      00085C 15 81            [12] 2018 	dec	sp
                                   2019 ;	8051_i2c_eeprom.c:434: i2c_stop();
      00085E 12r0Dr9E         [24] 2020 	lcall	_i2c_stop
                                   2021 ;	8051_i2c_eeprom.c:435: return -1;
      000861 90 FF FF         [24] 2022 	mov	dptr,#0xffff
      000864 22               [24] 2023 	ret
      000865                       2024 00106$:
                                   2025 ;	8051_i2c_eeprom.c:439: result = i2c_read(0);  // 0 means send NACK
      000865 90 00 00         [24] 2026 	mov	dptr,#0x0000
      000868 C0 07            [24] 2027 	push	ar7
      00086A C0 06            [24] 2028 	push	ar6
      00086C 12r09r36         [24] 2029 	lcall	_i2c_read
      00086F AC 82            [24] 2030 	mov	r4,dpl
      000871 D0 06            [24] 2031 	pop	ar6
      000873 D0 07            [24] 2032 	pop	ar7
                                   2033 ;	8051_i2c_eeprom.c:441: printf("| 0x%03X : 0x%02X \n\r", address, result);
      000875 7D 00            [12] 2034 	mov	r5,#0x00
      000877 C0 05            [24] 2035 	push	ar5
      000879 C0 04            [24] 2036 	push	ar4
      00087B C0 04            [24] 2037 	push	ar4
      00087D C0 05            [24] 2038 	push	ar5
      00087F C0 06            [24] 2039 	push	ar6
      000881 C0 07            [24] 2040 	push	ar7
      000883 74rC8            [12] 2041 	mov	a,#___str_41
      000885 C0 E0            [24] 2042 	push	acc
      000887 74s0B            [12] 2043 	mov	a,#(___str_41 >> 8)
      000889 C0 E0            [24] 2044 	push	acc
      00088B 74 80            [12] 2045 	mov	a,#0x80
      00088D C0 E0            [24] 2046 	push	acc
      00088F 12r00r00         [24] 2047 	lcall	_printf
      000892 E5 81            [12] 2048 	mov	a,sp
      000894 24 F9            [12] 2049 	add	a,#0xf9
      000896 F5 81            [12] 2050 	mov	sp,a
                                   2051 ;	8051_i2c_eeprom.c:442: printf("│ Read successful!                 │\n\r");
      000898 74rDD            [12] 2052 	mov	a,#___str_42
      00089A C0 E0            [24] 2053 	push	acc
      00089C 74s0B            [12] 2054 	mov	a,#(___str_42 >> 8)
      00089E C0 E0            [24] 2055 	push	acc
      0008A0 74 80            [12] 2056 	mov	a,#0x80
      0008A2 C0 E0            [24] 2057 	push	acc
      0008A4 12r00r00         [24] 2058 	lcall	_printf
      0008A7 15 81            [12] 2059 	dec	sp
      0008A9 15 81            [12] 2060 	dec	sp
      0008AB 15 81            [12] 2061 	dec	sp
                                   2062 ;	8051_i2c_eeprom.c:443: printf("└───────────────────────────────────────────────┘\n\r");
      0008AD 74rD3            [12] 2063 	mov	a,#___str_38
      0008AF C0 E0            [24] 2064 	push	acc
      0008B1 74s0A            [12] 2065 	mov	a,#(___str_38 >> 8)
      0008B3 C0 E0            [24] 2066 	push	acc
      0008B5 74 80            [12] 2067 	mov	a,#0x80
      0008B7 C0 E0            [24] 2068 	push	acc
      0008B9 12r00r00         [24] 2069 	lcall	_printf
      0008BC 15 81            [12] 2070 	dec	sp
      0008BE 15 81            [12] 2071 	dec	sp
      0008C0 15 81            [12] 2072 	dec	sp
                                   2073 ;	8051_i2c_eeprom.c:444: i2c_stop();
      0008C2 12r0Dr9E         [24] 2074 	lcall	_i2c_stop
      0008C5 D0 04            [24] 2075 	pop	ar4
      0008C7 D0 05            [24] 2076 	pop	ar5
                                   2077 ;	8051_i2c_eeprom.c:445: return result;
      0008C9 8C 82            [24] 2078 	mov	dpl,r4
      0008CB 8D 83            [24] 2079 	mov	dph,r5
                                   2080 ;	8051_i2c_eeprom.c:446: }
      0008CD 22               [24] 2081 	ret
                                   2082 ;------------------------------------------------------------
                                   2083 ;Allocation info for local variables in function 'i2c_write'
                                   2084 ;------------------------------------------------------------
                                   2085 ;data                      Allocated with name '_i2c_write_data_65536_98'
                                   2086 ;i                         Allocated with name '_i2c_write_i_65536_99'
                                   2087 ;------------------------------------------------------------
                                   2088 ;	8051_i2c_eeprom.c:457: int i2c_write(unsigned char data)
                                   2089 ;	-----------------------------------------
                                   2090 ;	 function i2c_write
                                   2091 ;	-----------------------------------------
      0008CE                       2092 _i2c_write:
      0008CE E5 82            [12] 2093 	mov	a,dpl
      0008D0 90r00r14         [24] 2094 	mov	dptr,#_i2c_write_data_65536_98
      0008D3 F0               [24] 2095 	movx	@dptr,a
                                   2096 ;	8051_i2c_eeprom.c:461: for(i=0;i<=7;i++)
      0008D4 7E 00            [12] 2097 	mov	r6,#0x00
      0008D6 7F 00            [12] 2098 	mov	r7,#0x00
      0008D8                       2099 00104$:
                                   2100 ;	8051_i2c_eeprom.c:463: SDA = (data & 0x80) ? 1 : 0;    //msb first
      0008D8 90r00r14         [24] 2101 	mov	dptr,#_i2c_write_data_65536_98
      0008DB E0               [24] 2102 	movx	a,@dptr
      0008DC FD               [12] 2103 	mov	r5,a
      0008DD 23               [12] 2104 	rl	a
      0008DE 54 01            [12] 2105 	anl	a,#0x01
      0008E0 24 FF            [12] 2106 	add	a,#0xff
      0008E2 92 94            [24] 2107 	mov	_P1_4,c
                                   2108 ;	8051_i2c_eeprom.c:464: i2c_delay();        // Setup time for data
      0008E4 C0 07            [24] 2109 	push	ar7
      0008E6 C0 06            [24] 2110 	push	ar6
      0008E8 C0 05            [24] 2111 	push	ar5
      0008EA 12r0DrD7         [24] 2112 	lcall	_i2c_delay
                                   2113 ;	8051_i2c_eeprom.c:465: SCL=1;
                                   2114 ;	assignBit
      0008ED D2 93            [12] 2115 	setb	_P1_3
                                   2116 ;	8051_i2c_eeprom.c:466: i2c_delay();        // Hold time for clock
      0008EF 12r0DrD7         [24] 2117 	lcall	_i2c_delay
      0008F2 D0 05            [24] 2118 	pop	ar5
      0008F4 D0 06            [24] 2119 	pop	ar6
      0008F6 D0 07            [24] 2120 	pop	ar7
                                   2121 ;	8051_i2c_eeprom.c:467: SCL=0;
                                   2122 ;	assignBit
      0008F8 C2 93            [12] 2123 	clr	_P1_3
                                   2124 ;	8051_i2c_eeprom.c:468: data = data << 1;
      0008FA ED               [12] 2125 	mov	a,r5
      0008FB 2D               [12] 2126 	add	a,r5
      0008FC 90r00r14         [24] 2127 	mov	dptr,#_i2c_write_data_65536_98
      0008FF F0               [24] 2128 	movx	@dptr,a
                                   2129 ;	8051_i2c_eeprom.c:461: for(i=0;i<=7;i++)
      000900 0E               [12] 2130 	inc	r6
      000901 BE 00 01         [24] 2131 	cjne	r6,#0x00,00121$
      000904 0F               [12] 2132 	inc	r7
      000905                       2133 00121$:
      000905 C3               [12] 2134 	clr	c
      000906 74 07            [12] 2135 	mov	a,#0x07
      000908 9E               [12] 2136 	subb	a,r6
      000909 E4               [12] 2137 	clr	a
      00090A 9F               [12] 2138 	subb	a,r7
      00090B 50 CB            [24] 2139 	jnc	00104$
                                   2140 ;	8051_i2c_eeprom.c:472: SDA = 1;            // Release SDA for slave
                                   2141 ;	assignBit
      00090D D2 94            [12] 2142 	setb	_P1_4
                                   2143 ;	8051_i2c_eeprom.c:473: SCL = 1;            // 9th clock pulse for ACK
                                   2144 ;	assignBit
      00090F D2 93            [12] 2145 	setb	_P1_3
                                   2146 ;	8051_i2c_eeprom.c:474: i2c_delay();
      000911 12r0DrD7         [24] 2147 	lcall	_i2c_delay
                                   2148 ;	8051_i2c_eeprom.c:475: if(SDA == 1)        // If SDA is still high, no ACK received
      000914 30 94 19         [24] 2149 	jnb	_P1_4,00103$
                                   2150 ;	8051_i2c_eeprom.c:478: printf("ACK DID NOT ARRIVE\n\r");
      000917 74r08            [12] 2151 	mov	a,#___str_43
      000919 C0 E0            [24] 2152 	push	acc
      00091B 74s0C            [12] 2153 	mov	a,#(___str_43 >> 8)
      00091D C0 E0            [24] 2154 	push	acc
      00091F 74 80            [12] 2155 	mov	a,#0x80
      000921 C0 E0            [24] 2156 	push	acc
      000923 12r00r00         [24] 2157 	lcall	_printf
      000926 15 81            [12] 2158 	dec	sp
      000928 15 81            [12] 2159 	dec	sp
      00092A 15 81            [12] 2160 	dec	sp
                                   2161 ;	8051_i2c_eeprom.c:479: return 0;       // Error
      00092C 90 00 00         [24] 2162 	mov	dptr,#0x0000
      00092F 22               [24] 2163 	ret
      000930                       2164 00103$:
                                   2165 ;	8051_i2c_eeprom.c:481: SCL = 0;
                                   2166 ;	assignBit
      000930 C2 93            [12] 2167 	clr	_P1_3
                                   2168 ;	8051_i2c_eeprom.c:483: return 1;           // Success
      000932 90 00 01         [24] 2169 	mov	dptr,#0x0001
                                   2170 ;	8051_i2c_eeprom.c:485: }
      000935 22               [24] 2171 	ret
                                   2172 ;------------------------------------------------------------
                                   2173 ;Allocation info for local variables in function 'i2c_read'
                                   2174 ;------------------------------------------------------------
                                   2175 ;ACK                       Allocated with name '_i2c_read_ACK_65536_103'
                                   2176 ;buff                      Allocated with name '_i2c_read_buff_65536_104'
                                   2177 ;i                         Allocated with name '_i2c_read_i_131072_105'
                                   2178 ;------------------------------------------------------------
                                   2179 ;	8051_i2c_eeprom.c:495: int i2c_read(int ACK)
                                   2180 ;	-----------------------------------------
                                   2181 ;	 function i2c_read
                                   2182 ;	-----------------------------------------
      000936                       2183 _i2c_read:
      000936 AF 83            [24] 2184 	mov	r7,dph
      000938 E5 82            [12] 2185 	mov	a,dpl
      00093A 90r00r15         [24] 2186 	mov	dptr,#_i2c_read_ACK_65536_103
      00093D F0               [24] 2187 	movx	@dptr,a
      00093E EF               [12] 2188 	mov	a,r7
      00093F A3               [24] 2189 	inc	dptr
      000940 F0               [24] 2190 	movx	@dptr,a
                                   2191 ;	8051_i2c_eeprom.c:497: unsigned char buff=0;
      000941 90r00r17         [24] 2192 	mov	dptr,#_i2c_read_buff_65536_104
      000944 E4               [12] 2193 	clr	a
      000945 F0               [24] 2194 	movx	@dptr,a
                                   2195 ;	8051_i2c_eeprom.c:498: SCL = 0;
                                   2196 ;	assignBit
      000946 C2 93            [12] 2197 	clr	_P1_3
                                   2198 ;	8051_i2c_eeprom.c:499: for(int i=0;i<8;i++)
      000948 7E 00            [12] 2199 	mov	r6,#0x00
      00094A 7F 00            [12] 2200 	mov	r7,#0x00
      00094C                       2201 00103$:
      00094C C3               [12] 2202 	clr	c
      00094D EE               [12] 2203 	mov	a,r6
      00094E 94 08            [12] 2204 	subb	a,#0x08
      000950 EF               [12] 2205 	mov	a,r7
      000951 64 80            [12] 2206 	xrl	a,#0x80
      000953 94 80            [12] 2207 	subb	a,#0x80
      000955 50 40            [24] 2208 	jnc	00101$
                                   2209 ;	8051_i2c_eeprom.c:501: SCL = 1;
                                   2210 ;	assignBit
      000957 D2 93            [12] 2211 	setb	_P1_3
                                   2212 ;	8051_i2c_eeprom.c:502: i2c_delay();
      000959 C0 07            [24] 2213 	push	ar7
      00095B C0 06            [24] 2214 	push	ar6
      00095D 12r0DrD7         [24] 2215 	lcall	_i2c_delay
      000960 D0 06            [24] 2216 	pop	ar6
      000962 D0 07            [24] 2217 	pop	ar7
                                   2218 ;	8051_i2c_eeprom.c:503: buff |= (SDA << (7 - i));
      000964 A2 94            [12] 2219 	mov	c,_P1_4
      000966 E4               [12] 2220 	clr	a
      000967 33               [12] 2221 	rlc	a
      000968 FD               [12] 2222 	mov	r5,a
      000969 8E 04            [24] 2223 	mov	ar4,r6
      00096B 74 07            [12] 2224 	mov	a,#0x07
      00096D C3               [12] 2225 	clr	c
      00096E 9C               [12] 2226 	subb	a,r4
      00096F FC               [12] 2227 	mov	r4,a
      000970 8C F0            [24] 2228 	mov	b,r4
      000972 05 F0            [12] 2229 	inc	b
      000974 ED               [12] 2230 	mov	a,r5
      000975 80 02            [24] 2231 	sjmp	00119$
      000977                       2232 00117$:
      000977 25 E0            [12] 2233 	add	a,acc
      000979                       2234 00119$:
      000979 D5 F0 FB         [24] 2235 	djnz	b,00117$
      00097C FC               [12] 2236 	mov	r4,a
      00097D 90r00r17         [24] 2237 	mov	dptr,#_i2c_read_buff_65536_104
      000980 E0               [24] 2238 	movx	a,@dptr
      000981 4C               [12] 2239 	orl	a,r4
      000982 F0               [24] 2240 	movx	@dptr,a
                                   2241 ;	8051_i2c_eeprom.c:504: i2c_delay();
      000983 C0 07            [24] 2242 	push	ar7
      000985 C0 06            [24] 2243 	push	ar6
      000987 12r0DrD7         [24] 2244 	lcall	_i2c_delay
      00098A D0 06            [24] 2245 	pop	ar6
      00098C D0 07            [24] 2246 	pop	ar7
                                   2247 ;	8051_i2c_eeprom.c:505: SCL=0;
                                   2248 ;	assignBit
      00098E C2 93            [12] 2249 	clr	_P1_3
                                   2250 ;	8051_i2c_eeprom.c:499: for(int i=0;i<8;i++)
      000990 0E               [12] 2251 	inc	r6
      000991 BE 00 B8         [24] 2252 	cjne	r6,#0x00,00103$
      000994 0F               [12] 2253 	inc	r7
      000995 80 B5            [24] 2254 	sjmp	00103$
      000997                       2255 00101$:
                                   2256 ;	8051_i2c_eeprom.c:509: SDA = !ACK;         // ACK = 0, NACK = 1
      000997 90r00r15         [24] 2257 	mov	dptr,#_i2c_read_ACK_65536_103
      00099A E0               [24] 2258 	movx	a,@dptr
      00099B FE               [12] 2259 	mov	r6,a
      00099C A3               [24] 2260 	inc	dptr
      00099D E0               [24] 2261 	movx	a,@dptr
      00099E 4E               [12] 2262 	orl	a,r6
      00099F B4 01 00         [24] 2263 	cjne	a,#0x01,00121$
      0009A2                       2264 00121$:
      0009A2 E4               [12] 2265 	clr	a
      0009A3 33               [12] 2266 	rlc	a
      0009A4 24 FF            [12] 2267 	add	a,#0xff
      0009A6 92 94            [24] 2268 	mov	_P1_4,c
                                   2269 ;	8051_i2c_eeprom.c:510: SCL = 1;
                                   2270 ;	assignBit
      0009A8 D2 93            [12] 2271 	setb	_P1_3
                                   2272 ;	8051_i2c_eeprom.c:511: i2c_delay();
      0009AA 12r0DrD7         [24] 2273 	lcall	_i2c_delay
                                   2274 ;	8051_i2c_eeprom.c:512: SCL = 0;
                                   2275 ;	assignBit
      0009AD C2 93            [12] 2276 	clr	_P1_3
                                   2277 ;	8051_i2c_eeprom.c:514: return buff;
      0009AF 90r00r17         [24] 2278 	mov	dptr,#_i2c_read_buff_65536_104
      0009B2 E0               [24] 2279 	movx	a,@dptr
      0009B3 FF               [12] 2280 	mov	r7,a
      0009B4 7E 00            [12] 2281 	mov	r6,#0x00
      0009B6 8F 82            [24] 2282 	mov	dpl,r7
      0009B8 8E 83            [24] 2283 	mov	dph,r6
                                   2284 ;	8051_i2c_eeprom.c:515: }
      0009BA 22               [24] 2285 	ret
                                   2286 ;------------------------------------------------------------
                                   2287 ;Allocation info for local variables in function 'i2c_start'
                                   2288 ;------------------------------------------------------------
                                   2289 ;	8051_i2c_eeprom.c:522: void i2c_start(void)
                                   2290 ;	-----------------------------------------
                                   2291 ;	 function i2c_start
                                   2292 ;	-----------------------------------------
      0009BB                       2293 _i2c_start:
                                   2294 ;	8051_i2c_eeprom.c:524: i2c_delay();
      0009BB 12r0DrD7         [24] 2295 	lcall	_i2c_delay
                                   2296 ;	8051_i2c_eeprom.c:525: SDA = 1;
                                   2297 ;	assignBit
      0009BE D2 94            [12] 2298 	setb	_P1_4
                                   2299 ;	8051_i2c_eeprom.c:526: i2c_delay();
      0009C0 12r0DrD7         [24] 2300 	lcall	_i2c_delay
                                   2301 ;	8051_i2c_eeprom.c:527: SCL = 1;
                                   2302 ;	assignBit
      0009C3 D2 93            [12] 2303 	setb	_P1_3
                                   2304 ;	8051_i2c_eeprom.c:528: i2c_delay();
      0009C5 12r0DrD7         [24] 2305 	lcall	_i2c_delay
                                   2306 ;	8051_i2c_eeprom.c:529: SDA = 0;
                                   2307 ;	assignBit
      0009C8 C2 94            [12] 2308 	clr	_P1_4
                                   2309 ;	8051_i2c_eeprom.c:530: i2c_delay();
      0009CA 12r0DrD7         [24] 2310 	lcall	_i2c_delay
                                   2311 ;	8051_i2c_eeprom.c:531: SCL = 0;
                                   2312 ;	assignBit
      0009CD C2 93            [12] 2313 	clr	_P1_3
                                   2314 ;	8051_i2c_eeprom.c:532: }
      0009CF 22               [24] 2315 	ret
                                   2316 ;------------------------------------------------------------
                                   2317 ;Allocation info for local variables in function 'EEPROM_hexdump'
                                   2318 ;------------------------------------------------------------
                                   2319 ;end_address               Allocated with name '_EEPROM_hexdump_PARM_2'
                                   2320 ;start_address             Allocated with name '_EEPROM_hexdump_start_address_65536_109'
                                   2321 ;num_bytes                 Allocated with name '_EEPROM_hexdump_num_bytes_65537_111'
                                   2322 ;current_address           Allocated with name '_EEPROM_hexdump_current_address_65537_111'
                                   2323 ;i                         Allocated with name '_EEPROM_hexdump_i_196609_113'
                                   2324 ;data                      Allocated with name '_EEPROM_hexdump_data_327682_119'
                                   2325 ;i                         Allocated with name '_EEPROM_hexdump_i_196609_121'
                                   2326 ;data                      Allocated with name '_EEPROM_hexdump_data_327682_124'
                                   2327 ;------------------------------------------------------------
                                   2328 ;	8051_i2c_eeprom.c:541: int EEPROM_hexdump(uint16_t start_address, uint16_t end_address) {
                                   2329 ;	-----------------------------------------
                                   2330 ;	 function EEPROM_hexdump
                                   2331 ;	-----------------------------------------
      0009D0                       2332 _EEPROM_hexdump:
      0009D0 AF 83            [24] 2333 	mov	r7,dph
      0009D2 E5 82            [12] 2334 	mov	a,dpl
      0009D4 90r00r1A         [24] 2335 	mov	dptr,#_EEPROM_hexdump_start_address_65536_109
      0009D7 F0               [24] 2336 	movx	@dptr,a
      0009D8 EF               [12] 2337 	mov	a,r7
      0009D9 A3               [24] 2338 	inc	dptr
      0009DA F0               [24] 2339 	movx	@dptr,a
                                   2340 ;	8051_i2c_eeprom.c:543: printf("\r\n----------------------------------------------------------------\r\n");
      0009DB 74r1D            [12] 2341 	mov	a,#___str_44
      0009DD C0 E0            [24] 2342 	push	acc
      0009DF 74s0C            [12] 2343 	mov	a,#(___str_44 >> 8)
      0009E1 C0 E0            [24] 2344 	push	acc
      0009E3 74 80            [12] 2345 	mov	a,#0x80
      0009E5 C0 E0            [24] 2346 	push	acc
      0009E7 12r00r00         [24] 2347 	lcall	_printf
      0009EA 15 81            [12] 2348 	dec	sp
      0009EC 15 81            [12] 2349 	dec	sp
      0009EE 15 81            [12] 2350 	dec	sp
                                   2351 ;	8051_i2c_eeprom.c:544: printf("                    EEPROM Hex Dump                               \r\n");
      0009F0 74r62            [12] 2352 	mov	a,#___str_45
      0009F2 C0 E0            [24] 2353 	push	acc
      0009F4 74s0C            [12] 2354 	mov	a,#(___str_45 >> 8)
      0009F6 C0 E0            [24] 2355 	push	acc
      0009F8 74 80            [12] 2356 	mov	a,#0x80
      0009FA C0 E0            [24] 2357 	push	acc
      0009FC 12r00r00         [24] 2358 	lcall	_printf
      0009FF 15 81            [12] 2359 	dec	sp
      000A01 15 81            [12] 2360 	dec	sp
      000A03 15 81            [12] 2361 	dec	sp
                                   2362 ;	8051_i2c_eeprom.c:545: printf("----------------------------------------------------------------\r\n");
      000A05 74rA7            [12] 2363 	mov	a,#___str_46
      000A07 C0 E0            [24] 2364 	push	acc
      000A09 74s0C            [12] 2365 	mov	a,#(___str_46 >> 8)
      000A0B C0 E0            [24] 2366 	push	acc
      000A0D 74 80            [12] 2367 	mov	a,#0x80
      000A0F C0 E0            [24] 2368 	push	acc
      000A11 12r00r00         [24] 2369 	lcall	_printf
      000A14 15 81            [12] 2370 	dec	sp
      000A16 15 81            [12] 2371 	dec	sp
      000A18 15 81            [12] 2372 	dec	sp
                                   2373 ;	8051_i2c_eeprom.c:546: printf("     0  1  2  3  4  5  6  7  8  9  A  B  C  D  E  F\r\n");
      000A1A 74rEA            [12] 2374 	mov	a,#___str_47
      000A1C C0 E0            [24] 2375 	push	acc
      000A1E 74s0C            [12] 2376 	mov	a,#(___str_47 >> 8)
      000A20 C0 E0            [24] 2377 	push	acc
      000A22 74 80            [12] 2378 	mov	a,#0x80
      000A24 C0 E0            [24] 2379 	push	acc
      000A26 12r00r00         [24] 2380 	lcall	_printf
      000A29 15 81            [12] 2381 	dec	sp
      000A2B 15 81            [12] 2382 	dec	sp
      000A2D 15 81            [12] 2383 	dec	sp
                                   2384 ;	8051_i2c_eeprom.c:550: uint16_t current_address = start_address;
      000A2F 90r00r1A         [24] 2385 	mov	dptr,#_EEPROM_hexdump_start_address_65536_109
      000A32 E0               [24] 2386 	movx	a,@dptr
      000A33 FE               [12] 2387 	mov	r6,a
      000A34 A3               [24] 2388 	inc	dptr
      000A35 E0               [24] 2389 	movx	a,@dptr
      000A36 FF               [12] 2390 	mov	r7,a
      000A37 90r00r1C         [24] 2391 	mov	dptr,#_EEPROM_hexdump_current_address_65537_111
      000A3A EE               [12] 2392 	mov	a,r6
      000A3B F0               [24] 2393 	movx	@dptr,a
      000A3C EF               [12] 2394 	mov	a,r7
      000A3D A3               [24] 2395 	inc	dptr
      000A3E F0               [24] 2396 	movx	@dptr,a
                                   2397 ;	8051_i2c_eeprom.c:553: while (current_address <= end_address) {
      000A3F 90r00r18         [24] 2398 	mov	dptr,#_EEPROM_hexdump_PARM_2
      000A42 E0               [24] 2399 	movx	a,@dptr
      000A43 FE               [12] 2400 	mov	r6,a
      000A44 A3               [24] 2401 	inc	dptr
      000A45 E0               [24] 2402 	movx	a,@dptr
      000A46 FF               [12] 2403 	mov	r7,a
      000A47                       2404 00119$:
      000A47 90r00r1C         [24] 2405 	mov	dptr,#_EEPROM_hexdump_current_address_65537_111
      000A4A E0               [24] 2406 	movx	a,@dptr
      000A4B FC               [12] 2407 	mov	r4,a
      000A4C A3               [24] 2408 	inc	dptr
      000A4D E0               [24] 2409 	movx	a,@dptr
      000A4E FD               [12] 2410 	mov	r5,a
      000A4F C3               [12] 2411 	clr	c
      000A50 EE               [12] 2412 	mov	a,r6
      000A51 9C               [12] 2413 	subb	a,r4
      000A52 EF               [12] 2414 	mov	a,r7
      000A53 9D               [12] 2415 	subb	a,r5
      000A54 50 03            [24] 2416 	jnc	00183$
      000A56 02r0CrE6         [24] 2417 	ljmp	00121$
      000A59                       2418 00183$:
                                   2419 ;	8051_i2c_eeprom.c:555: printf("%03X: ", current_address & 0xFFF0);
      000A59 53 04 F0         [24] 2420 	anl	ar4,#0xf0
      000A5C C0 07            [24] 2421 	push	ar7
      000A5E C0 06            [24] 2422 	push	ar6
      000A60 C0 04            [24] 2423 	push	ar4
      000A62 C0 05            [24] 2424 	push	ar5
      000A64 74r20            [12] 2425 	mov	a,#___str_48
      000A66 C0 E0            [24] 2426 	push	acc
      000A68 74s0D            [12] 2427 	mov	a,#(___str_48 >> 8)
      000A6A C0 E0            [24] 2428 	push	acc
      000A6C 74 80            [12] 2429 	mov	a,#0x80
      000A6E C0 E0            [24] 2430 	push	acc
      000A70 12r00r00         [24] 2431 	lcall	_printf
      000A73 E5 81            [12] 2432 	mov	a,sp
      000A75 24 FB            [12] 2433 	add	a,#0xfb
      000A77 F5 81            [12] 2434 	mov	sp,a
      000A79 D0 06            [24] 2435 	pop	ar6
      000A7B D0 07            [24] 2436 	pop	ar7
                                   2437 ;	8051_i2c_eeprom.c:558: for (uint8_t i = 0; i < 16; i++) {
      000A7D 7D 00            [12] 2438 	mov	r5,#0x00
      000A7F                       2439 00123$:
      000A7F BD 10 00         [24] 2440 	cjne	r5,#0x10,00184$
      000A82                       2441 00184$:
      000A82 40 03            [24] 2442 	jc	00185$
      000A84 02r0BrBB         [24] 2443 	ljmp	00110$
      000A87                       2444 00185$:
                                   2445 ;	8051_i2c_eeprom.c:559: if (current_address + i <= end_address) {
      000A87 8D 03            [24] 2446 	mov	ar3,r5
      000A89 7C 00            [12] 2447 	mov	r4,#0x00
      000A8B 90r00r1C         [24] 2448 	mov	dptr,#_EEPROM_hexdump_current_address_65537_111
      000A8E E0               [24] 2449 	movx	a,@dptr
      000A8F F9               [12] 2450 	mov	r1,a
      000A90 A3               [24] 2451 	inc	dptr
      000A91 E0               [24] 2452 	movx	a,@dptr
      000A92 FA               [12] 2453 	mov	r2,a
      000A93 C0 05            [24] 2454 	push	ar5
      000A95 89 00            [24] 2455 	mov	ar0,r1
      000A97 8A 05            [24] 2456 	mov	ar5,r2
      000A99 EB               [12] 2457 	mov	a,r3
      000A9A 28               [12] 2458 	add	a,r0
      000A9B F8               [12] 2459 	mov	r0,a
      000A9C EC               [12] 2460 	mov	a,r4
      000A9D 3D               [12] 2461 	addc	a,r5
      000A9E FD               [12] 2462 	mov	r5,a
      000A9F C3               [12] 2463 	clr	c
      000AA0 EE               [12] 2464 	mov	a,r6
      000AA1 98               [12] 2465 	subb	a,r0
      000AA2 EF               [12] 2466 	mov	a,r7
      000AA3 9D               [12] 2467 	subb	a,r5
      000AA4 D0 05            [24] 2468 	pop	ar5
      000AA6 50 03            [24] 2469 	jnc	00186$
      000AA8 02r0Br96         [24] 2470 	ljmp	00108$
      000AAB                       2471 00186$:
                                   2472 ;	8051_i2c_eeprom.c:561: i2c_start();
      000AAB C0 07            [24] 2473 	push	ar7
      000AAD C0 06            [24] 2474 	push	ar6
      000AAF C0 05            [24] 2475 	push	ar5
      000AB1 C0 02            [24] 2476 	push	ar2
      000AB3 C0 01            [24] 2477 	push	ar1
      000AB5 12r09rBB         [24] 2478 	lcall	_i2c_start
                                   2479 ;	8051_i2c_eeprom.c:564: if (!i2c_write(EEPROM_ID | WRITE)) {
      000AB8 75 82 A0         [24] 2480 	mov	dpl,#0xa0
      000ABB 12r08rCE         [24] 2481 	lcall	_i2c_write
      000ABE E5 82            [12] 2482 	mov	a,dpl
      000AC0 85 83 F0         [24] 2483 	mov	b,dph
      000AC3 D0 01            [24] 2484 	pop	ar1
      000AC5 D0 02            [24] 2485 	pop	ar2
      000AC7 D0 05            [24] 2486 	pop	ar5
      000AC9 D0 06            [24] 2487 	pop	ar6
      000ACB D0 07            [24] 2488 	pop	ar7
      000ACD 45 F0            [12] 2489 	orl	a,b
      000ACF 70 1C            [24] 2490 	jnz	00102$
                                   2491 ;	8051_i2c_eeprom.c:565: printf("Error: Device not responding\r\n");
      000AD1 74r27            [12] 2492 	mov	a,#___str_49
      000AD3 C0 E0            [24] 2493 	push	acc
      000AD5 74s0D            [12] 2494 	mov	a,#(___str_49 >> 8)
      000AD7 C0 E0            [24] 2495 	push	acc
      000AD9 74 80            [12] 2496 	mov	a,#0x80
      000ADB C0 E0            [24] 2497 	push	acc
      000ADD 12r00r00         [24] 2498 	lcall	_printf
      000AE0 15 81            [12] 2499 	dec	sp
      000AE2 15 81            [12] 2500 	dec	sp
      000AE4 15 81            [12] 2501 	dec	sp
                                   2502 ;	8051_i2c_eeprom.c:566: i2c_stop();
      000AE6 12r0Dr9E         [24] 2503 	lcall	_i2c_stop
                                   2504 ;	8051_i2c_eeprom.c:567: return 0;
      000AE9 90 00 00         [24] 2505 	mov	dptr,#0x0000
      000AEC 22               [24] 2506 	ret
      000AED                       2507 00102$:
                                   2508 ;	8051_i2c_eeprom.c:571: if (!i2c_write((unsigned char)(current_address + i))) {
      000AED ED               [12] 2509 	mov	a,r5
      000AEE 29               [12] 2510 	add	a,r1
      000AEF F5 82            [12] 2511 	mov	dpl,a
      000AF1 C0 07            [24] 2512 	push	ar7
      000AF3 C0 06            [24] 2513 	push	ar6
      000AF5 C0 05            [24] 2514 	push	ar5
      000AF7 12r08rCE         [24] 2515 	lcall	_i2c_write
      000AFA E5 82            [12] 2516 	mov	a,dpl
      000AFC 85 83 F0         [24] 2517 	mov	b,dph
      000AFF D0 05            [24] 2518 	pop	ar5
      000B01 D0 06            [24] 2519 	pop	ar6
      000B03 D0 07            [24] 2520 	pop	ar7
      000B05 45 F0            [12] 2521 	orl	a,b
      000B07 70 1C            [24] 2522 	jnz	00104$
                                   2523 ;	8051_i2c_eeprom.c:572: printf("Error: Address write failed\r\n");
      000B09 74r46            [12] 2524 	mov	a,#___str_50
      000B0B C0 E0            [24] 2525 	push	acc
      000B0D 74s0D            [12] 2526 	mov	a,#(___str_50 >> 8)
      000B0F C0 E0            [24] 2527 	push	acc
      000B11 74 80            [12] 2528 	mov	a,#0x80
      000B13 C0 E0            [24] 2529 	push	acc
      000B15 12r00r00         [24] 2530 	lcall	_printf
      000B18 15 81            [12] 2531 	dec	sp
      000B1A 15 81            [12] 2532 	dec	sp
      000B1C 15 81            [12] 2533 	dec	sp
                                   2534 ;	8051_i2c_eeprom.c:573: i2c_stop();
      000B1E 12r0Dr9E         [24] 2535 	lcall	_i2c_stop
                                   2536 ;	8051_i2c_eeprom.c:574: return 0;
      000B21 90 00 00         [24] 2537 	mov	dptr,#0x0000
      000B24 22               [24] 2538 	ret
      000B25                       2539 00104$:
                                   2540 ;	8051_i2c_eeprom.c:578: i2c_start();
      000B25 C0 07            [24] 2541 	push	ar7
      000B27 C0 06            [24] 2542 	push	ar6
      000B29 C0 05            [24] 2543 	push	ar5
      000B2B 12r09rBB         [24] 2544 	lcall	_i2c_start
                                   2545 ;	8051_i2c_eeprom.c:581: if (!i2c_write(EEPROM_ID | READ)) {
      000B2E 75 82 A1         [24] 2546 	mov	dpl,#0xa1
      000B31 12r08rCE         [24] 2547 	lcall	_i2c_write
      000B34 E5 82            [12] 2548 	mov	a,dpl
      000B36 85 83 F0         [24] 2549 	mov	b,dph
      000B39 D0 05            [24] 2550 	pop	ar5
      000B3B D0 06            [24] 2551 	pop	ar6
      000B3D D0 07            [24] 2552 	pop	ar7
      000B3F 45 F0            [12] 2553 	orl	a,b
      000B41 70 1C            [24] 2554 	jnz	00106$
                                   2555 ;	8051_i2c_eeprom.c:582: printf("Error: Device not responding in read mode\r\n");
      000B43 74r64            [12] 2556 	mov	a,#___str_51
      000B45 C0 E0            [24] 2557 	push	acc
      000B47 74s0D            [12] 2558 	mov	a,#(___str_51 >> 8)
      000B49 C0 E0            [24] 2559 	push	acc
      000B4B 74 80            [12] 2560 	mov	a,#0x80
      000B4D C0 E0            [24] 2561 	push	acc
      000B4F 12r00r00         [24] 2562 	lcall	_printf
      000B52 15 81            [12] 2563 	dec	sp
      000B54 15 81            [12] 2564 	dec	sp
      000B56 15 81            [12] 2565 	dec	sp
                                   2566 ;	8051_i2c_eeprom.c:583: i2c_stop();
      000B58 12r0Dr9E         [24] 2567 	lcall	_i2c_stop
                                   2568 ;	8051_i2c_eeprom.c:584: return 0;
      000B5B 90 00 00         [24] 2569 	mov	dptr,#0x0000
      000B5E 22               [24] 2570 	ret
      000B5F                       2571 00106$:
                                   2572 ;	8051_i2c_eeprom.c:588: unsigned char data = i2c_read(0);
      000B5F 90 00 00         [24] 2573 	mov	dptr,#0x0000
      000B62 C0 07            [24] 2574 	push	ar7
      000B64 C0 06            [24] 2575 	push	ar6
      000B66 C0 05            [24] 2576 	push	ar5
      000B68 12r09r36         [24] 2577 	lcall	_i2c_read
      000B6B AB 82            [24] 2578 	mov	r3,dpl
                                   2579 ;	8051_i2c_eeprom.c:589: printf("%02X ", data);
      000B6D 7C 00            [12] 2580 	mov	r4,#0x00
      000B6F C0 03            [24] 2581 	push	ar3
      000B71 C0 04            [24] 2582 	push	ar4
      000B73 74r90            [12] 2583 	mov	a,#___str_52
      000B75 C0 E0            [24] 2584 	push	acc
      000B77 74s0D            [12] 2585 	mov	a,#(___str_52 >> 8)
      000B79 C0 E0            [24] 2586 	push	acc
      000B7B 74 80            [12] 2587 	mov	a,#0x80
      000B7D C0 E0            [24] 2588 	push	acc
      000B7F 12r00r00         [24] 2589 	lcall	_printf
      000B82 E5 81            [12] 2590 	mov	a,sp
      000B84 24 FB            [12] 2591 	add	a,#0xfb
      000B86 F5 81            [12] 2592 	mov	sp,a
                                   2593 ;	8051_i2c_eeprom.c:591: i2c_stop();
      000B88 12r0Dr9E         [24] 2594 	lcall	_i2c_stop
                                   2595 ;	8051_i2c_eeprom.c:592: i2c_delay(); // Small delay between reads
      000B8B 12r0DrD7         [24] 2596 	lcall	_i2c_delay
      000B8E D0 05            [24] 2597 	pop	ar5
      000B90 D0 06            [24] 2598 	pop	ar6
      000B92 D0 07            [24] 2599 	pop	ar7
      000B94 80 21            [24] 2600 	sjmp	00124$
      000B96                       2601 00108$:
                                   2602 ;	8051_i2c_eeprom.c:594: printf("   "); // Print spaces for addresses beyond end_address
      000B96 C0 07            [24] 2603 	push	ar7
      000B98 C0 06            [24] 2604 	push	ar6
      000B9A C0 05            [24] 2605 	push	ar5
      000B9C 74r96            [12] 2606 	mov	a,#___str_53
      000B9E C0 E0            [24] 2607 	push	acc
      000BA0 74s0D            [12] 2608 	mov	a,#(___str_53 >> 8)
      000BA2 C0 E0            [24] 2609 	push	acc
      000BA4 74 80            [12] 2610 	mov	a,#0x80
      000BA6 C0 E0            [24] 2611 	push	acc
      000BA8 12r00r00         [24] 2612 	lcall	_printf
      000BAB 15 81            [12] 2613 	dec	sp
      000BAD 15 81            [12] 2614 	dec	sp
      000BAF 15 81            [12] 2615 	dec	sp
      000BB1 D0 05            [24] 2616 	pop	ar5
      000BB3 D0 06            [24] 2617 	pop	ar6
      000BB5 D0 07            [24] 2618 	pop	ar7
      000BB7                       2619 00124$:
                                   2620 ;	8051_i2c_eeprom.c:558: for (uint8_t i = 0; i < 16; i++) {
      000BB7 0D               [12] 2621 	inc	r5
      000BB8 02r0Ar7F         [24] 2622 	ljmp	00123$
      000BBB                       2623 00110$:
                                   2624 ;	8051_i2c_eeprom.c:599: printf(" | ");
      000BBB C0 07            [24] 2625 	push	ar7
      000BBD C0 06            [24] 2626 	push	ar6
      000BBF 74r9A            [12] 2627 	mov	a,#___str_54
      000BC1 C0 E0            [24] 2628 	push	acc
      000BC3 74s0D            [12] 2629 	mov	a,#(___str_54 >> 8)
      000BC5 C0 E0            [24] 2630 	push	acc
      000BC7 74 80            [12] 2631 	mov	a,#0x80
      000BC9 C0 E0            [24] 2632 	push	acc
      000BCB 12r00r00         [24] 2633 	lcall	_printf
      000BCE 15 81            [12] 2634 	dec	sp
      000BD0 15 81            [12] 2635 	dec	sp
      000BD2 15 81            [12] 2636 	dec	sp
      000BD4 D0 06            [24] 2637 	pop	ar6
      000BD6 D0 07            [24] 2638 	pop	ar7
                                   2639 ;	8051_i2c_eeprom.c:600: for (uint8_t i = 0; i < 16; i++) {
      000BD8 90r00r1C         [24] 2640 	mov	dptr,#_EEPROM_hexdump_current_address_65537_111
      000BDB E0               [24] 2641 	movx	a,@dptr
      000BDC FC               [12] 2642 	mov	r4,a
      000BDD A3               [24] 2643 	inc	dptr
      000BDE E0               [24] 2644 	movx	a,@dptr
      000BDF FD               [12] 2645 	mov	r5,a
      000BE0 7B 00            [12] 2646 	mov	r3,#0x00
      000BE2                       2647 00126$:
      000BE2 BB 10 00         [24] 2648 	cjne	r3,#0x10,00190$
      000BE5                       2649 00190$:
      000BE5 40 03            [24] 2650 	jc	00191$
      000BE7 02r0CrAF         [24] 2651 	ljmp	00118$
      000BEA                       2652 00191$:
                                   2653 ;	8051_i2c_eeprom.c:601: if (current_address + i <= end_address) {
      000BEA 8B 01            [24] 2654 	mov	ar1,r3
      000BEC 7A 00            [12] 2655 	mov	r2,#0x00
      000BEE C0 03            [24] 2656 	push	ar3
      000BF0 8C 00            [24] 2657 	mov	ar0,r4
      000BF2 8D 03            [24] 2658 	mov	ar3,r5
      000BF4 E9               [12] 2659 	mov	a,r1
      000BF5 28               [12] 2660 	add	a,r0
      000BF6 F8               [12] 2661 	mov	r0,a
      000BF7 EA               [12] 2662 	mov	a,r2
      000BF8 3B               [12] 2663 	addc	a,r3
      000BF9 FB               [12] 2664 	mov	r3,a
      000BFA C3               [12] 2665 	clr	c
      000BFB EE               [12] 2666 	mov	a,r6
      000BFC 98               [12] 2667 	subb	a,r0
      000BFD EF               [12] 2668 	mov	a,r7
      000BFE 9B               [12] 2669 	subb	a,r3
      000BFF D0 03            [24] 2670 	pop	ar3
      000C01 50 03            [24] 2671 	jnc	00192$
      000C03 02r0Cr91         [24] 2672 	ljmp	00116$
      000C06                       2673 00192$:
                                   2674 ;	8051_i2c_eeprom.c:603: i2c_start();
      000C06 C0 07            [24] 2675 	push	ar7
      000C08 C0 06            [24] 2676 	push	ar6
      000C0A C0 05            [24] 2677 	push	ar5
      000C0C C0 04            [24] 2678 	push	ar4
      000C0E C0 03            [24] 2679 	push	ar3
      000C10 12r09rBB         [24] 2680 	lcall	_i2c_start
                                   2681 ;	8051_i2c_eeprom.c:604: i2c_write(EEPROM_ID | WRITE);
      000C13 75 82 A0         [24] 2682 	mov	dpl,#0xa0
      000C16 12r08rCE         [24] 2683 	lcall	_i2c_write
      000C19 D0 03            [24] 2684 	pop	ar3
      000C1B D0 04            [24] 2685 	pop	ar4
                                   2686 ;	8051_i2c_eeprom.c:605: i2c_write((unsigned char)(current_address + i));
      000C1D 8C 02            [24] 2687 	mov	ar2,r4
      000C1F EB               [12] 2688 	mov	a,r3
      000C20 2A               [12] 2689 	add	a,r2
      000C21 F5 82            [12] 2690 	mov	dpl,a
      000C23 C0 04            [24] 2691 	push	ar4
      000C25 C0 03            [24] 2692 	push	ar3
      000C27 12r08rCE         [24] 2693 	lcall	_i2c_write
                                   2694 ;	8051_i2c_eeprom.c:606: i2c_start();
      000C2A 12r09rBB         [24] 2695 	lcall	_i2c_start
                                   2696 ;	8051_i2c_eeprom.c:607: i2c_write(EEPROM_ID | READ);
      000C2D 75 82 A1         [24] 2697 	mov	dpl,#0xa1
      000C30 12r08rCE         [24] 2698 	lcall	_i2c_write
                                   2699 ;	8051_i2c_eeprom.c:608: unsigned char data = i2c_read(0);
      000C33 90 00 00         [24] 2700 	mov	dptr,#0x0000
      000C36 12r09r36         [24] 2701 	lcall	_i2c_read
      000C39 A9 82            [24] 2702 	mov	r1,dpl
                                   2703 ;	8051_i2c_eeprom.c:609: i2c_stop();
      000C3B C0 01            [24] 2704 	push	ar1
      000C3D 12r0Dr9E         [24] 2705 	lcall	_i2c_stop
      000C40 D0 01            [24] 2706 	pop	ar1
      000C42 D0 03            [24] 2707 	pop	ar3
      000C44 D0 04            [24] 2708 	pop	ar4
      000C46 D0 05            [24] 2709 	pop	ar5
      000C48 D0 06            [24] 2710 	pop	ar6
      000C4A D0 07            [24] 2711 	pop	ar7
                                   2712 ;	8051_i2c_eeprom.c:612: if (data >= 32 && data <= 126) {
      000C4C B9 20 00         [24] 2713 	cjne	r1,#0x20,00193$
      000C4F                       2714 00193$:
      000C4F 40 24            [24] 2715 	jc	00112$
      000C51 E9               [12] 2716 	mov	a,r1
      000C52 24 81            [12] 2717 	add	a,#0xff - 0x7e
      000C54 40 1F            [24] 2718 	jc	00112$
                                   2719 ;	8051_i2c_eeprom.c:613: putchar(data);
      000C56 7A 00            [12] 2720 	mov	r2,#0x00
      000C58 89 82            [24] 2721 	mov	dpl,r1
      000C5A 8A 83            [24] 2722 	mov	dph,r2
      000C5C C0 07            [24] 2723 	push	ar7
      000C5E C0 06            [24] 2724 	push	ar6
      000C60 C0 05            [24] 2725 	push	ar5
      000C62 C0 04            [24] 2726 	push	ar4
      000C64 C0 03            [24] 2727 	push	ar3
      000C66 12r00r00         [24] 2728 	lcall	_putchar
      000C69 D0 03            [24] 2729 	pop	ar3
      000C6B D0 04            [24] 2730 	pop	ar4
      000C6D D0 05            [24] 2731 	pop	ar5
      000C6F D0 06            [24] 2732 	pop	ar6
      000C71 D0 07            [24] 2733 	pop	ar7
      000C73 80 36            [24] 2734 	sjmp	00127$
      000C75                       2735 00112$:
                                   2736 ;	8051_i2c_eeprom.c:615: putchar('.');
      000C75 90 00 2E         [24] 2737 	mov	dptr,#0x002e
      000C78 C0 07            [24] 2738 	push	ar7
      000C7A C0 06            [24] 2739 	push	ar6
      000C7C C0 05            [24] 2740 	push	ar5
      000C7E C0 04            [24] 2741 	push	ar4
      000C80 C0 03            [24] 2742 	push	ar3
      000C82 12r00r00         [24] 2743 	lcall	_putchar
      000C85 D0 03            [24] 2744 	pop	ar3
      000C87 D0 04            [24] 2745 	pop	ar4
      000C89 D0 05            [24] 2746 	pop	ar5
      000C8B D0 06            [24] 2747 	pop	ar6
      000C8D D0 07            [24] 2748 	pop	ar7
      000C8F 80 1A            [24] 2749 	sjmp	00127$
      000C91                       2750 00116$:
                                   2751 ;	8051_i2c_eeprom.c:618: putchar(' ');
      000C91 90 00 20         [24] 2752 	mov	dptr,#0x0020
      000C94 C0 07            [24] 2753 	push	ar7
      000C96 C0 06            [24] 2754 	push	ar6
      000C98 C0 05            [24] 2755 	push	ar5
      000C9A C0 04            [24] 2756 	push	ar4
      000C9C C0 03            [24] 2757 	push	ar3
      000C9E 12r00r00         [24] 2758 	lcall	_putchar
      000CA1 D0 03            [24] 2759 	pop	ar3
      000CA3 D0 04            [24] 2760 	pop	ar4
      000CA5 D0 05            [24] 2761 	pop	ar5
      000CA7 D0 06            [24] 2762 	pop	ar6
      000CA9 D0 07            [24] 2763 	pop	ar7
      000CAB                       2764 00127$:
                                   2765 ;	8051_i2c_eeprom.c:600: for (uint8_t i = 0; i < 16; i++) {
      000CAB 0B               [12] 2766 	inc	r3
      000CAC 02r0BrE2         [24] 2767 	ljmp	00126$
      000CAF                       2768 00118$:
                                   2769 ;	8051_i2c_eeprom.c:622: printf("\r\n");
      000CAF C0 07            [24] 2770 	push	ar7
      000CB1 C0 06            [24] 2771 	push	ar6
      000CB3 74r9E            [12] 2772 	mov	a,#___str_55
      000CB5 C0 E0            [24] 2773 	push	acc
      000CB7 74s0D            [12] 2774 	mov	a,#(___str_55 >> 8)
      000CB9 C0 E0            [24] 2775 	push	acc
      000CBB 74 80            [12] 2776 	mov	a,#0x80
      000CBD C0 E0            [24] 2777 	push	acc
      000CBF 12r00r00         [24] 2778 	lcall	_printf
      000CC2 15 81            [12] 2779 	dec	sp
      000CC4 15 81            [12] 2780 	dec	sp
      000CC6 15 81            [12] 2781 	dec	sp
      000CC8 D0 06            [24] 2782 	pop	ar6
      000CCA D0 07            [24] 2783 	pop	ar7
                                   2784 ;	8051_i2c_eeprom.c:623: current_address += 16;
      000CCC 90r00r1C         [24] 2785 	mov	dptr,#_EEPROM_hexdump_current_address_65537_111
      000CCF E0               [24] 2786 	movx	a,@dptr
      000CD0 FC               [12] 2787 	mov	r4,a
      000CD1 A3               [24] 2788 	inc	dptr
      000CD2 E0               [24] 2789 	movx	a,@dptr
      000CD3 FD               [12] 2790 	mov	r5,a
      000CD4 74 10            [12] 2791 	mov	a,#0x10
      000CD6 2C               [12] 2792 	add	a,r4
      000CD7 FC               [12] 2793 	mov	r4,a
      000CD8 E4               [12] 2794 	clr	a
      000CD9 3D               [12] 2795 	addc	a,r5
      000CDA FD               [12] 2796 	mov	r5,a
      000CDB 90r00r1C         [24] 2797 	mov	dptr,#_EEPROM_hexdump_current_address_65537_111
      000CDE EC               [12] 2798 	mov	a,r4
      000CDF F0               [24] 2799 	movx	@dptr,a
      000CE0 ED               [12] 2800 	mov	a,r5
      000CE1 A3               [24] 2801 	inc	dptr
      000CE2 F0               [24] 2802 	movx	@dptr,a
      000CE3 02r0Ar47         [24] 2803 	ljmp	00119$
      000CE6                       2804 00121$:
                                   2805 ;	8051_i2c_eeprom.c:626: printf("----------------------------------------------------------------\r\n");
      000CE6 74rA7            [12] 2806 	mov	a,#___str_46
      000CE8 C0 E0            [24] 2807 	push	acc
      000CEA 74s0C            [12] 2808 	mov	a,#(___str_46 >> 8)
      000CEC C0 E0            [24] 2809 	push	acc
      000CEE 74 80            [12] 2810 	mov	a,#0x80
      000CF0 C0 E0            [24] 2811 	push	acc
      000CF2 12r00r00         [24] 2812 	lcall	_printf
      000CF5 15 81            [12] 2813 	dec	sp
      000CF7 15 81            [12] 2814 	dec	sp
      000CF9 15 81            [12] 2815 	dec	sp
                                   2816 ;	8051_i2c_eeprom.c:627: return 1;
      000CFB 90 00 01         [24] 2817 	mov	dptr,#0x0001
                                   2818 ;	8051_i2c_eeprom.c:628: }
      000CFE 22               [24] 2819 	ret
                                   2820 ;------------------------------------------------------------
                                   2821 ;Allocation info for local variables in function 'handler_EEPROM_hexdump'
                                   2822 ;------------------------------------------------------------
                                   2823 ;start_addr                Allocated with name '_handler_EEPROM_hexdump_start_addr_65537_130'
                                   2824 ;end_addr                  Allocated with name '_handler_EEPROM_hexdump_end_addr_65538_132'
                                   2825 ;------------------------------------------------------------
                                   2826 ;	8051_i2c_eeprom.c:631: void handler_EEPROM_hexdump(void) {
                                   2827 ;	-----------------------------------------
                                   2828 ;	 function handler_EEPROM_hexdump
                                   2829 ;	-----------------------------------------
      000CFF                       2830 _handler_EEPROM_hexdump:
                                   2831 ;	8051_i2c_eeprom.c:632: printf("\nEnter Start Address for HEX Dump (000-7FF):\r\n");
      000CFF 74rA1            [12] 2832 	mov	a,#___str_56
      000D01 C0 E0            [24] 2833 	push	acc
      000D03 74s0D            [12] 2834 	mov	a,#(___str_56 >> 8)
      000D05 C0 E0            [24] 2835 	push	acc
      000D07 74 80            [12] 2836 	mov	a,#0x80
      000D09 C0 E0            [24] 2837 	push	acc
      000D0B 12r00r00         [24] 2838 	lcall	_printf
      000D0E 15 81            [12] 2839 	dec	sp
      000D10 15 81            [12] 2840 	dec	sp
      000D12 15 81            [12] 2841 	dec	sp
                                   2842 ;	8051_i2c_eeprom.c:633: uint16_t start_addr = take_address();
      000D14 12r02rC1         [24] 2843 	lcall	_take_address
      000D17 AE 82            [24] 2844 	mov	r6,dpl
      000D19 AF 83            [24] 2845 	mov	r7,dph
                                   2846 ;	8051_i2c_eeprom.c:635: if (start_addr > ADDR_MAX) {
      000D1B 8E 04            [24] 2847 	mov	ar4,r6
      000D1D 8F 05            [24] 2848 	mov	ar5,r7
      000D1F C3               [12] 2849 	clr	c
      000D20 74 FF            [12] 2850 	mov	a,#0xff
      000D22 9C               [12] 2851 	subb	a,r4
      000D23 74 07            [12] 2852 	mov	a,#0x07
      000D25 9D               [12] 2853 	subb	a,r5
      000D26 50 16            [24] 2854 	jnc	00102$
                                   2855 ;	8051_i2c_eeprom.c:636: printf("Invalid Start Address! Must be between 0x000 and 0x7FF\r\n");
      000D28 74rD0            [12] 2856 	mov	a,#___str_57
      000D2A C0 E0            [24] 2857 	push	acc
      000D2C 74s0D            [12] 2858 	mov	a,#(___str_57 >> 8)
      000D2E C0 E0            [24] 2859 	push	acc
      000D30 74 80            [12] 2860 	mov	a,#0x80
      000D32 C0 E0            [24] 2861 	push	acc
      000D34 12r00r00         [24] 2862 	lcall	_printf
      000D37 15 81            [12] 2863 	dec	sp
      000D39 15 81            [12] 2864 	dec	sp
      000D3B 15 81            [12] 2865 	dec	sp
                                   2866 ;	8051_i2c_eeprom.c:637: return;
      000D3D 22               [24] 2867 	ret
      000D3E                       2868 00102$:
                                   2869 ;	8051_i2c_eeprom.c:640: printf("\nEnter End Address for HEX Dump (000-7FF):\r\n");
      000D3E C0 07            [24] 2870 	push	ar7
      000D40 C0 06            [24] 2871 	push	ar6
      000D42 74r09            [12] 2872 	mov	a,#___str_58
      000D44 C0 E0            [24] 2873 	push	acc
      000D46 74s0E            [12] 2874 	mov	a,#(___str_58 >> 8)
      000D48 C0 E0            [24] 2875 	push	acc
      000D4A 74 80            [12] 2876 	mov	a,#0x80
      000D4C C0 E0            [24] 2877 	push	acc
      000D4E 12r00r00         [24] 2878 	lcall	_printf
      000D51 15 81            [12] 2879 	dec	sp
      000D53 15 81            [12] 2880 	dec	sp
      000D55 15 81            [12] 2881 	dec	sp
                                   2882 ;	8051_i2c_eeprom.c:641: uint16_t end_addr = take_address();
      000D57 12r02rC1         [24] 2883 	lcall	_take_address
      000D5A AC 82            [24] 2884 	mov	r4,dpl
      000D5C AD 83            [24] 2885 	mov	r5,dph
      000D5E D0 06            [24] 2886 	pop	ar6
      000D60 D0 07            [24] 2887 	pop	ar7
                                   2888 ;	8051_i2c_eeprom.c:643: if (end_addr > ADDR_MAX || end_addr < start_addr) {
      000D62 8C 02            [24] 2889 	mov	ar2,r4
      000D64 8D 03            [24] 2890 	mov	ar3,r5
      000D66 C3               [12] 2891 	clr	c
      000D67 74 FF            [12] 2892 	mov	a,#0xff
      000D69 9A               [12] 2893 	subb	a,r2
      000D6A 74 07            [12] 2894 	mov	a,#0x07
      000D6C 9B               [12] 2895 	subb	a,r3
      000D6D 40 06            [24] 2896 	jc	00103$
      000D6F EC               [12] 2897 	mov	a,r4
      000D70 9E               [12] 2898 	subb	a,r6
      000D71 ED               [12] 2899 	mov	a,r5
      000D72 9F               [12] 2900 	subb	a,r7
      000D73 50 1A            [24] 2901 	jnc	00104$
      000D75                       2902 00103$:
                                   2903 ;	8051_i2c_eeprom.c:644: printf("Invalid End Address! Must be between 0x%03X and 0x7FF\r\n", start_addr);
      000D75 C0 06            [24] 2904 	push	ar6
      000D77 C0 07            [24] 2905 	push	ar7
      000D79 74r36            [12] 2906 	mov	a,#___str_59
      000D7B C0 E0            [24] 2907 	push	acc
      000D7D 74s0E            [12] 2908 	mov	a,#(___str_59 >> 8)
      000D7F C0 E0            [24] 2909 	push	acc
      000D81 74 80            [12] 2910 	mov	a,#0x80
      000D83 C0 E0            [24] 2911 	push	acc
      000D85 12r00r00         [24] 2912 	lcall	_printf
      000D88 E5 81            [12] 2913 	mov	a,sp
      000D8A 24 FB            [12] 2914 	add	a,#0xfb
      000D8C F5 81            [12] 2915 	mov	sp,a
                                   2916 ;	8051_i2c_eeprom.c:645: return;
      000D8E 22               [24] 2917 	ret
      000D8F                       2918 00104$:
                                   2919 ;	8051_i2c_eeprom.c:648: EEPROM_hexdump(start_addr, end_addr);
      000D8F 90r00r18         [24] 2920 	mov	dptr,#_EEPROM_hexdump_PARM_2
      000D92 EC               [12] 2921 	mov	a,r4
      000D93 F0               [24] 2922 	movx	@dptr,a
      000D94 ED               [12] 2923 	mov	a,r5
      000D95 A3               [24] 2924 	inc	dptr
      000D96 F0               [24] 2925 	movx	@dptr,a
      000D97 8E 82            [24] 2926 	mov	dpl,r6
      000D99 8F 83            [24] 2927 	mov	dph,r7
                                   2928 ;	8051_i2c_eeprom.c:649: }
      000D9B 02r09rD0         [24] 2929 	ljmp	_EEPROM_hexdump
                                   2930 ;------------------------------------------------------------
                                   2931 ;Allocation info for local variables in function 'i2c_stop'
                                   2932 ;------------------------------------------------------------
                                   2933 ;	8051_i2c_eeprom.c:781: void i2c_stop(void)
                                   2934 ;	-----------------------------------------
                                   2935 ;	 function i2c_stop
                                   2936 ;	-----------------------------------------
      000D9E                       2937 _i2c_stop:
                                   2938 ;	8051_i2c_eeprom.c:783: SDA = 0;
                                   2939 ;	assignBit
      000D9E C2 94            [12] 2940 	clr	_P1_4
                                   2941 ;	8051_i2c_eeprom.c:784: i2c_delay();
      000DA0 12r0DrD7         [24] 2942 	lcall	_i2c_delay
                                   2943 ;	8051_i2c_eeprom.c:785: SCL = 1;
                                   2944 ;	assignBit
      000DA3 D2 93            [12] 2945 	setb	_P1_3
                                   2946 ;	8051_i2c_eeprom.c:786: i2c_delay();
      000DA5 12r0DrD7         [24] 2947 	lcall	_i2c_delay
                                   2948 ;	8051_i2c_eeprom.c:787: SDA = 1; 
                                   2949 ;	assignBit
      000DA8 D2 94            [12] 2950 	setb	_P1_4
                                   2951 ;	8051_i2c_eeprom.c:788: }
      000DAA 22               [24] 2952 	ret
                                   2953 ;------------------------------------------------------------
                                   2954 ;Allocation info for local variables in function 'eeprom_reset'
                                   2955 ;------------------------------------------------------------
                                   2956 ;i                         Allocated with name '_eeprom_reset_i_131072_137'
                                   2957 ;------------------------------------------------------------
                                   2958 ;	8051_i2c_eeprom.c:798: void eeprom_reset()
                                   2959 ;	-----------------------------------------
                                   2960 ;	 function eeprom_reset
                                   2961 ;	-----------------------------------------
      000DAB                       2962 _eeprom_reset:
                                   2963 ;	8051_i2c_eeprom.c:800: i2c_start();
      000DAB 12r09rBB         [24] 2964 	lcall	_i2c_start
                                   2965 ;	8051_i2c_eeprom.c:801: SDA = 0;
                                   2966 ;	assignBit
      000DAE C2 94            [12] 2967 	clr	_P1_4
                                   2968 ;	8051_i2c_eeprom.c:802: SDA = 1;
                                   2969 ;	assignBit
      000DB0 D2 94            [12] 2970 	setb	_P1_4
                                   2971 ;	8051_i2c_eeprom.c:803: for(int i = 0; i<10; i++)
      000DB2 7E 00            [12] 2972 	mov	r6,#0x00
      000DB4 7F 00            [12] 2973 	mov	r7,#0x00
      000DB6                       2974 00103$:
      000DB6 C3               [12] 2975 	clr	c
      000DB7 EE               [12] 2976 	mov	a,r6
      000DB8 94 0A            [12] 2977 	subb	a,#0x0a
      000DBA EF               [12] 2978 	mov	a,r7
      000DBB 64 80            [12] 2979 	xrl	a,#0x80
      000DBD 94 80            [12] 2980 	subb	a,#0x80
      000DBF 50 0B            [24] 2981 	jnc	00101$
                                   2982 ;	8051_i2c_eeprom.c:805: SCL = 0;
                                   2983 ;	assignBit
      000DC1 C2 93            [12] 2984 	clr	_P1_3
                                   2985 ;	8051_i2c_eeprom.c:806: SCL = 1;
                                   2986 ;	assignBit
      000DC3 D2 93            [12] 2987 	setb	_P1_3
                                   2988 ;	8051_i2c_eeprom.c:803: for(int i = 0; i<10; i++)
      000DC5 0E               [12] 2989 	inc	r6
      000DC6 BE 00 ED         [24] 2990 	cjne	r6,#0x00,00103$
      000DC9 0F               [12] 2991 	inc	r7
      000DCA 80 EA            [24] 2992 	sjmp	00103$
      000DCC                       2993 00101$:
                                   2994 ;	8051_i2c_eeprom.c:808: i2c_start();
      000DCC 12r09rBB         [24] 2995 	lcall	_i2c_start
                                   2996 ;	8051_i2c_eeprom.c:809: SDA = 0;
                                   2997 ;	assignBit
      000DCF C2 94            [12] 2998 	clr	_P1_4
                                   2999 ;	8051_i2c_eeprom.c:810: i2c_stop();
      000DD1 12r0Dr9E         [24] 3000 	lcall	_i2c_stop
                                   3001 ;	8051_i2c_eeprom.c:811: SDA = 1;
                                   3002 ;	assignBit
      000DD4 D2 94            [12] 3003 	setb	_P1_4
                                   3004 ;	8051_i2c_eeprom.c:812: }
      000DD6 22               [24] 3005 	ret
                                   3006 ;------------------------------------------------------------
                                   3007 ;Allocation info for local variables in function 'i2c_delay'
                                   3008 ;------------------------------------------------------------
                                   3009 ;i                         Allocated with name '_i2c_delay_i_131072_140'
                                   3010 ;------------------------------------------------------------
                                   3011 ;	8051_i2c_eeprom.c:821: void i2c_delay() 
                                   3012 ;	-----------------------------------------
                                   3013 ;	 function i2c_delay
                                   3014 ;	-----------------------------------------
      000DD7                       3015 _i2c_delay:
                                   3016 ;	8051_i2c_eeprom.c:829: for(int i = 0; i<500; i++);
      000DD7 7E 00            [12] 3017 	mov	r6,#0x00
      000DD9 7F 00            [12] 3018 	mov	r7,#0x00
      000DDB                       3019 00103$:
      000DDB C3               [12] 3020 	clr	c
      000DDC EE               [12] 3021 	mov	a,r6
      000DDD 94 F4            [12] 3022 	subb	a,#0xf4
      000DDF EF               [12] 3023 	mov	a,r7
      000DE0 64 80            [12] 3024 	xrl	a,#0x80
      000DE2 94 81            [12] 3025 	subb	a,#0x81
      000DE4 50 07            [24] 3026 	jnc	00105$
      000DE6 0E               [12] 3027 	inc	r6
      000DE7 BE 00 F1         [24] 3028 	cjne	r6,#0x00,00103$
      000DEA 0F               [12] 3029 	inc	r7
      000DEB 80 EE            [24] 3030 	sjmp	00103$
      000DED                       3031 00105$:
                                   3032 ;	8051_i2c_eeprom.c:830: }
      000DED 22               [24] 3033 	ret
                                   3034 ;------------------------------------------------------------
                                   3035 ;Allocation info for local variables in function 'test_function'
                                   3036 ;------------------------------------------------------------
                                   3037 ;test_data                 Allocated with name '_test_function_test_data_65537_142'
                                   3038 ;address                   Allocated with name '_test_function_address_65537_142'
                                   3039 ;i                         Allocated with name '_test_function_i_131073_143'
                                   3040 ;read_data                 Allocated with name '_test_function_read_data_65538_145'
                                   3041 ;------------------------------------------------------------
                                   3042 ;	8051_i2c_eeprom.c:832: void test_function()
                                   3043 ;	-----------------------------------------
                                   3044 ;	 function test_function
                                   3045 ;	-----------------------------------------
      000DEE                       3046 _test_function:
                                   3047 ;	8051_i2c_eeprom.c:834: i2c_start();
      000DEE 12r09rBB         [24] 3048 	lcall	_i2c_start
                                   3049 ;	8051_i2c_eeprom.c:835: i2c_delay();
      000DF1 12r0DrD7         [24] 3050 	lcall	_i2c_delay
                                   3051 ;	8051_i2c_eeprom.c:841: printf("Writing data 0x%02X to address 0x%02X\n\r", test_data, address);
      000DF4 74 02            [12] 3052 	mov	a,#0x02
      000DF6 C0 E0            [24] 3053 	push	acc
      000DF8 E4               [12] 3054 	clr	a
      000DF9 C0 E0            [24] 3055 	push	acc
      000DFB 74 26            [12] 3056 	mov	a,#0x26
      000DFD C0 E0            [24] 3057 	push	acc
      000DFF E4               [12] 3058 	clr	a
      000E00 C0 E0            [24] 3059 	push	acc
      000E02 74r6E            [12] 3060 	mov	a,#___str_60
      000E04 C0 E0            [24] 3061 	push	acc
      000E06 74s0E            [12] 3062 	mov	a,#(___str_60 >> 8)
      000E08 C0 E0            [24] 3063 	push	acc
      000E0A 74 80            [12] 3064 	mov	a,#0x80
      000E0C C0 E0            [24] 3065 	push	acc
      000E0E 12r00r00         [24] 3066 	lcall	_printf
      000E11 E5 81            [12] 3067 	mov	a,sp
      000E13 24 F9            [12] 3068 	add	a,#0xf9
      000E15 F5 81            [12] 3069 	mov	sp,a
                                   3070 ;	8051_i2c_eeprom.c:842: eeprom_write(address, test_data);
      000E17 90r00r0F         [24] 3071 	mov	dptr,#_eeprom_write_PARM_2
      000E1A 74 26            [12] 3072 	mov	a,#0x26
      000E1C F0               [24] 3073 	movx	@dptr,a
      000E1D 90 00 02         [24] 3074 	mov	dptr,#0x0002
      000E20 12r06r78         [24] 3075 	lcall	_eeprom_write
                                   3076 ;	8051_i2c_eeprom.c:843: i2c_stop();
      000E23 12r0Dr9E         [24] 3077 	lcall	_i2c_stop
                                   3078 ;	8051_i2c_eeprom.c:845: for(int i = 0; i<100; i++)
      000E26 7E 00            [12] 3079 	mov	r6,#0x00
      000E28 7F 00            [12] 3080 	mov	r7,#0x00
      000E2A                       3081 00106$:
      000E2A C3               [12] 3082 	clr	c
      000E2B EE               [12] 3083 	mov	a,r6
      000E2C 94 64            [12] 3084 	subb	a,#0x64
      000E2E EF               [12] 3085 	mov	a,r7
      000E2F 64 80            [12] 3086 	xrl	a,#0x80
      000E31 94 80            [12] 3087 	subb	a,#0x80
      000E33 50 12            [24] 3088 	jnc	00101$
                                   3089 ;	8051_i2c_eeprom.c:847: i2c_delay();
      000E35 C0 07            [24] 3090 	push	ar7
      000E37 C0 06            [24] 3091 	push	ar6
      000E39 12r0DrD7         [24] 3092 	lcall	_i2c_delay
      000E3C D0 06            [24] 3093 	pop	ar6
      000E3E D0 07            [24] 3094 	pop	ar7
                                   3095 ;	8051_i2c_eeprom.c:845: for(int i = 0; i<100; i++)
      000E40 0E               [12] 3096 	inc	r6
      000E41 BE 00 E6         [24] 3097 	cjne	r6,#0x00,00106$
      000E44 0F               [12] 3098 	inc	r7
      000E45 80 E3            [24] 3099 	sjmp	00106$
      000E47                       3100 00101$:
                                   3101 ;	8051_i2c_eeprom.c:851: unsigned char read_data = eeprom_read(address);
      000E47 90 00 02         [24] 3102 	mov	dptr,#0x0002
      000E4A 12r07rBA         [24] 3103 	lcall	_eeprom_read
      000E4D AE 82            [24] 3104 	mov	r6,dpl
                                   3105 ;	8051_i2c_eeprom.c:852: printf("Read back from address 0x%02X: 0x%02X\n\r", address, read_data);
      000E4F 8E 05            [24] 3106 	mov	ar5,r6
      000E51 7F 00            [12] 3107 	mov	r7,#0x00
      000E53 C0 06            [24] 3108 	push	ar6
      000E55 C0 05            [24] 3109 	push	ar5
      000E57 C0 07            [24] 3110 	push	ar7
      000E59 74 02            [12] 3111 	mov	a,#0x02
      000E5B C0 E0            [24] 3112 	push	acc
      000E5D E4               [12] 3113 	clr	a
      000E5E C0 E0            [24] 3114 	push	acc
      000E60 74r96            [12] 3115 	mov	a,#___str_61
      000E62 C0 E0            [24] 3116 	push	acc
      000E64 74s0E            [12] 3117 	mov	a,#(___str_61 >> 8)
      000E66 C0 E0            [24] 3118 	push	acc
      000E68 74 80            [12] 3119 	mov	a,#0x80
      000E6A C0 E0            [24] 3120 	push	acc
      000E6C 12r00r00         [24] 3121 	lcall	_printf
      000E6F E5 81            [12] 3122 	mov	a,sp
      000E71 24 F9            [12] 3123 	add	a,#0xf9
      000E73 F5 81            [12] 3124 	mov	sp,a
      000E75 D0 06            [24] 3125 	pop	ar6
                                   3126 ;	8051_i2c_eeprom.c:855: if(read_data == test_data) {
      000E77 BE 26 16         [24] 3127 	cjne	r6,#0x26,00103$
                                   3128 ;	8051_i2c_eeprom.c:856: printf("MATCH - Write/Read successful!\n\r");
      000E7A 74rBE            [12] 3129 	mov	a,#___str_62
      000E7C C0 E0            [24] 3130 	push	acc
      000E7E 74s0E            [12] 3131 	mov	a,#(___str_62 >> 8)
      000E80 C0 E0            [24] 3132 	push	acc
      000E82 74 80            [12] 3133 	mov	a,#0x80
      000E84 C0 E0            [24] 3134 	push	acc
      000E86 12r00r00         [24] 3135 	lcall	_printf
      000E89 15 81            [12] 3136 	dec	sp
      000E8B 15 81            [12] 3137 	dec	sp
      000E8D 15 81            [12] 3138 	dec	sp
      000E8F 22               [24] 3139 	ret
      000E90                       3140 00103$:
                                   3141 ;	8051_i2c_eeprom.c:858: printf("ERROR - Data mismatch!\n\r");
      000E90 74rDF            [12] 3142 	mov	a,#___str_63
      000E92 C0 E0            [24] 3143 	push	acc
      000E94 74s0E            [12] 3144 	mov	a,#(___str_63 >> 8)
      000E96 C0 E0            [24] 3145 	push	acc
      000E98 74 80            [12] 3146 	mov	a,#0x80
      000E9A C0 E0            [24] 3147 	push	acc
      000E9C 12r00r00         [24] 3148 	lcall	_printf
      000E9F 15 81            [12] 3149 	dec	sp
      000EA1 15 81            [12] 3150 	dec	sp
      000EA3 15 81            [12] 3151 	dec	sp
                                   3152 ;	8051_i2c_eeprom.c:862: }
      000EA5 22               [24] 3153 	ret
                                   3154 	.area CSEG    (CODE)
                                   3155 	.area CONST   (CODE)
                                   3156 	.area CONST   (CODE)
      000000                       3157 ___str_0:
      000000 0A                    3158 	.db 0x0a
      000001 E2                    3159 	.db 0xe2
      000002 95                    3160 	.db 0x95
      000003 94                    3161 	.db 0x94
      000004 E2                    3162 	.db 0xe2
      000005 95                    3163 	.db 0x95
      000006 90                    3164 	.db 0x90
      000007 E2                    3165 	.db 0xe2
      000008 95                    3166 	.db 0x95
      000009 90                    3167 	.db 0x90
      00000A E2                    3168 	.db 0xe2
      00000B 95                    3169 	.db 0x95
      00000C 90                    3170 	.db 0x90
      00000D E2                    3171 	.db 0xe2
      00000E 95                    3172 	.db 0x95
      00000F 90                    3173 	.db 0x90
      000010 E2                    3174 	.db 0xe2
      000011 95                    3175 	.db 0x95
      000012 90                    3176 	.db 0x90
      000013 E2                    3177 	.db 0xe2
      000014 95                    3178 	.db 0x95
      000015 90                    3179 	.db 0x90
      000016 E2                    3180 	.db 0xe2
      000017 95                    3181 	.db 0x95
      000018 90                    3182 	.db 0x90
      000019 E2                    3183 	.db 0xe2
      00001A 95                    3184 	.db 0x95
      00001B 90                    3185 	.db 0x90
      00001C E2                    3186 	.db 0xe2
      00001D 95                    3187 	.db 0x95
      00001E 90                    3188 	.db 0x90
      00001F E2                    3189 	.db 0xe2
      000020 95                    3190 	.db 0x95
      000021 90                    3191 	.db 0x90
      000022 E2                    3192 	.db 0xe2
      000023 95                    3193 	.db 0x95
      000024 90                    3194 	.db 0x90
      000025 E2                    3195 	.db 0xe2
      000026 95                    3196 	.db 0x95
      000027 90                    3197 	.db 0x90
      000028 E2                    3198 	.db 0xe2
      000029 95                    3199 	.db 0x95
      00002A 90                    3200 	.db 0x90
      00002B E2                    3201 	.db 0xe2
      00002C 95                    3202 	.db 0x95
      00002D 90                    3203 	.db 0x90
      00002E E2                    3204 	.db 0xe2
      00002F 95                    3205 	.db 0x95
      000030 90                    3206 	.db 0x90
      000031 E2                    3207 	.db 0xe2
      000032 95                    3208 	.db 0x95
      000033 90                    3209 	.db 0x90
      000034 E2                    3210 	.db 0xe2
      000035 95                    3211 	.db 0x95
      000036 90                    3212 	.db 0x90
      000037 E2                    3213 	.db 0xe2
      000038 95                    3214 	.db 0x95
      000039 90                    3215 	.db 0x90
      00003A E2                    3216 	.db 0xe2
      00003B 95                    3217 	.db 0x95
      00003C 90                    3218 	.db 0x90
      00003D E2                    3219 	.db 0xe2
      00003E 95                    3220 	.db 0x95
      00003F 90                    3221 	.db 0x90
      000040 E2                    3222 	.db 0xe2
      000041 95                    3223 	.db 0x95
      000042 90                    3224 	.db 0x90
      000043 E2                    3225 	.db 0xe2
      000044 95                    3226 	.db 0x95
      000045 90                    3227 	.db 0x90
      000046 E2                    3228 	.db 0xe2
      000047 95                    3229 	.db 0x95
      000048 90                    3230 	.db 0x90
      000049 E2                    3231 	.db 0xe2
      00004A 95                    3232 	.db 0x95
      00004B 90                    3233 	.db 0x90
      00004C E2                    3234 	.db 0xe2
      00004D 95                    3235 	.db 0x95
      00004E 90                    3236 	.db 0x90
      00004F E2                    3237 	.db 0xe2
      000050 95                    3238 	.db 0x95
      000051 90                    3239 	.db 0x90
      000052 E2                    3240 	.db 0xe2
      000053 95                    3241 	.db 0x95
      000054 90                    3242 	.db 0x90
      000055 E2                    3243 	.db 0xe2
      000056 95                    3244 	.db 0x95
      000057 90                    3245 	.db 0x90
      000058 E2                    3246 	.db 0xe2
      000059 95                    3247 	.db 0x95
      00005A 90                    3248 	.db 0x90
      00005B E2                    3249 	.db 0xe2
      00005C 95                    3250 	.db 0x95
      00005D 90                    3251 	.db 0x90
      00005E E2                    3252 	.db 0xe2
      00005F 95                    3253 	.db 0x95
      000060 90                    3254 	.db 0x90
      000061 E2                    3255 	.db 0xe2
      000062 95                    3256 	.db 0x95
      000063 90                    3257 	.db 0x90
      000064 E2                    3258 	.db 0xe2
      000065 95                    3259 	.db 0x95
      000066 90                    3260 	.db 0x90
      000067 E2                    3261 	.db 0xe2
      000068 95                    3262 	.db 0x95
      000069 90                    3263 	.db 0x90
      00006A E2                    3264 	.db 0xe2
      00006B 95                    3265 	.db 0x95
      00006C 90                    3266 	.db 0x90
      00006D E2                    3267 	.db 0xe2
      00006E 95                    3268 	.db 0x95
      00006F 90                    3269 	.db 0x90
      000070 E2                    3270 	.db 0xe2
      000071 95                    3271 	.db 0x95
      000072 90                    3272 	.db 0x90
      000073 E2                    3273 	.db 0xe2
      000074 95                    3274 	.db 0x95
      000075 90                    3275 	.db 0x90
      000076 E2                    3276 	.db 0xe2
      000077 95                    3277 	.db 0x95
      000078 90                    3278 	.db 0x90
      000079 E2                    3279 	.db 0xe2
      00007A 95                    3280 	.db 0x95
      00007B 90                    3281 	.db 0x90
      00007C E2                    3282 	.db 0xe2
      00007D 95                    3283 	.db 0x95
      00007E 90                    3284 	.db 0x90
      00007F E2                    3285 	.db 0xe2
      000080 95                    3286 	.db 0x95
      000081 90                    3287 	.db 0x90
      000082 E2                    3288 	.db 0xe2
      000083 95                    3289 	.db 0x95
      000084 90                    3290 	.db 0x90
      000085 E2                    3291 	.db 0xe2
      000086 95                    3292 	.db 0x95
      000087 90                    3293 	.db 0x90
      000088 E2                    3294 	.db 0xe2
      000089 95                    3295 	.db 0x95
      00008A 90                    3296 	.db 0x90
      00008B E2                    3297 	.db 0xe2
      00008C 95                    3298 	.db 0x95
      00008D 90                    3299 	.db 0x90
      00008E E2                    3300 	.db 0xe2
      00008F 95                    3301 	.db 0x95
      000090 90                    3302 	.db 0x90
      000091 E2                    3303 	.db 0xe2
      000092 95                    3304 	.db 0x95
      000093 90                    3305 	.db 0x90
      000094 E2                    3306 	.db 0xe2
      000095 95                    3307 	.db 0x95
      000096 90                    3308 	.db 0x90
      000097 E2                    3309 	.db 0xe2
      000098 95                    3310 	.db 0x95
      000099 90                    3311 	.db 0x90
      00009A E2                    3312 	.db 0xe2
      00009B 95                    3313 	.db 0x95
      00009C 90                    3314 	.db 0x90
      00009D E2                    3315 	.db 0xe2
      00009E 95                    3316 	.db 0x95
      00009F 90                    3317 	.db 0x90
      0000A0 E2                    3318 	.db 0xe2
      0000A1 95                    3319 	.db 0x95
      0000A2 90                    3320 	.db 0x90
      0000A3 E2                    3321 	.db 0xe2
      0000A4 95                    3322 	.db 0x95
      0000A5 90                    3323 	.db 0x90
      0000A6 E2                    3324 	.db 0xe2
      0000A7 95                    3325 	.db 0x95
      0000A8 90                    3326 	.db 0x90
      0000A9 E2                    3327 	.db 0xe2
      0000AA 95                    3328 	.db 0x95
      0000AB 90                    3329 	.db 0x90
      0000AC E2                    3330 	.db 0xe2
      0000AD 95                    3331 	.db 0x95
      0000AE 97                    3332 	.db 0x97
      0000AF 0A                    3333 	.db 0x0a
      0000B0 0D                    3334 	.db 0x0d
      0000B1 00                    3335 	.db 0x00
                                   3336 	.area CSEG    (CODE)
                                   3337 	.area CONST   (CODE)
      0000B2                       3338 ___str_1:
      0000B2 E2                    3339 	.db 0xe2
      0000B3 95                    3340 	.db 0x95
      0000B4 91                    3341 	.db 0x91
      0000B5 20 20 20 20 20 20 20  3342 	.ascii "           I2C Memory Management System v1.0            "
             20 20 20 20 49 32 43
             20 4D 65 6D 6F 72 79
             20 4D 61 6E 61 67 65
             6D 65 6E 74 20 53 79
             73 74 65 6D 20 76 31
             2E 30 20 20 20 20 20
             20 20 20 20 20 20 20
      0000ED E2                    3343 	.db 0xe2
      0000EE 95                    3344 	.db 0x95
      0000EF 91                    3345 	.db 0x91
      0000F0 0A                    3346 	.db 0x0a
      0000F1 0D                    3347 	.db 0x0d
      0000F2 00                    3348 	.db 0x00
                                   3349 	.area CSEG    (CODE)
                                   3350 	.area CONST   (CODE)
      0000F3                       3351 ___str_2:
      0000F3 E2                    3352 	.db 0xe2
      0000F4 95                    3353 	.db 0x95
      0000F5 9A                    3354 	.db 0x9a
      0000F6 E2                    3355 	.db 0xe2
      0000F7 95                    3356 	.db 0x95
      0000F8 90                    3357 	.db 0x90
      0000F9 E2                    3358 	.db 0xe2
      0000FA 95                    3359 	.db 0x95
      0000FB 90                    3360 	.db 0x90
      0000FC E2                    3361 	.db 0xe2
      0000FD 95                    3362 	.db 0x95
      0000FE 90                    3363 	.db 0x90
      0000FF E2                    3364 	.db 0xe2
      000100 95                    3365 	.db 0x95
      000101 90                    3366 	.db 0x90
      000102 E2                    3367 	.db 0xe2
      000103 95                    3368 	.db 0x95
      000104 90                    3369 	.db 0x90
      000105 E2                    3370 	.db 0xe2
      000106 95                    3371 	.db 0x95
      000107 90                    3372 	.db 0x90
      000108 E2                    3373 	.db 0xe2
      000109 95                    3374 	.db 0x95
      00010A 90                    3375 	.db 0x90
      00010B E2                    3376 	.db 0xe2
      00010C 95                    3377 	.db 0x95
      00010D 90                    3378 	.db 0x90
      00010E E2                    3379 	.db 0xe2
      00010F 95                    3380 	.db 0x95
      000110 90                    3381 	.db 0x90
      000111 E2                    3382 	.db 0xe2
      000112 95                    3383 	.db 0x95
      000113 90                    3384 	.db 0x90
      000114 E2                    3385 	.db 0xe2
      000115 95                    3386 	.db 0x95
      000116 90                    3387 	.db 0x90
      000117 E2                    3388 	.db 0xe2
      000118 95                    3389 	.db 0x95
      000119 90                    3390 	.db 0x90
      00011A E2                    3391 	.db 0xe2
      00011B 95                    3392 	.db 0x95
      00011C 90                    3393 	.db 0x90
      00011D E2                    3394 	.db 0xe2
      00011E 95                    3395 	.db 0x95
      00011F 90                    3396 	.db 0x90
      000120 E2                    3397 	.db 0xe2
      000121 95                    3398 	.db 0x95
      000122 90                    3399 	.db 0x90
      000123 E2                    3400 	.db 0xe2
      000124 95                    3401 	.db 0x95
      000125 90                    3402 	.db 0x90
      000126 E2                    3403 	.db 0xe2
      000127 95                    3404 	.db 0x95
      000128 90                    3405 	.db 0x90
      000129 E2                    3406 	.db 0xe2
      00012A 95                    3407 	.db 0x95
      00012B 90                    3408 	.db 0x90
      00012C E2                    3409 	.db 0xe2
      00012D 95                    3410 	.db 0x95
      00012E 90                    3411 	.db 0x90
      00012F E2                    3412 	.db 0xe2
      000130 95                    3413 	.db 0x95
      000131 90                    3414 	.db 0x90
      000132 E2                    3415 	.db 0xe2
      000133 95                    3416 	.db 0x95
      000134 90                    3417 	.db 0x90
      000135 E2                    3418 	.db 0xe2
      000136 95                    3419 	.db 0x95
      000137 90                    3420 	.db 0x90
      000138 E2                    3421 	.db 0xe2
      000139 95                    3422 	.db 0x95
      00013A 90                    3423 	.db 0x90
      00013B E2                    3424 	.db 0xe2
      00013C 95                    3425 	.db 0x95
      00013D 90                    3426 	.db 0x90
      00013E E2                    3427 	.db 0xe2
      00013F 95                    3428 	.db 0x95
      000140 90                    3429 	.db 0x90
      000141 E2                    3430 	.db 0xe2
      000142 95                    3431 	.db 0x95
      000143 90                    3432 	.db 0x90
      000144 E2                    3433 	.db 0xe2
      000145 95                    3434 	.db 0x95
      000146 90                    3435 	.db 0x90
      000147 E2                    3436 	.db 0xe2
      000148 95                    3437 	.db 0x95
      000149 90                    3438 	.db 0x90
      00014A E2                    3439 	.db 0xe2
      00014B 95                    3440 	.db 0x95
      00014C 90                    3441 	.db 0x90
      00014D E2                    3442 	.db 0xe2
      00014E 95                    3443 	.db 0x95
      00014F 90                    3444 	.db 0x90
      000150 E2                    3445 	.db 0xe2
      000151 95                    3446 	.db 0x95
      000152 90                    3447 	.db 0x90
      000153 E2                    3448 	.db 0xe2
      000154 95                    3449 	.db 0x95
      000155 90                    3450 	.db 0x90
      000156 E2                    3451 	.db 0xe2
      000157 95                    3452 	.db 0x95
      000158 90                    3453 	.db 0x90
      000159 E2                    3454 	.db 0xe2
      00015A 95                    3455 	.db 0x95
      00015B 90                    3456 	.db 0x90
      00015C E2                    3457 	.db 0xe2
      00015D 95                    3458 	.db 0x95
      00015E 90                    3459 	.db 0x90
      00015F E2                    3460 	.db 0xe2
      000160 95                    3461 	.db 0x95
      000161 90                    3462 	.db 0x90
      000162 E2                    3463 	.db 0xe2
      000163 95                    3464 	.db 0x95
      000164 90                    3465 	.db 0x90
      000165 E2                    3466 	.db 0xe2
      000166 95                    3467 	.db 0x95
      000167 90                    3468 	.db 0x90
      000168 E2                    3469 	.db 0xe2
      000169 95                    3470 	.db 0x95
      00016A 90                    3471 	.db 0x90
      00016B E2                    3472 	.db 0xe2
      00016C 95                    3473 	.db 0x95
      00016D 90                    3474 	.db 0x90
      00016E E2                    3475 	.db 0xe2
      00016F 95                    3476 	.db 0x95
      000170 90                    3477 	.db 0x90
      000171 E2                    3478 	.db 0xe2
      000172 95                    3479 	.db 0x95
      000173 90                    3480 	.db 0x90
      000174 E2                    3481 	.db 0xe2
      000175 95                    3482 	.db 0x95
      000176 90                    3483 	.db 0x90
      000177 E2                    3484 	.db 0xe2
      000178 95                    3485 	.db 0x95
      000179 90                    3486 	.db 0x90
      00017A E2                    3487 	.db 0xe2
      00017B 95                    3488 	.db 0x95
      00017C 90                    3489 	.db 0x90
      00017D E2                    3490 	.db 0xe2
      00017E 95                    3491 	.db 0x95
      00017F 90                    3492 	.db 0x90
      000180 E2                    3493 	.db 0xe2
      000181 95                    3494 	.db 0x95
      000182 90                    3495 	.db 0x90
      000183 E2                    3496 	.db 0xe2
      000184 95                    3497 	.db 0x95
      000185 90                    3498 	.db 0x90
      000186 E2                    3499 	.db 0xe2
      000187 95                    3500 	.db 0x95
      000188 90                    3501 	.db 0x90
      000189 E2                    3502 	.db 0xe2
      00018A 95                    3503 	.db 0x95
      00018B 90                    3504 	.db 0x90
      00018C E2                    3505 	.db 0xe2
      00018D 95                    3506 	.db 0x95
      00018E 90                    3507 	.db 0x90
      00018F E2                    3508 	.db 0xe2
      000190 95                    3509 	.db 0x95
      000191 90                    3510 	.db 0x90
      000192 E2                    3511 	.db 0xe2
      000193 95                    3512 	.db 0x95
      000194 90                    3513 	.db 0x90
      000195 E2                    3514 	.db 0xe2
      000196 95                    3515 	.db 0x95
      000197 90                    3516 	.db 0x90
      000198 E2                    3517 	.db 0xe2
      000199 95                    3518 	.db 0x95
      00019A 90                    3519 	.db 0x90
      00019B E2                    3520 	.db 0xe2
      00019C 95                    3521 	.db 0x95
      00019D 90                    3522 	.db 0x90
      00019E E2                    3523 	.db 0xe2
      00019F 95                    3524 	.db 0x95
      0001A0 9D                    3525 	.db 0x9d
      0001A1 0A                    3526 	.db 0x0a
      0001A2 0D                    3527 	.db 0x0d
      0001A3 00                    3528 	.db 0x00
                                   3529 	.area CSEG    (CODE)
                                   3530 	.area CONST   (CODE)
      0001A4                       3531 ___str_3:
      0001A4 0A                    3532 	.db 0x0a
      0001A5 0D                    3533 	.db 0x0d
      0001A6 E2                    3534 	.db 0xe2
      0001A7 94                    3535 	.db 0x94
      0001A8 8C                    3536 	.db 0x8c
      0001A9 E2                    3537 	.db 0xe2
      0001AA 94                    3538 	.db 0x94
      0001AB 80                    3539 	.db 0x80
      0001AC E2                    3540 	.db 0xe2
      0001AD 94                    3541 	.db 0x94
      0001AE 80                    3542 	.db 0x80
      0001AF E2                    3543 	.db 0xe2
      0001B0 94                    3544 	.db 0x94
      0001B1 80                    3545 	.db 0x80
      0001B2 E2                    3546 	.db 0xe2
      0001B3 94                    3547 	.db 0x94
      0001B4 80                    3548 	.db 0x80
      0001B5 E2                    3549 	.db 0xe2
      0001B6 94                    3550 	.db 0x94
      0001B7 80                    3551 	.db 0x80
      0001B8 E2                    3552 	.db 0xe2
      0001B9 94                    3553 	.db 0x94
      0001BA 80                    3554 	.db 0x80
      0001BB E2                    3555 	.db 0xe2
      0001BC 94                    3556 	.db 0x94
      0001BD 80                    3557 	.db 0x80
      0001BE E2                    3558 	.db 0xe2
      0001BF 94                    3559 	.db 0x94
      0001C0 80                    3560 	.db 0x80
      0001C1 E2                    3561 	.db 0xe2
      0001C2 94                    3562 	.db 0x94
      0001C3 80                    3563 	.db 0x80
      0001C4 E2                    3564 	.db 0xe2
      0001C5 94                    3565 	.db 0x94
      0001C6 80                    3566 	.db 0x80
      0001C7 E2                    3567 	.db 0xe2
      0001C8 94                    3568 	.db 0x94
      0001C9 80                    3569 	.db 0x80
      0001CA E2                    3570 	.db 0xe2
      0001CB 94                    3571 	.db 0x94
      0001CC 80                    3572 	.db 0x80
      0001CD E2                    3573 	.db 0xe2
      0001CE 94                    3574 	.db 0x94
      0001CF AC                    3575 	.db 0xac
      0001D0 E2                    3576 	.db 0xe2
      0001D1 94                    3577 	.db 0x94
      0001D2 80                    3578 	.db 0x80
      0001D3 E2                    3579 	.db 0xe2
      0001D4 94                    3580 	.db 0x94
      0001D5 80                    3581 	.db 0x80
      0001D6 E2                    3582 	.db 0xe2
      0001D7 94                    3583 	.db 0x94
      0001D8 80                    3584 	.db 0x80
      0001D9 E2                    3585 	.db 0xe2
      0001DA 94                    3586 	.db 0x94
      0001DB 80                    3587 	.db 0x80
      0001DC E2                    3588 	.db 0xe2
      0001DD 94                    3589 	.db 0x94
      0001DE 80                    3590 	.db 0x80
      0001DF E2                    3591 	.db 0xe2
      0001E0 94                    3592 	.db 0x94
      0001E1 80                    3593 	.db 0x80
      0001E2 E2                    3594 	.db 0xe2
      0001E3 94                    3595 	.db 0x94
      0001E4 80                    3596 	.db 0x80
      0001E5 E2                    3597 	.db 0xe2
      0001E6 94                    3598 	.db 0x94
      0001E7 80                    3599 	.db 0x80
      0001E8 E2                    3600 	.db 0xe2
      0001E9 94                    3601 	.db 0x94
      0001EA 80                    3602 	.db 0x80
      0001EB E2                    3603 	.db 0xe2
      0001EC 94                    3604 	.db 0x94
      0001ED 80                    3605 	.db 0x80
      0001EE E2                    3606 	.db 0xe2
      0001EF 94                    3607 	.db 0x94
      0001F0 80                    3608 	.db 0x80
      0001F1 E2                    3609 	.db 0xe2
      0001F2 94                    3610 	.db 0x94
      0001F3 80                    3611 	.db 0x80
      0001F4 E2                    3612 	.db 0xe2
      0001F5 94                    3613 	.db 0x94
      0001F6 80                    3614 	.db 0x80
      0001F7 E2                    3615 	.db 0xe2
      0001F8 94                    3616 	.db 0x94
      0001F9 80                    3617 	.db 0x80
      0001FA E2                    3618 	.db 0xe2
      0001FB 94                    3619 	.db 0x94
      0001FC 80                    3620 	.db 0x80
      0001FD E2                    3621 	.db 0xe2
      0001FE 94                    3622 	.db 0x94
      0001FF 80                    3623 	.db 0x80
      000200 E2                    3624 	.db 0xe2
      000201 94                    3625 	.db 0x94
      000202 80                    3626 	.db 0x80
      000203 E2                    3627 	.db 0xe2
      000204 94                    3628 	.db 0x94
      000205 80                    3629 	.db 0x80
      000206 E2                    3630 	.db 0xe2
      000207 94                    3631 	.db 0x94
      000208 80                    3632 	.db 0x80
      000209 E2                    3633 	.db 0xe2
      00020A 94                    3634 	.db 0x94
      00020B 80                    3635 	.db 0x80
      00020C E2                    3636 	.db 0xe2
      00020D 94                    3637 	.db 0x94
      00020E 80                    3638 	.db 0x80
      00020F E2                    3639 	.db 0xe2
      000210 94                    3640 	.db 0x94
      000211 80                    3641 	.db 0x80
      000212 E2                    3642 	.db 0xe2
      000213 94                    3643 	.db 0x94
      000214 80                    3644 	.db 0x80
      000215 E2                    3645 	.db 0xe2
      000216 94                    3646 	.db 0x94
      000217 80                    3647 	.db 0x80
      000218 E2                    3648 	.db 0xe2
      000219 94                    3649 	.db 0x94
      00021A 80                    3650 	.db 0x80
      00021B E2                    3651 	.db 0xe2
      00021C 94                    3652 	.db 0x94
      00021D 80                    3653 	.db 0x80
      00021E E2                    3654 	.db 0xe2
      00021F 94                    3655 	.db 0x94
      000220 80                    3656 	.db 0x80
      000221 E2                    3657 	.db 0xe2
      000222 94                    3658 	.db 0x94
      000223 80                    3659 	.db 0x80
      000224 E2                    3660 	.db 0xe2
      000225 94                    3661 	.db 0x94
      000226 80                    3662 	.db 0x80
      000227 E2                    3663 	.db 0xe2
      000228 94                    3664 	.db 0x94
      000229 80                    3665 	.db 0x80
      00022A E2                    3666 	.db 0xe2
      00022B 94                    3667 	.db 0x94
      00022C 80                    3668 	.db 0x80
      00022D E2                    3669 	.db 0xe2
      00022E 94                    3670 	.db 0x94
      00022F 80                    3671 	.db 0x80
      000230 E2                    3672 	.db 0xe2
      000231 94                    3673 	.db 0x94
      000232 80                    3674 	.db 0x80
      000233 E2                    3675 	.db 0xe2
      000234 94                    3676 	.db 0x94
      000235 80                    3677 	.db 0x80
      000236 E2                    3678 	.db 0xe2
      000237 94                    3679 	.db 0x94
      000238 80                    3680 	.db 0x80
      000239 E2                    3681 	.db 0xe2
      00023A 94                    3682 	.db 0x94
      00023B 80                    3683 	.db 0x80
      00023C E2                    3684 	.db 0xe2
      00023D 94                    3685 	.db 0x94
      00023E 80                    3686 	.db 0x80
      00023F E2                    3687 	.db 0xe2
      000240 94                    3688 	.db 0x94
      000241 80                    3689 	.db 0x80
      000242 E2                    3690 	.db 0xe2
      000243 94                    3691 	.db 0x94
      000244 80                    3692 	.db 0x80
      000245 E2                    3693 	.db 0xe2
      000246 94                    3694 	.db 0x94
      000247 80                    3695 	.db 0x80
      000248 E2                    3696 	.db 0xe2
      000249 94                    3697 	.db 0x94
      00024A 80                    3698 	.db 0x80
      00024B E2                    3699 	.db 0xe2
      00024C 94                    3700 	.db 0x94
      00024D 80                    3701 	.db 0x80
      00024E E2                    3702 	.db 0xe2
      00024F 94                    3703 	.db 0x94
      000250 80                    3704 	.db 0x80
      000251 E2                    3705 	.db 0xe2
      000252 94                    3706 	.db 0x94
      000253 80                    3707 	.db 0x80
      000254 E2                    3708 	.db 0xe2
      000255 94                    3709 	.db 0x94
      000256 90                    3710 	.db 0x90
      000257 0A                    3711 	.db 0x0a
      000258 0D                    3712 	.db 0x0d
      000259 00                    3713 	.db 0x00
                                   3714 	.area CSEG    (CODE)
                                   3715 	.area CONST   (CODE)
      00025A                       3716 ___str_4:
      00025A E2                    3717 	.db 0xe2
      00025B 94                    3718 	.db 0x94
      00025C 82                    3719 	.db 0x82
      00025D 20 20 43 6F 6D 6D 61  3720 	.ascii "  Command   "
             6E 64 20 20 20
      000269 E2                    3721 	.db 0xe2
      00026A 94                    3722 	.db 0x94
      00026B 82                    3723 	.db 0x82
      00026C 20 20 20 20 20 20 20  3724 	.ascii "               Description                  "
             20 20 20 20 20 20 20
             20 44 65 73 63 72 69
             70 74 69 6F 6E 20 20
             20 20 20 20 20 20 20
             20 20 20 20 20 20 20
             20 20
      000298 E2                    3725 	.db 0xe2
      000299 94                    3726 	.db 0x94
      00029A 82                    3727 	.db 0x82
      00029B 0A                    3728 	.db 0x0a
      00029C 0D                    3729 	.db 0x0d
      00029D 00                    3730 	.db 0x00
                                   3731 	.area CSEG    (CODE)
                                   3732 	.area CONST   (CODE)
      00029E                       3733 ___str_5:
      00029E E2                    3734 	.db 0xe2
      00029F 94                    3735 	.db 0x94
      0002A0 9C                    3736 	.db 0x9c
      0002A1 E2                    3737 	.db 0xe2
      0002A2 94                    3738 	.db 0x94
      0002A3 80                    3739 	.db 0x80
      0002A4 E2                    3740 	.db 0xe2
      0002A5 94                    3741 	.db 0x94
      0002A6 80                    3742 	.db 0x80
      0002A7 E2                    3743 	.db 0xe2
      0002A8 94                    3744 	.db 0x94
      0002A9 80                    3745 	.db 0x80
      0002AA E2                    3746 	.db 0xe2
      0002AB 94                    3747 	.db 0x94
      0002AC 80                    3748 	.db 0x80
      0002AD E2                    3749 	.db 0xe2
      0002AE 94                    3750 	.db 0x94
      0002AF 80                    3751 	.db 0x80
      0002B0 E2                    3752 	.db 0xe2
      0002B1 94                    3753 	.db 0x94
      0002B2 80                    3754 	.db 0x80
      0002B3 E2                    3755 	.db 0xe2
      0002B4 94                    3756 	.db 0x94
      0002B5 80                    3757 	.db 0x80
      0002B6 E2                    3758 	.db 0xe2
      0002B7 94                    3759 	.db 0x94
      0002B8 80                    3760 	.db 0x80
      0002B9 E2                    3761 	.db 0xe2
      0002BA 94                    3762 	.db 0x94
      0002BB 80                    3763 	.db 0x80
      0002BC E2                    3764 	.db 0xe2
      0002BD 94                    3765 	.db 0x94
      0002BE 80                    3766 	.db 0x80
      0002BF E2                    3767 	.db 0xe2
      0002C0 94                    3768 	.db 0x94
      0002C1 80                    3769 	.db 0x80
      0002C2 E2                    3770 	.db 0xe2
      0002C3 94                    3771 	.db 0x94
      0002C4 80                    3772 	.db 0x80
      0002C5 E2                    3773 	.db 0xe2
      0002C6 94                    3774 	.db 0x94
      0002C7 BC                    3775 	.db 0xbc
      0002C8 E2                    3776 	.db 0xe2
      0002C9 94                    3777 	.db 0x94
      0002CA 80                    3778 	.db 0x80
      0002CB E2                    3779 	.db 0xe2
      0002CC 94                    3780 	.db 0x94
      0002CD 80                    3781 	.db 0x80
      0002CE E2                    3782 	.db 0xe2
      0002CF 94                    3783 	.db 0x94
      0002D0 80                    3784 	.db 0x80
      0002D1 E2                    3785 	.db 0xe2
      0002D2 94                    3786 	.db 0x94
      0002D3 80                    3787 	.db 0x80
      0002D4 E2                    3788 	.db 0xe2
      0002D5 94                    3789 	.db 0x94
      0002D6 80                    3790 	.db 0x80
      0002D7 E2                    3791 	.db 0xe2
      0002D8 94                    3792 	.db 0x94
      0002D9 80                    3793 	.db 0x80
      0002DA E2                    3794 	.db 0xe2
      0002DB 94                    3795 	.db 0x94
      0002DC 80                    3796 	.db 0x80
      0002DD E2                    3797 	.db 0xe2
      0002DE 94                    3798 	.db 0x94
      0002DF 80                    3799 	.db 0x80
      0002E0 E2                    3800 	.db 0xe2
      0002E1 94                    3801 	.db 0x94
      0002E2 80                    3802 	.db 0x80
      0002E3 E2                    3803 	.db 0xe2
      0002E4 94                    3804 	.db 0x94
      0002E5 80                    3805 	.db 0x80
      0002E6 E2                    3806 	.db 0xe2
      0002E7 94                    3807 	.db 0x94
      0002E8 80                    3808 	.db 0x80
      0002E9 E2                    3809 	.db 0xe2
      0002EA 94                    3810 	.db 0x94
      0002EB 80                    3811 	.db 0x80
      0002EC E2                    3812 	.db 0xe2
      0002ED 94                    3813 	.db 0x94
      0002EE 80                    3814 	.db 0x80
      0002EF E2                    3815 	.db 0xe2
      0002F0 94                    3816 	.db 0x94
      0002F1 80                    3817 	.db 0x80
      0002F2 E2                    3818 	.db 0xe2
      0002F3 94                    3819 	.db 0x94
      0002F4 80                    3820 	.db 0x80
      0002F5 E2                    3821 	.db 0xe2
      0002F6 94                    3822 	.db 0x94
      0002F7 80                    3823 	.db 0x80
      0002F8 E2                    3824 	.db 0xe2
      0002F9 94                    3825 	.db 0x94
      0002FA 80                    3826 	.db 0x80
      0002FB E2                    3827 	.db 0xe2
      0002FC 94                    3828 	.db 0x94
      0002FD 80                    3829 	.db 0x80
      0002FE E2                    3830 	.db 0xe2
      0002FF 94                    3831 	.db 0x94
      000300 80                    3832 	.db 0x80
      000301 E2                    3833 	.db 0xe2
      000302 94                    3834 	.db 0x94
      000303 80                    3835 	.db 0x80
      000304 E2                    3836 	.db 0xe2
      000305 94                    3837 	.db 0x94
      000306 80                    3838 	.db 0x80
      000307 E2                    3839 	.db 0xe2
      000308 94                    3840 	.db 0x94
      000309 80                    3841 	.db 0x80
      00030A E2                    3842 	.db 0xe2
      00030B 94                    3843 	.db 0x94
      00030C 80                    3844 	.db 0x80
      00030D E2                    3845 	.db 0xe2
      00030E 94                    3846 	.db 0x94
      00030F 80                    3847 	.db 0x80
      000310 E2                    3848 	.db 0xe2
      000311 94                    3849 	.db 0x94
      000312 80                    3850 	.db 0x80
      000313 E2                    3851 	.db 0xe2
      000314 94                    3852 	.db 0x94
      000315 80                    3853 	.db 0x80
      000316 E2                    3854 	.db 0xe2
      000317 94                    3855 	.db 0x94
      000318 80                    3856 	.db 0x80
      000319 E2                    3857 	.db 0xe2
      00031A 94                    3858 	.db 0x94
      00031B 80                    3859 	.db 0x80
      00031C E2                    3860 	.db 0xe2
      00031D 94                    3861 	.db 0x94
      00031E 80                    3862 	.db 0x80
      00031F E2                    3863 	.db 0xe2
      000320 94                    3864 	.db 0x94
      000321 80                    3865 	.db 0x80
      000322 E2                    3866 	.db 0xe2
      000323 94                    3867 	.db 0x94
      000324 80                    3868 	.db 0x80
      000325 E2                    3869 	.db 0xe2
      000326 94                    3870 	.db 0x94
      000327 80                    3871 	.db 0x80
      000328 E2                    3872 	.db 0xe2
      000329 94                    3873 	.db 0x94
      00032A 80                    3874 	.db 0x80
      00032B E2                    3875 	.db 0xe2
      00032C 94                    3876 	.db 0x94
      00032D 80                    3877 	.db 0x80
      00032E E2                    3878 	.db 0xe2
      00032F 94                    3879 	.db 0x94
      000330 80                    3880 	.db 0x80
      000331 E2                    3881 	.db 0xe2
      000332 94                    3882 	.db 0x94
      000333 80                    3883 	.db 0x80
      000334 E2                    3884 	.db 0xe2
      000335 94                    3885 	.db 0x94
      000336 80                    3886 	.db 0x80
      000337 E2                    3887 	.db 0xe2
      000338 94                    3888 	.db 0x94
      000339 80                    3889 	.db 0x80
      00033A E2                    3890 	.db 0xe2
      00033B 94                    3891 	.db 0x94
      00033C 80                    3892 	.db 0x80
      00033D E2                    3893 	.db 0xe2
      00033E 94                    3894 	.db 0x94
      00033F 80                    3895 	.db 0x80
      000340 E2                    3896 	.db 0xe2
      000341 94                    3897 	.db 0x94
      000342 80                    3898 	.db 0x80
      000343 E2                    3899 	.db 0xe2
      000344 94                    3900 	.db 0x94
      000345 80                    3901 	.db 0x80
      000346 E2                    3902 	.db 0xe2
      000347 94                    3903 	.db 0x94
      000348 80                    3904 	.db 0x80
      000349 E2                    3905 	.db 0xe2
      00034A 94                    3906 	.db 0x94
      00034B 80                    3907 	.db 0x80
      00034C E2                    3908 	.db 0xe2
      00034D 94                    3909 	.db 0x94
      00034E A4                    3910 	.db 0xa4
      00034F 0A                    3911 	.db 0x0a
      000350 0D                    3912 	.db 0x0d
      000351 00                    3913 	.db 0x00
                                   3914 	.area CSEG    (CODE)
                                   3915 	.area CONST   (CODE)
      000352                       3916 ___str_6:
      000352 E2                    3917 	.db 0xe2
      000353 94                    3918 	.db 0x94
      000354 82                    3919 	.db 0x82
      000355 20 20 20 20 20 52 20  3920 	.ascii "     R      "
             20 20 20 20 20
      000361 E2                    3921 	.db 0xe2
      000362 94                    3922 	.db 0x94
      000363 82                    3923 	.db 0x82
      000364 20 52 65 61 64 20 66  3924 	.ascii " Read from address                          "
             72 6F 6D 20 61 64 64
             72 65 73 73 20 20 20
             20 20 20 20 20 20 20
             20 20 20 20 20 20 20
             20 20 20 20 20 20 20
             20 20
      000390 E2                    3925 	.db 0xe2
      000391 94                    3926 	.db 0x94
      000392 82                    3927 	.db 0x82
      000393 0A                    3928 	.db 0x0a
      000394 0D                    3929 	.db 0x0d
      000395 00                    3930 	.db 0x00
                                   3931 	.area CSEG    (CODE)
                                   3932 	.area CONST   (CODE)
      000396                       3933 ___str_7:
      000396 E2                    3934 	.db 0xe2
      000397 94                    3935 	.db 0x94
      000398 82                    3936 	.db 0x82
      000399 20 20 20 20 20 57 20  3937 	.ascii "     W      "
             20 20 20 20 20
      0003A5 E2                    3938 	.db 0xe2
      0003A6 94                    3939 	.db 0x94
      0003A7 82                    3940 	.db 0x82
      0003A8 20 57 72 69 74 65 20  3941 	.ascii " Write data to address                      "
             64 61 74 61 20 74 6F
             20 61 64 64 72 65 73
             73 20 20 20 20 20 20
             20 20 20 20 20 20 20
             20 20 20 20 20 20 20
             20 20
      0003D4 E2                    3942 	.db 0xe2
      0003D5 94                    3943 	.db 0x94
      0003D6 82                    3944 	.db 0x82
      0003D7 0A                    3945 	.db 0x0a
      0003D8 0D                    3946 	.db 0x0d
      0003D9 00                    3947 	.db 0x00
                                   3948 	.area CSEG    (CODE)
                                   3949 	.area CONST   (CODE)
      0003DA                       3950 ___str_8:
      0003DA E2                    3951 	.db 0xe2
      0003DB 94                    3952 	.db 0x94
      0003DC 82                    3953 	.db 0x82
      0003DD 20 20 20 20 20 48 20  3954 	.ascii "     H      "
             20 20 20 20 20
      0003E9 E2                    3955 	.db 0xe2
      0003EA 94                    3956 	.db 0x94
      0003EB 82                    3957 	.db 0x82
      0003EC 20 44 69 73 70 6C 61  3958 	.ascii " Display hex dump                           "
             79 20 68 65 78 20 64
             75 6D 70 20 20 20 20
             20 20 20 20 20 20 20
             20 20 20 20 20 20 20
             20 20 20 20 20 20 20
             20 20
      000418 E2                    3959 	.db 0xe2
      000419 94                    3960 	.db 0x94
      00041A 82                    3961 	.db 0x82
      00041B 0A                    3962 	.db 0x0a
      00041C 0D                    3963 	.db 0x0d
      00041D 00                    3964 	.db 0x00
                                   3965 	.area CSEG    (CODE)
                                   3966 	.area CONST   (CODE)
      00041E                       3967 ___str_9:
      00041E E2                    3968 	.db 0xe2
      00041F 94                    3969 	.db 0x94
      000420 82                    3970 	.db 0x82
      000421 20 20 20 20 20 58 20  3971 	.ascii "     X      "
             20 20 20 20 20
      00042D E2                    3972 	.db 0xe2
      00042E 94                    3973 	.db 0x94
      00042F 82                    3974 	.db 0x82
      000430 20 52 65 73 65 74 20  3975 	.ascii " Reset memory system                        "
             6D 65 6D 6F 72 79 20
             73 79 73 74 65 6D 20
             20 20 20 20 20 20 20
             20 20 20 20 20 20 20
             20 20 20 20 20 20 20
             20 20
      00045C E2                    3976 	.db 0xe2
      00045D 94                    3977 	.db 0x94
      00045E 82                    3978 	.db 0x82
      00045F 0A                    3979 	.db 0x0a
      000460 0D                    3980 	.db 0x0d
      000461 00                    3981 	.db 0x00
                                   3982 	.area CSEG    (CODE)
                                   3983 	.area CONST   (CODE)
      000462                       3984 ___str_10:
      000462 E2                    3985 	.db 0xe2
      000463 94                    3986 	.db 0x94
      000464 82                    3987 	.db 0x82
      000465 20 20 20 20 20 3F 20  3988 	.ascii "     ?      "
             20 20 20 20 20
      000471 E2                    3989 	.db 0xe2
      000472 94                    3990 	.db 0x94
      000473 82                    3991 	.db 0x82
      000474 20 44 69 73 70 6C 61  3992 	.ascii " Display this help menu                     "
             79 20 74 68 69 73 20
             68 65 6C 70 20 6D 65
             6E 75 20 20 20 20 20
             20 20 20 20 20 20 20
             20 20 20 20 20 20 20
             20 20
      0004A0 E2                    3993 	.db 0xe2
      0004A1 94                    3994 	.db 0x94
      0004A2 82                    3995 	.db 0x82
      0004A3 0A                    3996 	.db 0x0a
      0004A4 0D                    3997 	.db 0x0d
      0004A5 00                    3998 	.db 0x00
                                   3999 	.area CSEG    (CODE)
                                   4000 	.area CONST   (CODE)
      0004A6                       4001 ___str_11:
      0004A6 E2                    4002 	.db 0xe2
      0004A7 94                    4003 	.db 0x94
      0004A8 82                    4004 	.db 0x82
      0004A9 20 20 20 20 20 51 20  4005 	.ascii "     Q      "
             20 20 20 20 20
      0004B5 E2                    4006 	.db 0xe2
      0004B6 94                    4007 	.db 0x94
      0004B7 82                    4008 	.db 0x82
      0004B8 20 51 75 69 74 20 70  4009 	.ascii " Quit program                               "
             72 6F 67 72 61 6D 20
             20 20 20 20 20 20 20
             20 20 20 20 20 20 20
             20 20 20 20 20 20 20
             20 20 20 20 20 20 20
             20 20
      0004E4 E2                    4010 	.db 0xe2
      0004E5 94                    4011 	.db 0x94
      0004E6 82                    4012 	.db 0x82
      0004E7 0A                    4013 	.db 0x0a
      0004E8 0D                    4014 	.db 0x0d
      0004E9 00                    4015 	.db 0x00
                                   4016 	.area CSEG    (CODE)
                                   4017 	.area CONST   (CODE)
      0004EA                       4018 ___str_12:
      0004EA E2                    4019 	.db 0xe2
      0004EB 94                    4020 	.db 0x94
      0004EC 94                    4021 	.db 0x94
      0004ED E2                    4022 	.db 0xe2
      0004EE 94                    4023 	.db 0x94
      0004EF 80                    4024 	.db 0x80
      0004F0 E2                    4025 	.db 0xe2
      0004F1 94                    4026 	.db 0x94
      0004F2 80                    4027 	.db 0x80
      0004F3 E2                    4028 	.db 0xe2
      0004F4 94                    4029 	.db 0x94
      0004F5 80                    4030 	.db 0x80
      0004F6 E2                    4031 	.db 0xe2
      0004F7 94                    4032 	.db 0x94
      0004F8 80                    4033 	.db 0x80
      0004F9 E2                    4034 	.db 0xe2
      0004FA 94                    4035 	.db 0x94
      0004FB 80                    4036 	.db 0x80
      0004FC E2                    4037 	.db 0xe2
      0004FD 94                    4038 	.db 0x94
      0004FE 80                    4039 	.db 0x80
      0004FF E2                    4040 	.db 0xe2
      000500 94                    4041 	.db 0x94
      000501 80                    4042 	.db 0x80
      000502 E2                    4043 	.db 0xe2
      000503 94                    4044 	.db 0x94
      000504 80                    4045 	.db 0x80
      000505 E2                    4046 	.db 0xe2
      000506 94                    4047 	.db 0x94
      000507 80                    4048 	.db 0x80
      000508 E2                    4049 	.db 0xe2
      000509 94                    4050 	.db 0x94
      00050A 80                    4051 	.db 0x80
      00050B E2                    4052 	.db 0xe2
      00050C 94                    4053 	.db 0x94
      00050D 80                    4054 	.db 0x80
      00050E E2                    4055 	.db 0xe2
      00050F 94                    4056 	.db 0x94
      000510 80                    4057 	.db 0x80
      000511 E2                    4058 	.db 0xe2
      000512 94                    4059 	.db 0x94
      000513 B4                    4060 	.db 0xb4
      000514 E2                    4061 	.db 0xe2
      000515 94                    4062 	.db 0x94
      000516 80                    4063 	.db 0x80
      000517 E2                    4064 	.db 0xe2
      000518 94                    4065 	.db 0x94
      000519 80                    4066 	.db 0x80
      00051A E2                    4067 	.db 0xe2
      00051B 94                    4068 	.db 0x94
      00051C 80                    4069 	.db 0x80
      00051D E2                    4070 	.db 0xe2
      00051E 94                    4071 	.db 0x94
      00051F 80                    4072 	.db 0x80
      000520 E2                    4073 	.db 0xe2
      000521 94                    4074 	.db 0x94
      000522 80                    4075 	.db 0x80
      000523 E2                    4076 	.db 0xe2
      000524 94                    4077 	.db 0x94
      000525 80                    4078 	.db 0x80
      000526 E2                    4079 	.db 0xe2
      000527 94                    4080 	.db 0x94
      000528 80                    4081 	.db 0x80
      000529 E2                    4082 	.db 0xe2
      00052A 94                    4083 	.db 0x94
      00052B 80                    4084 	.db 0x80
      00052C E2                    4085 	.db 0xe2
      00052D 94                    4086 	.db 0x94
      00052E 80                    4087 	.db 0x80
      00052F E2                    4088 	.db 0xe2
      000530 94                    4089 	.db 0x94
      000531 80                    4090 	.db 0x80
      000532 E2                    4091 	.db 0xe2
      000533 94                    4092 	.db 0x94
      000534 80                    4093 	.db 0x80
      000535 E2                    4094 	.db 0xe2
      000536 94                    4095 	.db 0x94
      000537 80                    4096 	.db 0x80
      000538 E2                    4097 	.db 0xe2
      000539 94                    4098 	.db 0x94
      00053A 80                    4099 	.db 0x80
      00053B E2                    4100 	.db 0xe2
      00053C 94                    4101 	.db 0x94
      00053D 80                    4102 	.db 0x80
      00053E E2                    4103 	.db 0xe2
      00053F 94                    4104 	.db 0x94
      000540 80                    4105 	.db 0x80
      000541 E2                    4106 	.db 0xe2
      000542 94                    4107 	.db 0x94
      000543 80                    4108 	.db 0x80
      000544 E2                    4109 	.db 0xe2
      000545 94                    4110 	.db 0x94
      000546 80                    4111 	.db 0x80
      000547 E2                    4112 	.db 0xe2
      000548 94                    4113 	.db 0x94
      000549 80                    4114 	.db 0x80
      00054A E2                    4115 	.db 0xe2
      00054B 94                    4116 	.db 0x94
      00054C 80                    4117 	.db 0x80
      00054D E2                    4118 	.db 0xe2
      00054E 94                    4119 	.db 0x94
      00054F 80                    4120 	.db 0x80
      000550 E2                    4121 	.db 0xe2
      000551 94                    4122 	.db 0x94
      000552 80                    4123 	.db 0x80
      000553 E2                    4124 	.db 0xe2
      000554 94                    4125 	.db 0x94
      000555 80                    4126 	.db 0x80
      000556 E2                    4127 	.db 0xe2
      000557 94                    4128 	.db 0x94
      000558 80                    4129 	.db 0x80
      000559 E2                    4130 	.db 0xe2
      00055A 94                    4131 	.db 0x94
      00055B 80                    4132 	.db 0x80
      00055C E2                    4133 	.db 0xe2
      00055D 94                    4134 	.db 0x94
      00055E 80                    4135 	.db 0x80
      00055F E2                    4136 	.db 0xe2
      000560 94                    4137 	.db 0x94
      000561 80                    4138 	.db 0x80
      000562 E2                    4139 	.db 0xe2
      000563 94                    4140 	.db 0x94
      000564 80                    4141 	.db 0x80
      000565 E2                    4142 	.db 0xe2
      000566 94                    4143 	.db 0x94
      000567 80                    4144 	.db 0x80
      000568 E2                    4145 	.db 0xe2
      000569 94                    4146 	.db 0x94
      00056A 80                    4147 	.db 0x80
      00056B E2                    4148 	.db 0xe2
      00056C 94                    4149 	.db 0x94
      00056D 80                    4150 	.db 0x80
      00056E E2                    4151 	.db 0xe2
      00056F 94                    4152 	.db 0x94
      000570 80                    4153 	.db 0x80
      000571 E2                    4154 	.db 0xe2
      000572 94                    4155 	.db 0x94
      000573 80                    4156 	.db 0x80
      000574 E2                    4157 	.db 0xe2
      000575 94                    4158 	.db 0x94
      000576 80                    4159 	.db 0x80
      000577 E2                    4160 	.db 0xe2
      000578 94                    4161 	.db 0x94
      000579 80                    4162 	.db 0x80
      00057A E2                    4163 	.db 0xe2
      00057B 94                    4164 	.db 0x94
      00057C 80                    4165 	.db 0x80
      00057D E2                    4166 	.db 0xe2
      00057E 94                    4167 	.db 0x94
      00057F 80                    4168 	.db 0x80
      000580 E2                    4169 	.db 0xe2
      000581 94                    4170 	.db 0x94
      000582 80                    4171 	.db 0x80
      000583 E2                    4172 	.db 0xe2
      000584 94                    4173 	.db 0x94
      000585 80                    4174 	.db 0x80
      000586 E2                    4175 	.db 0xe2
      000587 94                    4176 	.db 0x94
      000588 80                    4177 	.db 0x80
      000589 E2                    4178 	.db 0xe2
      00058A 94                    4179 	.db 0x94
      00058B 80                    4180 	.db 0x80
      00058C E2                    4181 	.db 0xe2
      00058D 94                    4182 	.db 0x94
      00058E 80                    4183 	.db 0x80
      00058F E2                    4184 	.db 0xe2
      000590 94                    4185 	.db 0x94
      000591 80                    4186 	.db 0x80
      000592 E2                    4187 	.db 0xe2
      000593 94                    4188 	.db 0x94
      000594 80                    4189 	.db 0x80
      000595 E2                    4190 	.db 0xe2
      000596 94                    4191 	.db 0x94
      000597 80                    4192 	.db 0x80
      000598 E2                    4193 	.db 0xe2
      000599 94                    4194 	.db 0x94
      00059A 98                    4195 	.db 0x98
      00059B 0A                    4196 	.db 0x0a
      00059C 0D                    4197 	.db 0x0d
      00059D 00                    4198 	.db 0x00
                                   4199 	.area CSEG    (CODE)
                                   4200 	.area CONST   (CODE)
      00059E                       4201 ___str_13:
      00059E 7C 20 24 20 25 63     4202 	.ascii "| $ %c"
      0005A4 0A                    4203 	.db 0x0a
      0005A5 0D                    4204 	.db 0x0d
      0005A6 00                    4205 	.db 0x00
                                   4206 	.area CSEG    (CODE)
                                   4207 	.area CONST   (CODE)
      0005A7                       4208 ___str_14:
      0005A7 0A                    4209 	.db 0x0a
      0005A8 0D                    4210 	.db 0x0d
      0005A9 00                    4211 	.db 0x00
                                   4212 	.area CSEG    (CODE)
                                   4213 	.area CONST   (CODE)
      0005AA                       4214 ___str_15:
      0005AA 0A                    4215 	.db 0x0a
      0005AB E2                    4216 	.db 0xe2
      0005AC 94                    4217 	.db 0x94
      0005AD 8C                    4218 	.db 0x8c
      0005AE E2                    4219 	.db 0xe2
      0005AF 94                    4220 	.db 0x94
      0005B0 80                    4221 	.db 0x80
      0005B1 E2                    4222 	.db 0xe2
      0005B2 94                    4223 	.db 0x94
      0005B3 80                    4224 	.db 0x80
      0005B4 E2                    4225 	.db 0xe2
      0005B5 94                    4226 	.db 0x94
      0005B6 80                    4227 	.db 0x80
      0005B7 E2                    4228 	.db 0xe2
      0005B8 94                    4229 	.db 0x94
      0005B9 80                    4230 	.db 0x80
      0005BA E2                    4231 	.db 0xe2
      0005BB 94                    4232 	.db 0x94
      0005BC 80                    4233 	.db 0x80
      0005BD E2                    4234 	.db 0xe2
      0005BE 94                    4235 	.db 0x94
      0005BF 80                    4236 	.db 0x80
      0005C0 E2                    4237 	.db 0xe2
      0005C1 94                    4238 	.db 0x94
      0005C2 80                    4239 	.db 0x80
      0005C3 E2                    4240 	.db 0xe2
      0005C4 94                    4241 	.db 0x94
      0005C5 80                    4242 	.db 0x80
      0005C6 E2                    4243 	.db 0xe2
      0005C7 94                    4244 	.db 0x94
      0005C8 80                    4245 	.db 0x80
      0005C9 E2                    4246 	.db 0xe2
      0005CA 94                    4247 	.db 0x94
      0005CB 80                    4248 	.db 0x80
      0005CC E2                    4249 	.db 0xe2
      0005CD 94                    4250 	.db 0x94
      0005CE 80                    4251 	.db 0x80
      0005CF E2                    4252 	.db 0xe2
      0005D0 94                    4253 	.db 0x94
      0005D1 80                    4254 	.db 0x80
      0005D2 E2                    4255 	.db 0xe2
      0005D3 94                    4256 	.db 0x94
      0005D4 80                    4257 	.db 0x80
      0005D5 E2                    4258 	.db 0xe2
      0005D6 94                    4259 	.db 0x94
      0005D7 80                    4260 	.db 0x80
      0005D8 E2                    4261 	.db 0xe2
      0005D9 94                    4262 	.db 0x94
      0005DA 80                    4263 	.db 0x80
      0005DB 20 57 52 49 54 45 20  4264 	.ascii " WRITE OPERATION "
             4F 50 45 52 41 54 49
             4F 4E 20
      0005EC E2                    4265 	.db 0xe2
      0005ED 94                    4266 	.db 0x94
      0005EE 80                    4267 	.db 0x80
      0005EF E2                    4268 	.db 0xe2
      0005F0 94                    4269 	.db 0x94
      0005F1 80                    4270 	.db 0x80
      0005F2 E2                    4271 	.db 0xe2
      0005F3 94                    4272 	.db 0x94
      0005F4 80                    4273 	.db 0x80
      0005F5 E2                    4274 	.db 0xe2
      0005F6 94                    4275 	.db 0x94
      0005F7 80                    4276 	.db 0x80
      0005F8 E2                    4277 	.db 0xe2
      0005F9 94                    4278 	.db 0x94
      0005FA 80                    4279 	.db 0x80
      0005FB E2                    4280 	.db 0xe2
      0005FC 94                    4281 	.db 0x94
      0005FD 80                    4282 	.db 0x80
      0005FE E2                    4283 	.db 0xe2
      0005FF 94                    4284 	.db 0x94
      000600 80                    4285 	.db 0x80
      000601 E2                    4286 	.db 0xe2
      000602 94                    4287 	.db 0x94
      000603 80                    4288 	.db 0x80
      000604 E2                    4289 	.db 0xe2
      000605 94                    4290 	.db 0x94
      000606 80                    4291 	.db 0x80
      000607 E2                    4292 	.db 0xe2
      000608 94                    4293 	.db 0x94
      000609 80                    4294 	.db 0x80
      00060A E2                    4295 	.db 0xe2
      00060B 94                    4296 	.db 0x94
      00060C 80                    4297 	.db 0x80
      00060D E2                    4298 	.db 0xe2
      00060E 94                    4299 	.db 0x94
      00060F 80                    4300 	.db 0x80
      000610 E2                    4301 	.db 0xe2
      000611 94                    4302 	.db 0x94
      000612 80                    4303 	.db 0x80
      000613 E2                    4304 	.db 0xe2
      000614 94                    4305 	.db 0x94
      000615 80                    4306 	.db 0x80
      000616 E2                    4307 	.db 0xe2
      000617 94                    4308 	.db 0x94
      000618 90                    4309 	.db 0x90
      000619 0A                    4310 	.db 0x0a
      00061A 0D                    4311 	.db 0x0d
      00061B 00                    4312 	.db 0x00
                                   4313 	.area CSEG    (CODE)
                                   4314 	.area CONST   (CODE)
      00061C                       4315 ___str_16:
      00061C 0A                    4316 	.db 0x0a
      00061D E2                    4317 	.db 0xe2
      00061E 94                    4318 	.db 0x94
      00061F 8C                    4319 	.db 0x8c
      000620 E2                    4320 	.db 0xe2
      000621 94                    4321 	.db 0x94
      000622 80                    4322 	.db 0x80
      000623 E2                    4323 	.db 0xe2
      000624 94                    4324 	.db 0x94
      000625 80                    4325 	.db 0x80
      000626 E2                    4326 	.db 0xe2
      000627 94                    4327 	.db 0x94
      000628 80                    4328 	.db 0x80
      000629 E2                    4329 	.db 0xe2
      00062A 94                    4330 	.db 0x94
      00062B 80                    4331 	.db 0x80
      00062C E2                    4332 	.db 0xe2
      00062D 94                    4333 	.db 0x94
      00062E 80                    4334 	.db 0x80
      00062F E2                    4335 	.db 0xe2
      000630 94                    4336 	.db 0x94
      000631 80                    4337 	.db 0x80
      000632 E2                    4338 	.db 0xe2
      000633 94                    4339 	.db 0x94
      000634 80                    4340 	.db 0x80
      000635 E2                    4341 	.db 0xe2
      000636 94                    4342 	.db 0x94
      000637 80                    4343 	.db 0x80
      000638 E2                    4344 	.db 0xe2
      000639 94                    4345 	.db 0x94
      00063A 80                    4346 	.db 0x80
      00063B E2                    4347 	.db 0xe2
      00063C 94                    4348 	.db 0x94
      00063D 80                    4349 	.db 0x80
      00063E E2                    4350 	.db 0xe2
      00063F 94                    4351 	.db 0x94
      000640 80                    4352 	.db 0x80
      000641 E2                    4353 	.db 0xe2
      000642 94                    4354 	.db 0x94
      000643 80                    4355 	.db 0x80
      000644 E2                    4356 	.db 0xe2
      000645 94                    4357 	.db 0x94
      000646 80                    4358 	.db 0x80
      000647 E2                    4359 	.db 0xe2
      000648 94                    4360 	.db 0x94
      000649 80                    4361 	.db 0x80
      00064A E2                    4362 	.db 0xe2
      00064B 94                    4363 	.db 0x94
      00064C 80                    4364 	.db 0x80
      00064D 20 52 45 41 44 20 4F  4365 	.ascii " READ OPERATION "
             50 45 52 41 54 49 4F
             4E 20
      00065D E2                    4366 	.db 0xe2
      00065E 94                    4367 	.db 0x94
      00065F 80                    4368 	.db 0x80
      000660 E2                    4369 	.db 0xe2
      000661 94                    4370 	.db 0x94
      000662 80                    4371 	.db 0x80
      000663 E2                    4372 	.db 0xe2
      000664 94                    4373 	.db 0x94
      000665 80                    4374 	.db 0x80
      000666 E2                    4375 	.db 0xe2
      000667 94                    4376 	.db 0x94
      000668 80                    4377 	.db 0x80
      000669 E2                    4378 	.db 0xe2
      00066A 94                    4379 	.db 0x94
      00066B 80                    4380 	.db 0x80
      00066C E2                    4381 	.db 0xe2
      00066D 94                    4382 	.db 0x94
      00066E 80                    4383 	.db 0x80
      00066F E2                    4384 	.db 0xe2
      000670 94                    4385 	.db 0x94
      000671 80                    4386 	.db 0x80
      000672 E2                    4387 	.db 0xe2
      000673 94                    4388 	.db 0x94
      000674 80                    4389 	.db 0x80
      000675 E2                    4390 	.db 0xe2
      000676 94                    4391 	.db 0x94
      000677 80                    4392 	.db 0x80
      000678 E2                    4393 	.db 0xe2
      000679 94                    4394 	.db 0x94
      00067A 80                    4395 	.db 0x80
      00067B E2                    4396 	.db 0xe2
      00067C 94                    4397 	.db 0x94
      00067D 80                    4398 	.db 0x80
      00067E E2                    4399 	.db 0xe2
      00067F 94                    4400 	.db 0x94
      000680 80                    4401 	.db 0x80
      000681 E2                    4402 	.db 0xe2
      000682 94                    4403 	.db 0x94
      000683 80                    4404 	.db 0x80
      000684 E2                    4405 	.db 0xe2
      000685 94                    4406 	.db 0x94
      000686 80                    4407 	.db 0x80
      000687 E2                    4408 	.db 0xe2
      000688 94                    4409 	.db 0x94
      000689 80                    4410 	.db 0x80
      00068A E2                    4411 	.db 0xe2
      00068B 94                    4412 	.db 0x94
      00068C 90                    4413 	.db 0x90
      00068D 0A                    4414 	.db 0x0a
      00068E 0D                    4415 	.db 0x0d
      00068F 00                    4416 	.db 0x00
                                   4417 	.area CSEG    (CODE)
                                   4418 	.area CONST   (CODE)
      000690                       4419 ___str_17:
      000690 7C 20 52 65 61 64 69  4420 	.ascii "| Reading from Address 0x%03X           |"
             6E 67 20 66 72 6F 6D
             20 41 64 64 72 65 73
             73 20 30 78 25 30 33
             58 20 20 20 20 20 20
             20 20 20 20 20 7C
      0006B9 0A                    4421 	.db 0x0a
      0006BA 0D                    4422 	.db 0x0d
      0006BB 00                    4423 	.db 0x00
                                   4424 	.area CSEG    (CODE)
                                   4425 	.area CONST   (CODE)
      0006BC                       4426 ___str_18:
      0006BC 0A                    4427 	.db 0x0a
      0006BD E2                    4428 	.db 0xe2
      0006BE 94                    4429 	.db 0x94
      0006BF 8C                    4430 	.db 0x8c
      0006C0 E2                    4431 	.db 0xe2
      0006C1 94                    4432 	.db 0x94
      0006C2 80                    4433 	.db 0x80
      0006C3 E2                    4434 	.db 0xe2
      0006C4 94                    4435 	.db 0x94
      0006C5 80                    4436 	.db 0x80
      0006C6 E2                    4437 	.db 0xe2
      0006C7 94                    4438 	.db 0x94
      0006C8 80                    4439 	.db 0x80
      0006C9 E2                    4440 	.db 0xe2
      0006CA 94                    4441 	.db 0x94
      0006CB 80                    4442 	.db 0x80
      0006CC E2                    4443 	.db 0xe2
      0006CD 94                    4444 	.db 0x94
      0006CE 80                    4445 	.db 0x80
      0006CF E2                    4446 	.db 0xe2
      0006D0 94                    4447 	.db 0x94
      0006D1 80                    4448 	.db 0x80
      0006D2 E2                    4449 	.db 0xe2
      0006D3 94                    4450 	.db 0x94
      0006D4 80                    4451 	.db 0x80
      0006D5 E2                    4452 	.db 0xe2
      0006D6 94                    4453 	.db 0x94
      0006D7 80                    4454 	.db 0x80
      0006D8 E2                    4455 	.db 0xe2
      0006D9 94                    4456 	.db 0x94
      0006DA 80                    4457 	.db 0x80
      0006DB E2                    4458 	.db 0xe2
      0006DC 94                    4459 	.db 0x94
      0006DD 80                    4460 	.db 0x80
      0006DE E2                    4461 	.db 0xe2
      0006DF 94                    4462 	.db 0x94
      0006E0 80                    4463 	.db 0x80
      0006E1 E2                    4464 	.db 0xe2
      0006E2 94                    4465 	.db 0x94
      0006E3 80                    4466 	.db 0x80
      0006E4 E2                    4467 	.db 0xe2
      0006E5 94                    4468 	.db 0x94
      0006E6 80                    4469 	.db 0x80
      0006E7 E2                    4470 	.db 0xe2
      0006E8 94                    4471 	.db 0x94
      0006E9 80                    4472 	.db 0x80
      0006EA E2                    4473 	.db 0xe2
      0006EB 94                    4474 	.db 0x94
      0006EC 80                    4475 	.db 0x80
      0006ED 20 52 45 53 45 54 20  4476 	.ascii " RESET OPERATION "
             4F 50 45 52 41 54 49
             4F 4E 20
      0006FE E2                    4477 	.db 0xe2
      0006FF 94                    4478 	.db 0x94
      000700 80                    4479 	.db 0x80
      000701 E2                    4480 	.db 0xe2
      000702 94                    4481 	.db 0x94
      000703 80                    4482 	.db 0x80
      000704 E2                    4483 	.db 0xe2
      000705 94                    4484 	.db 0x94
      000706 80                    4485 	.db 0x80
      000707 E2                    4486 	.db 0xe2
      000708 94                    4487 	.db 0x94
      000709 80                    4488 	.db 0x80
      00070A E2                    4489 	.db 0xe2
      00070B 94                    4490 	.db 0x94
      00070C 80                    4491 	.db 0x80
      00070D E2                    4492 	.db 0xe2
      00070E 94                    4493 	.db 0x94
      00070F 80                    4494 	.db 0x80
      000710 E2                    4495 	.db 0xe2
      000711 94                    4496 	.db 0x94
      000712 80                    4497 	.db 0x80
      000713 E2                    4498 	.db 0xe2
      000714 94                    4499 	.db 0x94
      000715 80                    4500 	.db 0x80
      000716 E2                    4501 	.db 0xe2
      000717 94                    4502 	.db 0x94
      000718 80                    4503 	.db 0x80
      000719 E2                    4504 	.db 0xe2
      00071A 94                    4505 	.db 0x94
      00071B 80                    4506 	.db 0x80
      00071C E2                    4507 	.db 0xe2
      00071D 94                    4508 	.db 0x94
      00071E 80                    4509 	.db 0x80
      00071F E2                    4510 	.db 0xe2
      000720 94                    4511 	.db 0x94
      000721 90                    4512 	.db 0x90
      000722 0A                    4513 	.db 0x0a
      000723 0D                    4514 	.db 0x0d
      000724 00                    4515 	.db 0x00
                                   4516 	.area CSEG    (CODE)
                                   4517 	.area CONST   (CODE)
      000725                       4518 ___str_19:
      000725 0A                    4519 	.db 0x0a
      000726 E2                    4520 	.db 0xe2
      000727 94                    4521 	.db 0x94
      000728 8C                    4522 	.db 0x8c
      000729 E2                    4523 	.db 0xe2
      00072A 94                    4524 	.db 0x94
      00072B 80                    4525 	.db 0x80
      00072C E2                    4526 	.db 0xe2
      00072D 94                    4527 	.db 0x94
      00072E 80                    4528 	.db 0x80
      00072F E2                    4529 	.db 0xe2
      000730 94                    4530 	.db 0x94
      000731 80                    4531 	.db 0x80
      000732 E2                    4532 	.db 0xe2
      000733 94                    4533 	.db 0x94
      000734 80                    4534 	.db 0x80
      000735 E2                    4535 	.db 0xe2
      000736 94                    4536 	.db 0x94
      000737 80                    4537 	.db 0x80
      000738 E2                    4538 	.db 0xe2
      000739 94                    4539 	.db 0x94
      00073A 80                    4540 	.db 0x80
      00073B E2                    4541 	.db 0xe2
      00073C 94                    4542 	.db 0x94
      00073D 80                    4543 	.db 0x80
      00073E E2                    4544 	.db 0xe2
      00073F 94                    4545 	.db 0x94
      000740 80                    4546 	.db 0x80
      000741 E2                    4547 	.db 0xe2
      000742 94                    4548 	.db 0x94
      000743 80                    4549 	.db 0x80
      000744 E2                    4550 	.db 0xe2
      000745 94                    4551 	.db 0x94
      000746 80                    4552 	.db 0x80
      000747 E2                    4553 	.db 0xe2
      000748 94                    4554 	.db 0x94
      000749 80                    4555 	.db 0x80
      00074A E2                    4556 	.db 0xe2
      00074B 94                    4557 	.db 0x94
      00074C 80                    4558 	.db 0x80
      00074D E2                    4559 	.db 0xe2
      00074E 94                    4560 	.db 0x94
      00074F 80                    4561 	.db 0x80
      000750 20 48 45 58 20 44 55  4562 	.ascii " HEX DUMP OPERATION "
             4D 50 20 4F 50 45 52
             41 54 49 4F 4E 20
      000764 E2                    4563 	.db 0xe2
      000765 94                    4564 	.db 0x94
      000766 80                    4565 	.db 0x80
      000767 E2                    4566 	.db 0xe2
      000768 94                    4567 	.db 0x94
      000769 80                    4568 	.db 0x80
      00076A E2                    4569 	.db 0xe2
      00076B 94                    4570 	.db 0x94
      00076C 80                    4571 	.db 0x80
      00076D E2                    4572 	.db 0xe2
      00076E 94                    4573 	.db 0x94
      00076F 80                    4574 	.db 0x80
      000770 E2                    4575 	.db 0xe2
      000771 94                    4576 	.db 0x94
      000772 80                    4577 	.db 0x80
      000773 E2                    4578 	.db 0xe2
      000774 94                    4579 	.db 0x94
      000775 80                    4580 	.db 0x80
      000776 E2                    4581 	.db 0xe2
      000777 94                    4582 	.db 0x94
      000778 80                    4583 	.db 0x80
      000779 E2                    4584 	.db 0xe2
      00077A 94                    4585 	.db 0x94
      00077B 80                    4586 	.db 0x80
      00077C E2                    4587 	.db 0xe2
      00077D 94                    4588 	.db 0x94
      00077E 80                    4589 	.db 0x80
      00077F E2                    4590 	.db 0xe2
      000780 94                    4591 	.db 0x94
      000781 80                    4592 	.db 0x80
      000782 E2                    4593 	.db 0xe2
      000783 94                    4594 	.db 0x94
      000784 80                    4595 	.db 0x80
      000785 E2                    4596 	.db 0xe2
      000786 94                    4597 	.db 0x94
      000787 80                    4598 	.db 0x80
      000788 E2                    4599 	.db 0xe2
      000789 94                    4600 	.db 0x94
      00078A 80                    4601 	.db 0x80
      00078B E2                    4602 	.db 0xe2
      00078C 94                    4603 	.db 0x94
      00078D 80                    4604 	.db 0x80
      00078E E2                    4605 	.db 0xe2
      00078F 94                    4606 	.db 0x94
      000790 80                    4607 	.db 0x80
      000791 E2                    4608 	.db 0xe2
      000792 94                    4609 	.db 0x94
      000793 90                    4610 	.db 0x90
      000794 0A                    4611 	.db 0x0a
      000795 0D                    4612 	.db 0x0d
      000796 00                    4613 	.db 0x00
                                   4614 	.area CSEG    (CODE)
                                   4615 	.area CONST   (CODE)
      000797                       4616 ___str_20:
      000797 49 4E 56 41 4C 49 44  4617 	.ascii "INVALID INPUT"
             20 49 4E 50 55 54
      0007A4 0A                    4618 	.db 0x0a
      0007A5 0D                    4619 	.db 0x0d
      0007A6 00                    4620 	.db 0x00
                                   4621 	.area CSEG    (CODE)
                                   4622 	.area CONST   (CODE)
      0007A7                       4623 ___str_21:
      0007A7 E2                    4624 	.db 0xe2
      0007A8 94                    4625 	.db 0x94
      0007A9 82                    4626 	.db 0x82
      0007AA 20 45 6E 74 65 72 20  4627 	.ascii " Enter address (hex, up to 3 characters): "
             61 64 64 72 65 73 73
             20 28 68 65 78 2C 20
             75 70 20 74 6F 20 33
             20 63 68 61 72 61 63
             74 65 72 73 29 3A 20
      0007D4 0A                    4628 	.db 0x0a
      0007D5 0D                    4629 	.db 0x0d
      0007D6 7C                    4630 	.ascii "|"
      0007D7 00                    4631 	.db 0x00
                                   4632 	.area CSEG    (CODE)
                                   4633 	.area CONST   (CODE)
      0007D8                       4634 ___str_22:
      0007D8 7C 20 24 20           4635 	.ascii "| $ "
      0007DC 00                    4636 	.db 0x00
                                   4637 	.area CSEG    (CODE)
                                   4638 	.area CONST   (CODE)
      0007DD                       4639 ___str_23:
      0007DD 0A                    4640 	.db 0x0a
      0007DE 0D                    4641 	.db 0x0d
      0007DF E2                    4642 	.db 0xe2
      0007E0 94                    4643 	.db 0x94
      0007E1 82                    4644 	.db 0x82
      0007E2 20 45 6E 74 65 72 65  4645 	.ascii " Entered address: 0x%03X"
             64 20 61 64 64 72 65
             73 73 3A 20 30 78 25
             30 33 58
      0007FA 0A                    4646 	.db 0x0a
      0007FB 0D                    4647 	.db 0x0d
      0007FC 00                    4648 	.db 0x00
                                   4649 	.area CSEG    (CODE)
                                   4650 	.area CONST   (CODE)
      0007FD                       4651 ___str_24:
      0007FD E2                    4652 	.db 0xe2
      0007FE 95                    4653 	.db 0x95
      0007FF 94                    4654 	.db 0x94
      000800 E2                    4655 	.db 0xe2
      000801 95                    4656 	.db 0x95
      000802 90                    4657 	.db 0x90
      000803 E2                    4658 	.db 0xe2
      000804 95                    4659 	.db 0x95
      000805 90                    4660 	.db 0x90
      000806 E2                    4661 	.db 0xe2
      000807 95                    4662 	.db 0x95
      000808 90                    4663 	.db 0x90
      000809 E2                    4664 	.db 0xe2
      00080A 95                    4665 	.db 0x95
      00080B 90                    4666 	.db 0x90
      00080C E2                    4667 	.db 0xe2
      00080D 95                    4668 	.db 0x95
      00080E 90                    4669 	.db 0x90
      00080F E2                    4670 	.db 0xe2
      000810 95                    4671 	.db 0x95
      000811 90                    4672 	.db 0x90
      000812 E2                    4673 	.db 0xe2
      000813 95                    4674 	.db 0x95
      000814 90                    4675 	.db 0x90
      000815 E2                    4676 	.db 0xe2
      000816 95                    4677 	.db 0x95
      000817 90                    4678 	.db 0x90
      000818 E2                    4679 	.db 0xe2
      000819 95                    4680 	.db 0x95
      00081A 90                    4681 	.db 0x90
      00081B E2                    4682 	.db 0xe2
      00081C 95                    4683 	.db 0x95
      00081D 90                    4684 	.db 0x90
      00081E E2                    4685 	.db 0xe2
      00081F 95                    4686 	.db 0x95
      000820 90                    4687 	.db 0x90
      000821 E2                    4688 	.db 0xe2
      000822 95                    4689 	.db 0x95
      000823 90                    4690 	.db 0x90
      000824 E2                    4691 	.db 0xe2
      000825 95                    4692 	.db 0x95
      000826 90                    4693 	.db 0x90
      000827 E2                    4694 	.db 0xe2
      000828 95                    4695 	.db 0x95
      000829 90                    4696 	.db 0x90
      00082A E2                    4697 	.db 0xe2
      00082B 95                    4698 	.db 0x95
      00082C 90                    4699 	.db 0x90
      00082D E2                    4700 	.db 0xe2
      00082E 95                    4701 	.db 0x95
      00082F 90                    4702 	.db 0x90
      000830 E2                    4703 	.db 0xe2
      000831 95                    4704 	.db 0x95
      000832 90                    4705 	.db 0x90
      000833 E2                    4706 	.db 0xe2
      000834 95                    4707 	.db 0x95
      000835 90                    4708 	.db 0x90
      000836 E2                    4709 	.db 0xe2
      000837 95                    4710 	.db 0x95
      000838 90                    4711 	.db 0x90
      000839 E2                    4712 	.db 0xe2
      00083A 95                    4713 	.db 0x95
      00083B 90                    4714 	.db 0x90
      00083C E2                    4715 	.db 0xe2
      00083D 95                    4716 	.db 0x95
      00083E 90                    4717 	.db 0x90
      00083F E2                    4718 	.db 0xe2
      000840 95                    4719 	.db 0x95
      000841 90                    4720 	.db 0x90
      000842 E2                    4721 	.db 0xe2
      000843 95                    4722 	.db 0x95
      000844 90                    4723 	.db 0x90
      000845 E2                    4724 	.db 0xe2
      000846 95                    4725 	.db 0x95
      000847 90                    4726 	.db 0x90
      000848 E2                    4727 	.db 0xe2
      000849 95                    4728 	.db 0x95
      00084A 90                    4729 	.db 0x90
      00084B E2                    4730 	.db 0xe2
      00084C 95                    4731 	.db 0x95
      00084D 90                    4732 	.db 0x90
      00084E E2                    4733 	.db 0xe2
      00084F 95                    4734 	.db 0x95
      000850 90                    4735 	.db 0x90
      000851 E2                    4736 	.db 0xe2
      000852 95                    4737 	.db 0x95
      000853 90                    4738 	.db 0x90
      000854 E2                    4739 	.db 0xe2
      000855 95                    4740 	.db 0x95
      000856 90                    4741 	.db 0x90
      000857 E2                    4742 	.db 0xe2
      000858 95                    4743 	.db 0x95
      000859 90                    4744 	.db 0x90
      00085A E2                    4745 	.db 0xe2
      00085B 95                    4746 	.db 0x95
      00085C 90                    4747 	.db 0x90
      00085D E2                    4748 	.db 0xe2
      00085E 95                    4749 	.db 0x95
      00085F 90                    4750 	.db 0x90
      000860 E2                    4751 	.db 0xe2
      000861 95                    4752 	.db 0x95
      000862 90                    4753 	.db 0x90
      000863 E2                    4754 	.db 0xe2
      000864 95                    4755 	.db 0x95
      000865 90                    4756 	.db 0x90
      000866 E2                    4757 	.db 0xe2
      000867 95                    4758 	.db 0x95
      000868 90                    4759 	.db 0x90
      000869 E2                    4760 	.db 0xe2
      00086A 95                    4761 	.db 0x95
      00086B 90                    4762 	.db 0x90
      00086C E2                    4763 	.db 0xe2
      00086D 95                    4764 	.db 0x95
      00086E 90                    4765 	.db 0x90
      00086F E2                    4766 	.db 0xe2
      000870 95                    4767 	.db 0x95
      000871 90                    4768 	.db 0x90
      000872 E2                    4769 	.db 0xe2
      000873 95                    4770 	.db 0x95
      000874 90                    4771 	.db 0x90
      000875 E2                    4772 	.db 0xe2
      000876 95                    4773 	.db 0x95
      000877 90                    4774 	.db 0x90
      000878 E2                    4775 	.db 0xe2
      000879 95                    4776 	.db 0x95
      00087A 90                    4777 	.db 0x90
      00087B E2                    4778 	.db 0xe2
      00087C 95                    4779 	.db 0x95
      00087D 90                    4780 	.db 0x90
      00087E E2                    4781 	.db 0xe2
      00087F 95                    4782 	.db 0x95
      000880 97                    4783 	.db 0x97
      000881 0A                    4784 	.db 0x0a
      000882 0D                    4785 	.db 0x0d
      000883 00                    4786 	.db 0x00
                                   4787 	.area CSEG    (CODE)
                                   4788 	.area CONST   (CODE)
      000884                       4789 ___str_25:
      000884 E2                    4790 	.db 0xe2
      000885 95                    4791 	.db 0x95
      000886 91                    4792 	.db 0x91
      000887 20 20 20 20 20 20 20  4793 	.ascii "       ! ADDRESS OUT OF RANGE !         "
             21 20 41 44 44 52 45
             53 53 20 4F 55 54 20
             4F 46 20 52 41 4E 47
             45 20 21 20 20 20 20
             20 20 20 20 20
      0008AF E2                    4794 	.db 0xe2
      0008B0 95                    4795 	.db 0x95
      0008B1 91                    4796 	.db 0x91
      0008B2 0A                    4797 	.db 0x0a
      0008B3 0D                    4798 	.db 0x0d
      0008B4 00                    4799 	.db 0x00
                                   4800 	.area CSEG    (CODE)
                                   4801 	.area CONST   (CODE)
      0008B5                       4802 ___str_26:
      0008B5 E2                    4803 	.db 0xe2
      0008B6 95                    4804 	.db 0x95
      0008B7 91                    4805 	.db 0x91
      0008B8 20 20 20 20 20 50 6C  4806 	.ascii "     Please Enter Valid Address         "
             65 61 73 65 20 45 6E
             74 65 72 20 56 61 6C
             69 64 20 41 64 64 72
             65 73 73 20 20 20 20
             20 20 20 20 20
      0008E0 E2                    4807 	.db 0xe2
      0008E1 95                    4808 	.db 0x95
      0008E2 91                    4809 	.db 0x91
      0008E3 0A                    4810 	.db 0x0a
      0008E4 0D                    4811 	.db 0x0d
      0008E5 00                    4812 	.db 0x00
                                   4813 	.area CSEG    (CODE)
                                   4814 	.area CONST   (CODE)
      0008E6                       4815 ___str_27:
      0008E6 E2                    4816 	.db 0xe2
      0008E7 95                    4817 	.db 0x95
      0008E8 9A                    4818 	.db 0x9a
      0008E9 E2                    4819 	.db 0xe2
      0008EA 95                    4820 	.db 0x95
      0008EB 90                    4821 	.db 0x90
      0008EC E2                    4822 	.db 0xe2
      0008ED 95                    4823 	.db 0x95
      0008EE 90                    4824 	.db 0x90
      0008EF E2                    4825 	.db 0xe2
      0008F0 95                    4826 	.db 0x95
      0008F1 90                    4827 	.db 0x90
      0008F2 E2                    4828 	.db 0xe2
      0008F3 95                    4829 	.db 0x95
      0008F4 90                    4830 	.db 0x90
      0008F5 E2                    4831 	.db 0xe2
      0008F6 95                    4832 	.db 0x95
      0008F7 90                    4833 	.db 0x90
      0008F8 E2                    4834 	.db 0xe2
      0008F9 95                    4835 	.db 0x95
      0008FA 90                    4836 	.db 0x90
      0008FB E2                    4837 	.db 0xe2
      0008FC 95                    4838 	.db 0x95
      0008FD 90                    4839 	.db 0x90
      0008FE E2                    4840 	.db 0xe2
      0008FF 95                    4841 	.db 0x95
      000900 90                    4842 	.db 0x90
      000901 E2                    4843 	.db 0xe2
      000902 95                    4844 	.db 0x95
      000903 90                    4845 	.db 0x90
      000904 E2                    4846 	.db 0xe2
      000905 95                    4847 	.db 0x95
      000906 90                    4848 	.db 0x90
      000907 E2                    4849 	.db 0xe2
      000908 95                    4850 	.db 0x95
      000909 90                    4851 	.db 0x90
      00090A E2                    4852 	.db 0xe2
      00090B 95                    4853 	.db 0x95
      00090C 90                    4854 	.db 0x90
      00090D E2                    4855 	.db 0xe2
      00090E 95                    4856 	.db 0x95
      00090F 90                    4857 	.db 0x90
      000910 E2                    4858 	.db 0xe2
      000911 95                    4859 	.db 0x95
      000912 90                    4860 	.db 0x90
      000913 E2                    4861 	.db 0xe2
      000914 95                    4862 	.db 0x95
      000915 90                    4863 	.db 0x90
      000916 E2                    4864 	.db 0xe2
      000917 95                    4865 	.db 0x95
      000918 90                    4866 	.db 0x90
      000919 E2                    4867 	.db 0xe2
      00091A 95                    4868 	.db 0x95
      00091B 90                    4869 	.db 0x90
      00091C E2                    4870 	.db 0xe2
      00091D 95                    4871 	.db 0x95
      00091E 90                    4872 	.db 0x90
      00091F E2                    4873 	.db 0xe2
      000920 95                    4874 	.db 0x95
      000921 90                    4875 	.db 0x90
      000922 E2                    4876 	.db 0xe2
      000923 95                    4877 	.db 0x95
      000924 90                    4878 	.db 0x90
      000925 E2                    4879 	.db 0xe2
      000926 95                    4880 	.db 0x95
      000927 90                    4881 	.db 0x90
      000928 E2                    4882 	.db 0xe2
      000929 95                    4883 	.db 0x95
      00092A 90                    4884 	.db 0x90
      00092B E2                    4885 	.db 0xe2
      00092C 95                    4886 	.db 0x95
      00092D 90                    4887 	.db 0x90
      00092E E2                    4888 	.db 0xe2
      00092F 95                    4889 	.db 0x95
      000930 90                    4890 	.db 0x90
      000931 E2                    4891 	.db 0xe2
      000932 95                    4892 	.db 0x95
      000933 90                    4893 	.db 0x90
      000934 E2                    4894 	.db 0xe2
      000935 95                    4895 	.db 0x95
      000936 90                    4896 	.db 0x90
      000937 E2                    4897 	.db 0xe2
      000938 95                    4898 	.db 0x95
      000939 90                    4899 	.db 0x90
      00093A E2                    4900 	.db 0xe2
      00093B 95                    4901 	.db 0x95
      00093C 90                    4902 	.db 0x90
      00093D E2                    4903 	.db 0xe2
      00093E 95                    4904 	.db 0x95
      00093F 90                    4905 	.db 0x90
      000940 E2                    4906 	.db 0xe2
      000941 95                    4907 	.db 0x95
      000942 90                    4908 	.db 0x90
      000943 E2                    4909 	.db 0xe2
      000944 95                    4910 	.db 0x95
      000945 90                    4911 	.db 0x90
      000946 E2                    4912 	.db 0xe2
      000947 95                    4913 	.db 0x95
      000948 90                    4914 	.db 0x90
      000949 E2                    4915 	.db 0xe2
      00094A 95                    4916 	.db 0x95
      00094B 90                    4917 	.db 0x90
      00094C E2                    4918 	.db 0xe2
      00094D 95                    4919 	.db 0x95
      00094E 90                    4920 	.db 0x90
      00094F E2                    4921 	.db 0xe2
      000950 95                    4922 	.db 0x95
      000951 90                    4923 	.db 0x90
      000952 E2                    4924 	.db 0xe2
      000953 95                    4925 	.db 0x95
      000954 90                    4926 	.db 0x90
      000955 E2                    4927 	.db 0xe2
      000956 95                    4928 	.db 0x95
      000957 90                    4929 	.db 0x90
      000958 E2                    4930 	.db 0xe2
      000959 95                    4931 	.db 0x95
      00095A 90                    4932 	.db 0x90
      00095B E2                    4933 	.db 0xe2
      00095C 95                    4934 	.db 0x95
      00095D 90                    4935 	.db 0x90
      00095E E2                    4936 	.db 0xe2
      00095F 95                    4937 	.db 0x95
      000960 90                    4938 	.db 0x90
      000961 E2                    4939 	.db 0xe2
      000962 95                    4940 	.db 0x95
      000963 90                    4941 	.db 0x90
      000964 E2                    4942 	.db 0xe2
      000965 95                    4943 	.db 0x95
      000966 90                    4944 	.db 0x90
      000967 E2                    4945 	.db 0xe2
      000968 95                    4946 	.db 0x95
      000969 9D                    4947 	.db 0x9d
      00096A 0A                    4948 	.db 0x0a
      00096B 0D                    4949 	.db 0x0d
      00096C 00                    4950 	.db 0x00
                                   4951 	.area CSEG    (CODE)
                                   4952 	.area CONST   (CODE)
      00096D                       4953 ___str_28:
      00096D 7C 20 42 6C 6F 63 6B  4954 	.ascii "| Block number %d                            "
             20 6E 75 6D 62 65 72
             20 25 64 20 20 20 20
             20 20 20 20 20 20 20
             20 20 20 20 20 20 20
             20 20 20 20 20 20 20
             20 20 20
      00099A 0A                    4955 	.db 0x0a
      00099B 0D                    4956 	.db 0x0d
      00099C 00                    4957 	.db 0x00
                                   4958 	.area CSEG    (CODE)
                                   4959 	.area CONST   (CODE)
      00099D                       4960 ___str_29:
      00099D E2                    4961 	.db 0xe2
      00099E 94                    4962 	.db 0x94
      00099F 82                    4963 	.db 0x82
      0009A0 20 45 6E 74 65 72 20  4964 	.ascii " Enter data (hex, up to 2 characters): "
             64 61 74 61 20 28 68
             65 78 2C 20 75 70 20
             74 6F 20 32 20 63 68
             61 72 61 63 74 65 72
             73 29 3A 20
      0009C7 0A                    4965 	.db 0x0a
      0009C8 0D                    4966 	.db 0x0d
      0009C9 7C                    4967 	.ascii "|"
      0009CA 00                    4968 	.db 0x00
                                   4969 	.area CSEG    (CODE)
                                   4970 	.area CONST   (CODE)
      0009CB                       4971 ___str_30:
      0009CB 24 20                 4972 	.ascii "$ "
      0009CD 00                    4973 	.db 0x00
                                   4974 	.area CSEG    (CODE)
                                   4975 	.area CONST   (CODE)
      0009CE                       4976 ___str_31:
      0009CE 0A                    4977 	.db 0x0a
      0009CF 0D                    4978 	.db 0x0d
      0009D0 E2                    4979 	.db 0xe2
      0009D1 94                    4980 	.db 0x94
      0009D2 82                    4981 	.db 0x82
      0009D3 20 45 6E 74 65 72 65  4982 	.ascii " Entered data: 0x%02X"
             64 20 64 61 74 61 3A
             20 30 78 25 30 32 58
      0009E8 0A                    4983 	.db 0x0a
      0009E9 0D                    4984 	.db 0x0d
      0009EA 00                    4985 	.db 0x00
                                   4986 	.area CSEG    (CODE)
                                   4987 	.area CONST   (CODE)
      0009EB                       4988 ___str_32:
      0009EB 44 61 74 61 20 6F 75  4989 	.ascii "Data out of Range"
             74 20 6F 66 20 52 61
             6E 67 65
      0009FC 0A                    4990 	.db 0x0a
      0009FD 0D                    4991 	.db 0x0d
      0009FE 00                    4992 	.db 0x00
                                   4993 	.area CSEG    (CODE)
                                   4994 	.area CONST   (CODE)
      0009FF                       4995 ___str_33:
      0009FF 45 72 72 6F 72 3A 20  4996 	.ascii "Error: No ACK for device address (write)"
             4E 6F 20 41 43 4B 20
             66 6F 72 20 64 65 76
             69 63 65 20 61 64 64
             72 65 73 73 20 28 77
             72 69 74 65 29
      000A27 0A                    4997 	.db 0x0a
      000A28 0D                    4998 	.db 0x0d
      000A29 00                    4999 	.db 0x00
                                   5000 	.area CSEG    (CODE)
                                   5001 	.area CONST   (CODE)
      000A2A                       5002 ___str_34:
      000A2A 45 72 72 6F 72 3A 20  5003 	.ascii "Error: No ACK for memory address"
             4E 6F 20 41 43 4B 20
             66 6F 72 20 6D 65 6D
             6F 72 79 20 61 64 64
             72 65 73 73
      000A4A 0A                    5004 	.db 0x0a
      000A4B 0D                    5005 	.db 0x0d
      000A4C 00                    5006 	.db 0x00
                                   5007 	.area CSEG    (CODE)
                                   5008 	.area CONST   (CODE)
      000A4D                       5009 ___str_35:
      000A4D 45 72 72 6F 72 3A 20  5010 	.ascii "Error: No ACK for data"
             4E 6F 20 41 43 4B 20
             66 6F 72 20 64 61 74
             61
      000A63 0A                    5011 	.db 0x0a
      000A64 0D                    5012 	.db 0x0d
      000A65 00                    5013 	.db 0x00
                                   5014 	.area CSEG    (CODE)
                                   5015 	.area CONST   (CODE)
      000A66                       5016 ___str_36:
      000A66 7C 20 57 72 69 74 69  5017 	.ascii "| Writing at Address 0x%03X Data 0x%02X          |"
             6E 67 20 61 74 20 41
             64 64 72 65 73 73 20
             30 78 25 30 33 58 20
             44 61 74 61 20 30 78
             25 30 32 58 20 20 20
             20 20 20 20 20 20 20
             7C
      000A98 0A                    5018 	.db 0x0a
      000A99 0D                    5019 	.db 0x0d
      000A9A 00                    5020 	.db 0x00
                                   5021 	.area CSEG    (CODE)
                                   5022 	.area CONST   (CODE)
      000A9B                       5023 ___str_37:
      000A9B E2                    5024 	.db 0xe2
      000A9C 94                    5025 	.db 0x94
      000A9D 82                    5026 	.db 0x82
      000A9E 20 57 72 69 74 65 20  5027 	.ascii " Write successful!                             "
             73 75 63 63 65 73 73
             66 75 6C 21 20 20 20
             20 20 20 20 20 20 20
             20 20 20 20 20 20 20
             20 20 20 20 20 20 20
             20 20 20 20 20
      000ACD E2                    5028 	.db 0xe2
      000ACE 94                    5029 	.db 0x94
      000ACF 82                    5030 	.db 0x82
      000AD0 0A                    5031 	.db 0x0a
      000AD1 0D                    5032 	.db 0x0d
      000AD2 00                    5033 	.db 0x00
                                   5034 	.area CSEG    (CODE)
                                   5035 	.area CONST   (CODE)
      000AD3                       5036 ___str_38:
      000AD3 E2                    5037 	.db 0xe2
      000AD4 94                    5038 	.db 0x94
      000AD5 94                    5039 	.db 0x94
      000AD6 E2                    5040 	.db 0xe2
      000AD7 94                    5041 	.db 0x94
      000AD8 80                    5042 	.db 0x80
      000AD9 E2                    5043 	.db 0xe2
      000ADA 94                    5044 	.db 0x94
      000ADB 80                    5045 	.db 0x80
      000ADC E2                    5046 	.db 0xe2
      000ADD 94                    5047 	.db 0x94
      000ADE 80                    5048 	.db 0x80
      000ADF E2                    5049 	.db 0xe2
      000AE0 94                    5050 	.db 0x94
      000AE1 80                    5051 	.db 0x80
      000AE2 E2                    5052 	.db 0xe2
      000AE3 94                    5053 	.db 0x94
      000AE4 80                    5054 	.db 0x80
      000AE5 E2                    5055 	.db 0xe2
      000AE6 94                    5056 	.db 0x94
      000AE7 80                    5057 	.db 0x80
      000AE8 E2                    5058 	.db 0xe2
      000AE9 94                    5059 	.db 0x94
      000AEA 80                    5060 	.db 0x80
      000AEB E2                    5061 	.db 0xe2
      000AEC 94                    5062 	.db 0x94
      000AED 80                    5063 	.db 0x80
      000AEE E2                    5064 	.db 0xe2
      000AEF 94                    5065 	.db 0x94
      000AF0 80                    5066 	.db 0x80
      000AF1 E2                    5067 	.db 0xe2
      000AF2 94                    5068 	.db 0x94
      000AF3 80                    5069 	.db 0x80
      000AF4 E2                    5070 	.db 0xe2
      000AF5 94                    5071 	.db 0x94
      000AF6 80                    5072 	.db 0x80
      000AF7 E2                    5073 	.db 0xe2
      000AF8 94                    5074 	.db 0x94
      000AF9 80                    5075 	.db 0x80
      000AFA E2                    5076 	.db 0xe2
      000AFB 94                    5077 	.db 0x94
      000AFC 80                    5078 	.db 0x80
      000AFD E2                    5079 	.db 0xe2
      000AFE 94                    5080 	.db 0x94
      000AFF 80                    5081 	.db 0x80
      000B00 E2                    5082 	.db 0xe2
      000B01 94                    5083 	.db 0x94
      000B02 80                    5084 	.db 0x80
      000B03 E2                    5085 	.db 0xe2
      000B04 94                    5086 	.db 0x94
      000B05 80                    5087 	.db 0x80
      000B06 E2                    5088 	.db 0xe2
      000B07 94                    5089 	.db 0x94
      000B08 80                    5090 	.db 0x80
      000B09 E2                    5091 	.db 0xe2
      000B0A 94                    5092 	.db 0x94
      000B0B 80                    5093 	.db 0x80
      000B0C E2                    5094 	.db 0xe2
      000B0D 94                    5095 	.db 0x94
      000B0E 80                    5096 	.db 0x80
      000B0F E2                    5097 	.db 0xe2
      000B10 94                    5098 	.db 0x94
      000B11 80                    5099 	.db 0x80
      000B12 E2                    5100 	.db 0xe2
      000B13 94                    5101 	.db 0x94
      000B14 80                    5102 	.db 0x80
      000B15 E2                    5103 	.db 0xe2
      000B16 94                    5104 	.db 0x94
      000B17 80                    5105 	.db 0x80
      000B18 E2                    5106 	.db 0xe2
      000B19 94                    5107 	.db 0x94
      000B1A 80                    5108 	.db 0x80
      000B1B E2                    5109 	.db 0xe2
      000B1C 94                    5110 	.db 0x94
      000B1D 80                    5111 	.db 0x80
      000B1E E2                    5112 	.db 0xe2
      000B1F 94                    5113 	.db 0x94
      000B20 80                    5114 	.db 0x80
      000B21 E2                    5115 	.db 0xe2
      000B22 94                    5116 	.db 0x94
      000B23 80                    5117 	.db 0x80
      000B24 E2                    5118 	.db 0xe2
      000B25 94                    5119 	.db 0x94
      000B26 80                    5120 	.db 0x80
      000B27 E2                    5121 	.db 0xe2
      000B28 94                    5122 	.db 0x94
      000B29 80                    5123 	.db 0x80
      000B2A E2                    5124 	.db 0xe2
      000B2B 94                    5125 	.db 0x94
      000B2C 80                    5126 	.db 0x80
      000B2D E2                    5127 	.db 0xe2
      000B2E 94                    5128 	.db 0x94
      000B2F 80                    5129 	.db 0x80
      000B30 E2                    5130 	.db 0xe2
      000B31 94                    5131 	.db 0x94
      000B32 80                    5132 	.db 0x80
      000B33 E2                    5133 	.db 0xe2
      000B34 94                    5134 	.db 0x94
      000B35 80                    5135 	.db 0x80
      000B36 E2                    5136 	.db 0xe2
      000B37 94                    5137 	.db 0x94
      000B38 80                    5138 	.db 0x80
      000B39 E2                    5139 	.db 0xe2
      000B3A 94                    5140 	.db 0x94
      000B3B 80                    5141 	.db 0x80
      000B3C E2                    5142 	.db 0xe2
      000B3D 94                    5143 	.db 0x94
      000B3E 80                    5144 	.db 0x80
      000B3F E2                    5145 	.db 0xe2
      000B40 94                    5146 	.db 0x94
      000B41 80                    5147 	.db 0x80
      000B42 E2                    5148 	.db 0xe2
      000B43 94                    5149 	.db 0x94
      000B44 80                    5150 	.db 0x80
      000B45 E2                    5151 	.db 0xe2
      000B46 94                    5152 	.db 0x94
      000B47 80                    5153 	.db 0x80
      000B48 E2                    5154 	.db 0xe2
      000B49 94                    5155 	.db 0x94
      000B4A 80                    5156 	.db 0x80
      000B4B E2                    5157 	.db 0xe2
      000B4C 94                    5158 	.db 0x94
      000B4D 80                    5159 	.db 0x80
      000B4E E2                    5160 	.db 0xe2
      000B4F 94                    5161 	.db 0x94
      000B50 80                    5162 	.db 0x80
      000B51 E2                    5163 	.db 0xe2
      000B52 94                    5164 	.db 0x94
      000B53 80                    5165 	.db 0x80
      000B54 E2                    5166 	.db 0xe2
      000B55 94                    5167 	.db 0x94
      000B56 80                    5168 	.db 0x80
      000B57 E2                    5169 	.db 0xe2
      000B58 94                    5170 	.db 0x94
      000B59 80                    5171 	.db 0x80
      000B5A E2                    5172 	.db 0xe2
      000B5B 94                    5173 	.db 0x94
      000B5C 80                    5174 	.db 0x80
      000B5D E2                    5175 	.db 0xe2
      000B5E 94                    5176 	.db 0x94
      000B5F 80                    5177 	.db 0x80
      000B60 E2                    5178 	.db 0xe2
      000B61 94                    5179 	.db 0x94
      000B62 80                    5180 	.db 0x80
      000B63 E2                    5181 	.db 0xe2
      000B64 94                    5182 	.db 0x94
      000B65 98                    5183 	.db 0x98
      000B66 0A                    5184 	.db 0x0a
      000B67 0D                    5185 	.db 0x0d
      000B68 00                    5186 	.db 0x00
                                   5187 	.area CSEG    (CODE)
                                   5188 	.area CONST   (CODE)
      000B69                       5189 ___str_39:
      000B69 45 72 72 6F 72 3A 20  5190 	.ascii "Error: No ACK for device address (write mode)"
             4E 6F 20 41 43 4B 20
             66 6F 72 20 64 65 76
             69 63 65 20 61 64 64
             72 65 73 73 20 28 77
             72 69 74 65 20 6D 6F
             64 65 29
      000B96 0A                    5191 	.db 0x0a
      000B97 0D                    5192 	.db 0x0d
      000B98 00                    5193 	.db 0x00
                                   5194 	.area CSEG    (CODE)
                                   5195 	.area CONST   (CODE)
      000B99                       5196 ___str_40:
      000B99 45 72 72 6F 72 3A 20  5197 	.ascii "Error: No ACK for device address (read mode)"
             4E 6F 20 41 43 4B 20
             66 6F 72 20 64 65 76
             69 63 65 20 61 64 64
             72 65 73 73 20 28 72
             65 61 64 20 6D 6F 64
             65 29
      000BC5 0A                    5198 	.db 0x0a
      000BC6 0D                    5199 	.db 0x0d
      000BC7 00                    5200 	.db 0x00
                                   5201 	.area CSEG    (CODE)
                                   5202 	.area CONST   (CODE)
      000BC8                       5203 ___str_41:
      000BC8 7C 20 30 78 25 30 33  5204 	.ascii "| 0x%03X : 0x%02X "
             58 20 3A 20 30 78 25
             30 32 58 20
      000BDA 0A                    5205 	.db 0x0a
      000BDB 0D                    5206 	.db 0x0d
      000BDC 00                    5207 	.db 0x00
                                   5208 	.area CSEG    (CODE)
                                   5209 	.area CONST   (CODE)
      000BDD                       5210 ___str_42:
      000BDD E2                    5211 	.db 0xe2
      000BDE 94                    5212 	.db 0x94
      000BDF 82                    5213 	.db 0x82
      000BE0 20 52 65 61 64 20 73  5214 	.ascii " Read successful!                 "
             75 63 63 65 73 73 66
             75 6C 21 20 20 20 20
             20 20 20 20 20 20 20
             20 20 20 20 20 20
      000C02 E2                    5215 	.db 0xe2
      000C03 94                    5216 	.db 0x94
      000C04 82                    5217 	.db 0x82
      000C05 0A                    5218 	.db 0x0a
      000C06 0D                    5219 	.db 0x0d
      000C07 00                    5220 	.db 0x00
                                   5221 	.area CSEG    (CODE)
                                   5222 	.area CONST   (CODE)
      000C08                       5223 ___str_43:
      000C08 41 43 4B 20 44 49 44  5224 	.ascii "ACK DID NOT ARRIVE"
             20 4E 4F 54 20 41 52
             52 49 56 45
      000C1A 0A                    5225 	.db 0x0a
      000C1B 0D                    5226 	.db 0x0d
      000C1C 00                    5227 	.db 0x00
                                   5228 	.area CSEG    (CODE)
                                   5229 	.area CONST   (CODE)
      000C1D                       5230 ___str_44:
      000C1D 0D                    5231 	.db 0x0d
      000C1E 0A                    5232 	.db 0x0a
      000C1F 2D 2D 2D 2D 2D 2D 2D  5233 	.ascii "------------------------------------------------------------"
             2D 2D 2D 2D 2D 2D 2D
             2D 2D 2D 2D 2D 2D 2D
             2D 2D 2D 2D 2D 2D 2D
             2D 2D 2D 2D 2D 2D 2D
             2D 2D 2D 2D 2D 2D 2D
             2D 2D 2D 2D 2D 2D 2D
             2D 2D 2D 2D 2D 2D 2D
             2D 2D 2D 2D
      000C5B 2D 2D 2D 2D           5234 	.ascii "----"
      000C5F 0D                    5235 	.db 0x0d
      000C60 0A                    5236 	.db 0x0a
      000C61 00                    5237 	.db 0x00
                                   5238 	.area CSEG    (CODE)
                                   5239 	.area CONST   (CODE)
      000C62                       5240 ___str_45:
      000C62 20 20 20 20 20 20 20  5241 	.ascii "                    EEPROM Hex Dump                         "
             20 20 20 20 20 20 20
             20 20 20 20 20 20 45
             45 50 52 4F 4D 20 48
             65 78 20 44 75 6D 70
             20 20 20 20 20 20 20
             20 20 20 20 20 20 20
             20 20 20 20 20 20 20
             20 20 20 20
      000C9E 20 20 20 20 20 20     5242 	.ascii "      "
      000CA4 0D                    5243 	.db 0x0d
      000CA5 0A                    5244 	.db 0x0a
      000CA6 00                    5245 	.db 0x00
                                   5246 	.area CSEG    (CODE)
                                   5247 	.area CONST   (CODE)
      000CA7                       5248 ___str_46:
      000CA7 2D 2D 2D 2D 2D 2D 2D  5249 	.ascii "------------------------------------------------------------"
             2D 2D 2D 2D 2D 2D 2D
             2D 2D 2D 2D 2D 2D 2D
             2D 2D 2D 2D 2D 2D 2D
             2D 2D 2D 2D 2D 2D 2D
             2D 2D 2D 2D 2D 2D 2D
             2D 2D 2D 2D 2D 2D 2D
             2D 2D 2D 2D 2D 2D 2D
             2D 2D 2D 2D
      000CE3 2D 2D 2D 2D           5250 	.ascii "----"
      000CE7 0D                    5251 	.db 0x0d
      000CE8 0A                    5252 	.db 0x0a
      000CE9 00                    5253 	.db 0x00
                                   5254 	.area CSEG    (CODE)
                                   5255 	.area CONST   (CODE)
      000CEA                       5256 ___str_47:
      000CEA 20 20 20 20 20 30 20  5257 	.ascii "     0  1  2  3  4  5  6  7  8  9  A  B  C  D  E  F"
             20 31 20 20 32 20 20
             33 20 20 34 20 20 35
             20 20 36 20 20 37 20
             20 38 20 20 39 20 20
             41 20 20 42 20 20 43
             20 20 44 20 20 45 20
             20 46
      000D1D 0D                    5258 	.db 0x0d
      000D1E 0A                    5259 	.db 0x0a
      000D1F 00                    5260 	.db 0x00
                                   5261 	.area CSEG    (CODE)
                                   5262 	.area CONST   (CODE)
      000D20                       5263 ___str_48:
      000D20 25 30 33 58 3A 20     5264 	.ascii "%03X: "
      000D26 00                    5265 	.db 0x00
                                   5266 	.area CSEG    (CODE)
                                   5267 	.area CONST   (CODE)
      000D27                       5268 ___str_49:
      000D27 45 72 72 6F 72 3A 20  5269 	.ascii "Error: Device not responding"
             44 65 76 69 63 65 20
             6E 6F 74 20 72 65 73
             70 6F 6E 64 69 6E 67
      000D43 0D                    5270 	.db 0x0d
      000D44 0A                    5271 	.db 0x0a
      000D45 00                    5272 	.db 0x00
                                   5273 	.area CSEG    (CODE)
                                   5274 	.area CONST   (CODE)
      000D46                       5275 ___str_50:
      000D46 45 72 72 6F 72 3A 20  5276 	.ascii "Error: Address write failed"
             41 64 64 72 65 73 73
             20 77 72 69 74 65 20
             66 61 69 6C 65 64
      000D61 0D                    5277 	.db 0x0d
      000D62 0A                    5278 	.db 0x0a
      000D63 00                    5279 	.db 0x00
                                   5280 	.area CSEG    (CODE)
                                   5281 	.area CONST   (CODE)
      000D64                       5282 ___str_51:
      000D64 45 72 72 6F 72 3A 20  5283 	.ascii "Error: Device not responding in read mode"
             44 65 76 69 63 65 20
             6E 6F 74 20 72 65 73
             70 6F 6E 64 69 6E 67
             20 69 6E 20 72 65 61
             64 20 6D 6F 64 65
      000D8D 0D                    5284 	.db 0x0d
      000D8E 0A                    5285 	.db 0x0a
      000D8F 00                    5286 	.db 0x00
                                   5287 	.area CSEG    (CODE)
                                   5288 	.area CONST   (CODE)
      000D90                       5289 ___str_52:
      000D90 25 30 32 58 20        5290 	.ascii "%02X "
      000D95 00                    5291 	.db 0x00
                                   5292 	.area CSEG    (CODE)
                                   5293 	.area CONST   (CODE)
      000D96                       5294 ___str_53:
      000D96 20 20 20              5295 	.ascii "   "
      000D99 00                    5296 	.db 0x00
                                   5297 	.area CSEG    (CODE)
                                   5298 	.area CONST   (CODE)
      000D9A                       5299 ___str_54:
      000D9A 20 7C 20              5300 	.ascii " | "
      000D9D 00                    5301 	.db 0x00
                                   5302 	.area CSEG    (CODE)
                                   5303 	.area CONST   (CODE)
      000D9E                       5304 ___str_55:
      000D9E 0D                    5305 	.db 0x0d
      000D9F 0A                    5306 	.db 0x0a
      000DA0 00                    5307 	.db 0x00
                                   5308 	.area CSEG    (CODE)
                                   5309 	.area CONST   (CODE)
      000DA1                       5310 ___str_56:
      000DA1 0A                    5311 	.db 0x0a
      000DA2 45 6E 74 65 72 20 53  5312 	.ascii "Enter Start Address for HEX Dump (000-7FF):"
             74 61 72 74 20 41 64
             64 72 65 73 73 20 66
             6F 72 20 48 45 58 20
             44 75 6D 70 20 28 30
             30 30 2D 37 46 46 29
             3A
      000DCD 0D                    5313 	.db 0x0d
      000DCE 0A                    5314 	.db 0x0a
      000DCF 00                    5315 	.db 0x00
                                   5316 	.area CSEG    (CODE)
                                   5317 	.area CONST   (CODE)
      000DD0                       5318 ___str_57:
      000DD0 49 6E 76 61 6C 69 64  5319 	.ascii "Invalid Start Address! Must be between 0x000 and 0x7FF"
             20 53 74 61 72 74 20
             41 64 64 72 65 73 73
             21 20 4D 75 73 74 20
             62 65 20 62 65 74 77
             65 65 6E 20 30 78 30
             30 30 20 61 6E 64 20
             30 78 37 46 46
      000E06 0D                    5320 	.db 0x0d
      000E07 0A                    5321 	.db 0x0a
      000E08 00                    5322 	.db 0x00
                                   5323 	.area CSEG    (CODE)
                                   5324 	.area CONST   (CODE)
      000E09                       5325 ___str_58:
      000E09 0A                    5326 	.db 0x0a
      000E0A 45 6E 74 65 72 20 45  5327 	.ascii "Enter End Address for HEX Dump (000-7FF):"
             6E 64 20 41 64 64 72
             65 73 73 20 66 6F 72
             20 48 45 58 20 44 75
             6D 70 20 28 30 30 30
             2D 37 46 46 29 3A
      000E33 0D                    5328 	.db 0x0d
      000E34 0A                    5329 	.db 0x0a
      000E35 00                    5330 	.db 0x00
                                   5331 	.area CSEG    (CODE)
                                   5332 	.area CONST   (CODE)
      000E36                       5333 ___str_59:
      000E36 49 6E 76 61 6C 69 64  5334 	.ascii "Invalid End Address! Must be between 0x%03X and 0x7FF"
             20 45 6E 64 20 41 64
             64 72 65 73 73 21 20
             4D 75 73 74 20 62 65
             20 62 65 74 77 65 65
             6E 20 30 78 25 30 33
             58 20 61 6E 64 20 30
             78 37 46 46
      000E6B 0D                    5335 	.db 0x0d
      000E6C 0A                    5336 	.db 0x0a
      000E6D 00                    5337 	.db 0x00
                                   5338 	.area CSEG    (CODE)
                                   5339 	.area CONST   (CODE)
      000E6E                       5340 ___str_60:
      000E6E 57 72 69 74 69 6E 67  5341 	.ascii "Writing data 0x%02X to address 0x%02X"
             20 64 61 74 61 20 30
             78 25 30 32 58 20 74
             6F 20 61 64 64 72 65
             73 73 20 30 78 25 30
             32 58
      000E93 0A                    5342 	.db 0x0a
      000E94 0D                    5343 	.db 0x0d
      000E95 00                    5344 	.db 0x00
                                   5345 	.area CSEG    (CODE)
                                   5346 	.area CONST   (CODE)
      000E96                       5347 ___str_61:
      000E96 52 65 61 64 20 62 61  5348 	.ascii "Read back from address 0x%02X: 0x%02X"
             63 6B 20 66 72 6F 6D
             20 61 64 64 72 65 73
             73 20 30 78 25 30 32
             58 3A 20 30 78 25 30
             32 58
      000EBB 0A                    5349 	.db 0x0a
      000EBC 0D                    5350 	.db 0x0d
      000EBD 00                    5351 	.db 0x00
                                   5352 	.area CSEG    (CODE)
                                   5353 	.area CONST   (CODE)
      000EBE                       5354 ___str_62:
      000EBE 4D 41 54 43 48 20 2D  5355 	.ascii "MATCH - Write/Read successful!"
             20 57 72 69 74 65 2F
             52 65 61 64 20 73 75
             63 63 65 73 73 66 75
             6C 21
      000EDC 0A                    5356 	.db 0x0a
      000EDD 0D                    5357 	.db 0x0d
      000EDE 00                    5358 	.db 0x00
                                   5359 	.area CSEG    (CODE)
                                   5360 	.area CONST   (CODE)
      000EDF                       5361 ___str_63:
      000EDF 45 52 52 4F 52 20 2D  5362 	.ascii "ERROR - Data mismatch!"
             20 44 61 74 61 20 6D
             69 73 6D 61 74 63 68
             21
      000EF5 0A                    5363 	.db 0x0a
      000EF6 0D                    5364 	.db 0x0d
      000EF7 00                    5365 	.db 0x00
                                   5366 	.area CSEG    (CODE)
                                   5367 	.area XINIT   (CODE)
      000000                       5368 __xinit__address_range_flag:
      000000 01 00                 5369 	.byte #0x01, #0x00	;  1
      000002                       5370 __xinit__data_range_flag:
      000002 01 00                 5371 	.byte #0x01, #0x00	;  1
      000004                       5372 __xinit__block:
      000004 00 00                 5373 	.byte #0x00, #0x00	; 0
                                   5374 	.area CABS    (ABS,CODE)
