                                      1 ;--------------------------------------------------------
                                      2 ; File Created by SDCC : free open source ANSI-C Compiler
                                      3 ; Version 4.0.0 #11528 (Linux)
                                      4 ;--------------------------------------------------------
                                      5 	.module 8051_i2c_eeprom
                                      6 	.optsdcc -mmcs51 --model-large
                                      7 	
                                      8 ;--------------------------------------------------------
                                      9 ; Public variables in this module
                                     10 ;--------------------------------------------------------
                                     11 	.globl _test_function
                                     12 	.globl _EEPROM_hexdump
                                     13 	.globl _main
                                     14 	.globl _disable_interrupt0
                                     15 	.globl _external_ISR0
                                     16 	.globl _command_menu
                                     17 	.globl _ui
                                     18 	.globl _getchar
                                     19 	.globl _putchar
                                     20 	.globl _printf
                                     21 	.globl _P5_7
                                     22 	.globl _P5_6
                                     23 	.globl _P5_5
                                     24 	.globl _P5_4
                                     25 	.globl _P5_3
                                     26 	.globl _P5_2
                                     27 	.globl _P5_1
                                     28 	.globl _P5_0
                                     29 	.globl _P4_7
                                     30 	.globl _P4_6
                                     31 	.globl _P4_5
                                     32 	.globl _P4_4
                                     33 	.globl _P4_3
                                     34 	.globl _P4_2
                                     35 	.globl _P4_1
                                     36 	.globl _P4_0
                                     37 	.globl _PX0L
                                     38 	.globl _PT0L
                                     39 	.globl _PX1L
                                     40 	.globl _PT1L
                                     41 	.globl _PSL
                                     42 	.globl _PT2L
                                     43 	.globl _PPCL
                                     44 	.globl _EC
                                     45 	.globl _CCF0
                                     46 	.globl _CCF1
                                     47 	.globl _CCF2
                                     48 	.globl _CCF3
                                     49 	.globl _CCF4
                                     50 	.globl _CR
                                     51 	.globl _CF
                                     52 	.globl _TF2
                                     53 	.globl _EXF2
                                     54 	.globl _RCLK
                                     55 	.globl _TCLK
                                     56 	.globl _EXEN2
                                     57 	.globl _TR2
                                     58 	.globl _C_T2
                                     59 	.globl _CP_RL2
                                     60 	.globl _T2CON_7
                                     61 	.globl _T2CON_6
                                     62 	.globl _T2CON_5
                                     63 	.globl _T2CON_4
                                     64 	.globl _T2CON_3
                                     65 	.globl _T2CON_2
                                     66 	.globl _T2CON_1
                                     67 	.globl _T2CON_0
                                     68 	.globl _PT2
                                     69 	.globl _ET2
                                     70 	.globl _CY
                                     71 	.globl _AC
                                     72 	.globl _F0
                                     73 	.globl _RS1
                                     74 	.globl _RS0
                                     75 	.globl _OV
                                     76 	.globl _F1
                                     77 	.globl _P
                                     78 	.globl _PS
                                     79 	.globl _PT1
                                     80 	.globl _PX1
                                     81 	.globl _PT0
                                     82 	.globl _PX0
                                     83 	.globl _RD
                                     84 	.globl _WR
                                     85 	.globl _T1
                                     86 	.globl _T0
                                     87 	.globl _INT1
                                     88 	.globl _INT0
                                     89 	.globl _TXD
                                     90 	.globl _RXD
                                     91 	.globl _P3_7
                                     92 	.globl _P3_6
                                     93 	.globl _P3_5
                                     94 	.globl _P3_4
                                     95 	.globl _P3_3
                                     96 	.globl _P3_2
                                     97 	.globl _P3_1
                                     98 	.globl _P3_0
                                     99 	.globl _EA
                                    100 	.globl _ES
                                    101 	.globl _ET1
                                    102 	.globl _EX1
                                    103 	.globl _ET0
                                    104 	.globl _EX0
                                    105 	.globl _P2_7
                                    106 	.globl _P2_6
                                    107 	.globl _P2_5
                                    108 	.globl _P2_4
                                    109 	.globl _P2_3
                                    110 	.globl _P2_2
                                    111 	.globl _P2_1
                                    112 	.globl _P2_0
                                    113 	.globl _SM0
                                    114 	.globl _SM1
                                    115 	.globl _SM2
                                    116 	.globl _REN
                                    117 	.globl _TB8
                                    118 	.globl _RB8
                                    119 	.globl _TI
                                    120 	.globl _RI
                                    121 	.globl _P1_7
                                    122 	.globl _P1_6
                                    123 	.globl _P1_5
                                    124 	.globl _P1_4
                                    125 	.globl _P1_3
                                    126 	.globl _P1_2
                                    127 	.globl _P1_1
                                    128 	.globl _P1_0
                                    129 	.globl _TF1
                                    130 	.globl _TR1
                                    131 	.globl _TF0
                                    132 	.globl _TR0
                                    133 	.globl _IE1
                                    134 	.globl _IT1
                                    135 	.globl _IE0
                                    136 	.globl _IT0
                                    137 	.globl _P0_7
                                    138 	.globl _P0_6
                                    139 	.globl _P0_5
                                    140 	.globl _P0_4
                                    141 	.globl _P0_3
                                    142 	.globl _P0_2
                                    143 	.globl _P0_1
                                    144 	.globl _P0_0
                                    145 	.globl _EECON
                                    146 	.globl _KBF
                                    147 	.globl _KBE
                                    148 	.globl _KBLS
                                    149 	.globl _BRL
                                    150 	.globl _BDRCON
                                    151 	.globl _T2MOD
                                    152 	.globl _SPDAT
                                    153 	.globl _SPSTA
                                    154 	.globl _SPCON
                                    155 	.globl _SADEN
                                    156 	.globl _SADDR
                                    157 	.globl _WDTPRG
                                    158 	.globl _WDTRST
                                    159 	.globl _P5
                                    160 	.globl _P4
                                    161 	.globl _IPH1
                                    162 	.globl _IPL1
                                    163 	.globl _IPH0
                                    164 	.globl _IPL0
                                    165 	.globl _IEN1
                                    166 	.globl _IEN0
                                    167 	.globl _CMOD
                                    168 	.globl _CL
                                    169 	.globl _CH
                                    170 	.globl _CCON
                                    171 	.globl _CCAPM4
                                    172 	.globl _CCAPM3
                                    173 	.globl _CCAPM2
                                    174 	.globl _CCAPM1
                                    175 	.globl _CCAPM0
                                    176 	.globl _CCAP4L
                                    177 	.globl _CCAP3L
                                    178 	.globl _CCAP2L
                                    179 	.globl _CCAP1L
                                    180 	.globl _CCAP0L
                                    181 	.globl _CCAP4H
                                    182 	.globl _CCAP3H
                                    183 	.globl _CCAP2H
                                    184 	.globl _CCAP1H
                                    185 	.globl _CCAP0H
                                    186 	.globl _CKCON1
                                    187 	.globl _CKCON0
                                    188 	.globl _CKRL
                                    189 	.globl _AUXR1
                                    190 	.globl _AUXR
                                    191 	.globl _TH2
                                    192 	.globl _TL2
                                    193 	.globl _RCAP2H
                                    194 	.globl _RCAP2L
                                    195 	.globl _T2CON
                                    196 	.globl _B
                                    197 	.globl _ACC
                                    198 	.globl _PSW
                                    199 	.globl _IP
                                    200 	.globl _P3
                                    201 	.globl _IE
                                    202 	.globl _P2
                                    203 	.globl _SBUF
                                    204 	.globl _SCON
                                    205 	.globl _P1
                                    206 	.globl _TH1
                                    207 	.globl _TH0
                                    208 	.globl _TL1
                                    209 	.globl _TL0
                                    210 	.globl _TMOD
                                    211 	.globl _TCON
                                    212 	.globl _PCON
                                    213 	.globl _DPH
                                    214 	.globl _DPL
                                    215 	.globl _SP
                                    216 	.globl _P0
                                    217 	.globl _EEPROM_hexdump_PARM_2
                                    218 	.globl _eeprom_write_PARM_2
                                    219 	.globl _pcf8574_set_pin_PARM_2
                                    220 	.globl _ACK
                                    221 	.globl _pcf8574_init
                                    222 	.globl _pcf8574_read_port
                                    223 	.globl _pcf8574_read_pin
                                    224 	.globl _pcf8574_write_port
                                    225 	.globl _pcf8574_set_pin
                                    226 	.globl _enable_interrupt0
                                    227 	.globl _take_address
                                    228 	.globl _take_data
                                    229 	.globl _eeprom_write
                                    230 	.globl _eeprom_read
                                    231 	.globl _i2c_write
                                    232 	.globl _i2c_read
                                    233 	.globl _i2c_start
                                    234 	.globl _handler_EEPROM_hexdump
                                    235 	.globl _i2c_stop
                                    236 	.globl _eeprom_reset
                                    237 	.globl _i2c_delay
                                    238 ;--------------------------------------------------------
                                    239 ; special function registers
                                    240 ;--------------------------------------------------------
                                    241 	.area RSEG    (ABS,DATA)
      000000                        242 	.org 0x0000
                           000080   243 _P0	=	0x0080
                           000081   244 _SP	=	0x0081
                           000082   245 _DPL	=	0x0082
                           000083   246 _DPH	=	0x0083
                           000087   247 _PCON	=	0x0087
                           000088   248 _TCON	=	0x0088
                           000089   249 _TMOD	=	0x0089
                           00008A   250 _TL0	=	0x008a
                           00008B   251 _TL1	=	0x008b
                           00008C   252 _TH0	=	0x008c
                           00008D   253 _TH1	=	0x008d
                           000090   254 _P1	=	0x0090
                           000098   255 _SCON	=	0x0098
                           000099   256 _SBUF	=	0x0099
                           0000A0   257 _P2	=	0x00a0
                           0000A8   258 _IE	=	0x00a8
                           0000B0   259 _P3	=	0x00b0
                           0000B8   260 _IP	=	0x00b8
                           0000D0   261 _PSW	=	0x00d0
                           0000E0   262 _ACC	=	0x00e0
                           0000F0   263 _B	=	0x00f0
                           0000C8   264 _T2CON	=	0x00c8
                           0000CA   265 _RCAP2L	=	0x00ca
                           0000CB   266 _RCAP2H	=	0x00cb
                           0000CC   267 _TL2	=	0x00cc
                           0000CD   268 _TH2	=	0x00cd
                           00008E   269 _AUXR	=	0x008e
                           0000A2   270 _AUXR1	=	0x00a2
                           000097   271 _CKRL	=	0x0097
                           00008F   272 _CKCON0	=	0x008f
                           0000AF   273 _CKCON1	=	0x00af
                           0000FA   274 _CCAP0H	=	0x00fa
                           0000FB   275 _CCAP1H	=	0x00fb
                           0000FC   276 _CCAP2H	=	0x00fc
                           0000FD   277 _CCAP3H	=	0x00fd
                           0000FE   278 _CCAP4H	=	0x00fe
                           0000EA   279 _CCAP0L	=	0x00ea
                           0000EB   280 _CCAP1L	=	0x00eb
                           0000EC   281 _CCAP2L	=	0x00ec
                           0000ED   282 _CCAP3L	=	0x00ed
                           0000EE   283 _CCAP4L	=	0x00ee
                           0000DA   284 _CCAPM0	=	0x00da
                           0000DB   285 _CCAPM1	=	0x00db
                           0000DC   286 _CCAPM2	=	0x00dc
                           0000DD   287 _CCAPM3	=	0x00dd
                           0000DE   288 _CCAPM4	=	0x00de
                           0000D8   289 _CCON	=	0x00d8
                           0000F9   290 _CH	=	0x00f9
                           0000E9   291 _CL	=	0x00e9
                           0000D9   292 _CMOD	=	0x00d9
                           0000A8   293 _IEN0	=	0x00a8
                           0000B1   294 _IEN1	=	0x00b1
                           0000B8   295 _IPL0	=	0x00b8
                           0000B7   296 _IPH0	=	0x00b7
                           0000B2   297 _IPL1	=	0x00b2
                           0000B3   298 _IPH1	=	0x00b3
                           0000C0   299 _P4	=	0x00c0
                           0000E8   300 _P5	=	0x00e8
                           0000A6   301 _WDTRST	=	0x00a6
                           0000A7   302 _WDTPRG	=	0x00a7
                           0000A9   303 _SADDR	=	0x00a9
                           0000B9   304 _SADEN	=	0x00b9
                           0000C3   305 _SPCON	=	0x00c3
                           0000C4   306 _SPSTA	=	0x00c4
                           0000C5   307 _SPDAT	=	0x00c5
                           0000C9   308 _T2MOD	=	0x00c9
                           00009B   309 _BDRCON	=	0x009b
                           00009A   310 _BRL	=	0x009a
                           00009C   311 _KBLS	=	0x009c
                           00009D   312 _KBE	=	0x009d
                           00009E   313 _KBF	=	0x009e
                           0000D2   314 _EECON	=	0x00d2
                                    315 ;--------------------------------------------------------
                                    316 ; special function bits
                                    317 ;--------------------------------------------------------
                                    318 	.area RSEG    (ABS,DATA)
      000000                        319 	.org 0x0000
                           000080   320 _P0_0	=	0x0080
                           000081   321 _P0_1	=	0x0081
                           000082   322 _P0_2	=	0x0082
                           000083   323 _P0_3	=	0x0083
                           000084   324 _P0_4	=	0x0084
                           000085   325 _P0_5	=	0x0085
                           000086   326 _P0_6	=	0x0086
                           000087   327 _P0_7	=	0x0087
                           000088   328 _IT0	=	0x0088
                           000089   329 _IE0	=	0x0089
                           00008A   330 _IT1	=	0x008a
                           00008B   331 _IE1	=	0x008b
                           00008C   332 _TR0	=	0x008c
                           00008D   333 _TF0	=	0x008d
                           00008E   334 _TR1	=	0x008e
                           00008F   335 _TF1	=	0x008f
                           000090   336 _P1_0	=	0x0090
                           000091   337 _P1_1	=	0x0091
                           000092   338 _P1_2	=	0x0092
                           000093   339 _P1_3	=	0x0093
                           000094   340 _P1_4	=	0x0094
                           000095   341 _P1_5	=	0x0095
                           000096   342 _P1_6	=	0x0096
                           000097   343 _P1_7	=	0x0097
                           000098   344 _RI	=	0x0098
                           000099   345 _TI	=	0x0099
                           00009A   346 _RB8	=	0x009a
                           00009B   347 _TB8	=	0x009b
                           00009C   348 _REN	=	0x009c
                           00009D   349 _SM2	=	0x009d
                           00009E   350 _SM1	=	0x009e
                           00009F   351 _SM0	=	0x009f
                           0000A0   352 _P2_0	=	0x00a0
                           0000A1   353 _P2_1	=	0x00a1
                           0000A2   354 _P2_2	=	0x00a2
                           0000A3   355 _P2_3	=	0x00a3
                           0000A4   356 _P2_4	=	0x00a4
                           0000A5   357 _P2_5	=	0x00a5
                           0000A6   358 _P2_6	=	0x00a6
                           0000A7   359 _P2_7	=	0x00a7
                           0000A8   360 _EX0	=	0x00a8
                           0000A9   361 _ET0	=	0x00a9
                           0000AA   362 _EX1	=	0x00aa
                           0000AB   363 _ET1	=	0x00ab
                           0000AC   364 _ES	=	0x00ac
                           0000AF   365 _EA	=	0x00af
                           0000B0   366 _P3_0	=	0x00b0
                           0000B1   367 _P3_1	=	0x00b1
                           0000B2   368 _P3_2	=	0x00b2
                           0000B3   369 _P3_3	=	0x00b3
                           0000B4   370 _P3_4	=	0x00b4
                           0000B5   371 _P3_5	=	0x00b5
                           0000B6   372 _P3_6	=	0x00b6
                           0000B7   373 _P3_7	=	0x00b7
                           0000B0   374 _RXD	=	0x00b0
                           0000B1   375 _TXD	=	0x00b1
                           0000B2   376 _INT0	=	0x00b2
                           0000B3   377 _INT1	=	0x00b3
                           0000B4   378 _T0	=	0x00b4
                           0000B5   379 _T1	=	0x00b5
                           0000B6   380 _WR	=	0x00b6
                           0000B7   381 _RD	=	0x00b7
                           0000B8   382 _PX0	=	0x00b8
                           0000B9   383 _PT0	=	0x00b9
                           0000BA   384 _PX1	=	0x00ba
                           0000BB   385 _PT1	=	0x00bb
                           0000BC   386 _PS	=	0x00bc
                           0000D0   387 _P	=	0x00d0
                           0000D1   388 _F1	=	0x00d1
                           0000D2   389 _OV	=	0x00d2
                           0000D3   390 _RS0	=	0x00d3
                           0000D4   391 _RS1	=	0x00d4
                           0000D5   392 _F0	=	0x00d5
                           0000D6   393 _AC	=	0x00d6
                           0000D7   394 _CY	=	0x00d7
                           0000AD   395 _ET2	=	0x00ad
                           0000BD   396 _PT2	=	0x00bd
                           0000C8   397 _T2CON_0	=	0x00c8
                           0000C9   398 _T2CON_1	=	0x00c9
                           0000CA   399 _T2CON_2	=	0x00ca
                           0000CB   400 _T2CON_3	=	0x00cb
                           0000CC   401 _T2CON_4	=	0x00cc
                           0000CD   402 _T2CON_5	=	0x00cd
                           0000CE   403 _T2CON_6	=	0x00ce
                           0000CF   404 _T2CON_7	=	0x00cf
                           0000C8   405 _CP_RL2	=	0x00c8
                           0000C9   406 _C_T2	=	0x00c9
                           0000CA   407 _TR2	=	0x00ca
                           0000CB   408 _EXEN2	=	0x00cb
                           0000CC   409 _TCLK	=	0x00cc
                           0000CD   410 _RCLK	=	0x00cd
                           0000CE   411 _EXF2	=	0x00ce
                           0000CF   412 _TF2	=	0x00cf
                           0000DF   413 _CF	=	0x00df
                           0000DE   414 _CR	=	0x00de
                           0000DC   415 _CCF4	=	0x00dc
                           0000DB   416 _CCF3	=	0x00db
                           0000DA   417 _CCF2	=	0x00da
                           0000D9   418 _CCF1	=	0x00d9
                           0000D8   419 _CCF0	=	0x00d8
                           0000AE   420 _EC	=	0x00ae
                           0000BE   421 _PPCL	=	0x00be
                           0000BD   422 _PT2L	=	0x00bd
                           0000BC   423 _PSL	=	0x00bc
                           0000BB   424 _PT1L	=	0x00bb
                           0000BA   425 _PX1L	=	0x00ba
                           0000B9   426 _PT0L	=	0x00b9
                           0000B8   427 _PX0L	=	0x00b8
                           0000C0   428 _P4_0	=	0x00c0
                           0000C1   429 _P4_1	=	0x00c1
                           0000C2   430 _P4_2	=	0x00c2
                           0000C3   431 _P4_3	=	0x00c3
                           0000C4   432 _P4_4	=	0x00c4
                           0000C5   433 _P4_5	=	0x00c5
                           0000C6   434 _P4_6	=	0x00c6
                           0000C7   435 _P4_7	=	0x00c7
                           0000E8   436 _P5_0	=	0x00e8
                           0000E9   437 _P5_1	=	0x00e9
                           0000EA   438 _P5_2	=	0x00ea
                           0000EB   439 _P5_3	=	0x00eb
                           0000EC   440 _P5_4	=	0x00ec
                           0000ED   441 _P5_5	=	0x00ed
                           0000EE   442 _P5_6	=	0x00ee
                           0000EF   443 _P5_7	=	0x00ef
                                    444 ;--------------------------------------------------------
                                    445 ; overlayable register banks
                                    446 ;--------------------------------------------------------
                                    447 	.area REG_BANK_0	(REL,OVR,DATA)
      000000                        448 	.ds 8
                                    449 ;--------------------------------------------------------
                                    450 ; overlayable bit register bank
                                    451 ;--------------------------------------------------------
                                    452 	.area BIT_BANK	(REL,OVR,DATA)
      000000                        453 bits:
      000000                        454 	.ds 1
                           008000   455 	b0 = bits[0]
                           008100   456 	b1 = bits[1]
                           008200   457 	b2 = bits[2]
                           008300   458 	b3 = bits[3]
                           008400   459 	b4 = bits[4]
                           008500   460 	b5 = bits[5]
                           008600   461 	b6 = bits[6]
                           008700   462 	b7 = bits[7]
                                    463 ;--------------------------------------------------------
                                    464 ; internal ram data
                                    465 ;--------------------------------------------------------
                                    466 	.area DSEG    (DATA)
                                    467 ;--------------------------------------------------------
                                    468 ; overlayable items in internal ram 
                                    469 ;--------------------------------------------------------
                                    470 ;--------------------------------------------------------
                                    471 ; Stack segment in internal ram 
                                    472 ;--------------------------------------------------------
                                    473 	.area	SSEG
      000000                        474 __start__stack:
      000000                        475 	.ds	1
                                    476 
                                    477 ;--------------------------------------------------------
                                    478 ; indirectly addressable internal ram data
                                    479 ;--------------------------------------------------------
                                    480 	.area ISEG    (DATA)
                                    481 ;--------------------------------------------------------
                                    482 ; absolute internal ram data
                                    483 ;--------------------------------------------------------
                                    484 	.area IABS    (ABS,DATA)
                                    485 	.area IABS    (ABS,DATA)
                                    486 ;--------------------------------------------------------
                                    487 ; bit data
                                    488 ;--------------------------------------------------------
                                    489 	.area BSEG    (BIT)
                                    490 ;--------------------------------------------------------
                                    491 ; paged external ram data
                                    492 ;--------------------------------------------------------
                                    493 	.area PSEG    (PAG,XDATA)
                                    494 ;--------------------------------------------------------
                                    495 ; external ram data
                                    496 ;--------------------------------------------------------
                                    497 	.area XSEG    (XDATA)
      000000                        498 _ACK::
      000000                        499 	.ds 2
      000002                        500 _putchar_charToSend_65536_55:
      000002                        501 	.ds 2
      000004                        502 _pcf8574_read_pin_pin_65536_79:
      000004                        503 	.ds 1
      000005                        504 _pcf8574_write_port_value_65536_81:
      000005                        505 	.ds 1
      000006                        506 _pcf8574_set_pin_PARM_2:
      000006                        507 	.ds 1
      000007                        508 _pcf8574_set_pin_pin_65536_83:
      000007                        509 	.ds 1
      000008                        510 _pcf8574_set_pin_port_state_65536_84:
      000008                        511 	.ds 1
      000009                        512 _take_address_input_65537_90:
      000009                        513 	.ds 4
      00000D                        514 _take_address_address_65538_94:
      00000D                        515 	.ds 2
      00000F                        516 _take_data_input_65537_100:
      00000F                        517 	.ds 4
      000013                        518 _take_data_data_65538_104:
      000013                        519 	.ds 1
      000014                        520 _eeprom_write_PARM_2:
      000014                        521 	.ds 1
      000015                        522 _eeprom_write_address_65536_108:
      000015                        523 	.ds 2
      000017                        524 _eeprom_read_address_65536_115:
      000017                        525 	.ds 2
      000019                        526 _i2c_write_data_65536_120:
      000019                        527 	.ds 1
      00001A                        528 _i2c_read_ACK_65536_125:
      00001A                        529 	.ds 2
      00001C                        530 _i2c_read_buff_65536_126:
      00001C                        531 	.ds 1
      00001D                        532 _EEPROM_hexdump_PARM_2:
      00001D                        533 	.ds 2
      00001F                        534 _EEPROM_hexdump_start_address_65536_131:
      00001F                        535 	.ds 2
      000021                        536 _EEPROM_hexdump_current_address_65537_133:
      000021                        537 	.ds 2
                                    538 ;--------------------------------------------------------
                                    539 ; absolute external ram data
                                    540 ;--------------------------------------------------------
                                    541 	.area XABS    (ABS,XDATA)
                                    542 ;--------------------------------------------------------
                                    543 ; external initialized ram data
                                    544 ;--------------------------------------------------------
                                    545 	.area XISEG   (XDATA)
      000000                        546 _address_range_flag:
      000000                        547 	.ds 2
      000002                        548 _data_range_flag:
      000002                        549 	.ds 2
      000004                        550 _block:
      000004                        551 	.ds 2
                                    552 	.area HOME    (CODE)
                                    553 	.area GSINIT0 (CODE)
                                    554 	.area GSINIT1 (CODE)
                                    555 	.area GSINIT2 (CODE)
                                    556 	.area GSINIT3 (CODE)
                                    557 	.area GSINIT4 (CODE)
                                    558 	.area GSINIT5 (CODE)
                                    559 	.area GSINIT  (CODE)
                                    560 	.area GSFINAL (CODE)
                                    561 	.area CSEG    (CODE)
                                    562 ;--------------------------------------------------------
                                    563 ; interrupt vector 
                                    564 ;--------------------------------------------------------
                                    565 	.area HOME    (CODE)
      000000                        566 __interrupt_vect:
      000000 02r00r00         [24]  567 	ljmp	__sdcc_gsinit_startup
      000003 02r01r55         [24]  568 	ljmp	_external_ISR0
                                    569 ;--------------------------------------------------------
                                    570 ; global & static initialisations
                                    571 ;--------------------------------------------------------
                                    572 	.area HOME    (CODE)
                                    573 	.area GSINIT  (CODE)
                                    574 	.area GSFINAL (CODE)
                                    575 	.area GSINIT  (CODE)
                                    576 	.globl __sdcc_gsinit_startup
                                    577 	.globl __sdcc_program_startup
                                    578 	.globl __start__stack
                                    579 	.globl __mcs51_genXINIT
                                    580 	.globl __mcs51_genXRAMCLEAR
                                    581 	.globl __mcs51_genRAMCLEAR
                                    582 	.area GSFINAL (CODE)
      000000 02r00r06         [24]  583 	ljmp	__sdcc_program_startup
                                    584 ;--------------------------------------------------------
                                    585 ; Home
                                    586 ;--------------------------------------------------------
                                    587 	.area HOME    (CODE)
                                    588 	.area HOME    (CODE)
      000006                        589 __sdcc_program_startup:
      000006 02r01rAB         [24]  590 	ljmp	_main
                                    591 ;	return from main will return to caller
                                    592 ;--------------------------------------------------------
                                    593 ; code
                                    594 ;--------------------------------------------------------
                                    595 	.area CSEG    (CODE)
                                    596 ;------------------------------------------------------------
                                    597 ;Allocation info for local variables in function 'putchar'
                                    598 ;------------------------------------------------------------
                                    599 ;charToSend                Allocated with name '_putchar_charToSend_65536_55'
                                    600 ;------------------------------------------------------------
                                    601 ;	8051_i2c_eeprom.c:76: int putchar(int charToSend) {
                                    602 ;	-----------------------------------------
                                    603 ;	 function putchar
                                    604 ;	-----------------------------------------
      000000                        605 _putchar:
                           000007   606 	ar7 = 0x07
                           000006   607 	ar6 = 0x06
                           000005   608 	ar5 = 0x05
                           000004   609 	ar4 = 0x04
                           000003   610 	ar3 = 0x03
                           000002   611 	ar2 = 0x02
                           000001   612 	ar1 = 0x01
                           000000   613 	ar0 = 0x00
      000000 AF 83            [24]  614 	mov	r7,dph
      000002 E5 82            [12]  615 	mov	a,dpl
      000004 90r00r02         [24]  616 	mov	dptr,#_putchar_charToSend_65536_55
      000007 F0               [24]  617 	movx	@dptr,a
      000008 EF               [12]  618 	mov	a,r7
      000009 A3               [24]  619 	inc	dptr
      00000A F0               [24]  620 	movx	@dptr,a
                                    621 ;	8051_i2c_eeprom.c:77: SBUF = charToSend;       /* Load character into serial buffer */
      00000B 90r00r02         [24]  622 	mov	dptr,#_putchar_charToSend_65536_55
      00000E E0               [24]  623 	movx	a,@dptr
      00000F FE               [12]  624 	mov	r6,a
      000010 A3               [24]  625 	inc	dptr
      000011 E0               [24]  626 	movx	a,@dptr
      000012 FF               [12]  627 	mov	r7,a
      000013 8E 99            [24]  628 	mov	_SBUF,r6
                                    629 ;	8051_i2c_eeprom.c:78: while (!TI);             /* Wait for transmission completion */
      000015                        630 00101$:
                                    631 ;	8051_i2c_eeprom.c:79: TI = 0;                  /* Clear transmission flag */
                                    632 ;	assignBit
      000015 10 99 02         [24]  633 	jbc	_TI,00114$
      000018 80 FB            [24]  634 	sjmp	00101$
      00001A                        635 00114$:
                                    636 ;	8051_i2c_eeprom.c:80: return charToSend;
      00001A 8E 82            [24]  637 	mov	dpl,r6
      00001C 8F 83            [24]  638 	mov	dph,r7
                                    639 ;	8051_i2c_eeprom.c:81: }
      00001E 22               [24]  640 	ret
                                    641 ;------------------------------------------------------------
                                    642 ;Allocation info for local variables in function 'getchar'
                                    643 ;------------------------------------------------------------
                                    644 ;	8051_i2c_eeprom.c:87: int getchar(void) {
                                    645 ;	-----------------------------------------
                                    646 ;	 function getchar
                                    647 ;	-----------------------------------------
      00001F                        648 _getchar:
                                    649 ;	8051_i2c_eeprom.c:88: while (!RI);             /* Wait for reception completion */
      00001F                        650 00101$:
                                    651 ;	8051_i2c_eeprom.c:89: RI = 0;                  /* Clear reception flag */
                                    652 ;	assignBit
      00001F 10 98 02         [24]  653 	jbc	_RI,00114$
      000022 80 FB            [24]  654 	sjmp	00101$
      000024                        655 00114$:
                                    656 ;	8051_i2c_eeprom.c:90: return SBUF;             /* Return received character */
      000024 AE 99            [24]  657 	mov	r6,_SBUF
      000026 7F 00            [12]  658 	mov	r7,#0x00
      000028 8E 82            [24]  659 	mov	dpl,r6
      00002A 8F 83            [24]  660 	mov	dph,r7
                                    661 ;	8051_i2c_eeprom.c:91: }
      00002C 22               [24]  662 	ret
                                    663 ;------------------------------------------------------------
                                    664 ;Allocation info for local variables in function 'ui'
                                    665 ;------------------------------------------------------------
                                    666 ;	8051_i2c_eeprom.c:96: void ui()
                                    667 ;	-----------------------------------------
                                    668 ;	 function ui
                                    669 ;	-----------------------------------------
      00002D                        670 _ui:
                                    671 ;	8051_i2c_eeprom.c:98: printf("\n╔════════════════════════════════════════════════════════╗\n\r");
      00002D 74r00            [12]  672 	mov	a,#___str_0
      00002F C0 E0            [24]  673 	push	acc
      000031 74s00            [12]  674 	mov	a,#(___str_0 >> 8)
      000033 C0 E0            [24]  675 	push	acc
      000035 74 80            [12]  676 	mov	a,#0x80
      000037 C0 E0            [24]  677 	push	acc
      000039 12r00r00         [24]  678 	lcall	_printf
      00003C 15 81            [12]  679 	dec	sp
      00003E 15 81            [12]  680 	dec	sp
      000040 15 81            [12]  681 	dec	sp
                                    682 ;	8051_i2c_eeprom.c:99: printf("║           I2C Memory Management System v1.0            ║\n\r");
      000042 74rB2            [12]  683 	mov	a,#___str_1
      000044 C0 E0            [24]  684 	push	acc
      000046 74s00            [12]  685 	mov	a,#(___str_1 >> 8)
      000048 C0 E0            [24]  686 	push	acc
      00004A 74 80            [12]  687 	mov	a,#0x80
      00004C C0 E0            [24]  688 	push	acc
      00004E 12r00r00         [24]  689 	lcall	_printf
      000051 15 81            [12]  690 	dec	sp
      000053 15 81            [12]  691 	dec	sp
      000055 15 81            [12]  692 	dec	sp
                                    693 ;	8051_i2c_eeprom.c:100: printf("╚════════════════════════════════════════════════════════╝\n\r");
      000057 74rF3            [12]  694 	mov	a,#___str_2
      000059 C0 E0            [24]  695 	push	acc
      00005B 74s00            [12]  696 	mov	a,#(___str_2 >> 8)
      00005D C0 E0            [24]  697 	push	acc
      00005F 74 80            [12]  698 	mov	a,#0x80
      000061 C0 E0            [24]  699 	push	acc
      000063 12r00r00         [24]  700 	lcall	_printf
      000066 15 81            [12]  701 	dec	sp
      000068 15 81            [12]  702 	dec	sp
      00006A 15 81            [12]  703 	dec	sp
                                    704 ;	8051_i2c_eeprom.c:102: }
      00006C 22               [24]  705 	ret
                                    706 ;------------------------------------------------------------
                                    707 ;Allocation info for local variables in function 'command_menu'
                                    708 ;------------------------------------------------------------
                                    709 ;	8051_i2c_eeprom.c:107: void command_menu()
                                    710 ;	-----------------------------------------
                                    711 ;	 function command_menu
                                    712 ;	-----------------------------------------
      00006D                        713 _command_menu:
                                    714 ;	8051_i2c_eeprom.c:109: printf("\n\r┌────────────┬────────────────────────────────────────────┐\n\r");
      00006D 74rA4            [12]  715 	mov	a,#___str_3
      00006F C0 E0            [24]  716 	push	acc
      000071 74s01            [12]  717 	mov	a,#(___str_3 >> 8)
      000073 C0 E0            [24]  718 	push	acc
      000075 74 80            [12]  719 	mov	a,#0x80
      000077 C0 E0            [24]  720 	push	acc
      000079 12r00r00         [24]  721 	lcall	_printf
      00007C 15 81            [12]  722 	dec	sp
      00007E 15 81            [12]  723 	dec	sp
      000080 15 81            [12]  724 	dec	sp
                                    725 ;	8051_i2c_eeprom.c:110: printf("│  Command   │               Description                  │\n\r");
      000082 74r5A            [12]  726 	mov	a,#___str_4
      000084 C0 E0            [24]  727 	push	acc
      000086 74s02            [12]  728 	mov	a,#(___str_4 >> 8)
      000088 C0 E0            [24]  729 	push	acc
      00008A 74 80            [12]  730 	mov	a,#0x80
      00008C C0 E0            [24]  731 	push	acc
      00008E 12r00r00         [24]  732 	lcall	_printf
      000091 15 81            [12]  733 	dec	sp
      000093 15 81            [12]  734 	dec	sp
      000095 15 81            [12]  735 	dec	sp
                                    736 ;	8051_i2c_eeprom.c:111: printf("├────────────┼────────────────────────────────────────────┤\n\r");
      000097 74r9E            [12]  737 	mov	a,#___str_5
      000099 C0 E0            [24]  738 	push	acc
      00009B 74s02            [12]  739 	mov	a,#(___str_5 >> 8)
      00009D C0 E0            [24]  740 	push	acc
      00009F 74 80            [12]  741 	mov	a,#0x80
      0000A1 C0 E0            [24]  742 	push	acc
      0000A3 12r00r00         [24]  743 	lcall	_printf
      0000A6 15 81            [12]  744 	dec	sp
      0000A8 15 81            [12]  745 	dec	sp
      0000AA 15 81            [12]  746 	dec	sp
                                    747 ;	8051_i2c_eeprom.c:112: printf("│     R      │ Read from address                          │\n\r");
      0000AC 74r52            [12]  748 	mov	a,#___str_6
      0000AE C0 E0            [24]  749 	push	acc
      0000B0 74s03            [12]  750 	mov	a,#(___str_6 >> 8)
      0000B2 C0 E0            [24]  751 	push	acc
      0000B4 74 80            [12]  752 	mov	a,#0x80
      0000B6 C0 E0            [24]  753 	push	acc
      0000B8 12r00r00         [24]  754 	lcall	_printf
      0000BB 15 81            [12]  755 	dec	sp
      0000BD 15 81            [12]  756 	dec	sp
      0000BF 15 81            [12]  757 	dec	sp
                                    758 ;	8051_i2c_eeprom.c:113: printf("│     W      │ Write data to address                      │\n\r");
      0000C1 74r96            [12]  759 	mov	a,#___str_7
      0000C3 C0 E0            [24]  760 	push	acc
      0000C5 74s03            [12]  761 	mov	a,#(___str_7 >> 8)
      0000C7 C0 E0            [24]  762 	push	acc
      0000C9 74 80            [12]  763 	mov	a,#0x80
      0000CB C0 E0            [24]  764 	push	acc
      0000CD 12r00r00         [24]  765 	lcall	_printf
      0000D0 15 81            [12]  766 	dec	sp
      0000D2 15 81            [12]  767 	dec	sp
      0000D4 15 81            [12]  768 	dec	sp
                                    769 ;	8051_i2c_eeprom.c:114: printf("│     H      │ Display hex dump                           │\n\r");
      0000D6 74rDA            [12]  770 	mov	a,#___str_8
      0000D8 C0 E0            [24]  771 	push	acc
      0000DA 74s03            [12]  772 	mov	a,#(___str_8 >> 8)
      0000DC C0 E0            [24]  773 	push	acc
      0000DE 74 80            [12]  774 	mov	a,#0x80
      0000E0 C0 E0            [24]  775 	push	acc
      0000E2 12r00r00         [24]  776 	lcall	_printf
      0000E5 15 81            [12]  777 	dec	sp
      0000E7 15 81            [12]  778 	dec	sp
      0000E9 15 81            [12]  779 	dec	sp
                                    780 ;	8051_i2c_eeprom.c:115: printf("│     X      │ Reset memory system                        │\n\r");
      0000EB 74r1E            [12]  781 	mov	a,#___str_9
      0000ED C0 E0            [24]  782 	push	acc
      0000EF 74s04            [12]  783 	mov	a,#(___str_9 >> 8)
      0000F1 C0 E0            [24]  784 	push	acc
      0000F3 74 80            [12]  785 	mov	a,#0x80
      0000F5 C0 E0            [24]  786 	push	acc
      0000F7 12r00r00         [24]  787 	lcall	_printf
      0000FA 15 81            [12]  788 	dec	sp
      0000FC 15 81            [12]  789 	dec	sp
      0000FE 15 81            [12]  790 	dec	sp
                                    791 ;	8051_i2c_eeprom.c:116: printf("│     ?      │ Display this help menu                     │\n\r");
      000100 74r62            [12]  792 	mov	a,#___str_10
      000102 C0 E0            [24]  793 	push	acc
      000104 74s04            [12]  794 	mov	a,#(___str_10 >> 8)
      000106 C0 E0            [24]  795 	push	acc
      000108 74 80            [12]  796 	mov	a,#0x80
      00010A C0 E0            [24]  797 	push	acc
      00010C 12r00r00         [24]  798 	lcall	_printf
      00010F 15 81            [12]  799 	dec	sp
      000111 15 81            [12]  800 	dec	sp
      000113 15 81            [12]  801 	dec	sp
                                    802 ;	8051_i2c_eeprom.c:117: printf("│     I      │ IO Expander                                │\n\r");
      000115 74rA6            [12]  803 	mov	a,#___str_11
      000117 C0 E0            [24]  804 	push	acc
      000119 74s04            [12]  805 	mov	a,#(___str_11 >> 8)
      00011B C0 E0            [24]  806 	push	acc
      00011D 74 80            [12]  807 	mov	a,#0x80
      00011F C0 E0            [24]  808 	push	acc
      000121 12r00r00         [24]  809 	lcall	_printf
      000124 15 81            [12]  810 	dec	sp
      000126 15 81            [12]  811 	dec	sp
      000128 15 81            [12]  812 	dec	sp
                                    813 ;	8051_i2c_eeprom.c:118: printf("│     L      │ Leave IO Expander                          │\n\r");
      00012A 74rEA            [12]  814 	mov	a,#___str_12
      00012C C0 E0            [24]  815 	push	acc
      00012E 74s04            [12]  816 	mov	a,#(___str_12 >> 8)
      000130 C0 E0            [24]  817 	push	acc
      000132 74 80            [12]  818 	mov	a,#0x80
      000134 C0 E0            [24]  819 	push	acc
      000136 12r00r00         [24]  820 	lcall	_printf
      000139 15 81            [12]  821 	dec	sp
      00013B 15 81            [12]  822 	dec	sp
      00013D 15 81            [12]  823 	dec	sp
                                    824 ;	8051_i2c_eeprom.c:119: printf("└────────────┴────────────────────────────────────────────┘\n\r");
      00013F 74r2E            [12]  825 	mov	a,#___str_13
      000141 C0 E0            [24]  826 	push	acc
      000143 74s05            [12]  827 	mov	a,#(___str_13 >> 8)
      000145 C0 E0            [24]  828 	push	acc
      000147 74 80            [12]  829 	mov	a,#0x80
      000149 C0 E0            [24]  830 	push	acc
      00014B 12r00r00         [24]  831 	lcall	_printf
      00014E 15 81            [12]  832 	dec	sp
      000150 15 81            [12]  833 	dec	sp
      000152 15 81            [12]  834 	dec	sp
                                    835 ;	8051_i2c_eeprom.c:122: }
      000154 22               [24]  836 	ret
                                    837 ;------------------------------------------------------------
                                    838 ;Allocation info for local variables in function 'external_ISR0'
                                    839 ;------------------------------------------------------------
                                    840 ;data                      Allocated with name '_external_ISR0_data_65536_62'
                                    841 ;------------------------------------------------------------
                                    842 ;	8051_i2c_eeprom.c:124: void external_ISR0(void) __interrupt (0)
                                    843 ;	-----------------------------------------
                                    844 ;	 function external_ISR0
                                    845 ;	-----------------------------------------
      000155                        846 _external_ISR0:
      000155 C0*00            [24]  847 	push	bits
      000157 C0 E0            [24]  848 	push	acc
      000159 C0 F0            [24]  849 	push	b
      00015B C0 82            [24]  850 	push	dpl
      00015D C0 83            [24]  851 	push	dph
      00015F C0 07            [24]  852 	push	(0+7)
      000161 C0 06            [24]  853 	push	(0+6)
      000163 C0 05            [24]  854 	push	(0+5)
      000165 C0 04            [24]  855 	push	(0+4)
      000167 C0 03            [24]  856 	push	(0+3)
      000169 C0 02            [24]  857 	push	(0+2)
      00016B C0 01            [24]  858 	push	(0+1)
      00016D C0 00            [24]  859 	push	(0+0)
      00016F C0 D0            [24]  860 	push	psw
      000171 75 D0 00         [24]  861 	mov	psw,#0x00
                                    862 ;	8051_i2c_eeprom.c:129: data=pcf8574_read_pin(0);
      000174 75 82 00         [24]  863 	mov	dpl,#0x00
      000177 12r03r98         [24]  864 	lcall	_pcf8574_read_pin
      00017A AF 82            [24]  865 	mov	r7,dpl
                                    866 ;	8051_i2c_eeprom.c:131: pcf8574_set_pin(7,data);
      00017C 90r00r06         [24]  867 	mov	dptr,#_pcf8574_set_pin_PARM_2
      00017F EF               [12]  868 	mov	a,r7
      000180 F0               [24]  869 	movx	@dptr,a
      000181 75 82 07         [24]  870 	mov	dpl,#0x07
      000184 12r03rD4         [24]  871 	lcall	_pcf8574_set_pin
                                    872 ;	8051_i2c_eeprom.c:134: }
      000187 D0 D0            [24]  873 	pop	psw
      000189 D0 00            [24]  874 	pop	(0+0)
      00018B D0 01            [24]  875 	pop	(0+1)
      00018D D0 02            [24]  876 	pop	(0+2)
      00018F D0 03            [24]  877 	pop	(0+3)
      000191 D0 04            [24]  878 	pop	(0+4)
      000193 D0 05            [24]  879 	pop	(0+5)
      000195 D0 06            [24]  880 	pop	(0+6)
      000197 D0 07            [24]  881 	pop	(0+7)
      000199 D0 83            [24]  882 	pop	dph
      00019B D0 82            [24]  883 	pop	dpl
      00019D D0 F0            [24]  884 	pop	b
      00019F D0 E0            [24]  885 	pop	acc
      0001A1 D0*00            [24]  886 	pop	bits
      0001A3 32               [24]  887 	reti
                                    888 ;------------------------------------------------------------
                                    889 ;Allocation info for local variables in function 'disable_interrupt0'
                                    890 ;------------------------------------------------------------
                                    891 ;	8051_i2c_eeprom.c:136: void disable_interrupt0(void)
                                    892 ;	-----------------------------------------
                                    893 ;	 function disable_interrupt0
                                    894 ;	-----------------------------------------
      0001A4                        895 _disable_interrupt0:
                                    896 ;	8051_i2c_eeprom.c:139: IT0 = 0;           // Set INT0 to be edge-triggered
                                    897 ;	assignBit
      0001A4 C2 88            [12]  898 	clr	_IT0
                                    899 ;	8051_i2c_eeprom.c:140: EX0 = 0;          // Enable INT0 interrupt
                                    900 ;	assignBit
      0001A6 C2 A8            [12]  901 	clr	_EX0
                                    902 ;	8051_i2c_eeprom.c:141: EA = 0;           // Enable global interrupts
                                    903 ;	assignBit
      0001A8 C2 AF            [12]  904 	clr	_EA
                                    905 ;	8051_i2c_eeprom.c:142: }
      0001AA 22               [24]  906 	ret
                                    907 ;------------------------------------------------------------
                                    908 ;Allocation info for local variables in function 'main'
                                    909 ;------------------------------------------------------------
                                    910 ;user_input                Allocated with name '_main_user_input_131072_66'
                                    911 ;addr                      Allocated with name '_main_addr_262145_69'
                                    912 ;data                      Allocated with name '_main_data_262146_71'
                                    913 ;addr                      Allocated with name '_main_addr_262145_74'
                                    914 ;------------------------------------------------------------
                                    915 ;	8051_i2c_eeprom.c:147: int main()
                                    916 ;	-----------------------------------------
                                    917 ;	 function main
                                    918 ;	-----------------------------------------
      0001AB                        919 _main:
                                    920 ;	8051_i2c_eeprom.c:150: P1 &= ~(1<<3);  // Set P1.3 as output
      0001AB 53 90 F7         [24]  921 	anl	_P1,#0xf7
                                    922 ;	8051_i2c_eeprom.c:151: P1 &= ~(1<<4);  // Set P1.4 as output
      0001AE 53 90 EF         [24]  923 	anl	_P1,#0xef
                                    924 ;	8051_i2c_eeprom.c:152: ui();
      0001B1 12r00r2D         [24]  925 	lcall	_ui
                                    926 ;	8051_i2c_eeprom.c:153: command_menu();
      0001B4 12r00r6D         [24]  927 	lcall	_command_menu
                                    928 ;	8051_i2c_eeprom.c:154: i2c_start();
      0001B7 12r0Br25         [24]  929 	lcall	_i2c_start
                                    930 ;	8051_i2c_eeprom.c:155: while(1)
      0001BA                        931 00117$:
                                    932 ;	8051_i2c_eeprom.c:157: char user_input = getchar();
      0001BA 12r00r1F         [24]  933 	lcall	_getchar
      0001BD AE 82            [24]  934 	mov	r6,dpl
                                    935 ;	8051_i2c_eeprom.c:158: printf("| $ %c\n\r", user_input);
      0001BF 8E 05            [24]  936 	mov	ar5,r6
      0001C1 7F 00            [12]  937 	mov	r7,#0x00
      0001C3 C0 06            [24]  938 	push	ar6
      0001C5 C0 05            [24]  939 	push	ar5
      0001C7 C0 07            [24]  940 	push	ar7
      0001C9 74rE2            [12]  941 	mov	a,#___str_14
      0001CB C0 E0            [24]  942 	push	acc
      0001CD 74s05            [12]  943 	mov	a,#(___str_14 >> 8)
      0001CF C0 E0            [24]  944 	push	acc
      0001D1 74 80            [12]  945 	mov	a,#0x80
      0001D3 C0 E0            [24]  946 	push	acc
      0001D5 12r00r00         [24]  947 	lcall	_printf
      0001D8 E5 81            [12]  948 	mov	a,sp
      0001DA 24 FB            [12]  949 	add	a,#0xfb
      0001DC F5 81            [12]  950 	mov	sp,a
                                    951 ;	8051_i2c_eeprom.c:159: printf("\n\r");
      0001DE 74rEB            [12]  952 	mov	a,#___str_15
      0001E0 C0 E0            [24]  953 	push	acc
      0001E2 74s05            [12]  954 	mov	a,#(___str_15 >> 8)
      0001E4 C0 E0            [24]  955 	push	acc
      0001E6 74 80            [12]  956 	mov	a,#0x80
      0001E8 C0 E0            [24]  957 	push	acc
      0001EA 12r00r00         [24]  958 	lcall	_printf
      0001ED 15 81            [12]  959 	dec	sp
      0001EF 15 81            [12]  960 	dec	sp
      0001F1 15 81            [12]  961 	dec	sp
      0001F3 D0 06            [24]  962 	pop	ar6
                                    963 ;	8051_i2c_eeprom.c:160: switch(user_input)
      0001F5 BE 3F 03         [24]  964 	cjne	r6,#0x3f,00165$
      0001F8 02r02rE7         [24]  965 	ljmp	00109$
      0001FB                        966 00165$:
      0001FB BE 48 03         [24]  967 	cjne	r6,#0x48,00166$
      0001FE 02r03r08         [24]  968 	ljmp	00111$
      000201                        969 00166$:
      000201 BE 49 03         [24]  970 	cjne	r6,#0x49,00167$
      000204 02r03r20         [24]  971 	ljmp	00112$
      000207                        972 00167$:
      000207 BE 4C 03         [24]  973 	cjne	r6,#0x4c,00168$
      00020A 02r03r3B         [24]  974 	ljmp	00113$
      00020D                        975 00168$:
      00020D BE 52 02         [24]  976 	cjne	r6,#0x52,00169$
      000210 80 76            [24]  977 	sjmp	00106$
      000212                        978 00169$:
      000212 BE 57 02         [24]  979 	cjne	r6,#0x57,00170$
      000215 80 09            [24]  980 	sjmp	00101$
      000217                        981 00170$:
      000217 BE 58 03         [24]  982 	cjne	r6,#0x58,00171$
      00021A 02r02rED         [24]  983 	ljmp	00110$
      00021D                        984 00171$:
      00021D 02r03r53         [24]  985 	ljmp	00114$
                                    986 ;	8051_i2c_eeprom.c:162: case 'W':
      000220                        987 00101$:
                                    988 ;	8051_i2c_eeprom.c:164: printf("\n┌─────────────── WRITE OPERATION ──────────────┐\n\r");
      000220 74rEE            [12]  989 	mov	a,#___str_16
      000222 C0 E0            [24]  990 	push	acc
      000224 74s05            [12]  991 	mov	a,#(___str_16 >> 8)
      000226 C0 E0            [24]  992 	push	acc
      000228 74 80            [12]  993 	mov	a,#0x80
      00022A C0 E0            [24]  994 	push	acc
      00022C 12r00r00         [24]  995 	lcall	_printf
      00022F 15 81            [12]  996 	dec	sp
      000231 15 81            [12]  997 	dec	sp
      000233 15 81            [12]  998 	dec	sp
                                    999 ;	8051_i2c_eeprom.c:166: addr = take_address();
      000235 12r04r2B         [24] 1000 	lcall	_take_address
      000238 AE 82            [24] 1001 	mov	r6,dpl
      00023A AF 83            [24] 1002 	mov	r7,dph
                                   1003 ;	8051_i2c_eeprom.c:167: if(!address_range_flag) 
      00023C 90r00r00         [24] 1004 	mov	dptr,#_address_range_flag
      00023F E0               [24] 1005 	movx	a,@dptr
      000240 F5 F0            [12] 1006 	mov	b,a
      000242 A3               [24] 1007 	inc	dptr
      000243 E0               [24] 1008 	movx	a,@dptr
      000244 45 F0            [12] 1009 	orl	a,b
      000246 70 0C            [24] 1010 	jnz	00103$
                                   1011 ;	8051_i2c_eeprom.c:169: address_range_flag = 1;
      000248 90r00r00         [24] 1012 	mov	dptr,#_address_range_flag
      00024B 74 01            [12] 1013 	mov	a,#0x01
      00024D F0               [24] 1014 	movx	@dptr,a
      00024E E4               [12] 1015 	clr	a
      00024F A3               [24] 1016 	inc	dptr
      000250 F0               [24] 1017 	movx	@dptr,a
                                   1018 ;	8051_i2c_eeprom.c:170: break;
      000251 02r01rBA         [24] 1019 	ljmp	00117$
      000254                       1020 00103$:
                                   1021 ;	8051_i2c_eeprom.c:173: data = take_data();
      000254 C0 07            [24] 1022 	push	ar7
      000256 C0 06            [24] 1023 	push	ar6
      000258 12r06r69         [24] 1024 	lcall	_take_data
      00025B AD 82            [24] 1025 	mov	r5,dpl
      00025D D0 06            [24] 1026 	pop	ar6
      00025F D0 07            [24] 1027 	pop	ar7
                                   1028 ;	8051_i2c_eeprom.c:174: if(!data_range_flag) 
      000261 90r00r02         [24] 1029 	mov	dptr,#_data_range_flag
      000264 E0               [24] 1030 	movx	a,@dptr
      000265 F5 F0            [12] 1031 	mov	b,a
      000267 A3               [24] 1032 	inc	dptr
      000268 E0               [24] 1033 	movx	a,@dptr
      000269 45 F0            [12] 1034 	orl	a,b
      00026B 70 0C            [24] 1035 	jnz	00105$
                                   1036 ;	8051_i2c_eeprom.c:176: data_range_flag = 1;
      00026D 90r00r02         [24] 1037 	mov	dptr,#_data_range_flag
      000270 74 01            [12] 1038 	mov	a,#0x01
      000272 F0               [24] 1039 	movx	@dptr,a
      000273 E4               [12] 1040 	clr	a
      000274 A3               [24] 1041 	inc	dptr
      000275 F0               [24] 1042 	movx	@dptr,a
                                   1043 ;	8051_i2c_eeprom.c:177: break;
      000276 02r01rBA         [24] 1044 	ljmp	00117$
      000279                       1045 00105$:
                                   1046 ;	8051_i2c_eeprom.c:180: eeprom_write(addr, data);
      000279 90r00r14         [24] 1047 	mov	dptr,#_eeprom_write_PARM_2
      00027C ED               [12] 1048 	mov	a,r5
      00027D F0               [24] 1049 	movx	@dptr,a
      00027E 8E 82            [24] 1050 	mov	dpl,r6
      000280 8F 83            [24] 1051 	mov	dph,r7
      000282 12r07rE2         [24] 1052 	lcall	_eeprom_write
                                   1053 ;	8051_i2c_eeprom.c:181: break;
      000285 02r01rBA         [24] 1054 	ljmp	00117$
                                   1055 ;	8051_i2c_eeprom.c:183: case 'R':
      000288                       1056 00106$:
                                   1057 ;	8051_i2c_eeprom.c:185: printf("\n┌─────────────── READ OPERATION ───────────────┐\n\r");
      000288 74r60            [12] 1058 	mov	a,#___str_17
      00028A C0 E0            [24] 1059 	push	acc
      00028C 74s06            [12] 1060 	mov	a,#(___str_17 >> 8)
      00028E C0 E0            [24] 1061 	push	acc
      000290 74 80            [12] 1062 	mov	a,#0x80
      000292 C0 E0            [24] 1063 	push	acc
      000294 12r00r00         [24] 1064 	lcall	_printf
      000297 15 81            [12] 1065 	dec	sp
      000299 15 81            [12] 1066 	dec	sp
      00029B 15 81            [12] 1067 	dec	sp
                                   1068 ;	8051_i2c_eeprom.c:187: addr = take_address(); 
      00029D 12r04r2B         [24] 1069 	lcall	_take_address
      0002A0 AE 82            [24] 1070 	mov	r6,dpl
      0002A2 AF 83            [24] 1071 	mov	r7,dph
                                   1072 ;	8051_i2c_eeprom.c:188: if(!address_range_flag) 
      0002A4 90r00r00         [24] 1073 	mov	dptr,#_address_range_flag
      0002A7 E0               [24] 1074 	movx	a,@dptr
      0002A8 F5 F0            [12] 1075 	mov	b,a
      0002AA A3               [24] 1076 	inc	dptr
      0002AB E0               [24] 1077 	movx	a,@dptr
      0002AC 45 F0            [12] 1078 	orl	a,b
      0002AE 70 0C            [24] 1079 	jnz	00108$
                                   1080 ;	8051_i2c_eeprom.c:190: address_range_flag = 1;
      0002B0 90r00r00         [24] 1081 	mov	dptr,#_address_range_flag
      0002B3 74 01            [12] 1082 	mov	a,#0x01
      0002B5 F0               [24] 1083 	movx	@dptr,a
      0002B6 E4               [12] 1084 	clr	a
      0002B7 A3               [24] 1085 	inc	dptr
      0002B8 F0               [24] 1086 	movx	@dptr,a
                                   1087 ;	8051_i2c_eeprom.c:191: break;
      0002B9 02r01rBA         [24] 1088 	ljmp	00117$
      0002BC                       1089 00108$:
                                   1090 ;	8051_i2c_eeprom.c:193: printf("| Reading from Address 0x%03X           |\n\r", addr);
      0002BC C0 07            [24] 1091 	push	ar7
      0002BE C0 06            [24] 1092 	push	ar6
      0002C0 C0 06            [24] 1093 	push	ar6
      0002C2 C0 07            [24] 1094 	push	ar7
      0002C4 74rD4            [12] 1095 	mov	a,#___str_18
      0002C6 C0 E0            [24] 1096 	push	acc
      0002C8 74s06            [12] 1097 	mov	a,#(___str_18 >> 8)
      0002CA C0 E0            [24] 1098 	push	acc
      0002CC 74 80            [12] 1099 	mov	a,#0x80
      0002CE C0 E0            [24] 1100 	push	acc
      0002D0 12r00r00         [24] 1101 	lcall	_printf
      0002D3 E5 81            [12] 1102 	mov	a,sp
      0002D5 24 FB            [12] 1103 	add	a,#0xfb
      0002D7 F5 81            [12] 1104 	mov	sp,a
      0002D9 D0 06            [24] 1105 	pop	ar6
      0002DB D0 07            [24] 1106 	pop	ar7
                                   1107 ;	8051_i2c_eeprom.c:194: eeprom_read(addr);
      0002DD 8E 82            [24] 1108 	mov	dpl,r6
      0002DF 8F 83            [24] 1109 	mov	dph,r7
      0002E1 12r09r24         [24] 1110 	lcall	_eeprom_read
                                   1111 ;	8051_i2c_eeprom.c:195: break;
      0002E4 02r01rBA         [24] 1112 	ljmp	00117$
                                   1113 ;	8051_i2c_eeprom.c:198: case '?':
      0002E7                       1114 00109$:
                                   1115 ;	8051_i2c_eeprom.c:199: command_menu();
      0002E7 12r00r6D         [24] 1116 	lcall	_command_menu
                                   1117 ;	8051_i2c_eeprom.c:200: break;
      0002EA 02r01rBA         [24] 1118 	ljmp	00117$
                                   1119 ;	8051_i2c_eeprom.c:202: case 'X':
      0002ED                       1120 00110$:
                                   1121 ;	8051_i2c_eeprom.c:203: printf("\n┌─────────────── RESET OPERATION ───────────┐\n\r");
      0002ED 74r00            [12] 1122 	mov	a,#___str_19
      0002EF C0 E0            [24] 1123 	push	acc
      0002F1 74s07            [12] 1124 	mov	a,#(___str_19 >> 8)
      0002F3 C0 E0            [24] 1125 	push	acc
      0002F5 74 80            [12] 1126 	mov	a,#0x80
      0002F7 C0 E0            [24] 1127 	push	acc
      0002F9 12r00r00         [24] 1128 	lcall	_printf
      0002FC 15 81            [12] 1129 	dec	sp
      0002FE 15 81            [12] 1130 	dec	sp
      000300 15 81            [12] 1131 	dec	sp
                                   1132 ;	8051_i2c_eeprom.c:204: eeprom_reset();
      000302 12r0Fr15         [24] 1133 	lcall	_eeprom_reset
                                   1134 ;	8051_i2c_eeprom.c:205: break;
      000305 02r01rBA         [24] 1135 	ljmp	00117$
                                   1136 ;	8051_i2c_eeprom.c:207: case 'H':
      000308                       1137 00111$:
                                   1138 ;	8051_i2c_eeprom.c:208: printf("\n┌───────────── HEX DUMP OPERATION ───────────────┐\n\r");
      000308 74r69            [12] 1139 	mov	a,#___str_20
      00030A C0 E0            [24] 1140 	push	acc
      00030C 74s07            [12] 1141 	mov	a,#(___str_20 >> 8)
      00030E C0 E0            [24] 1142 	push	acc
      000310 74 80            [12] 1143 	mov	a,#0x80
      000312 C0 E0            [24] 1144 	push	acc
      000314 12r00r00         [24] 1145 	lcall	_printf
      000317 15 81            [12] 1146 	dec	sp
      000319 15 81            [12] 1147 	dec	sp
      00031B 15 81            [12] 1148 	dec	sp
                                   1149 ;	8051_i2c_eeprom.c:210: handler_EEPROM_hexdump();
      00031D 12r0Er69         [24] 1150 	lcall	_handler_EEPROM_hexdump
                                   1151 ;	8051_i2c_eeprom.c:212: case 'I':
      000320                       1152 00112$:
                                   1153 ;	8051_i2c_eeprom.c:213: printf("\n┌───────────── IO EXPANDER OPERATION ───────────────┐\n\r");
      000320 74rDB            [12] 1154 	mov	a,#___str_21
      000322 C0 E0            [24] 1155 	push	acc
      000324 74s07            [12] 1156 	mov	a,#(___str_21 >> 8)
      000326 C0 E0            [24] 1157 	push	acc
      000328 74 80            [12] 1158 	mov	a,#0x80
      00032A C0 E0            [24] 1159 	push	acc
      00032C 12r00r00         [24] 1160 	lcall	_printf
      00032F 15 81            [12] 1161 	dec	sp
      000331 15 81            [12] 1162 	dec	sp
      000333 15 81            [12] 1163 	dec	sp
                                   1164 ;	8051_i2c_eeprom.c:214: enable_interrupt0();
      000335 12r04r24         [24] 1165 	lcall	_enable_interrupt0
                                   1166 ;	8051_i2c_eeprom.c:215: pcf8574_init();
      000338 12r03r6B         [24] 1167 	lcall	_pcf8574_init
                                   1168 ;	8051_i2c_eeprom.c:217: case 'L':
      00033B                       1169 00113$:
                                   1170 ;	8051_i2c_eeprom.c:218: printf("\n┌───────────── IO EXPANDER LEAVE ───────────────┐\n\r");
      00033B 74r50            [12] 1171 	mov	a,#___str_22
      00033D C0 E0            [24] 1172 	push	acc
      00033F 74s08            [12] 1173 	mov	a,#(___str_22 >> 8)
      000341 C0 E0            [24] 1174 	push	acc
      000343 74 80            [12] 1175 	mov	a,#0x80
      000345 C0 E0            [24] 1176 	push	acc
      000347 12r00r00         [24] 1177 	lcall	_printf
      00034A 15 81            [12] 1178 	dec	sp
      00034C 15 81            [12] 1179 	dec	sp
      00034E 15 81            [12] 1180 	dec	sp
                                   1181 ;	8051_i2c_eeprom.c:219: disable_interrupt0();
      000350 12r01rA4         [24] 1182 	lcall	_disable_interrupt0
                                   1183 ;	8051_i2c_eeprom.c:222: default:
      000353                       1184 00114$:
                                   1185 ;	8051_i2c_eeprom.c:223: printf("INVALID INPUT\n\r");
      000353 74rC1            [12] 1186 	mov	a,#___str_23
      000355 C0 E0            [24] 1187 	push	acc
      000357 74s08            [12] 1188 	mov	a,#(___str_23 >> 8)
      000359 C0 E0            [24] 1189 	push	acc
      00035B 74 80            [12] 1190 	mov	a,#0x80
      00035D C0 E0            [24] 1191 	push	acc
      00035F 12r00r00         [24] 1192 	lcall	_printf
      000362 15 81            [12] 1193 	dec	sp
      000364 15 81            [12] 1194 	dec	sp
      000366 15 81            [12] 1195 	dec	sp
                                   1196 ;	8051_i2c_eeprom.c:225: }
                                   1197 ;	8051_i2c_eeprom.c:228: }
      000368 02r01rBA         [24] 1198 	ljmp	00117$
                                   1199 ;------------------------------------------------------------
                                   1200 ;Allocation info for local variables in function 'pcf8574_init'
                                   1201 ;------------------------------------------------------------
                                   1202 ;	8051_i2c_eeprom.c:230: void pcf8574_init()
                                   1203 ;	-----------------------------------------
                                   1204 ;	 function pcf8574_init
                                   1205 ;	-----------------------------------------
      00036B                       1206 _pcf8574_init:
                                   1207 ;	8051_i2c_eeprom.c:232: i2c_start();
      00036B 12r0Br25         [24] 1208 	lcall	_i2c_start
                                   1209 ;	8051_i2c_eeprom.c:233: i2c_write(PCF8574_I2C_WRITE_ADDRESS);
      00036E 75 82 70         [24] 1210 	mov	dpl,#0x70
      000371 12r0Ar38         [24] 1211 	lcall	_i2c_write
                                   1212 ;	8051_i2c_eeprom.c:234: i2c_write(0xFF);
      000374 75 82 FF         [24] 1213 	mov	dpl,#0xff
      000377 12r0Ar38         [24] 1214 	lcall	_i2c_write
                                   1215 ;	8051_i2c_eeprom.c:235: i2c_stop();
                                   1216 ;	8051_i2c_eeprom.c:236: }
      00037A 02r0Fr08         [24] 1217 	ljmp	_i2c_stop
                                   1218 ;------------------------------------------------------------
                                   1219 ;Allocation info for local variables in function 'pcf8574_read_port'
                                   1220 ;------------------------------------------------------------
                                   1221 ;data                      Allocated with name '_pcf8574_read_port_data_65536_78'
                                   1222 ;------------------------------------------------------------
                                   1223 ;	8051_i2c_eeprom.c:237: uint8_t pcf8574_read_port(void) {
                                   1224 ;	-----------------------------------------
                                   1225 ;	 function pcf8574_read_port
                                   1226 ;	-----------------------------------------
      00037D                       1227 _pcf8574_read_port:
                                   1228 ;	8051_i2c_eeprom.c:239: i2c_start();
      00037D 12r0Br25         [24] 1229 	lcall	_i2c_start
                                   1230 ;	8051_i2c_eeprom.c:240: i2c_write(PCF8574_I2C_READ_ADDRESS);
      000380 75 82 71         [24] 1231 	mov	dpl,#0x71
      000383 12r0Ar38         [24] 1232 	lcall	_i2c_write
                                   1233 ;	8051_i2c_eeprom.c:241: data = i2c_read(0);
      000386 90 00 00         [24] 1234 	mov	dptr,#0x0000
      000389 12r0ArA0         [24] 1235 	lcall	_i2c_read
      00038C AE 82            [24] 1236 	mov	r6,dpl
                                   1237 ;	8051_i2c_eeprom.c:242: i2c_stop();
      00038E C0 06            [24] 1238 	push	ar6
      000390 12r0Fr08         [24] 1239 	lcall	_i2c_stop
      000393 D0 06            [24] 1240 	pop	ar6
                                   1241 ;	8051_i2c_eeprom.c:243: return data;
      000395 8E 82            [24] 1242 	mov	dpl,r6
                                   1243 ;	8051_i2c_eeprom.c:244: }
      000397 22               [24] 1244 	ret
                                   1245 ;------------------------------------------------------------
                                   1246 ;Allocation info for local variables in function 'pcf8574_read_pin'
                                   1247 ;------------------------------------------------------------
                                   1248 ;pin                       Allocated with name '_pcf8574_read_pin_pin_65536_79'
                                   1249 ;port_state                Allocated with name '_pcf8574_read_pin_port_state_65536_80'
                                   1250 ;------------------------------------------------------------
                                   1251 ;	8051_i2c_eeprom.c:246: uint8_t pcf8574_read_pin(uint8_t pin) {
                                   1252 ;	-----------------------------------------
                                   1253 ;	 function pcf8574_read_pin
                                   1254 ;	-----------------------------------------
      000398                       1255 _pcf8574_read_pin:
      000398 E5 82            [12] 1256 	mov	a,dpl
      00039A 90r00r04         [24] 1257 	mov	dptr,#_pcf8574_read_pin_pin_65536_79
      00039D F0               [24] 1258 	movx	@dptr,a
                                   1259 ;	8051_i2c_eeprom.c:247: uint8_t port_state = pcf8574_read_port();
      00039E 12r03r7D         [24] 1260 	lcall	_pcf8574_read_port
      0003A1 AF 82            [24] 1261 	mov	r7,dpl
                                   1262 ;	8051_i2c_eeprom.c:248: return (port_state >> pin) & 0x01;
      0003A3 90r00r04         [24] 1263 	mov	dptr,#_pcf8574_read_pin_pin_65536_79
      0003A6 E0               [24] 1264 	movx	a,@dptr
      0003A7 FE               [12] 1265 	mov	r6,a
      0003A8 8E F0            [24] 1266 	mov	b,r6
      0003AA 05 F0            [12] 1267 	inc	b
      0003AC EF               [12] 1268 	mov	a,r7
      0003AD 80 02            [24] 1269 	sjmp	00104$
      0003AF                       1270 00103$:
      0003AF C3               [12] 1271 	clr	c
      0003B0 13               [12] 1272 	rrc	a
      0003B1                       1273 00104$:
      0003B1 D5 F0 FB         [24] 1274 	djnz	b,00103$
      0003B4 54 01            [12] 1275 	anl	a,#0x01
                                   1276 ;	8051_i2c_eeprom.c:249: }
      0003B6 F5 82            [12] 1277 	mov	dpl,a
      0003B8 22               [24] 1278 	ret
                                   1279 ;------------------------------------------------------------
                                   1280 ;Allocation info for local variables in function 'pcf8574_write_port'
                                   1281 ;------------------------------------------------------------
                                   1282 ;value                     Allocated with name '_pcf8574_write_port_value_65536_81'
                                   1283 ;------------------------------------------------------------
                                   1284 ;	8051_i2c_eeprom.c:251: void pcf8574_write_port(uint8_t value)
                                   1285 ;	-----------------------------------------
                                   1286 ;	 function pcf8574_write_port
                                   1287 ;	-----------------------------------------
      0003B9                       1288 _pcf8574_write_port:
      0003B9 E5 82            [12] 1289 	mov	a,dpl
      0003BB 90r00r05         [24] 1290 	mov	dptr,#_pcf8574_write_port_value_65536_81
      0003BE F0               [24] 1291 	movx	@dptr,a
                                   1292 ;	8051_i2c_eeprom.c:253: i2c_start();
      0003BF 12r0Br25         [24] 1293 	lcall	_i2c_start
                                   1294 ;	8051_i2c_eeprom.c:254: i2c_write(PCF8574_I2C_WRITE_ADDRESS);
      0003C2 75 82 70         [24] 1295 	mov	dpl,#0x70
      0003C5 12r0Ar38         [24] 1296 	lcall	_i2c_write
                                   1297 ;	8051_i2c_eeprom.c:255: i2c_write(value);
      0003C8 90r00r05         [24] 1298 	mov	dptr,#_pcf8574_write_port_value_65536_81
      0003CB E0               [24] 1299 	movx	a,@dptr
      0003CC F5 82            [12] 1300 	mov	dpl,a
      0003CE 12r0Ar38         [24] 1301 	lcall	_i2c_write
                                   1302 ;	8051_i2c_eeprom.c:256: i2c_stop();
                                   1303 ;	8051_i2c_eeprom.c:257: }
      0003D1 02r0Fr08         [24] 1304 	ljmp	_i2c_stop
                                   1305 ;------------------------------------------------------------
                                   1306 ;Allocation info for local variables in function 'pcf8574_set_pin'
                                   1307 ;------------------------------------------------------------
                                   1308 ;value                     Allocated with name '_pcf8574_set_pin_PARM_2'
                                   1309 ;pin                       Allocated with name '_pcf8574_set_pin_pin_65536_83'
                                   1310 ;port_state                Allocated with name '_pcf8574_set_pin_port_state_65536_84'
                                   1311 ;------------------------------------------------------------
                                   1312 ;	8051_i2c_eeprom.c:259: void pcf8574_set_pin(uint8_t pin, uint8_t value) {
                                   1313 ;	-----------------------------------------
                                   1314 ;	 function pcf8574_set_pin
                                   1315 ;	-----------------------------------------
      0003D4                       1316 _pcf8574_set_pin:
      0003D4 E5 82            [12] 1317 	mov	a,dpl
      0003D6 90r00r07         [24] 1318 	mov	dptr,#_pcf8574_set_pin_pin_65536_83
      0003D9 F0               [24] 1319 	movx	@dptr,a
                                   1320 ;	8051_i2c_eeprom.c:260: uint8_t port_state = pcf8574_read_port();
      0003DA 12r03r7D         [24] 1321 	lcall	_pcf8574_read_port
      0003DD AF 82            [24] 1322 	mov	r7,dpl
                                   1323 ;	8051_i2c_eeprom.c:261: if (value) {
      0003DF 90r00r06         [24] 1324 	mov	dptr,#_pcf8574_set_pin_PARM_2
      0003E2 E0               [24] 1325 	movx	a,@dptr
      0003E3 60 1D            [24] 1326 	jz	00102$
                                   1327 ;	8051_i2c_eeprom.c:262: port_state |= (1 << pin);  // Set pin high
      0003E5 90r00r07         [24] 1328 	mov	dptr,#_pcf8574_set_pin_pin_65536_83
      0003E8 E0               [24] 1329 	movx	a,@dptr
      0003E9 FE               [12] 1330 	mov	r6,a
      0003EA 8E F0            [24] 1331 	mov	b,r6
      0003EC 05 F0            [12] 1332 	inc	b
      0003EE 74 01            [12] 1333 	mov	a,#0x01
      0003F0 80 02            [24] 1334 	sjmp	00113$
      0003F2                       1335 00111$:
      0003F2 25 E0            [12] 1336 	add	a,acc
      0003F4                       1337 00113$:
      0003F4 D5 F0 FB         [24] 1338 	djnz	b,00111$
      0003F7 FE               [12] 1339 	mov	r6,a
      0003F8 8F 05            [24] 1340 	mov	ar5,r7
      0003FA 90r00r08         [24] 1341 	mov	dptr,#_pcf8574_set_pin_port_state_65536_84
      0003FD EE               [12] 1342 	mov	a,r6
      0003FE 4D               [12] 1343 	orl	a,r5
      0003FF F0               [24] 1344 	movx	@dptr,a
      000400 80 19            [24] 1345 	sjmp	00103$
      000402                       1346 00102$:
                                   1347 ;	8051_i2c_eeprom.c:264: port_state &= ~(1 << pin); // Set pin low
      000402 90r00r07         [24] 1348 	mov	dptr,#_pcf8574_set_pin_pin_65536_83
      000405 E0               [24] 1349 	movx	a,@dptr
      000406 FE               [12] 1350 	mov	r6,a
      000407 8E F0            [24] 1351 	mov	b,r6
      000409 05 F0            [12] 1352 	inc	b
      00040B 74 01            [12] 1353 	mov	a,#0x01
      00040D 80 02            [24] 1354 	sjmp	00116$
      00040F                       1355 00114$:
      00040F 25 E0            [12] 1356 	add	a,acc
      000411                       1357 00116$:
      000411 D5 F0 FB         [24] 1358 	djnz	b,00114$
      000414 F4               [12] 1359 	cpl	a
      000415 FE               [12] 1360 	mov	r6,a
      000416 90r00r08         [24] 1361 	mov	dptr,#_pcf8574_set_pin_port_state_65536_84
      000419 5F               [12] 1362 	anl	a,r7
      00041A F0               [24] 1363 	movx	@dptr,a
      00041B                       1364 00103$:
                                   1365 ;	8051_i2c_eeprom.c:266: pcf8574_write_port(port_state);
      00041B 90r00r08         [24] 1366 	mov	dptr,#_pcf8574_set_pin_port_state_65536_84
      00041E E0               [24] 1367 	movx	a,@dptr
      00041F F5 82            [12] 1368 	mov	dpl,a
                                   1369 ;	8051_i2c_eeprom.c:267: }
      000421 02r03rB9         [24] 1370 	ljmp	_pcf8574_write_port
                                   1371 ;------------------------------------------------------------
                                   1372 ;Allocation info for local variables in function 'enable_interrupt0'
                                   1373 ;------------------------------------------------------------
                                   1374 ;	8051_i2c_eeprom.c:269: void enable_interrupt0(void)
                                   1375 ;	-----------------------------------------
                                   1376 ;	 function enable_interrupt0
                                   1377 ;	-----------------------------------------
      000424                       1378 _enable_interrupt0:
                                   1379 ;	8051_i2c_eeprom.c:272: IT0 = 1;           // Set INT0 to be edge-triggered
                                   1380 ;	assignBit
      000424 D2 88            [12] 1381 	setb	_IT0
                                   1382 ;	8051_i2c_eeprom.c:273: EX0 = 1;          // Enable INT0 interrupt
                                   1383 ;	assignBit
      000426 D2 A8            [12] 1384 	setb	_EX0
                                   1385 ;	8051_i2c_eeprom.c:274: EA = 1;           // Enable global interrupts
                                   1386 ;	assignBit
      000428 D2 AF            [12] 1387 	setb	_EA
                                   1388 ;	8051_i2c_eeprom.c:275: }
      00042A 22               [24] 1389 	ret
                                   1390 ;------------------------------------------------------------
                                   1391 ;Allocation info for local variables in function 'take_address'
                                   1392 ;------------------------------------------------------------
                                   1393 ;input                     Allocated with name '_take_address_input_65537_90'
                                   1394 ;i                         Allocated with name '_take_address_i_65537_90'
                                   1395 ;c                         Allocated with name '_take_address_c_65537_90'
                                   1396 ;address                   Allocated with name '_take_address_address_65538_94'
                                   1397 ;block                     Allocated with name '_take_address_block_65539_98'
                                   1398 ;------------------------------------------------------------
                                   1399 ;	8051_i2c_eeprom.c:283: unsigned int take_address() 
                                   1400 ;	-----------------------------------------
                                   1401 ;	 function take_address
                                   1402 ;	-----------------------------------------
      00042B                       1403 _take_address:
                                   1404 ;	8051_i2c_eeprom.c:285: printf("│ Enter address (hex, up to 3 characters): \n\r|");
      00042B 74rD1            [12] 1405 	mov	a,#___str_24
      00042D C0 E0            [24] 1406 	push	acc
      00042F 74s08            [12] 1407 	mov	a,#(___str_24 >> 8)
      000431 C0 E0            [24] 1408 	push	acc
      000433 74 80            [12] 1409 	mov	a,#0x80
      000435 C0 E0            [24] 1410 	push	acc
      000437 12r00r00         [24] 1411 	lcall	_printf
      00043A 15 81            [12] 1412 	dec	sp
      00043C 15 81            [12] 1413 	dec	sp
      00043E 15 81            [12] 1414 	dec	sp
                                   1415 ;	8051_i2c_eeprom.c:286: char input[4] = {0};  // Array for 3 hex chars + null terminator
      000440 90r00r09         [24] 1416 	mov	dptr,#_take_address_input_65537_90
      000443 E4               [12] 1417 	clr	a
      000444 F0               [24] 1418 	movx	@dptr,a
      000445 90r00r0A         [24] 1419 	mov	dptr,#(_take_address_input_65537_90 + 0x0001)
      000448 F0               [24] 1420 	movx	@dptr,a
      000449 90r00r0B         [24] 1421 	mov	dptr,#(_take_address_input_65537_90 + 0x0002)
      00044C F0               [24] 1422 	movx	@dptr,a
      00044D 90r00r0C         [24] 1423 	mov	dptr,#(_take_address_input_65537_90 + 0x0003)
      000450 F0               [24] 1424 	movx	@dptr,a
                                   1425 ;	8051_i2c_eeprom.c:290: printf("| $ ");
      000451 74r02            [12] 1426 	mov	a,#___str_25
      000453 C0 E0            [24] 1427 	push	acc
      000455 74s09            [12] 1428 	mov	a,#(___str_25 >> 8)
      000457 C0 E0            [24] 1429 	push	acc
      000459 74 80            [12] 1430 	mov	a,#0x80
      00045B C0 E0            [24] 1431 	push	acc
      00045D 12r00r00         [24] 1432 	lcall	_printf
      000460 15 81            [12] 1433 	dec	sp
      000462 15 81            [12] 1434 	dec	sp
      000464 15 81            [12] 1435 	dec	sp
                                   1436 ;	8051_i2c_eeprom.c:292: while (i < 3) {
      000466 7E 00            [12] 1437 	mov	r6,#0x00
      000468 7F 00            [12] 1438 	mov	r7,#0x00
      00046A                       1439 00111$:
      00046A C3               [12] 1440 	clr	c
      00046B EE               [12] 1441 	mov	a,r6
      00046C 94 03            [12] 1442 	subb	a,#0x03
      00046E EF               [12] 1443 	mov	a,r7
      00046F 64 80            [12] 1444 	xrl	a,#0x80
      000471 94 80            [12] 1445 	subb	a,#0x80
      000473 50 5B            [24] 1446 	jnc	00113$
                                   1447 ;	8051_i2c_eeprom.c:294: c = getchar();
      000475 C0 07            [24] 1448 	push	ar7
      000477 C0 06            [24] 1449 	push	ar6
      000479 12r00r1F         [24] 1450 	lcall	_getchar
      00047C AC 82            [24] 1451 	mov	r4,dpl
      00047E AD 83            [24] 1452 	mov	r5,dph
      000480 D0 06            [24] 1453 	pop	ar6
      000482 D0 07            [24] 1454 	pop	ar7
                                   1455 ;	8051_i2c_eeprom.c:297: if (c == '\r' || c == '\n') {
      000484 BC 0D 02         [24] 1456 	cjne	r4,#0x0d,00200$
      000487 80 47            [24] 1457 	sjmp	00113$
      000489                       1458 00200$:
      000489 BC 0A 02         [24] 1459 	cjne	r4,#0x0a,00201$
      00048C 80 42            [24] 1460 	sjmp	00113$
      00048E                       1461 00201$:
                                   1462 ;	8051_i2c_eeprom.c:302: if ((c >= '0' && c <= '9') || 
      00048E BC 30 00         [24] 1463 	cjne	r4,#0x30,00202$
      000491                       1464 00202$:
      000491 40 05            [24] 1465 	jc	00108$
      000493 EC               [12] 1466 	mov	a,r4
      000494 24 C6            [12] 1467 	add	a,#0xff - 0x39
      000496 50 14            [24] 1468 	jnc	00104$
      000498                       1469 00108$:
                                   1470 ;	8051_i2c_eeprom.c:303: (c >= 'a' && c <= 'f') || 
      000498 BC 61 00         [24] 1471 	cjne	r4,#0x61,00205$
      00049B                       1472 00205$:
      00049B 40 05            [24] 1473 	jc	00110$
      00049D EC               [12] 1474 	mov	a,r4
      00049E 24 99            [12] 1475 	add	a,#0xff - 0x66
      0004A0 50 0A            [24] 1476 	jnc	00104$
      0004A2                       1477 00110$:
                                   1478 ;	8051_i2c_eeprom.c:304: (c >= 'A' && c <= 'F')) {
      0004A2 BC 41 00         [24] 1479 	cjne	r4,#0x41,00208$
      0004A5                       1480 00208$:
      0004A5 40 C3            [24] 1481 	jc	00111$
      0004A7 EC               [12] 1482 	mov	a,r4
      0004A8 24 B9            [12] 1483 	add	a,#0xff - 0x46
      0004AA 40 BE            [24] 1484 	jc	00111$
      0004AC                       1485 00104$:
                                   1486 ;	8051_i2c_eeprom.c:306: input[i] = c;
      0004AC EE               [12] 1487 	mov	a,r6
      0004AD 24r09            [12] 1488 	add	a,#_take_address_input_65537_90
      0004AF F5 82            [12] 1489 	mov	dpl,a
      0004B1 EF               [12] 1490 	mov	a,r7
      0004B2 34s00            [12] 1491 	addc	a,#(_take_address_input_65537_90 >> 8)
      0004B4 F5 83            [12] 1492 	mov	dph,a
      0004B6 EC               [12] 1493 	mov	a,r4
      0004B7 F0               [24] 1494 	movx	@dptr,a
                                   1495 ;	8051_i2c_eeprom.c:307: putchar(c);  // Echo character back
      0004B8 7D 00            [12] 1496 	mov	r5,#0x00
      0004BA 8C 82            [24] 1497 	mov	dpl,r4
      0004BC 8D 83            [24] 1498 	mov	dph,r5
      0004BE C0 07            [24] 1499 	push	ar7
      0004C0 C0 06            [24] 1500 	push	ar6
      0004C2 12r00r00         [24] 1501 	lcall	_putchar
      0004C5 D0 06            [24] 1502 	pop	ar6
      0004C7 D0 07            [24] 1503 	pop	ar7
                                   1504 ;	8051_i2c_eeprom.c:308: i++;
      0004C9 0E               [12] 1505 	inc	r6
      0004CA BE 00 9D         [24] 1506 	cjne	r6,#0x00,00111$
      0004CD 0F               [12] 1507 	inc	r7
      0004CE 80 9A            [24] 1508 	sjmp	00111$
      0004D0                       1509 00113$:
                                   1510 ;	8051_i2c_eeprom.c:312: input[i] = '\0';  // Null-terminate the string
      0004D0 EE               [12] 1511 	mov	a,r6
      0004D1 24r09            [12] 1512 	add	a,#_take_address_input_65537_90
      0004D3 F5 82            [12] 1513 	mov	dpl,a
      0004D5 EF               [12] 1514 	mov	a,r7
      0004D6 34s00            [12] 1515 	addc	a,#(_take_address_input_65537_90 >> 8)
      0004D8 F5 83            [12] 1516 	mov	dph,a
      0004DA E4               [12] 1517 	clr	a
      0004DB F0               [24] 1518 	movx	@dptr,a
                                   1519 ;	8051_i2c_eeprom.c:315: unsigned int address = 0;
      0004DC 90r00r0D         [24] 1520 	mov	dptr,#_take_address_address_65538_94
      0004DF F0               [24] 1521 	movx	@dptr,a
      0004E0 A3               [24] 1522 	inc	dptr
      0004E1 F0               [24] 1523 	movx	@dptr,a
                                   1524 ;	8051_i2c_eeprom.c:316: for(i = 0; input[i] != '\0'; i++) {
      0004E2 7E 00            [12] 1525 	mov	r6,#0x00
      0004E4 7F 00            [12] 1526 	mov	r7,#0x00
      0004E6                       1527 00129$:
      0004E6 EE               [12] 1528 	mov	a,r6
      0004E7 24r09            [12] 1529 	add	a,#_take_address_input_65537_90
      0004E9 F5 82            [12] 1530 	mov	dpl,a
      0004EB EF               [12] 1531 	mov	a,r7
      0004EC 34s00            [12] 1532 	addc	a,#(_take_address_input_65537_90 >> 8)
      0004EE F5 83            [12] 1533 	mov	dph,a
      0004F0 E0               [24] 1534 	movx	a,@dptr
      0004F1 FD               [12] 1535 	mov	r5,a
      0004F2 70 03            [24] 1536 	jnz	00212$
      0004F4 02r05r9F         [24] 1537 	ljmp	00125$
      0004F7                       1538 00212$:
                                   1539 ;	8051_i2c_eeprom.c:317: address = address * 16;
      0004F7 90r00r0D         [24] 1540 	mov	dptr,#_take_address_address_65538_94
      0004FA E0               [24] 1541 	movx	a,@dptr
      0004FB FB               [12] 1542 	mov	r3,a
      0004FC A3               [24] 1543 	inc	dptr
      0004FD E0               [24] 1544 	movx	a,@dptr
      0004FE C4               [12] 1545 	swap	a
      0004FF 54 F0            [12] 1546 	anl	a,#0xf0
      000501 CB               [12] 1547 	xch	a,r3
      000502 C4               [12] 1548 	swap	a
      000503 CB               [12] 1549 	xch	a,r3
      000504 6B               [12] 1550 	xrl	a,r3
      000505 CB               [12] 1551 	xch	a,r3
      000506 54 F0            [12] 1552 	anl	a,#0xf0
      000508 CB               [12] 1553 	xch	a,r3
      000509 6B               [12] 1554 	xrl	a,r3
      00050A FC               [12] 1555 	mov	r4,a
      00050B 90r00r0D         [24] 1556 	mov	dptr,#_take_address_address_65538_94
      00050E EB               [12] 1557 	mov	a,r3
      00050F F0               [24] 1558 	movx	@dptr,a
      000510 EC               [12] 1559 	mov	a,r4
      000511 A3               [24] 1560 	inc	dptr
      000512 F0               [24] 1561 	movx	@dptr,a
                                   1562 ;	8051_i2c_eeprom.c:318: if(input[i] >= '0' && input[i] <= '9')
      000513 BD 30 00         [24] 1563 	cjne	r5,#0x30,00213$
      000516                       1564 00213$:
      000516 40 23            [24] 1565 	jc	00122$
      000518 ED               [12] 1566 	mov	a,r5
      000519 24 C6            [12] 1567 	add	a,#0xff - 0x39
      00051B 40 1E            [24] 1568 	jc	00122$
                                   1569 ;	8051_i2c_eeprom.c:319: address += input[i] - '0';
      00051D 7C 00            [12] 1570 	mov	r4,#0x00
      00051F ED               [12] 1571 	mov	a,r5
      000520 24 D0            [12] 1572 	add	a,#0xd0
      000522 FD               [12] 1573 	mov	r5,a
      000523 EC               [12] 1574 	mov	a,r4
      000524 34 FF            [12] 1575 	addc	a,#0xff
      000526 FC               [12] 1576 	mov	r4,a
      000527 90r00r0D         [24] 1577 	mov	dptr,#_take_address_address_65538_94
      00052A E0               [24] 1578 	movx	a,@dptr
      00052B FA               [12] 1579 	mov	r2,a
      00052C A3               [24] 1580 	inc	dptr
      00052D E0               [24] 1581 	movx	a,@dptr
      00052E FB               [12] 1582 	mov	r3,a
      00052F 90r00r0D         [24] 1583 	mov	dptr,#_take_address_address_65538_94
      000532 ED               [12] 1584 	mov	a,r5
      000533 2A               [12] 1585 	add	a,r2
      000534 F0               [24] 1586 	movx	@dptr,a
      000535 EC               [12] 1587 	mov	a,r4
      000536 3B               [12] 1588 	addc	a,r3
      000537 A3               [24] 1589 	inc	dptr
      000538 F0               [24] 1590 	movx	@dptr,a
      000539 80 5C            [24] 1591 	sjmp	00130$
      00053B                       1592 00122$:
                                   1593 ;	8051_i2c_eeprom.c:320: else if(input[i] >= 'A' && input[i] <= 'F')
      00053B EE               [12] 1594 	mov	a,r6
      00053C 24r09            [12] 1595 	add	a,#_take_address_input_65537_90
      00053E F5 82            [12] 1596 	mov	dpl,a
      000540 EF               [12] 1597 	mov	a,r7
      000541 34s00            [12] 1598 	addc	a,#(_take_address_input_65537_90 >> 8)
      000543 F5 83            [12] 1599 	mov	dph,a
      000545 E0               [24] 1600 	movx	a,@dptr
      000546 FD               [12] 1601 	mov	r5,a
      000547 BD 41 00         [24] 1602 	cjne	r5,#0x41,00216$
      00054A                       1603 00216$:
      00054A 40 25            [24] 1604 	jc	00118$
      00054C ED               [12] 1605 	mov	a,r5
      00054D 24 B9            [12] 1606 	add	a,#0xff - 0x46
      00054F 40 20            [24] 1607 	jc	00118$
                                   1608 ;	8051_i2c_eeprom.c:321: address += input[i] - 'A' + 10;
      000551 8D 03            [24] 1609 	mov	ar3,r5
      000553 7C 00            [12] 1610 	mov	r4,#0x00
      000555 74 C9            [12] 1611 	mov	a,#0xc9
      000557 2B               [12] 1612 	add	a,r3
      000558 FB               [12] 1613 	mov	r3,a
      000559 74 FF            [12] 1614 	mov	a,#0xff
      00055B 3C               [12] 1615 	addc	a,r4
      00055C FC               [12] 1616 	mov	r4,a
      00055D 90r00r0D         [24] 1617 	mov	dptr,#_take_address_address_65538_94
      000560 E0               [24] 1618 	movx	a,@dptr
      000561 F9               [12] 1619 	mov	r1,a
      000562 A3               [24] 1620 	inc	dptr
      000563 E0               [24] 1621 	movx	a,@dptr
      000564 FA               [12] 1622 	mov	r2,a
      000565 90r00r0D         [24] 1623 	mov	dptr,#_take_address_address_65538_94
      000568 EB               [12] 1624 	mov	a,r3
      000569 29               [12] 1625 	add	a,r1
      00056A F0               [24] 1626 	movx	@dptr,a
      00056B EC               [12] 1627 	mov	a,r4
      00056C 3A               [12] 1628 	addc	a,r2
      00056D A3               [24] 1629 	inc	dptr
      00056E F0               [24] 1630 	movx	@dptr,a
      00056F 80 26            [24] 1631 	sjmp	00130$
      000571                       1632 00118$:
                                   1633 ;	8051_i2c_eeprom.c:322: else if(input[i] >= 'a' && input[i] <= 'f')
      000571 BD 61 00         [24] 1634 	cjne	r5,#0x61,00219$
      000574                       1635 00219$:
      000574 40 21            [24] 1636 	jc	00130$
      000576 ED               [12] 1637 	mov	a,r5
      000577 24 99            [12] 1638 	add	a,#0xff - 0x66
      000579 40 1C            [24] 1639 	jc	00130$
                                   1640 ;	8051_i2c_eeprom.c:323: address += input[i] - 'a' + 10;
      00057B 7C 00            [12] 1641 	mov	r4,#0x00
      00057D 74 A9            [12] 1642 	mov	a,#0xa9
      00057F 2D               [12] 1643 	add	a,r5
      000580 FD               [12] 1644 	mov	r5,a
      000581 74 FF            [12] 1645 	mov	a,#0xff
      000583 3C               [12] 1646 	addc	a,r4
      000584 FC               [12] 1647 	mov	r4,a
      000585 90r00r0D         [24] 1648 	mov	dptr,#_take_address_address_65538_94
      000588 E0               [24] 1649 	movx	a,@dptr
      000589 FA               [12] 1650 	mov	r2,a
      00058A A3               [24] 1651 	inc	dptr
      00058B E0               [24] 1652 	movx	a,@dptr
      00058C FB               [12] 1653 	mov	r3,a
      00058D 90r00r0D         [24] 1654 	mov	dptr,#_take_address_address_65538_94
      000590 ED               [12] 1655 	mov	a,r5
      000591 2A               [12] 1656 	add	a,r2
      000592 F0               [24] 1657 	movx	@dptr,a
      000593 EC               [12] 1658 	mov	a,r4
      000594 3B               [12] 1659 	addc	a,r3
      000595 A3               [24] 1660 	inc	dptr
      000596 F0               [24] 1661 	movx	@dptr,a
      000597                       1662 00130$:
                                   1663 ;	8051_i2c_eeprom.c:316: for(i = 0; input[i] != '\0'; i++) {
      000597 0E               [12] 1664 	inc	r6
      000598 BE 00 01         [24] 1665 	cjne	r6,#0x00,00222$
      00059B 0F               [12] 1666 	inc	r7
      00059C                       1667 00222$:
      00059C 02r04rE6         [24] 1668 	ljmp	00129$
      00059F                       1669 00125$:
                                   1670 ;	8051_i2c_eeprom.c:326: printf("\n\r│ Entered address: 0x%03X\n\r", address);
      00059F 90r00r0D         [24] 1671 	mov	dptr,#_take_address_address_65538_94
      0005A2 E0               [24] 1672 	movx	a,@dptr
      0005A3 FE               [12] 1673 	mov	r6,a
      0005A4 A3               [24] 1674 	inc	dptr
      0005A5 E0               [24] 1675 	movx	a,@dptr
      0005A6 FF               [12] 1676 	mov	r7,a
      0005A7 C0 07            [24] 1677 	push	ar7
      0005A9 C0 06            [24] 1678 	push	ar6
      0005AB C0 06            [24] 1679 	push	ar6
      0005AD C0 07            [24] 1680 	push	ar7
      0005AF 74r07            [12] 1681 	mov	a,#___str_26
      0005B1 C0 E0            [24] 1682 	push	acc
      0005B3 74s09            [12] 1683 	mov	a,#(___str_26 >> 8)
      0005B5 C0 E0            [24] 1684 	push	acc
      0005B7 74 80            [12] 1685 	mov	a,#0x80
      0005B9 C0 E0            [24] 1686 	push	acc
      0005BB 12r00r00         [24] 1687 	lcall	_printf
      0005BE E5 81            [12] 1688 	mov	a,sp
      0005C0 24 FB            [12] 1689 	add	a,#0xfb
      0005C2 F5 81            [12] 1690 	mov	sp,a
      0005C4 D0 06            [24] 1691 	pop	ar6
      0005C6 D0 07            [24] 1692 	pop	ar7
                                   1693 ;	8051_i2c_eeprom.c:327: if(address > 0x7ff) 
      0005C8 C3               [12] 1694 	clr	c
      0005C9 74 FF            [12] 1695 	mov	a,#0xff
      0005CB 9E               [12] 1696 	subb	a,r6
      0005CC 74 07            [12] 1697 	mov	a,#0x07
      0005CE 9F               [12] 1698 	subb	a,r7
      0005CF 50 5F            [24] 1699 	jnc	00127$
                                   1700 ;	8051_i2c_eeprom.c:329: printf("╔══════════════════════════════════════════╗\n\r");
      0005D1 74r27            [12] 1701 	mov	a,#___str_27
      0005D3 C0 E0            [24] 1702 	push	acc
      0005D5 74s09            [12] 1703 	mov	a,#(___str_27 >> 8)
      0005D7 C0 E0            [24] 1704 	push	acc
      0005D9 74 80            [12] 1705 	mov	a,#0x80
      0005DB C0 E0            [24] 1706 	push	acc
      0005DD 12r00r00         [24] 1707 	lcall	_printf
      0005E0 15 81            [12] 1708 	dec	sp
      0005E2 15 81            [12] 1709 	dec	sp
      0005E4 15 81            [12] 1710 	dec	sp
                                   1711 ;	8051_i2c_eeprom.c:330: printf("║       ! ADDRESS OUT OF RANGE !         ║\n\r");
      0005E6 74rAE            [12] 1712 	mov	a,#___str_28
      0005E8 C0 E0            [24] 1713 	push	acc
      0005EA 74s09            [12] 1714 	mov	a,#(___str_28 >> 8)
      0005EC C0 E0            [24] 1715 	push	acc
      0005EE 74 80            [12] 1716 	mov	a,#0x80
      0005F0 C0 E0            [24] 1717 	push	acc
      0005F2 12r00r00         [24] 1718 	lcall	_printf
      0005F5 15 81            [12] 1719 	dec	sp
      0005F7 15 81            [12] 1720 	dec	sp
      0005F9 15 81            [12] 1721 	dec	sp
                                   1722 ;	8051_i2c_eeprom.c:331: printf("║     Please Enter Valid Address         ║\n\r");
      0005FB 74rDF            [12] 1723 	mov	a,#___str_29
      0005FD C0 E0            [24] 1724 	push	acc
      0005FF 74s09            [12] 1725 	mov	a,#(___str_29 >> 8)
      000601 C0 E0            [24] 1726 	push	acc
      000603 74 80            [12] 1727 	mov	a,#0x80
      000605 C0 E0            [24] 1728 	push	acc
      000607 12r00r00         [24] 1729 	lcall	_printf
      00060A 15 81            [12] 1730 	dec	sp
      00060C 15 81            [12] 1731 	dec	sp
      00060E 15 81            [12] 1732 	dec	sp
                                   1733 ;	8051_i2c_eeprom.c:332: printf("╚══════════════════════════════════════════╝\n\r");
      000610 74r10            [12] 1734 	mov	a,#___str_30
      000612 C0 E0            [24] 1735 	push	acc
      000614 74s0A            [12] 1736 	mov	a,#(___str_30 >> 8)
      000616 C0 E0            [24] 1737 	push	acc
      000618 74 80            [12] 1738 	mov	a,#0x80
      00061A C0 E0            [24] 1739 	push	acc
      00061C 12r00r00         [24] 1740 	lcall	_printf
      00061F 15 81            [12] 1741 	dec	sp
      000621 15 81            [12] 1742 	dec	sp
      000623 15 81            [12] 1743 	dec	sp
                                   1744 ;	8051_i2c_eeprom.c:333: address_range_flag = 0;
      000625 90r00r00         [24] 1745 	mov	dptr,#_address_range_flag
      000628 E4               [12] 1746 	clr	a
      000629 F0               [24] 1747 	movx	@dptr,a
      00062A A3               [24] 1748 	inc	dptr
      00062B F0               [24] 1749 	movx	@dptr,a
                                   1750 ;	8051_i2c_eeprom.c:334: return 0;
      00062C 90 00 00         [24] 1751 	mov	dptr,#0x0000
      00062F 22               [24] 1752 	ret
      000630                       1753 00127$:
                                   1754 ;	8051_i2c_eeprom.c:336: unsigned int block = address/256;       //block address
      000630 8F 04            [24] 1755 	mov	ar4,r7
      000632 7D 00            [12] 1756 	mov	r5,#0x00
                                   1757 ;	8051_i2c_eeprom.c:337: printf("| Block number %d                            \n\r", block);
      000634 C0 07            [24] 1758 	push	ar7
      000636 C0 06            [24] 1759 	push	ar6
      000638 C0 04            [24] 1760 	push	ar4
      00063A C0 05            [24] 1761 	push	ar5
      00063C 74r97            [12] 1762 	mov	a,#___str_31
      00063E C0 E0            [24] 1763 	push	acc
      000640 74s0A            [12] 1764 	mov	a,#(___str_31 >> 8)
      000642 C0 E0            [24] 1765 	push	acc
      000644 74 80            [12] 1766 	mov	a,#0x80
      000646 C0 E0            [24] 1767 	push	acc
      000648 12r00r00         [24] 1768 	lcall	_printf
      00064B E5 81            [12] 1769 	mov	a,sp
      00064D 24 FB            [12] 1770 	add	a,#0xfb
      00064F F5 81            [12] 1771 	mov	sp,a
      000651 D0 06            [24] 1772 	pop	ar6
      000653 D0 07            [24] 1773 	pop	ar7
                                   1774 ;	8051_i2c_eeprom.c:338: address = address%256;     //word address
      000655 90r00r0D         [24] 1775 	mov	dptr,#_take_address_address_65538_94
      000658 EE               [12] 1776 	mov	a,r6
      000659 F0               [24] 1777 	movx	@dptr,a
      00065A E4               [12] 1778 	clr	a
      00065B A3               [24] 1779 	inc	dptr
      00065C F0               [24] 1780 	movx	@dptr,a
                                   1781 ;	8051_i2c_eeprom.c:341: return address;
      00065D 90r00r0D         [24] 1782 	mov	dptr,#_take_address_address_65538_94
      000660 E0               [24] 1783 	movx	a,@dptr
      000661 FE               [12] 1784 	mov	r6,a
      000662 A3               [24] 1785 	inc	dptr
      000663 E0               [24] 1786 	movx	a,@dptr
                                   1787 ;	8051_i2c_eeprom.c:342: }
      000664 8E 82            [24] 1788 	mov	dpl,r6
      000666 F5 83            [12] 1789 	mov	dph,a
      000668 22               [24] 1790 	ret
                                   1791 ;------------------------------------------------------------
                                   1792 ;Allocation info for local variables in function 'take_data'
                                   1793 ;------------------------------------------------------------
                                   1794 ;input                     Allocated with name '_take_data_input_65537_100'
                                   1795 ;i                         Allocated with name '_take_data_i_65537_100'
                                   1796 ;c                         Allocated with name '_take_data_c_65537_100'
                                   1797 ;data                      Allocated with name '_take_data_data_65538_104'
                                   1798 ;------------------------------------------------------------
                                   1799 ;	8051_i2c_eeprom.c:350: unsigned char take_data()
                                   1800 ;	-----------------------------------------
                                   1801 ;	 function take_data
                                   1802 ;	-----------------------------------------
      000669                       1803 _take_data:
                                   1804 ;	8051_i2c_eeprom.c:352: printf("│ Enter data (hex, up to 2 characters): \n\r|");
      000669 74rC7            [12] 1805 	mov	a,#___str_32
      00066B C0 E0            [24] 1806 	push	acc
      00066D 74s0A            [12] 1807 	mov	a,#(___str_32 >> 8)
      00066F C0 E0            [24] 1808 	push	acc
      000671 74 80            [12] 1809 	mov	a,#0x80
      000673 C0 E0            [24] 1810 	push	acc
      000675 12r00r00         [24] 1811 	lcall	_printf
      000678 15 81            [12] 1812 	dec	sp
      00067A 15 81            [12] 1813 	dec	sp
      00067C 15 81            [12] 1814 	dec	sp
                                   1815 ;	8051_i2c_eeprom.c:353: char input[4] = {0};  // Array for 3 hex chars + null terminator
      00067E 90r00r0F         [24] 1816 	mov	dptr,#_take_data_input_65537_100
      000681 E4               [12] 1817 	clr	a
      000682 F0               [24] 1818 	movx	@dptr,a
      000683 90r00r10         [24] 1819 	mov	dptr,#(_take_data_input_65537_100 + 0x0001)
      000686 F0               [24] 1820 	movx	@dptr,a
      000687 90r00r11         [24] 1821 	mov	dptr,#(_take_data_input_65537_100 + 0x0002)
      00068A F0               [24] 1822 	movx	@dptr,a
      00068B 90r00r12         [24] 1823 	mov	dptr,#(_take_data_input_65537_100 + 0x0003)
      00068E F0               [24] 1824 	movx	@dptr,a
                                   1825 ;	8051_i2c_eeprom.c:357: printf("$ ");
      00068F 74rF5            [12] 1826 	mov	a,#___str_33
      000691 C0 E0            [24] 1827 	push	acc
      000693 74s0A            [12] 1828 	mov	a,#(___str_33 >> 8)
      000695 C0 E0            [24] 1829 	push	acc
      000697 74 80            [12] 1830 	mov	a,#0x80
      000699 C0 E0            [24] 1831 	push	acc
      00069B 12r00r00         [24] 1832 	lcall	_printf
      00069E 15 81            [12] 1833 	dec	sp
      0006A0 15 81            [12] 1834 	dec	sp
      0006A2 15 81            [12] 1835 	dec	sp
                                   1836 ;	8051_i2c_eeprom.c:359: while (i < 3) {
      0006A4 7E 00            [12] 1837 	mov	r6,#0x00
      0006A6 7F 00            [12] 1838 	mov	r7,#0x00
      0006A8                       1839 00111$:
      0006A8 C3               [12] 1840 	clr	c
      0006A9 EE               [12] 1841 	mov	a,r6
      0006AA 94 03            [12] 1842 	subb	a,#0x03
      0006AC EF               [12] 1843 	mov	a,r7
      0006AD 64 80            [12] 1844 	xrl	a,#0x80
      0006AF 94 80            [12] 1845 	subb	a,#0x80
      0006B1 50 5B            [24] 1846 	jnc	00113$
                                   1847 ;	8051_i2c_eeprom.c:361: c = getchar();
      0006B3 C0 07            [24] 1848 	push	ar7
      0006B5 C0 06            [24] 1849 	push	ar6
      0006B7 12r00r1F         [24] 1850 	lcall	_getchar
      0006BA AC 82            [24] 1851 	mov	r4,dpl
      0006BC AD 83            [24] 1852 	mov	r5,dph
      0006BE D0 06            [24] 1853 	pop	ar6
      0006C0 D0 07            [24] 1854 	pop	ar7
                                   1855 ;	8051_i2c_eeprom.c:364: if (c == '\r' || c == '\n') {
      0006C2 BC 0D 02         [24] 1856 	cjne	r4,#0x0d,00200$
      0006C5 80 47            [24] 1857 	sjmp	00113$
      0006C7                       1858 00200$:
      0006C7 BC 0A 02         [24] 1859 	cjne	r4,#0x0a,00201$
      0006CA 80 42            [24] 1860 	sjmp	00113$
      0006CC                       1861 00201$:
                                   1862 ;	8051_i2c_eeprom.c:369: if ((c >= '0' && c <= '9') ||
      0006CC BC 30 00         [24] 1863 	cjne	r4,#0x30,00202$
      0006CF                       1864 00202$:
      0006CF 40 05            [24] 1865 	jc	00108$
      0006D1 EC               [12] 1866 	mov	a,r4
      0006D2 24 C6            [12] 1867 	add	a,#0xff - 0x39
      0006D4 50 14            [24] 1868 	jnc	00104$
      0006D6                       1869 00108$:
                                   1870 ;	8051_i2c_eeprom.c:370: (c >= 'a' && c <= 'f') ||
      0006D6 BC 61 00         [24] 1871 	cjne	r4,#0x61,00205$
      0006D9                       1872 00205$:
      0006D9 40 05            [24] 1873 	jc	00110$
      0006DB EC               [12] 1874 	mov	a,r4
      0006DC 24 99            [12] 1875 	add	a,#0xff - 0x66
      0006DE 50 0A            [24] 1876 	jnc	00104$
      0006E0                       1877 00110$:
                                   1878 ;	8051_i2c_eeprom.c:371: (c >= 'A' && c <= 'F')) {
      0006E0 BC 41 00         [24] 1879 	cjne	r4,#0x41,00208$
      0006E3                       1880 00208$:
      0006E3 40 C3            [24] 1881 	jc	00111$
      0006E5 EC               [12] 1882 	mov	a,r4
      0006E6 24 B9            [12] 1883 	add	a,#0xff - 0x46
      0006E8 40 BE            [24] 1884 	jc	00111$
      0006EA                       1885 00104$:
                                   1886 ;	8051_i2c_eeprom.c:373: input[i] = c;
      0006EA EE               [12] 1887 	mov	a,r6
      0006EB 24r0F            [12] 1888 	add	a,#_take_data_input_65537_100
      0006ED F5 82            [12] 1889 	mov	dpl,a
      0006EF EF               [12] 1890 	mov	a,r7
      0006F0 34s00            [12] 1891 	addc	a,#(_take_data_input_65537_100 >> 8)
      0006F2 F5 83            [12] 1892 	mov	dph,a
      0006F4 EC               [12] 1893 	mov	a,r4
      0006F5 F0               [24] 1894 	movx	@dptr,a
                                   1895 ;	8051_i2c_eeprom.c:374: putchar(c);  // Echo character back
      0006F6 7D 00            [12] 1896 	mov	r5,#0x00
      0006F8 8C 82            [24] 1897 	mov	dpl,r4
      0006FA 8D 83            [24] 1898 	mov	dph,r5
      0006FC C0 07            [24] 1899 	push	ar7
      0006FE C0 06            [24] 1900 	push	ar6
      000700 12r00r00         [24] 1901 	lcall	_putchar
      000703 D0 06            [24] 1902 	pop	ar6
      000705 D0 07            [24] 1903 	pop	ar7
                                   1904 ;	8051_i2c_eeprom.c:375: i++;
      000707 0E               [12] 1905 	inc	r6
      000708 BE 00 9D         [24] 1906 	cjne	r6,#0x00,00111$
      00070B 0F               [12] 1907 	inc	r7
      00070C 80 9A            [24] 1908 	sjmp	00111$
      00070E                       1909 00113$:
                                   1910 ;	8051_i2c_eeprom.c:379: input[i] = '\0';  // Null-terminate the string
      00070E EE               [12] 1911 	mov	a,r6
      00070F 24r0F            [12] 1912 	add	a,#_take_data_input_65537_100
      000711 F5 82            [12] 1913 	mov	dpl,a
      000713 EF               [12] 1914 	mov	a,r7
      000714 34s00            [12] 1915 	addc	a,#(_take_data_input_65537_100 >> 8)
      000716 F5 83            [12] 1916 	mov	dph,a
      000718 E4               [12] 1917 	clr	a
      000719 F0               [24] 1918 	movx	@dptr,a
                                   1919 ;	8051_i2c_eeprom.c:382: unsigned char data = 0;
      00071A 90r00r13         [24] 1920 	mov	dptr,#_take_data_data_65538_104
      00071D F0               [24] 1921 	movx	@dptr,a
                                   1922 ;	8051_i2c_eeprom.c:383: for (i = 0; input[i] != '\0'; i++) {
      00071E 7E 00            [12] 1923 	mov	r6,#0x00
      000720 7F 00            [12] 1924 	mov	r7,#0x00
      000722                       1925 00129$:
      000722 EE               [12] 1926 	mov	a,r6
      000723 24r0F            [12] 1927 	add	a,#_take_data_input_65537_100
      000725 F5 82            [12] 1928 	mov	dpl,a
      000727 EF               [12] 1929 	mov	a,r7
      000728 34s00            [12] 1930 	addc	a,#(_take_data_input_65537_100 >> 8)
      00072A F5 83            [12] 1931 	mov	dph,a
      00072C E0               [24] 1932 	movx	a,@dptr
      00072D FD               [12] 1933 	mov	r5,a
      00072E 70 03            [24] 1934 	jnz	00212$
      000730 02r07r95         [24] 1935 	ljmp	00125$
      000733                       1936 00212$:
                                   1937 ;	8051_i2c_eeprom.c:384: data = data * 16;
      000733 90r00r13         [24] 1938 	mov	dptr,#_take_data_data_65538_104
      000736 E0               [24] 1939 	movx	a,@dptr
      000737 C4               [12] 1940 	swap	a
      000738 54 F0            [12] 1941 	anl	a,#0xf0
      00073A FC               [12] 1942 	mov	r4,a
      00073B F0               [24] 1943 	movx	@dptr,a
                                   1944 ;	8051_i2c_eeprom.c:385: if (input[i] >= '0' && input[i] <= '9')
      00073C BD 30 00         [24] 1945 	cjne	r5,#0x30,00213$
      00073F                       1946 00213$:
      00073F 40 12            [24] 1947 	jc	00122$
      000741 ED               [12] 1948 	mov	a,r5
      000742 24 C6            [12] 1949 	add	a,#0xff - 0x39
      000744 40 0D            [24] 1950 	jc	00122$
                                   1951 ;	8051_i2c_eeprom.c:386: data += input[i] - '0';
      000746 ED               [12] 1952 	mov	a,r5
      000747 24 D0            [12] 1953 	add	a,#0xd0
      000749 FD               [12] 1954 	mov	r5,a
      00074A 90r00r13         [24] 1955 	mov	dptr,#_take_data_data_65538_104
      00074D E0               [24] 1956 	movx	a,@dptr
      00074E FC               [12] 1957 	mov	r4,a
      00074F 2D               [12] 1958 	add	a,r5
      000750 F0               [24] 1959 	movx	@dptr,a
      000751 80 3A            [24] 1960 	sjmp	00130$
      000753                       1961 00122$:
                                   1962 ;	8051_i2c_eeprom.c:387: else if (input[i] >= 'A' && input[i] <= 'F')
      000753 EE               [12] 1963 	mov	a,r6
      000754 24r0F            [12] 1964 	add	a,#_take_data_input_65537_100
      000756 F5 82            [12] 1965 	mov	dpl,a
      000758 EF               [12] 1966 	mov	a,r7
      000759 34s00            [12] 1967 	addc	a,#(_take_data_input_65537_100 >> 8)
      00075B F5 83            [12] 1968 	mov	dph,a
      00075D E0               [24] 1969 	movx	a,@dptr
      00075E FD               [12] 1970 	mov	r5,a
      00075F BD 41 00         [24] 1971 	cjne	r5,#0x41,00216$
      000762                       1972 00216$:
      000762 40 14            [24] 1973 	jc	00118$
      000764 ED               [12] 1974 	mov	a,r5
      000765 24 B9            [12] 1975 	add	a,#0xff - 0x46
      000767 40 0F            [24] 1976 	jc	00118$
                                   1977 ;	8051_i2c_eeprom.c:388: data += input[i] - 'A' + 10;
      000769 8D 04            [24] 1978 	mov	ar4,r5
      00076B 74 C9            [12] 1979 	mov	a,#0xc9
      00076D 2C               [12] 1980 	add	a,r4
      00076E FC               [12] 1981 	mov	r4,a
      00076F 90r00r13         [24] 1982 	mov	dptr,#_take_data_data_65538_104
      000772 E0               [24] 1983 	movx	a,@dptr
      000773 FB               [12] 1984 	mov	r3,a
      000774 2C               [12] 1985 	add	a,r4
      000775 F0               [24] 1986 	movx	@dptr,a
      000776 80 15            [24] 1987 	sjmp	00130$
      000778                       1988 00118$:
                                   1989 ;	8051_i2c_eeprom.c:389: else if (input[i] >= 'a' && input[i] <= 'f')
      000778 BD 61 00         [24] 1990 	cjne	r5,#0x61,00219$
      00077B                       1991 00219$:
      00077B 40 10            [24] 1992 	jc	00130$
      00077D ED               [12] 1993 	mov	a,r5
      00077E 24 99            [12] 1994 	add	a,#0xff - 0x66
      000780 40 0B            [24] 1995 	jc	00130$
                                   1996 ;	8051_i2c_eeprom.c:390: data += input[i] - 'a' + 10;
      000782 74 A9            [12] 1997 	mov	a,#0xa9
      000784 2D               [12] 1998 	add	a,r5
      000785 FD               [12] 1999 	mov	r5,a
      000786 90r00r13         [24] 2000 	mov	dptr,#_take_data_data_65538_104
      000789 E0               [24] 2001 	movx	a,@dptr
      00078A FC               [12] 2002 	mov	r4,a
      00078B 2D               [12] 2003 	add	a,r5
      00078C F0               [24] 2004 	movx	@dptr,a
      00078D                       2005 00130$:
                                   2006 ;	8051_i2c_eeprom.c:383: for (i = 0; input[i] != '\0'; i++) {
      00078D 0E               [12] 2007 	inc	r6
      00078E BE 00 01         [24] 2008 	cjne	r6,#0x00,00222$
      000791 0F               [12] 2009 	inc	r7
      000792                       2010 00222$:
      000792 02r07r22         [24] 2011 	ljmp	00129$
      000795                       2012 00125$:
                                   2013 ;	8051_i2c_eeprom.c:393: printf("\n\r│ Entered data: 0x%02X\n\r", data);
      000795 90r00r13         [24] 2014 	mov	dptr,#_take_data_data_65538_104
      000798 E0               [24] 2015 	movx	a,@dptr
      000799 FF               [12] 2016 	mov	r7,a
      00079A FD               [12] 2017 	mov	r5,a
      00079B 7E 00            [12] 2018 	mov	r6,#0x00
      00079D C0 07            [24] 2019 	push	ar7
      00079F C0 05            [24] 2020 	push	ar5
      0007A1 C0 06            [24] 2021 	push	ar6
      0007A3 74rF8            [12] 2022 	mov	a,#___str_34
      0007A5 C0 E0            [24] 2023 	push	acc
      0007A7 74s0A            [12] 2024 	mov	a,#(___str_34 >> 8)
      0007A9 C0 E0            [24] 2025 	push	acc
      0007AB 74 80            [12] 2026 	mov	a,#0x80
      0007AD C0 E0            [24] 2027 	push	acc
      0007AF 12r00r00         [24] 2028 	lcall	_printf
      0007B2 E5 81            [12] 2029 	mov	a,sp
      0007B4 24 FB            [12] 2030 	add	a,#0xfb
      0007B6 F5 81            [12] 2031 	mov	sp,a
      0007B8 D0 07            [24] 2032 	pop	ar7
                                   2033 ;	8051_i2c_eeprom.c:394: if(data > 0xfe)
      0007BA EF               [12] 2034 	mov	a,r7
      0007BB 24 01            [12] 2035 	add	a,#0xff - 0xfe
      0007BD 50 20            [24] 2036 	jnc	00127$
                                   2037 ;	8051_i2c_eeprom.c:396: printf("Data out of Range\n\r");
      0007BF 74r15            [12] 2038 	mov	a,#___str_35
      0007C1 C0 E0            [24] 2039 	push	acc
      0007C3 74s0B            [12] 2040 	mov	a,#(___str_35 >> 8)
      0007C5 C0 E0            [24] 2041 	push	acc
      0007C7 74 80            [12] 2042 	mov	a,#0x80
      0007C9 C0 E0            [24] 2043 	push	acc
      0007CB 12r00r00         [24] 2044 	lcall	_printf
      0007CE 15 81            [12] 2045 	dec	sp
      0007D0 15 81            [12] 2046 	dec	sp
      0007D2 15 81            [12] 2047 	dec	sp
                                   2048 ;	8051_i2c_eeprom.c:397: data_range_flag = 0;
      0007D4 90r00r02         [24] 2049 	mov	dptr,#_data_range_flag
      0007D7 E4               [12] 2050 	clr	a
      0007D8 F0               [24] 2051 	movx	@dptr,a
      0007D9 A3               [24] 2052 	inc	dptr
      0007DA F0               [24] 2053 	movx	@dptr,a
                                   2054 ;	8051_i2c_eeprom.c:398: return 0;
      0007DB 75 82 00         [24] 2055 	mov	dpl,#0x00
      0007DE 22               [24] 2056 	ret
      0007DF                       2057 00127$:
                                   2058 ;	8051_i2c_eeprom.c:400: return data;
      0007DF 8F 82            [24] 2059 	mov	dpl,r7
                                   2060 ;	8051_i2c_eeprom.c:402: }
      0007E1 22               [24] 2061 	ret
                                   2062 ;------------------------------------------------------------
                                   2063 ;Allocation info for local variables in function 'eeprom_write'
                                   2064 ;------------------------------------------------------------
                                   2065 ;data                      Allocated with name '_eeprom_write_PARM_2'
                                   2066 ;address                   Allocated with name '_eeprom_write_address_65536_108'
                                   2067 ;i                         Allocated with name '_eeprom_write_i_131072_113'
                                   2068 ;------------------------------------------------------------
                                   2069 ;	8051_i2c_eeprom.c:418: int eeprom_write(unsigned int address, unsigned char data) 
                                   2070 ;	-----------------------------------------
                                   2071 ;	 function eeprom_write
                                   2072 ;	-----------------------------------------
      0007E2                       2073 _eeprom_write:
      0007E2 AF 83            [24] 2074 	mov	r7,dph
      0007E4 E5 82            [12] 2075 	mov	a,dpl
      0007E6 90r00r15         [24] 2076 	mov	dptr,#_eeprom_write_address_65536_108
      0007E9 F0               [24] 2077 	movx	@dptr,a
      0007EA EF               [12] 2078 	mov	a,r7
      0007EB A3               [24] 2079 	inc	dptr
      0007EC F0               [24] 2080 	movx	@dptr,a
                                   2081 ;	8051_i2c_eeprom.c:421: i2c_start();
      0007ED 12r0Br25         [24] 2082 	lcall	_i2c_start
                                   2083 ;	8051_i2c_eeprom.c:424: if(!i2c_write(EEPROM_ID | block | WRITE)) {
      0007F0 90r00r04         [24] 2084 	mov	dptr,#_block
      0007F3 E0               [24] 2085 	movx	a,@dptr
      0007F4 FE               [12] 2086 	mov	r6,a
      0007F5 A3               [24] 2087 	inc	dptr
      0007F6 E0               [24] 2088 	movx	a,@dptr
      0007F7 43 06 A0         [24] 2089 	orl	ar6,#0xa0
      0007FA 8E 82            [24] 2090 	mov	dpl,r6
      0007FC 12r0Ar38         [24] 2091 	lcall	_i2c_write
      0007FF E5 82            [12] 2092 	mov	a,dpl
      000801 85 83 F0         [24] 2093 	mov	b,dph
      000804 45 F0            [12] 2094 	orl	a,b
      000806 70 1C            [24] 2095 	jnz	00102$
                                   2096 ;	8051_i2c_eeprom.c:425: printf("Error: No ACK for device address (write)\n\r");
      000808 74r29            [12] 2097 	mov	a,#___str_36
      00080A C0 E0            [24] 2098 	push	acc
      00080C 74s0B            [12] 2099 	mov	a,#(___str_36 >> 8)
      00080E C0 E0            [24] 2100 	push	acc
      000810 74 80            [12] 2101 	mov	a,#0x80
      000812 C0 E0            [24] 2102 	push	acc
      000814 12r00r00         [24] 2103 	lcall	_printf
      000817 15 81            [12] 2104 	dec	sp
      000819 15 81            [12] 2105 	dec	sp
      00081B 15 81            [12] 2106 	dec	sp
                                   2107 ;	8051_i2c_eeprom.c:426: i2c_stop();
      00081D 12r0Fr08         [24] 2108 	lcall	_i2c_stop
                                   2109 ;	8051_i2c_eeprom.c:427: return 0;
      000820 90 00 00         [24] 2110 	mov	dptr,#0x0000
      000823 22               [24] 2111 	ret
      000824                       2112 00102$:
                                   2113 ;	8051_i2c_eeprom.c:431: if(!i2c_write((unsigned char)address)) {
      000824 90r00r15         [24] 2114 	mov	dptr,#_eeprom_write_address_65536_108
      000827 E0               [24] 2115 	movx	a,@dptr
      000828 FE               [12] 2116 	mov	r6,a
      000829 A3               [24] 2117 	inc	dptr
      00082A E0               [24] 2118 	movx	a,@dptr
      00082B FF               [12] 2119 	mov	r7,a
      00082C 8E 05            [24] 2120 	mov	ar5,r6
      00082E 8D 82            [24] 2121 	mov	dpl,r5
      000830 C0 07            [24] 2122 	push	ar7
      000832 C0 06            [24] 2123 	push	ar6
      000834 12r0Ar38         [24] 2124 	lcall	_i2c_write
      000837 E5 82            [12] 2125 	mov	a,dpl
      000839 85 83 F0         [24] 2126 	mov	b,dph
      00083C D0 06            [24] 2127 	pop	ar6
      00083E D0 07            [24] 2128 	pop	ar7
      000840 45 F0            [12] 2129 	orl	a,b
      000842 70 1C            [24] 2130 	jnz	00104$
                                   2131 ;	8051_i2c_eeprom.c:432: printf("Error: No ACK for memory address\n\r");
      000844 74r54            [12] 2132 	mov	a,#___str_37
      000846 C0 E0            [24] 2133 	push	acc
      000848 74s0B            [12] 2134 	mov	a,#(___str_37 >> 8)
      00084A C0 E0            [24] 2135 	push	acc
      00084C 74 80            [12] 2136 	mov	a,#0x80
      00084E C0 E0            [24] 2137 	push	acc
      000850 12r00r00         [24] 2138 	lcall	_printf
      000853 15 81            [12] 2139 	dec	sp
      000855 15 81            [12] 2140 	dec	sp
      000857 15 81            [12] 2141 	dec	sp
                                   2142 ;	8051_i2c_eeprom.c:433: i2c_stop();
      000859 12r0Fr08         [24] 2143 	lcall	_i2c_stop
                                   2144 ;	8051_i2c_eeprom.c:434: return 0;
      00085C 90 00 00         [24] 2145 	mov	dptr,#0x0000
      00085F 22               [24] 2146 	ret
      000860                       2147 00104$:
                                   2148 ;	8051_i2c_eeprom.c:438: if(!i2c_write(data)) {
      000860 90r00r14         [24] 2149 	mov	dptr,#_eeprom_write_PARM_2
      000863 E0               [24] 2150 	movx	a,@dptr
      000864 FD               [12] 2151 	mov	r5,a
      000865 F5 82            [12] 2152 	mov	dpl,a
      000867 C0 07            [24] 2153 	push	ar7
      000869 C0 06            [24] 2154 	push	ar6
      00086B C0 05            [24] 2155 	push	ar5
      00086D 12r0Ar38         [24] 2156 	lcall	_i2c_write
      000870 E5 82            [12] 2157 	mov	a,dpl
      000872 85 83 F0         [24] 2158 	mov	b,dph
      000875 D0 05            [24] 2159 	pop	ar5
      000877 D0 06            [24] 2160 	pop	ar6
      000879 D0 07            [24] 2161 	pop	ar7
      00087B 45 F0            [12] 2162 	orl	a,b
      00087D 70 1C            [24] 2163 	jnz	00106$
                                   2164 ;	8051_i2c_eeprom.c:439: printf("Error: No ACK for data\n\r");
      00087F 74r77            [12] 2165 	mov	a,#___str_38
      000881 C0 E0            [24] 2166 	push	acc
      000883 74s0B            [12] 2167 	mov	a,#(___str_38 >> 8)
      000885 C0 E0            [24] 2168 	push	acc
      000887 74 80            [12] 2169 	mov	a,#0x80
      000889 C0 E0            [24] 2170 	push	acc
      00088B 12r00r00         [24] 2171 	lcall	_printf
      00088E 15 81            [12] 2172 	dec	sp
      000890 15 81            [12] 2173 	dec	sp
      000892 15 81            [12] 2174 	dec	sp
                                   2175 ;	8051_i2c_eeprom.c:440: i2c_stop();
      000894 12r0Fr08         [24] 2176 	lcall	_i2c_stop
                                   2177 ;	8051_i2c_eeprom.c:441: return 0;
      000897 90 00 00         [24] 2178 	mov	dptr,#0x0000
      00089A 22               [24] 2179 	ret
      00089B                       2180 00106$:
                                   2181 ;	8051_i2c_eeprom.c:444: i2c_stop();
      00089B C0 07            [24] 2182 	push	ar7
      00089D C0 06            [24] 2183 	push	ar6
      00089F C0 05            [24] 2184 	push	ar5
      0008A1 12r0Fr08         [24] 2185 	lcall	_i2c_stop
      0008A4 D0 05            [24] 2186 	pop	ar5
      0008A6 D0 06            [24] 2187 	pop	ar6
      0008A8 D0 07            [24] 2188 	pop	ar7
                                   2189 ;	8051_i2c_eeprom.c:446: for(int i = 0; i<10; i++)
      0008AA 7B 00            [12] 2190 	mov	r3,#0x00
      0008AC 7C 00            [12] 2191 	mov	r4,#0x00
      0008AE                       2192 00109$:
      0008AE C3               [12] 2193 	clr	c
      0008AF EB               [12] 2194 	mov	a,r3
      0008B0 94 0A            [12] 2195 	subb	a,#0x0a
      0008B2 EC               [12] 2196 	mov	a,r4
      0008B3 64 80            [12] 2197 	xrl	a,#0x80
      0008B5 94 80            [12] 2198 	subb	a,#0x80
      0008B7 50 1E            [24] 2199 	jnc	00107$
                                   2200 ;	8051_i2c_eeprom.c:448: i2c_delay();
      0008B9 C0 07            [24] 2201 	push	ar7
      0008BB C0 06            [24] 2202 	push	ar6
      0008BD C0 05            [24] 2203 	push	ar5
      0008BF C0 04            [24] 2204 	push	ar4
      0008C1 C0 03            [24] 2205 	push	ar3
      0008C3 12r0Fr41         [24] 2206 	lcall	_i2c_delay
      0008C6 D0 03            [24] 2207 	pop	ar3
      0008C8 D0 04            [24] 2208 	pop	ar4
      0008CA D0 05            [24] 2209 	pop	ar5
      0008CC D0 06            [24] 2210 	pop	ar6
      0008CE D0 07            [24] 2211 	pop	ar7
                                   2212 ;	8051_i2c_eeprom.c:446: for(int i = 0; i<10; i++)
      0008D0 0B               [12] 2213 	inc	r3
      0008D1 BB 00 DA         [24] 2214 	cjne	r3,#0x00,00109$
      0008D4 0C               [12] 2215 	inc	r4
      0008D5 80 D7            [24] 2216 	sjmp	00109$
      0008D7                       2217 00107$:
                                   2218 ;	8051_i2c_eeprom.c:451: printf("| Writing at Address 0x%03X Data 0x%02X          |\n\r", address, data);
      0008D7 7C 00            [12] 2219 	mov	r4,#0x00
      0008D9 C0 05            [24] 2220 	push	ar5
      0008DB C0 04            [24] 2221 	push	ar4
      0008DD C0 06            [24] 2222 	push	ar6
      0008DF C0 07            [24] 2223 	push	ar7
      0008E1 74r90            [12] 2224 	mov	a,#___str_39
      0008E3 C0 E0            [24] 2225 	push	acc
      0008E5 74s0B            [12] 2226 	mov	a,#(___str_39 >> 8)
      0008E7 C0 E0            [24] 2227 	push	acc
      0008E9 74 80            [12] 2228 	mov	a,#0x80
      0008EB C0 E0            [24] 2229 	push	acc
      0008ED 12r00r00         [24] 2230 	lcall	_printf
      0008F0 E5 81            [12] 2231 	mov	a,sp
      0008F2 24 F9            [12] 2232 	add	a,#0xf9
      0008F4 F5 81            [12] 2233 	mov	sp,a
                                   2234 ;	8051_i2c_eeprom.c:452: printf("│ Write successful!                             │\n\r");
      0008F6 74rC5            [12] 2235 	mov	a,#___str_40
      0008F8 C0 E0            [24] 2236 	push	acc
      0008FA 74s0B            [12] 2237 	mov	a,#(___str_40 >> 8)
      0008FC C0 E0            [24] 2238 	push	acc
      0008FE 74 80            [12] 2239 	mov	a,#0x80
      000900 C0 E0            [24] 2240 	push	acc
      000902 12r00r00         [24] 2241 	lcall	_printf
      000905 15 81            [12] 2242 	dec	sp
      000907 15 81            [12] 2243 	dec	sp
      000909 15 81            [12] 2244 	dec	sp
                                   2245 ;	8051_i2c_eeprom.c:453: printf("└───────────────────────────────────────────────┘\n\r");
      00090B 74rFD            [12] 2246 	mov	a,#___str_41
      00090D C0 E0            [24] 2247 	push	acc
      00090F 74s0B            [12] 2248 	mov	a,#(___str_41 >> 8)
      000911 C0 E0            [24] 2249 	push	acc
      000913 74 80            [12] 2250 	mov	a,#0x80
      000915 C0 E0            [24] 2251 	push	acc
      000917 12r00r00         [24] 2252 	lcall	_printf
      00091A 15 81            [12] 2253 	dec	sp
      00091C 15 81            [12] 2254 	dec	sp
      00091E 15 81            [12] 2255 	dec	sp
                                   2256 ;	8051_i2c_eeprom.c:454: return 1;  // Success
      000920 90 00 01         [24] 2257 	mov	dptr,#0x0001
                                   2258 ;	8051_i2c_eeprom.c:464: }
      000923 22               [24] 2259 	ret
                                   2260 ;------------------------------------------------------------
                                   2261 ;Allocation info for local variables in function 'eeprom_read'
                                   2262 ;------------------------------------------------------------
                                   2263 ;address                   Allocated with name '_eeprom_read_address_65536_115'
                                   2264 ;result                    Allocated with name '_eeprom_read_result_65536_116'
                                   2265 ;------------------------------------------------------------
                                   2266 ;	8051_i2c_eeprom.c:480: int eeprom_read(unsigned int address)
                                   2267 ;	-----------------------------------------
                                   2268 ;	 function eeprom_read
                                   2269 ;	-----------------------------------------
      000924                       2270 _eeprom_read:
      000924 AF 83            [24] 2271 	mov	r7,dph
      000926 E5 82            [12] 2272 	mov	a,dpl
      000928 90r00r17         [24] 2273 	mov	dptr,#_eeprom_read_address_65536_115
      00092B F0               [24] 2274 	movx	@dptr,a
      00092C EF               [12] 2275 	mov	a,r7
      00092D A3               [24] 2276 	inc	dptr
      00092E F0               [24] 2277 	movx	@dptr,a
                                   2278 ;	8051_i2c_eeprom.c:486: i2c_start();
      00092F 12r0Br25         [24] 2279 	lcall	_i2c_start
                                   2280 ;	8051_i2c_eeprom.c:489: if(!i2c_write(EEPROM_ID | WRITE)) {
      000932 75 82 A0         [24] 2281 	mov	dpl,#0xa0
      000935 12r0Ar38         [24] 2282 	lcall	_i2c_write
      000938 E5 82            [12] 2283 	mov	a,dpl
      00093A 85 83 F0         [24] 2284 	mov	b,dph
      00093D 45 F0            [12] 2285 	orl	a,b
      00093F 70 1C            [24] 2286 	jnz	00102$
                                   2287 ;	8051_i2c_eeprom.c:490: printf("Error: No ACK for device address (write mode)\n\r");
      000941 74r93            [12] 2288 	mov	a,#___str_42
      000943 C0 E0            [24] 2289 	push	acc
      000945 74s0C            [12] 2290 	mov	a,#(___str_42 >> 8)
      000947 C0 E0            [24] 2291 	push	acc
      000949 74 80            [12] 2292 	mov	a,#0x80
      00094B C0 E0            [24] 2293 	push	acc
      00094D 12r00r00         [24] 2294 	lcall	_printf
      000950 15 81            [12] 2295 	dec	sp
      000952 15 81            [12] 2296 	dec	sp
      000954 15 81            [12] 2297 	dec	sp
                                   2298 ;	8051_i2c_eeprom.c:491: i2c_stop();
      000956 12r0Fr08         [24] 2299 	lcall	_i2c_stop
                                   2300 ;	8051_i2c_eeprom.c:492: return -1;
      000959 90 FF FF         [24] 2301 	mov	dptr,#0xffff
      00095C 22               [24] 2302 	ret
      00095D                       2303 00102$:
                                   2304 ;	8051_i2c_eeprom.c:496: if(!i2c_write((unsigned char)address)) {
      00095D 90r00r17         [24] 2305 	mov	dptr,#_eeprom_read_address_65536_115
      000960 E0               [24] 2306 	movx	a,@dptr
      000961 FE               [12] 2307 	mov	r6,a
      000962 A3               [24] 2308 	inc	dptr
      000963 E0               [24] 2309 	movx	a,@dptr
      000964 FF               [12] 2310 	mov	r7,a
      000965 8E 05            [24] 2311 	mov	ar5,r6
      000967 8D 82            [24] 2312 	mov	dpl,r5
      000969 C0 07            [24] 2313 	push	ar7
      00096B C0 06            [24] 2314 	push	ar6
      00096D 12r0Ar38         [24] 2315 	lcall	_i2c_write
      000970 E5 82            [12] 2316 	mov	a,dpl
      000972 85 83 F0         [24] 2317 	mov	b,dph
      000975 D0 06            [24] 2318 	pop	ar6
      000977 D0 07            [24] 2319 	pop	ar7
      000979 45 F0            [12] 2320 	orl	a,b
      00097B 70 1C            [24] 2321 	jnz	00104$
                                   2322 ;	8051_i2c_eeprom.c:497: printf("Error: No ACK for memory address\n\r");
      00097D 74r54            [12] 2323 	mov	a,#___str_37
      00097F C0 E0            [24] 2324 	push	acc
      000981 74s0B            [12] 2325 	mov	a,#(___str_37 >> 8)
      000983 C0 E0            [24] 2326 	push	acc
      000985 74 80            [12] 2327 	mov	a,#0x80
      000987 C0 E0            [24] 2328 	push	acc
      000989 12r00r00         [24] 2329 	lcall	_printf
      00098C 15 81            [12] 2330 	dec	sp
      00098E 15 81            [12] 2331 	dec	sp
      000990 15 81            [12] 2332 	dec	sp
                                   2333 ;	8051_i2c_eeprom.c:498: i2c_stop();
      000992 12r0Fr08         [24] 2334 	lcall	_i2c_stop
                                   2335 ;	8051_i2c_eeprom.c:499: return -1;
      000995 90 FF FF         [24] 2336 	mov	dptr,#0xffff
      000998 22               [24] 2337 	ret
      000999                       2338 00104$:
                                   2339 ;	8051_i2c_eeprom.c:503: i2c_start();
      000999 C0 07            [24] 2340 	push	ar7
      00099B C0 06            [24] 2341 	push	ar6
      00099D 12r0Br25         [24] 2342 	lcall	_i2c_start
                                   2343 ;	8051_i2c_eeprom.c:506: if(!i2c_write(EEPROM_ID | READ)) {
      0009A0 75 82 A1         [24] 2344 	mov	dpl,#0xa1
      0009A3 12r0Ar38         [24] 2345 	lcall	_i2c_write
      0009A6 E5 82            [12] 2346 	mov	a,dpl
      0009A8 85 83 F0         [24] 2347 	mov	b,dph
      0009AB D0 06            [24] 2348 	pop	ar6
      0009AD D0 07            [24] 2349 	pop	ar7
      0009AF 45 F0            [12] 2350 	orl	a,b
      0009B1 70 1C            [24] 2351 	jnz	00106$
                                   2352 ;	8051_i2c_eeprom.c:507: printf("Error: No ACK for device address (read mode)\n\r");
      0009B3 74rC3            [12] 2353 	mov	a,#___str_43
      0009B5 C0 E0            [24] 2354 	push	acc
      0009B7 74s0C            [12] 2355 	mov	a,#(___str_43 >> 8)
      0009B9 C0 E0            [24] 2356 	push	acc
      0009BB 74 80            [12] 2357 	mov	a,#0x80
      0009BD C0 E0            [24] 2358 	push	acc
      0009BF 12r00r00         [24] 2359 	lcall	_printf
      0009C2 15 81            [12] 2360 	dec	sp
      0009C4 15 81            [12] 2361 	dec	sp
      0009C6 15 81            [12] 2362 	dec	sp
                                   2363 ;	8051_i2c_eeprom.c:508: i2c_stop();
      0009C8 12r0Fr08         [24] 2364 	lcall	_i2c_stop
                                   2365 ;	8051_i2c_eeprom.c:509: return -1;
      0009CB 90 FF FF         [24] 2366 	mov	dptr,#0xffff
      0009CE 22               [24] 2367 	ret
      0009CF                       2368 00106$:
                                   2369 ;	8051_i2c_eeprom.c:513: result = i2c_read(0);  // 0 means send NACK
      0009CF 90 00 00         [24] 2370 	mov	dptr,#0x0000
      0009D2 C0 07            [24] 2371 	push	ar7
      0009D4 C0 06            [24] 2372 	push	ar6
      0009D6 12r0ArA0         [24] 2373 	lcall	_i2c_read
      0009D9 AC 82            [24] 2374 	mov	r4,dpl
      0009DB D0 06            [24] 2375 	pop	ar6
      0009DD D0 07            [24] 2376 	pop	ar7
                                   2377 ;	8051_i2c_eeprom.c:515: printf("| 0x%03X : 0x%02X \n\r", address, result);
      0009DF 7D 00            [12] 2378 	mov	r5,#0x00
      0009E1 C0 05            [24] 2379 	push	ar5
      0009E3 C0 04            [24] 2380 	push	ar4
      0009E5 C0 04            [24] 2381 	push	ar4
      0009E7 C0 05            [24] 2382 	push	ar5
      0009E9 C0 06            [24] 2383 	push	ar6
      0009EB C0 07            [24] 2384 	push	ar7
      0009ED 74rF2            [12] 2385 	mov	a,#___str_44
      0009EF C0 E0            [24] 2386 	push	acc
      0009F1 74s0C            [12] 2387 	mov	a,#(___str_44 >> 8)
      0009F3 C0 E0            [24] 2388 	push	acc
      0009F5 74 80            [12] 2389 	mov	a,#0x80
      0009F7 C0 E0            [24] 2390 	push	acc
      0009F9 12r00r00         [24] 2391 	lcall	_printf
      0009FC E5 81            [12] 2392 	mov	a,sp
      0009FE 24 F9            [12] 2393 	add	a,#0xf9
      000A00 F5 81            [12] 2394 	mov	sp,a
                                   2395 ;	8051_i2c_eeprom.c:516: printf("│ Read successful!                 │\n\r");
      000A02 74r07            [12] 2396 	mov	a,#___str_45
      000A04 C0 E0            [24] 2397 	push	acc
      000A06 74s0D            [12] 2398 	mov	a,#(___str_45 >> 8)
      000A08 C0 E0            [24] 2399 	push	acc
      000A0A 74 80            [12] 2400 	mov	a,#0x80
      000A0C C0 E0            [24] 2401 	push	acc
      000A0E 12r00r00         [24] 2402 	lcall	_printf
      000A11 15 81            [12] 2403 	dec	sp
      000A13 15 81            [12] 2404 	dec	sp
      000A15 15 81            [12] 2405 	dec	sp
                                   2406 ;	8051_i2c_eeprom.c:517: printf("└───────────────────────────────────────────────┘\n\r");
      000A17 74rFD            [12] 2407 	mov	a,#___str_41
      000A19 C0 E0            [24] 2408 	push	acc
      000A1B 74s0B            [12] 2409 	mov	a,#(___str_41 >> 8)
      000A1D C0 E0            [24] 2410 	push	acc
      000A1F 74 80            [12] 2411 	mov	a,#0x80
      000A21 C0 E0            [24] 2412 	push	acc
      000A23 12r00r00         [24] 2413 	lcall	_printf
      000A26 15 81            [12] 2414 	dec	sp
      000A28 15 81            [12] 2415 	dec	sp
      000A2A 15 81            [12] 2416 	dec	sp
                                   2417 ;	8051_i2c_eeprom.c:518: i2c_stop();
      000A2C 12r0Fr08         [24] 2418 	lcall	_i2c_stop
      000A2F D0 04            [24] 2419 	pop	ar4
      000A31 D0 05            [24] 2420 	pop	ar5
                                   2421 ;	8051_i2c_eeprom.c:519: return result;
      000A33 8C 82            [24] 2422 	mov	dpl,r4
      000A35 8D 83            [24] 2423 	mov	dph,r5
                                   2424 ;	8051_i2c_eeprom.c:520: }
      000A37 22               [24] 2425 	ret
                                   2426 ;------------------------------------------------------------
                                   2427 ;Allocation info for local variables in function 'i2c_write'
                                   2428 ;------------------------------------------------------------
                                   2429 ;data                      Allocated with name '_i2c_write_data_65536_120'
                                   2430 ;i                         Allocated with name '_i2c_write_i_65536_121'
                                   2431 ;------------------------------------------------------------
                                   2432 ;	8051_i2c_eeprom.c:531: int i2c_write(unsigned char data)
                                   2433 ;	-----------------------------------------
                                   2434 ;	 function i2c_write
                                   2435 ;	-----------------------------------------
      000A38                       2436 _i2c_write:
      000A38 E5 82            [12] 2437 	mov	a,dpl
      000A3A 90r00r19         [24] 2438 	mov	dptr,#_i2c_write_data_65536_120
      000A3D F0               [24] 2439 	movx	@dptr,a
                                   2440 ;	8051_i2c_eeprom.c:535: for(i=0;i<=7;i++)
      000A3E 7E 00            [12] 2441 	mov	r6,#0x00
      000A40 7F 00            [12] 2442 	mov	r7,#0x00
      000A42                       2443 00104$:
                                   2444 ;	8051_i2c_eeprom.c:537: SDA = (data & 0x80) ? 1 : 0;    //msb first
      000A42 90r00r19         [24] 2445 	mov	dptr,#_i2c_write_data_65536_120
      000A45 E0               [24] 2446 	movx	a,@dptr
      000A46 FD               [12] 2447 	mov	r5,a
      000A47 23               [12] 2448 	rl	a
      000A48 54 01            [12] 2449 	anl	a,#0x01
      000A4A 24 FF            [12] 2450 	add	a,#0xff
      000A4C 92 94            [24] 2451 	mov	_P1_4,c
                                   2452 ;	8051_i2c_eeprom.c:538: i2c_delay();        // Setup time for data
      000A4E C0 07            [24] 2453 	push	ar7
      000A50 C0 06            [24] 2454 	push	ar6
      000A52 C0 05            [24] 2455 	push	ar5
      000A54 12r0Fr41         [24] 2456 	lcall	_i2c_delay
                                   2457 ;	8051_i2c_eeprom.c:539: SCL=1;
                                   2458 ;	assignBit
      000A57 D2 93            [12] 2459 	setb	_P1_3
                                   2460 ;	8051_i2c_eeprom.c:540: i2c_delay();        // Hold time for clock
      000A59 12r0Fr41         [24] 2461 	lcall	_i2c_delay
      000A5C D0 05            [24] 2462 	pop	ar5
      000A5E D0 06            [24] 2463 	pop	ar6
      000A60 D0 07            [24] 2464 	pop	ar7
                                   2465 ;	8051_i2c_eeprom.c:541: SCL=0;
                                   2466 ;	assignBit
      000A62 C2 93            [12] 2467 	clr	_P1_3
                                   2468 ;	8051_i2c_eeprom.c:542: data = data << 1;
      000A64 ED               [12] 2469 	mov	a,r5
      000A65 2D               [12] 2470 	add	a,r5
      000A66 90r00r19         [24] 2471 	mov	dptr,#_i2c_write_data_65536_120
      000A69 F0               [24] 2472 	movx	@dptr,a
                                   2473 ;	8051_i2c_eeprom.c:535: for(i=0;i<=7;i++)
      000A6A 0E               [12] 2474 	inc	r6
      000A6B BE 00 01         [24] 2475 	cjne	r6,#0x00,00121$
      000A6E 0F               [12] 2476 	inc	r7
      000A6F                       2477 00121$:
      000A6F C3               [12] 2478 	clr	c
      000A70 74 07            [12] 2479 	mov	a,#0x07
      000A72 9E               [12] 2480 	subb	a,r6
      000A73 E4               [12] 2481 	clr	a
      000A74 9F               [12] 2482 	subb	a,r7
      000A75 50 CB            [24] 2483 	jnc	00104$
                                   2484 ;	8051_i2c_eeprom.c:546: SDA = 1;            // Release SDA for slave
                                   2485 ;	assignBit
      000A77 D2 94            [12] 2486 	setb	_P1_4
                                   2487 ;	8051_i2c_eeprom.c:547: SCL = 1;            // 9th clock pulse for ACK
                                   2488 ;	assignBit
      000A79 D2 93            [12] 2489 	setb	_P1_3
                                   2490 ;	8051_i2c_eeprom.c:548: i2c_delay();
      000A7B 12r0Fr41         [24] 2491 	lcall	_i2c_delay
                                   2492 ;	8051_i2c_eeprom.c:549: if(SDA == 1)        // If SDA is still high, no ACK received
      000A7E 30 94 19         [24] 2493 	jnb	_P1_4,00103$
                                   2494 ;	8051_i2c_eeprom.c:552: printf("ACK DID NOT ARRIVE\n\r");
      000A81 74r32            [12] 2495 	mov	a,#___str_46
      000A83 C0 E0            [24] 2496 	push	acc
      000A85 74s0D            [12] 2497 	mov	a,#(___str_46 >> 8)
      000A87 C0 E0            [24] 2498 	push	acc
      000A89 74 80            [12] 2499 	mov	a,#0x80
      000A8B C0 E0            [24] 2500 	push	acc
      000A8D 12r00r00         [24] 2501 	lcall	_printf
      000A90 15 81            [12] 2502 	dec	sp
      000A92 15 81            [12] 2503 	dec	sp
      000A94 15 81            [12] 2504 	dec	sp
                                   2505 ;	8051_i2c_eeprom.c:553: return 0;       // Error
      000A96 90 00 00         [24] 2506 	mov	dptr,#0x0000
      000A99 22               [24] 2507 	ret
      000A9A                       2508 00103$:
                                   2509 ;	8051_i2c_eeprom.c:555: SCL = 0;
                                   2510 ;	assignBit
      000A9A C2 93            [12] 2511 	clr	_P1_3
                                   2512 ;	8051_i2c_eeprom.c:557: return 1;           // Success
      000A9C 90 00 01         [24] 2513 	mov	dptr,#0x0001
                                   2514 ;	8051_i2c_eeprom.c:559: }
      000A9F 22               [24] 2515 	ret
                                   2516 ;------------------------------------------------------------
                                   2517 ;Allocation info for local variables in function 'i2c_read'
                                   2518 ;------------------------------------------------------------
                                   2519 ;ACK                       Allocated with name '_i2c_read_ACK_65536_125'
                                   2520 ;buff                      Allocated with name '_i2c_read_buff_65536_126'
                                   2521 ;i                         Allocated with name '_i2c_read_i_131072_127'
                                   2522 ;------------------------------------------------------------
                                   2523 ;	8051_i2c_eeprom.c:569: int i2c_read(int ACK)
                                   2524 ;	-----------------------------------------
                                   2525 ;	 function i2c_read
                                   2526 ;	-----------------------------------------
      000AA0                       2527 _i2c_read:
      000AA0 AF 83            [24] 2528 	mov	r7,dph
      000AA2 E5 82            [12] 2529 	mov	a,dpl
      000AA4 90r00r1A         [24] 2530 	mov	dptr,#_i2c_read_ACK_65536_125
      000AA7 F0               [24] 2531 	movx	@dptr,a
      000AA8 EF               [12] 2532 	mov	a,r7
      000AA9 A3               [24] 2533 	inc	dptr
      000AAA F0               [24] 2534 	movx	@dptr,a
                                   2535 ;	8051_i2c_eeprom.c:571: unsigned char buff=0;
      000AAB 90r00r1C         [24] 2536 	mov	dptr,#_i2c_read_buff_65536_126
      000AAE E4               [12] 2537 	clr	a
      000AAF F0               [24] 2538 	movx	@dptr,a
                                   2539 ;	8051_i2c_eeprom.c:572: SCL = 0;
                                   2540 ;	assignBit
      000AB0 C2 93            [12] 2541 	clr	_P1_3
                                   2542 ;	8051_i2c_eeprom.c:573: for(int i=0;i<8;i++)
      000AB2 7E 00            [12] 2543 	mov	r6,#0x00
      000AB4 7F 00            [12] 2544 	mov	r7,#0x00
      000AB6                       2545 00103$:
      000AB6 C3               [12] 2546 	clr	c
      000AB7 EE               [12] 2547 	mov	a,r6
      000AB8 94 08            [12] 2548 	subb	a,#0x08
      000ABA EF               [12] 2549 	mov	a,r7
      000ABB 64 80            [12] 2550 	xrl	a,#0x80
      000ABD 94 80            [12] 2551 	subb	a,#0x80
      000ABF 50 40            [24] 2552 	jnc	00101$
                                   2553 ;	8051_i2c_eeprom.c:575: SCL = 1;
                                   2554 ;	assignBit
      000AC1 D2 93            [12] 2555 	setb	_P1_3
                                   2556 ;	8051_i2c_eeprom.c:576: i2c_delay();
      000AC3 C0 07            [24] 2557 	push	ar7
      000AC5 C0 06            [24] 2558 	push	ar6
      000AC7 12r0Fr41         [24] 2559 	lcall	_i2c_delay
      000ACA D0 06            [24] 2560 	pop	ar6
      000ACC D0 07            [24] 2561 	pop	ar7
                                   2562 ;	8051_i2c_eeprom.c:577: buff |= (SDA << (7 - i));
      000ACE A2 94            [12] 2563 	mov	c,_P1_4
      000AD0 E4               [12] 2564 	clr	a
      000AD1 33               [12] 2565 	rlc	a
      000AD2 FD               [12] 2566 	mov	r5,a
      000AD3 8E 04            [24] 2567 	mov	ar4,r6
      000AD5 74 07            [12] 2568 	mov	a,#0x07
      000AD7 C3               [12] 2569 	clr	c
      000AD8 9C               [12] 2570 	subb	a,r4
      000AD9 FC               [12] 2571 	mov	r4,a
      000ADA 8C F0            [24] 2572 	mov	b,r4
      000ADC 05 F0            [12] 2573 	inc	b
      000ADE ED               [12] 2574 	mov	a,r5
      000ADF 80 02            [24] 2575 	sjmp	00119$
      000AE1                       2576 00117$:
      000AE1 25 E0            [12] 2577 	add	a,acc
      000AE3                       2578 00119$:
      000AE3 D5 F0 FB         [24] 2579 	djnz	b,00117$
      000AE6 FC               [12] 2580 	mov	r4,a
      000AE7 90r00r1C         [24] 2581 	mov	dptr,#_i2c_read_buff_65536_126
      000AEA E0               [24] 2582 	movx	a,@dptr
      000AEB 4C               [12] 2583 	orl	a,r4
      000AEC F0               [24] 2584 	movx	@dptr,a
                                   2585 ;	8051_i2c_eeprom.c:578: i2c_delay();
      000AED C0 07            [24] 2586 	push	ar7
      000AEF C0 06            [24] 2587 	push	ar6
      000AF1 12r0Fr41         [24] 2588 	lcall	_i2c_delay
      000AF4 D0 06            [24] 2589 	pop	ar6
      000AF6 D0 07            [24] 2590 	pop	ar7
                                   2591 ;	8051_i2c_eeprom.c:579: SCL=0;
                                   2592 ;	assignBit
      000AF8 C2 93            [12] 2593 	clr	_P1_3
                                   2594 ;	8051_i2c_eeprom.c:573: for(int i=0;i<8;i++)
      000AFA 0E               [12] 2595 	inc	r6
      000AFB BE 00 B8         [24] 2596 	cjne	r6,#0x00,00103$
      000AFE 0F               [12] 2597 	inc	r7
      000AFF 80 B5            [24] 2598 	sjmp	00103$
      000B01                       2599 00101$:
                                   2600 ;	8051_i2c_eeprom.c:583: SDA = !ACK;         // ACK = 0, NACK = 1
      000B01 90r00r1A         [24] 2601 	mov	dptr,#_i2c_read_ACK_65536_125
      000B04 E0               [24] 2602 	movx	a,@dptr
      000B05 FE               [12] 2603 	mov	r6,a
      000B06 A3               [24] 2604 	inc	dptr
      000B07 E0               [24] 2605 	movx	a,@dptr
      000B08 4E               [12] 2606 	orl	a,r6
      000B09 B4 01 00         [24] 2607 	cjne	a,#0x01,00121$
      000B0C                       2608 00121$:
      000B0C E4               [12] 2609 	clr	a
      000B0D 33               [12] 2610 	rlc	a
      000B0E 24 FF            [12] 2611 	add	a,#0xff
      000B10 92 94            [24] 2612 	mov	_P1_4,c
                                   2613 ;	8051_i2c_eeprom.c:584: SCL = 1;
                                   2614 ;	assignBit
      000B12 D2 93            [12] 2615 	setb	_P1_3
                                   2616 ;	8051_i2c_eeprom.c:585: i2c_delay();
      000B14 12r0Fr41         [24] 2617 	lcall	_i2c_delay
                                   2618 ;	8051_i2c_eeprom.c:586: SCL = 0;
                                   2619 ;	assignBit
      000B17 C2 93            [12] 2620 	clr	_P1_3
                                   2621 ;	8051_i2c_eeprom.c:588: return buff;
      000B19 90r00r1C         [24] 2622 	mov	dptr,#_i2c_read_buff_65536_126
      000B1C E0               [24] 2623 	movx	a,@dptr
      000B1D FF               [12] 2624 	mov	r7,a
      000B1E 7E 00            [12] 2625 	mov	r6,#0x00
      000B20 8F 82            [24] 2626 	mov	dpl,r7
      000B22 8E 83            [24] 2627 	mov	dph,r6
                                   2628 ;	8051_i2c_eeprom.c:589: }
      000B24 22               [24] 2629 	ret
                                   2630 ;------------------------------------------------------------
                                   2631 ;Allocation info for local variables in function 'i2c_start'
                                   2632 ;------------------------------------------------------------
                                   2633 ;	8051_i2c_eeprom.c:596: void i2c_start(void)
                                   2634 ;	-----------------------------------------
                                   2635 ;	 function i2c_start
                                   2636 ;	-----------------------------------------
      000B25                       2637 _i2c_start:
                                   2638 ;	8051_i2c_eeprom.c:598: i2c_delay();
      000B25 12r0Fr41         [24] 2639 	lcall	_i2c_delay
                                   2640 ;	8051_i2c_eeprom.c:599: SDA = 1;
                                   2641 ;	assignBit
      000B28 D2 94            [12] 2642 	setb	_P1_4
                                   2643 ;	8051_i2c_eeprom.c:600: i2c_delay();
      000B2A 12r0Fr41         [24] 2644 	lcall	_i2c_delay
                                   2645 ;	8051_i2c_eeprom.c:601: SCL = 1;
                                   2646 ;	assignBit
      000B2D D2 93            [12] 2647 	setb	_P1_3
                                   2648 ;	8051_i2c_eeprom.c:602: i2c_delay();
      000B2F 12r0Fr41         [24] 2649 	lcall	_i2c_delay
                                   2650 ;	8051_i2c_eeprom.c:603: SDA = 0;
                                   2651 ;	assignBit
      000B32 C2 94            [12] 2652 	clr	_P1_4
                                   2653 ;	8051_i2c_eeprom.c:604: i2c_delay();
      000B34 12r0Fr41         [24] 2654 	lcall	_i2c_delay
                                   2655 ;	8051_i2c_eeprom.c:605: SCL = 0;
                                   2656 ;	assignBit
      000B37 C2 93            [12] 2657 	clr	_P1_3
                                   2658 ;	8051_i2c_eeprom.c:606: }
      000B39 22               [24] 2659 	ret
                                   2660 ;------------------------------------------------------------
                                   2661 ;Allocation info for local variables in function 'EEPROM_hexdump'
                                   2662 ;------------------------------------------------------------
                                   2663 ;end_address               Allocated with name '_EEPROM_hexdump_PARM_2'
                                   2664 ;start_address             Allocated with name '_EEPROM_hexdump_start_address_65536_131'
                                   2665 ;num_bytes                 Allocated with name '_EEPROM_hexdump_num_bytes_65537_133'
                                   2666 ;current_address           Allocated with name '_EEPROM_hexdump_current_address_65537_133'
                                   2667 ;i                         Allocated with name '_EEPROM_hexdump_i_196609_135'
                                   2668 ;data                      Allocated with name '_EEPROM_hexdump_data_327682_141'
                                   2669 ;i                         Allocated with name '_EEPROM_hexdump_i_196609_143'
                                   2670 ;data                      Allocated with name '_EEPROM_hexdump_data_327682_146'
                                   2671 ;------------------------------------------------------------
                                   2672 ;	8051_i2c_eeprom.c:615: int EEPROM_hexdump(uint16_t start_address, uint16_t end_address) {
                                   2673 ;	-----------------------------------------
                                   2674 ;	 function EEPROM_hexdump
                                   2675 ;	-----------------------------------------
      000B3A                       2676 _EEPROM_hexdump:
      000B3A AF 83            [24] 2677 	mov	r7,dph
      000B3C E5 82            [12] 2678 	mov	a,dpl
      000B3E 90r00r1F         [24] 2679 	mov	dptr,#_EEPROM_hexdump_start_address_65536_131
      000B41 F0               [24] 2680 	movx	@dptr,a
      000B42 EF               [12] 2681 	mov	a,r7
      000B43 A3               [24] 2682 	inc	dptr
      000B44 F0               [24] 2683 	movx	@dptr,a
                                   2684 ;	8051_i2c_eeprom.c:617: printf("\r\n----------------------------------------------------------------\r\n");
      000B45 74r47            [12] 2685 	mov	a,#___str_47
      000B47 C0 E0            [24] 2686 	push	acc
      000B49 74s0D            [12] 2687 	mov	a,#(___str_47 >> 8)
      000B4B C0 E0            [24] 2688 	push	acc
      000B4D 74 80            [12] 2689 	mov	a,#0x80
      000B4F C0 E0            [24] 2690 	push	acc
      000B51 12r00r00         [24] 2691 	lcall	_printf
      000B54 15 81            [12] 2692 	dec	sp
      000B56 15 81            [12] 2693 	dec	sp
      000B58 15 81            [12] 2694 	dec	sp
                                   2695 ;	8051_i2c_eeprom.c:618: printf("                    EEPROM Hex Dump                               \r\n");
      000B5A 74r8C            [12] 2696 	mov	a,#___str_48
      000B5C C0 E0            [24] 2697 	push	acc
      000B5E 74s0D            [12] 2698 	mov	a,#(___str_48 >> 8)
      000B60 C0 E0            [24] 2699 	push	acc
      000B62 74 80            [12] 2700 	mov	a,#0x80
      000B64 C0 E0            [24] 2701 	push	acc
      000B66 12r00r00         [24] 2702 	lcall	_printf
      000B69 15 81            [12] 2703 	dec	sp
      000B6B 15 81            [12] 2704 	dec	sp
      000B6D 15 81            [12] 2705 	dec	sp
                                   2706 ;	8051_i2c_eeprom.c:619: printf("----------------------------------------------------------------\r\n");
      000B6F 74rD1            [12] 2707 	mov	a,#___str_49
      000B71 C0 E0            [24] 2708 	push	acc
      000B73 74s0D            [12] 2709 	mov	a,#(___str_49 >> 8)
      000B75 C0 E0            [24] 2710 	push	acc
      000B77 74 80            [12] 2711 	mov	a,#0x80
      000B79 C0 E0            [24] 2712 	push	acc
      000B7B 12r00r00         [24] 2713 	lcall	_printf
      000B7E 15 81            [12] 2714 	dec	sp
      000B80 15 81            [12] 2715 	dec	sp
      000B82 15 81            [12] 2716 	dec	sp
                                   2717 ;	8051_i2c_eeprom.c:620: printf("     0  1  2  3  4  5  6  7  8  9  A  B  C  D  E  F\r\n");
      000B84 74r14            [12] 2718 	mov	a,#___str_50
      000B86 C0 E0            [24] 2719 	push	acc
      000B88 74s0E            [12] 2720 	mov	a,#(___str_50 >> 8)
      000B8A C0 E0            [24] 2721 	push	acc
      000B8C 74 80            [12] 2722 	mov	a,#0x80
      000B8E C0 E0            [24] 2723 	push	acc
      000B90 12r00r00         [24] 2724 	lcall	_printf
      000B93 15 81            [12] 2725 	dec	sp
      000B95 15 81            [12] 2726 	dec	sp
      000B97 15 81            [12] 2727 	dec	sp
                                   2728 ;	8051_i2c_eeprom.c:624: uint16_t current_address = start_address;
      000B99 90r00r1F         [24] 2729 	mov	dptr,#_EEPROM_hexdump_start_address_65536_131
      000B9C E0               [24] 2730 	movx	a,@dptr
      000B9D FE               [12] 2731 	mov	r6,a
      000B9E A3               [24] 2732 	inc	dptr
      000B9F E0               [24] 2733 	movx	a,@dptr
      000BA0 FF               [12] 2734 	mov	r7,a
      000BA1 90r00r21         [24] 2735 	mov	dptr,#_EEPROM_hexdump_current_address_65537_133
      000BA4 EE               [12] 2736 	mov	a,r6
      000BA5 F0               [24] 2737 	movx	@dptr,a
      000BA6 EF               [12] 2738 	mov	a,r7
      000BA7 A3               [24] 2739 	inc	dptr
      000BA8 F0               [24] 2740 	movx	@dptr,a
                                   2741 ;	8051_i2c_eeprom.c:627: while (current_address <= end_address) {
      000BA9 90r00r1D         [24] 2742 	mov	dptr,#_EEPROM_hexdump_PARM_2
      000BAC E0               [24] 2743 	movx	a,@dptr
      000BAD FE               [12] 2744 	mov	r6,a
      000BAE A3               [24] 2745 	inc	dptr
      000BAF E0               [24] 2746 	movx	a,@dptr
      000BB0 FF               [12] 2747 	mov	r7,a
      000BB1                       2748 00119$:
      000BB1 90r00r21         [24] 2749 	mov	dptr,#_EEPROM_hexdump_current_address_65537_133
      000BB4 E0               [24] 2750 	movx	a,@dptr
      000BB5 FC               [12] 2751 	mov	r4,a
      000BB6 A3               [24] 2752 	inc	dptr
      000BB7 E0               [24] 2753 	movx	a,@dptr
      000BB8 FD               [12] 2754 	mov	r5,a
      000BB9 C3               [12] 2755 	clr	c
      000BBA EE               [12] 2756 	mov	a,r6
      000BBB 9C               [12] 2757 	subb	a,r4
      000BBC EF               [12] 2758 	mov	a,r7
      000BBD 9D               [12] 2759 	subb	a,r5
      000BBE 50 03            [24] 2760 	jnc	00183$
      000BC0 02r0Er50         [24] 2761 	ljmp	00121$
      000BC3                       2762 00183$:
                                   2763 ;	8051_i2c_eeprom.c:629: printf("%03X: ", current_address & 0xFFF0);
      000BC3 53 04 F0         [24] 2764 	anl	ar4,#0xf0
      000BC6 C0 07            [24] 2765 	push	ar7
      000BC8 C0 06            [24] 2766 	push	ar6
      000BCA C0 04            [24] 2767 	push	ar4
      000BCC C0 05            [24] 2768 	push	ar5
      000BCE 74r4A            [12] 2769 	mov	a,#___str_51
      000BD0 C0 E0            [24] 2770 	push	acc
      000BD2 74s0E            [12] 2771 	mov	a,#(___str_51 >> 8)
      000BD4 C0 E0            [24] 2772 	push	acc
      000BD6 74 80            [12] 2773 	mov	a,#0x80
      000BD8 C0 E0            [24] 2774 	push	acc
      000BDA 12r00r00         [24] 2775 	lcall	_printf
      000BDD E5 81            [12] 2776 	mov	a,sp
      000BDF 24 FB            [12] 2777 	add	a,#0xfb
      000BE1 F5 81            [12] 2778 	mov	sp,a
      000BE3 D0 06            [24] 2779 	pop	ar6
      000BE5 D0 07            [24] 2780 	pop	ar7
                                   2781 ;	8051_i2c_eeprom.c:632: for (uint8_t i = 0; i < 16; i++) {
      000BE7 7D 00            [12] 2782 	mov	r5,#0x00
      000BE9                       2783 00123$:
      000BE9 BD 10 00         [24] 2784 	cjne	r5,#0x10,00184$
      000BEC                       2785 00184$:
      000BEC 40 03            [24] 2786 	jc	00185$
      000BEE 02r0Dr25         [24] 2787 	ljmp	00110$
      000BF1                       2788 00185$:
                                   2789 ;	8051_i2c_eeprom.c:633: if (current_address + i <= end_address) {
      000BF1 8D 03            [24] 2790 	mov	ar3,r5
      000BF3 7C 00            [12] 2791 	mov	r4,#0x00
      000BF5 90r00r21         [24] 2792 	mov	dptr,#_EEPROM_hexdump_current_address_65537_133
      000BF8 E0               [24] 2793 	movx	a,@dptr
      000BF9 F9               [12] 2794 	mov	r1,a
      000BFA A3               [24] 2795 	inc	dptr
      000BFB E0               [24] 2796 	movx	a,@dptr
      000BFC FA               [12] 2797 	mov	r2,a
      000BFD C0 05            [24] 2798 	push	ar5
      000BFF 89 00            [24] 2799 	mov	ar0,r1
      000C01 8A 05            [24] 2800 	mov	ar5,r2
      000C03 EB               [12] 2801 	mov	a,r3
      000C04 28               [12] 2802 	add	a,r0
      000C05 F8               [12] 2803 	mov	r0,a
      000C06 EC               [12] 2804 	mov	a,r4
      000C07 3D               [12] 2805 	addc	a,r5
      000C08 FD               [12] 2806 	mov	r5,a
      000C09 C3               [12] 2807 	clr	c
      000C0A EE               [12] 2808 	mov	a,r6
      000C0B 98               [12] 2809 	subb	a,r0
      000C0C EF               [12] 2810 	mov	a,r7
      000C0D 9D               [12] 2811 	subb	a,r5
      000C0E D0 05            [24] 2812 	pop	ar5
      000C10 50 03            [24] 2813 	jnc	00186$
      000C12 02r0Dr00         [24] 2814 	ljmp	00108$
      000C15                       2815 00186$:
                                   2816 ;	8051_i2c_eeprom.c:635: i2c_start();
      000C15 C0 07            [24] 2817 	push	ar7
      000C17 C0 06            [24] 2818 	push	ar6
      000C19 C0 05            [24] 2819 	push	ar5
      000C1B C0 02            [24] 2820 	push	ar2
      000C1D C0 01            [24] 2821 	push	ar1
      000C1F 12r0Br25         [24] 2822 	lcall	_i2c_start
                                   2823 ;	8051_i2c_eeprom.c:638: if (!i2c_write(EEPROM_ID | WRITE)) {
      000C22 75 82 A0         [24] 2824 	mov	dpl,#0xa0
      000C25 12r0Ar38         [24] 2825 	lcall	_i2c_write
      000C28 E5 82            [12] 2826 	mov	a,dpl
      000C2A 85 83 F0         [24] 2827 	mov	b,dph
      000C2D D0 01            [24] 2828 	pop	ar1
      000C2F D0 02            [24] 2829 	pop	ar2
      000C31 D0 05            [24] 2830 	pop	ar5
      000C33 D0 06            [24] 2831 	pop	ar6
      000C35 D0 07            [24] 2832 	pop	ar7
      000C37 45 F0            [12] 2833 	orl	a,b
      000C39 70 1C            [24] 2834 	jnz	00102$
                                   2835 ;	8051_i2c_eeprom.c:639: printf("Error: Device not responding\r\n");
      000C3B 74r51            [12] 2836 	mov	a,#___str_52
      000C3D C0 E0            [24] 2837 	push	acc
      000C3F 74s0E            [12] 2838 	mov	a,#(___str_52 >> 8)
      000C41 C0 E0            [24] 2839 	push	acc
      000C43 74 80            [12] 2840 	mov	a,#0x80
      000C45 C0 E0            [24] 2841 	push	acc
      000C47 12r00r00         [24] 2842 	lcall	_printf
      000C4A 15 81            [12] 2843 	dec	sp
      000C4C 15 81            [12] 2844 	dec	sp
      000C4E 15 81            [12] 2845 	dec	sp
                                   2846 ;	8051_i2c_eeprom.c:640: i2c_stop();
      000C50 12r0Fr08         [24] 2847 	lcall	_i2c_stop
                                   2848 ;	8051_i2c_eeprom.c:641: return 0;
      000C53 90 00 00         [24] 2849 	mov	dptr,#0x0000
      000C56 22               [24] 2850 	ret
      000C57                       2851 00102$:
                                   2852 ;	8051_i2c_eeprom.c:645: if (!i2c_write((unsigned char)(current_address + i))) {
      000C57 ED               [12] 2853 	mov	a,r5
      000C58 29               [12] 2854 	add	a,r1
      000C59 F5 82            [12] 2855 	mov	dpl,a
      000C5B C0 07            [24] 2856 	push	ar7
      000C5D C0 06            [24] 2857 	push	ar6
      000C5F C0 05            [24] 2858 	push	ar5
      000C61 12r0Ar38         [24] 2859 	lcall	_i2c_write
      000C64 E5 82            [12] 2860 	mov	a,dpl
      000C66 85 83 F0         [24] 2861 	mov	b,dph
      000C69 D0 05            [24] 2862 	pop	ar5
      000C6B D0 06            [24] 2863 	pop	ar6
      000C6D D0 07            [24] 2864 	pop	ar7
      000C6F 45 F0            [12] 2865 	orl	a,b
      000C71 70 1C            [24] 2866 	jnz	00104$
                                   2867 ;	8051_i2c_eeprom.c:646: printf("Error: Address write failed\r\n");
      000C73 74r70            [12] 2868 	mov	a,#___str_53
      000C75 C0 E0            [24] 2869 	push	acc
      000C77 74s0E            [12] 2870 	mov	a,#(___str_53 >> 8)
      000C79 C0 E0            [24] 2871 	push	acc
      000C7B 74 80            [12] 2872 	mov	a,#0x80
      000C7D C0 E0            [24] 2873 	push	acc
      000C7F 12r00r00         [24] 2874 	lcall	_printf
      000C82 15 81            [12] 2875 	dec	sp
      000C84 15 81            [12] 2876 	dec	sp
      000C86 15 81            [12] 2877 	dec	sp
                                   2878 ;	8051_i2c_eeprom.c:647: i2c_stop();
      000C88 12r0Fr08         [24] 2879 	lcall	_i2c_stop
                                   2880 ;	8051_i2c_eeprom.c:648: return 0;
      000C8B 90 00 00         [24] 2881 	mov	dptr,#0x0000
      000C8E 22               [24] 2882 	ret
      000C8F                       2883 00104$:
                                   2884 ;	8051_i2c_eeprom.c:652: i2c_start();
      000C8F C0 07            [24] 2885 	push	ar7
      000C91 C0 06            [24] 2886 	push	ar6
      000C93 C0 05            [24] 2887 	push	ar5
      000C95 12r0Br25         [24] 2888 	lcall	_i2c_start
                                   2889 ;	8051_i2c_eeprom.c:655: if (!i2c_write(EEPROM_ID | READ)) {
      000C98 75 82 A1         [24] 2890 	mov	dpl,#0xa1
      000C9B 12r0Ar38         [24] 2891 	lcall	_i2c_write
      000C9E E5 82            [12] 2892 	mov	a,dpl
      000CA0 85 83 F0         [24] 2893 	mov	b,dph
      000CA3 D0 05            [24] 2894 	pop	ar5
      000CA5 D0 06            [24] 2895 	pop	ar6
      000CA7 D0 07            [24] 2896 	pop	ar7
      000CA9 45 F0            [12] 2897 	orl	a,b
      000CAB 70 1C            [24] 2898 	jnz	00106$
                                   2899 ;	8051_i2c_eeprom.c:656: printf("Error: Device not responding in read mode\r\n");
      000CAD 74r8E            [12] 2900 	mov	a,#___str_54
      000CAF C0 E0            [24] 2901 	push	acc
      000CB1 74s0E            [12] 2902 	mov	a,#(___str_54 >> 8)
      000CB3 C0 E0            [24] 2903 	push	acc
      000CB5 74 80            [12] 2904 	mov	a,#0x80
      000CB7 C0 E0            [24] 2905 	push	acc
      000CB9 12r00r00         [24] 2906 	lcall	_printf
      000CBC 15 81            [12] 2907 	dec	sp
      000CBE 15 81            [12] 2908 	dec	sp
      000CC0 15 81            [12] 2909 	dec	sp
                                   2910 ;	8051_i2c_eeprom.c:657: i2c_stop();
      000CC2 12r0Fr08         [24] 2911 	lcall	_i2c_stop
                                   2912 ;	8051_i2c_eeprom.c:658: return 0;
      000CC5 90 00 00         [24] 2913 	mov	dptr,#0x0000
      000CC8 22               [24] 2914 	ret
      000CC9                       2915 00106$:
                                   2916 ;	8051_i2c_eeprom.c:662: unsigned char data = i2c_read(0);
      000CC9 90 00 00         [24] 2917 	mov	dptr,#0x0000
      000CCC C0 07            [24] 2918 	push	ar7
      000CCE C0 06            [24] 2919 	push	ar6
      000CD0 C0 05            [24] 2920 	push	ar5
      000CD2 12r0ArA0         [24] 2921 	lcall	_i2c_read
      000CD5 AB 82            [24] 2922 	mov	r3,dpl
                                   2923 ;	8051_i2c_eeprom.c:663: printf("%02X ", data);
      000CD7 7C 00            [12] 2924 	mov	r4,#0x00
      000CD9 C0 03            [24] 2925 	push	ar3
      000CDB C0 04            [24] 2926 	push	ar4
      000CDD 74rBA            [12] 2927 	mov	a,#___str_55
      000CDF C0 E0            [24] 2928 	push	acc
      000CE1 74s0E            [12] 2929 	mov	a,#(___str_55 >> 8)
      000CE3 C0 E0            [24] 2930 	push	acc
      000CE5 74 80            [12] 2931 	mov	a,#0x80
      000CE7 C0 E0            [24] 2932 	push	acc
      000CE9 12r00r00         [24] 2933 	lcall	_printf
      000CEC E5 81            [12] 2934 	mov	a,sp
      000CEE 24 FB            [12] 2935 	add	a,#0xfb
      000CF0 F5 81            [12] 2936 	mov	sp,a
                                   2937 ;	8051_i2c_eeprom.c:665: i2c_stop();
      000CF2 12r0Fr08         [24] 2938 	lcall	_i2c_stop
                                   2939 ;	8051_i2c_eeprom.c:666: i2c_delay(); // Small delay between reads
      000CF5 12r0Fr41         [24] 2940 	lcall	_i2c_delay
      000CF8 D0 05            [24] 2941 	pop	ar5
      000CFA D0 06            [24] 2942 	pop	ar6
      000CFC D0 07            [24] 2943 	pop	ar7
      000CFE 80 21            [24] 2944 	sjmp	00124$
      000D00                       2945 00108$:
                                   2946 ;	8051_i2c_eeprom.c:668: printf("   "); // Print spaces for addresses beyond end_address
      000D00 C0 07            [24] 2947 	push	ar7
      000D02 C0 06            [24] 2948 	push	ar6
      000D04 C0 05            [24] 2949 	push	ar5
      000D06 74rC0            [12] 2950 	mov	a,#___str_56
      000D08 C0 E0            [24] 2951 	push	acc
      000D0A 74s0E            [12] 2952 	mov	a,#(___str_56 >> 8)
      000D0C C0 E0            [24] 2953 	push	acc
      000D0E 74 80            [12] 2954 	mov	a,#0x80
      000D10 C0 E0            [24] 2955 	push	acc
      000D12 12r00r00         [24] 2956 	lcall	_printf
      000D15 15 81            [12] 2957 	dec	sp
      000D17 15 81            [12] 2958 	dec	sp
      000D19 15 81            [12] 2959 	dec	sp
      000D1B D0 05            [24] 2960 	pop	ar5
      000D1D D0 06            [24] 2961 	pop	ar6
      000D1F D0 07            [24] 2962 	pop	ar7
      000D21                       2963 00124$:
                                   2964 ;	8051_i2c_eeprom.c:632: for (uint8_t i = 0; i < 16; i++) {
      000D21 0D               [12] 2965 	inc	r5
      000D22 02r0BrE9         [24] 2966 	ljmp	00123$
      000D25                       2967 00110$:
                                   2968 ;	8051_i2c_eeprom.c:673: printf(" | ");
      000D25 C0 07            [24] 2969 	push	ar7
      000D27 C0 06            [24] 2970 	push	ar6
      000D29 74rC4            [12] 2971 	mov	a,#___str_57
      000D2B C0 E0            [24] 2972 	push	acc
      000D2D 74s0E            [12] 2973 	mov	a,#(___str_57 >> 8)
      000D2F C0 E0            [24] 2974 	push	acc
      000D31 74 80            [12] 2975 	mov	a,#0x80
      000D33 C0 E0            [24] 2976 	push	acc
      000D35 12r00r00         [24] 2977 	lcall	_printf
      000D38 15 81            [12] 2978 	dec	sp
      000D3A 15 81            [12] 2979 	dec	sp
      000D3C 15 81            [12] 2980 	dec	sp
      000D3E D0 06            [24] 2981 	pop	ar6
      000D40 D0 07            [24] 2982 	pop	ar7
                                   2983 ;	8051_i2c_eeprom.c:674: for (uint8_t i = 0; i < 16; i++) {
      000D42 90r00r21         [24] 2984 	mov	dptr,#_EEPROM_hexdump_current_address_65537_133
      000D45 E0               [24] 2985 	movx	a,@dptr
      000D46 FC               [12] 2986 	mov	r4,a
      000D47 A3               [24] 2987 	inc	dptr
      000D48 E0               [24] 2988 	movx	a,@dptr
      000D49 FD               [12] 2989 	mov	r5,a
      000D4A 7B 00            [12] 2990 	mov	r3,#0x00
      000D4C                       2991 00126$:
      000D4C BB 10 00         [24] 2992 	cjne	r3,#0x10,00190$
      000D4F                       2993 00190$:
      000D4F 40 03            [24] 2994 	jc	00191$
      000D51 02r0Er19         [24] 2995 	ljmp	00118$
      000D54                       2996 00191$:
                                   2997 ;	8051_i2c_eeprom.c:675: if (current_address + i <= end_address) {
      000D54 8B 01            [24] 2998 	mov	ar1,r3
      000D56 7A 00            [12] 2999 	mov	r2,#0x00
      000D58 C0 03            [24] 3000 	push	ar3
      000D5A 8C 00            [24] 3001 	mov	ar0,r4
      000D5C 8D 03            [24] 3002 	mov	ar3,r5
      000D5E E9               [12] 3003 	mov	a,r1
      000D5F 28               [12] 3004 	add	a,r0
      000D60 F8               [12] 3005 	mov	r0,a
      000D61 EA               [12] 3006 	mov	a,r2
      000D62 3B               [12] 3007 	addc	a,r3
      000D63 FB               [12] 3008 	mov	r3,a
      000D64 C3               [12] 3009 	clr	c
      000D65 EE               [12] 3010 	mov	a,r6
      000D66 98               [12] 3011 	subb	a,r0
      000D67 EF               [12] 3012 	mov	a,r7
      000D68 9B               [12] 3013 	subb	a,r3
      000D69 D0 03            [24] 3014 	pop	ar3
      000D6B 50 03            [24] 3015 	jnc	00192$
      000D6D 02r0DrFB         [24] 3016 	ljmp	00116$
      000D70                       3017 00192$:
                                   3018 ;	8051_i2c_eeprom.c:677: i2c_start();
      000D70 C0 07            [24] 3019 	push	ar7
      000D72 C0 06            [24] 3020 	push	ar6
      000D74 C0 05            [24] 3021 	push	ar5
      000D76 C0 04            [24] 3022 	push	ar4
      000D78 C0 03            [24] 3023 	push	ar3
      000D7A 12r0Br25         [24] 3024 	lcall	_i2c_start
                                   3025 ;	8051_i2c_eeprom.c:678: i2c_write(EEPROM_ID | WRITE);
      000D7D 75 82 A0         [24] 3026 	mov	dpl,#0xa0
      000D80 12r0Ar38         [24] 3027 	lcall	_i2c_write
      000D83 D0 03            [24] 3028 	pop	ar3
      000D85 D0 04            [24] 3029 	pop	ar4
                                   3030 ;	8051_i2c_eeprom.c:679: i2c_write((unsigned char)(current_address + i));
      000D87 8C 02            [24] 3031 	mov	ar2,r4
      000D89 EB               [12] 3032 	mov	a,r3
      000D8A 2A               [12] 3033 	add	a,r2
      000D8B F5 82            [12] 3034 	mov	dpl,a
      000D8D C0 04            [24] 3035 	push	ar4
      000D8F C0 03            [24] 3036 	push	ar3
      000D91 12r0Ar38         [24] 3037 	lcall	_i2c_write
                                   3038 ;	8051_i2c_eeprom.c:680: i2c_start();
      000D94 12r0Br25         [24] 3039 	lcall	_i2c_start
                                   3040 ;	8051_i2c_eeprom.c:681: i2c_write(EEPROM_ID | READ);
      000D97 75 82 A1         [24] 3041 	mov	dpl,#0xa1
      000D9A 12r0Ar38         [24] 3042 	lcall	_i2c_write
                                   3043 ;	8051_i2c_eeprom.c:682: unsigned char data = i2c_read(0);
      000D9D 90 00 00         [24] 3044 	mov	dptr,#0x0000
      000DA0 12r0ArA0         [24] 3045 	lcall	_i2c_read
      000DA3 A9 82            [24] 3046 	mov	r1,dpl
                                   3047 ;	8051_i2c_eeprom.c:683: i2c_stop();
      000DA5 C0 01            [24] 3048 	push	ar1
      000DA7 12r0Fr08         [24] 3049 	lcall	_i2c_stop
      000DAA D0 01            [24] 3050 	pop	ar1
      000DAC D0 03            [24] 3051 	pop	ar3
      000DAE D0 04            [24] 3052 	pop	ar4
      000DB0 D0 05            [24] 3053 	pop	ar5
      000DB2 D0 06            [24] 3054 	pop	ar6
      000DB4 D0 07            [24] 3055 	pop	ar7
                                   3056 ;	8051_i2c_eeprom.c:686: if (data >= 32 && data <= 126) {
      000DB6 B9 20 00         [24] 3057 	cjne	r1,#0x20,00193$
      000DB9                       3058 00193$:
      000DB9 40 24            [24] 3059 	jc	00112$
      000DBB E9               [12] 3060 	mov	a,r1
      000DBC 24 81            [12] 3061 	add	a,#0xff - 0x7e
      000DBE 40 1F            [24] 3062 	jc	00112$
                                   3063 ;	8051_i2c_eeprom.c:687: putchar(data);
      000DC0 7A 00            [12] 3064 	mov	r2,#0x00
      000DC2 89 82            [24] 3065 	mov	dpl,r1
      000DC4 8A 83            [24] 3066 	mov	dph,r2
      000DC6 C0 07            [24] 3067 	push	ar7
      000DC8 C0 06            [24] 3068 	push	ar6
      000DCA C0 05            [24] 3069 	push	ar5
      000DCC C0 04            [24] 3070 	push	ar4
      000DCE C0 03            [24] 3071 	push	ar3
      000DD0 12r00r00         [24] 3072 	lcall	_putchar
      000DD3 D0 03            [24] 3073 	pop	ar3
      000DD5 D0 04            [24] 3074 	pop	ar4
      000DD7 D0 05            [24] 3075 	pop	ar5
      000DD9 D0 06            [24] 3076 	pop	ar6
      000DDB D0 07            [24] 3077 	pop	ar7
      000DDD 80 36            [24] 3078 	sjmp	00127$
      000DDF                       3079 00112$:
                                   3080 ;	8051_i2c_eeprom.c:689: putchar('.');
      000DDF 90 00 2E         [24] 3081 	mov	dptr,#0x002e
      000DE2 C0 07            [24] 3082 	push	ar7
      000DE4 C0 06            [24] 3083 	push	ar6
      000DE6 C0 05            [24] 3084 	push	ar5
      000DE8 C0 04            [24] 3085 	push	ar4
      000DEA C0 03            [24] 3086 	push	ar3
      000DEC 12r00r00         [24] 3087 	lcall	_putchar
      000DEF D0 03            [24] 3088 	pop	ar3
      000DF1 D0 04            [24] 3089 	pop	ar4
      000DF3 D0 05            [24] 3090 	pop	ar5
      000DF5 D0 06            [24] 3091 	pop	ar6
      000DF7 D0 07            [24] 3092 	pop	ar7
      000DF9 80 1A            [24] 3093 	sjmp	00127$
      000DFB                       3094 00116$:
                                   3095 ;	8051_i2c_eeprom.c:692: putchar(' ');
      000DFB 90 00 20         [24] 3096 	mov	dptr,#0x0020
      000DFE C0 07            [24] 3097 	push	ar7
      000E00 C0 06            [24] 3098 	push	ar6
      000E02 C0 05            [24] 3099 	push	ar5
      000E04 C0 04            [24] 3100 	push	ar4
      000E06 C0 03            [24] 3101 	push	ar3
      000E08 12r00r00         [24] 3102 	lcall	_putchar
      000E0B D0 03            [24] 3103 	pop	ar3
      000E0D D0 04            [24] 3104 	pop	ar4
      000E0F D0 05            [24] 3105 	pop	ar5
      000E11 D0 06            [24] 3106 	pop	ar6
      000E13 D0 07            [24] 3107 	pop	ar7
      000E15                       3108 00127$:
                                   3109 ;	8051_i2c_eeprom.c:674: for (uint8_t i = 0; i < 16; i++) {
      000E15 0B               [12] 3110 	inc	r3
      000E16 02r0Dr4C         [24] 3111 	ljmp	00126$
      000E19                       3112 00118$:
                                   3113 ;	8051_i2c_eeprom.c:696: printf("\r\n");
      000E19 C0 07            [24] 3114 	push	ar7
      000E1B C0 06            [24] 3115 	push	ar6
      000E1D 74rC8            [12] 3116 	mov	a,#___str_58
      000E1F C0 E0            [24] 3117 	push	acc
      000E21 74s0E            [12] 3118 	mov	a,#(___str_58 >> 8)
      000E23 C0 E0            [24] 3119 	push	acc
      000E25 74 80            [12] 3120 	mov	a,#0x80
      000E27 C0 E0            [24] 3121 	push	acc
      000E29 12r00r00         [24] 3122 	lcall	_printf
      000E2C 15 81            [12] 3123 	dec	sp
      000E2E 15 81            [12] 3124 	dec	sp
      000E30 15 81            [12] 3125 	dec	sp
      000E32 D0 06            [24] 3126 	pop	ar6
      000E34 D0 07            [24] 3127 	pop	ar7
                                   3128 ;	8051_i2c_eeprom.c:697: current_address += 16;
      000E36 90r00r21         [24] 3129 	mov	dptr,#_EEPROM_hexdump_current_address_65537_133
      000E39 E0               [24] 3130 	movx	a,@dptr
      000E3A FC               [12] 3131 	mov	r4,a
      000E3B A3               [24] 3132 	inc	dptr
      000E3C E0               [24] 3133 	movx	a,@dptr
      000E3D FD               [12] 3134 	mov	r5,a
      000E3E 74 10            [12] 3135 	mov	a,#0x10
      000E40 2C               [12] 3136 	add	a,r4
      000E41 FC               [12] 3137 	mov	r4,a
      000E42 E4               [12] 3138 	clr	a
      000E43 3D               [12] 3139 	addc	a,r5
      000E44 FD               [12] 3140 	mov	r5,a
      000E45 90r00r21         [24] 3141 	mov	dptr,#_EEPROM_hexdump_current_address_65537_133
      000E48 EC               [12] 3142 	mov	a,r4
      000E49 F0               [24] 3143 	movx	@dptr,a
      000E4A ED               [12] 3144 	mov	a,r5
      000E4B A3               [24] 3145 	inc	dptr
      000E4C F0               [24] 3146 	movx	@dptr,a
      000E4D 02r0BrB1         [24] 3147 	ljmp	00119$
      000E50                       3148 00121$:
                                   3149 ;	8051_i2c_eeprom.c:700: printf("----------------------------------------------------------------\r\n");
      000E50 74rD1            [12] 3150 	mov	a,#___str_49
      000E52 C0 E0            [24] 3151 	push	acc
      000E54 74s0D            [12] 3152 	mov	a,#(___str_49 >> 8)
      000E56 C0 E0            [24] 3153 	push	acc
      000E58 74 80            [12] 3154 	mov	a,#0x80
      000E5A C0 E0            [24] 3155 	push	acc
      000E5C 12r00r00         [24] 3156 	lcall	_printf
      000E5F 15 81            [12] 3157 	dec	sp
      000E61 15 81            [12] 3158 	dec	sp
      000E63 15 81            [12] 3159 	dec	sp
                                   3160 ;	8051_i2c_eeprom.c:701: return 1;
      000E65 90 00 01         [24] 3161 	mov	dptr,#0x0001
                                   3162 ;	8051_i2c_eeprom.c:702: }
      000E68 22               [24] 3163 	ret
                                   3164 ;------------------------------------------------------------
                                   3165 ;Allocation info for local variables in function 'handler_EEPROM_hexdump'
                                   3166 ;------------------------------------------------------------
                                   3167 ;start_addr                Allocated with name '_handler_EEPROM_hexdump_start_addr_65537_152'
                                   3168 ;end_addr                  Allocated with name '_handler_EEPROM_hexdump_end_addr_65538_154'
                                   3169 ;------------------------------------------------------------
                                   3170 ;	8051_i2c_eeprom.c:705: void handler_EEPROM_hexdump(void) {
                                   3171 ;	-----------------------------------------
                                   3172 ;	 function handler_EEPROM_hexdump
                                   3173 ;	-----------------------------------------
      000E69                       3174 _handler_EEPROM_hexdump:
                                   3175 ;	8051_i2c_eeprom.c:706: printf("\nEnter Start Address for HEX Dump (000-7FF):\r\n");
      000E69 74rCB            [12] 3176 	mov	a,#___str_59
      000E6B C0 E0            [24] 3177 	push	acc
      000E6D 74s0E            [12] 3178 	mov	a,#(___str_59 >> 8)
      000E6F C0 E0            [24] 3179 	push	acc
      000E71 74 80            [12] 3180 	mov	a,#0x80
      000E73 C0 E0            [24] 3181 	push	acc
      000E75 12r00r00         [24] 3182 	lcall	_printf
      000E78 15 81            [12] 3183 	dec	sp
      000E7A 15 81            [12] 3184 	dec	sp
      000E7C 15 81            [12] 3185 	dec	sp
                                   3186 ;	8051_i2c_eeprom.c:707: uint16_t start_addr = take_address();
      000E7E 12r04r2B         [24] 3187 	lcall	_take_address
      000E81 AE 82            [24] 3188 	mov	r6,dpl
      000E83 AF 83            [24] 3189 	mov	r7,dph
                                   3190 ;	8051_i2c_eeprom.c:709: if (start_addr > ADDR_MAX) {
      000E85 8E 04            [24] 3191 	mov	ar4,r6
      000E87 8F 05            [24] 3192 	mov	ar5,r7
      000E89 C3               [12] 3193 	clr	c
      000E8A 74 FF            [12] 3194 	mov	a,#0xff
      000E8C 9C               [12] 3195 	subb	a,r4
      000E8D 74 07            [12] 3196 	mov	a,#0x07
      000E8F 9D               [12] 3197 	subb	a,r5
      000E90 50 16            [24] 3198 	jnc	00102$
                                   3199 ;	8051_i2c_eeprom.c:710: printf("Invalid Start Address! Must be between 0x000 and 0x7FF\r\n");
      000E92 74rFA            [12] 3200 	mov	a,#___str_60
      000E94 C0 E0            [24] 3201 	push	acc
      000E96 74s0E            [12] 3202 	mov	a,#(___str_60 >> 8)
      000E98 C0 E0            [24] 3203 	push	acc
      000E9A 74 80            [12] 3204 	mov	a,#0x80
      000E9C C0 E0            [24] 3205 	push	acc
      000E9E 12r00r00         [24] 3206 	lcall	_printf
      000EA1 15 81            [12] 3207 	dec	sp
      000EA3 15 81            [12] 3208 	dec	sp
      000EA5 15 81            [12] 3209 	dec	sp
                                   3210 ;	8051_i2c_eeprom.c:711: return;
      000EA7 22               [24] 3211 	ret
      000EA8                       3212 00102$:
                                   3213 ;	8051_i2c_eeprom.c:714: printf("\nEnter End Address for HEX Dump (000-7FF):\r\n");
      000EA8 C0 07            [24] 3214 	push	ar7
      000EAA C0 06            [24] 3215 	push	ar6
      000EAC 74r33            [12] 3216 	mov	a,#___str_61
      000EAE C0 E0            [24] 3217 	push	acc
      000EB0 74s0F            [12] 3218 	mov	a,#(___str_61 >> 8)
      000EB2 C0 E0            [24] 3219 	push	acc
      000EB4 74 80            [12] 3220 	mov	a,#0x80
      000EB6 C0 E0            [24] 3221 	push	acc
      000EB8 12r00r00         [24] 3222 	lcall	_printf
      000EBB 15 81            [12] 3223 	dec	sp
      000EBD 15 81            [12] 3224 	dec	sp
      000EBF 15 81            [12] 3225 	dec	sp
                                   3226 ;	8051_i2c_eeprom.c:715: uint16_t end_addr = take_address();
      000EC1 12r04r2B         [24] 3227 	lcall	_take_address
      000EC4 AC 82            [24] 3228 	mov	r4,dpl
      000EC6 AD 83            [24] 3229 	mov	r5,dph
      000EC8 D0 06            [24] 3230 	pop	ar6
      000ECA D0 07            [24] 3231 	pop	ar7
                                   3232 ;	8051_i2c_eeprom.c:717: if (end_addr > ADDR_MAX || end_addr < start_addr) {
      000ECC 8C 02            [24] 3233 	mov	ar2,r4
      000ECE 8D 03            [24] 3234 	mov	ar3,r5
      000ED0 C3               [12] 3235 	clr	c
      000ED1 74 FF            [12] 3236 	mov	a,#0xff
      000ED3 9A               [12] 3237 	subb	a,r2
      000ED4 74 07            [12] 3238 	mov	a,#0x07
      000ED6 9B               [12] 3239 	subb	a,r3
      000ED7 40 06            [24] 3240 	jc	00103$
      000ED9 EC               [12] 3241 	mov	a,r4
      000EDA 9E               [12] 3242 	subb	a,r6
      000EDB ED               [12] 3243 	mov	a,r5
      000EDC 9F               [12] 3244 	subb	a,r7
      000EDD 50 1A            [24] 3245 	jnc	00104$
      000EDF                       3246 00103$:
                                   3247 ;	8051_i2c_eeprom.c:718: printf("Invalid End Address! Must be between 0x%03X and 0x7FF\r\n", start_addr);
      000EDF C0 06            [24] 3248 	push	ar6
      000EE1 C0 07            [24] 3249 	push	ar7
      000EE3 74r60            [12] 3250 	mov	a,#___str_62
      000EE5 C0 E0            [24] 3251 	push	acc
      000EE7 74s0F            [12] 3252 	mov	a,#(___str_62 >> 8)
      000EE9 C0 E0            [24] 3253 	push	acc
      000EEB 74 80            [12] 3254 	mov	a,#0x80
      000EED C0 E0            [24] 3255 	push	acc
      000EEF 12r00r00         [24] 3256 	lcall	_printf
      000EF2 E5 81            [12] 3257 	mov	a,sp
      000EF4 24 FB            [12] 3258 	add	a,#0xfb
      000EF6 F5 81            [12] 3259 	mov	sp,a
                                   3260 ;	8051_i2c_eeprom.c:719: return;
      000EF8 22               [24] 3261 	ret
      000EF9                       3262 00104$:
                                   3263 ;	8051_i2c_eeprom.c:722: EEPROM_hexdump(start_addr, end_addr);
      000EF9 90r00r1D         [24] 3264 	mov	dptr,#_EEPROM_hexdump_PARM_2
      000EFC EC               [12] 3265 	mov	a,r4
      000EFD F0               [24] 3266 	movx	@dptr,a
      000EFE ED               [12] 3267 	mov	a,r5
      000EFF A3               [24] 3268 	inc	dptr
      000F00 F0               [24] 3269 	movx	@dptr,a
      000F01 8E 82            [24] 3270 	mov	dpl,r6
      000F03 8F 83            [24] 3271 	mov	dph,r7
                                   3272 ;	8051_i2c_eeprom.c:723: }
      000F05 02r0Br3A         [24] 3273 	ljmp	_EEPROM_hexdump
                                   3274 ;------------------------------------------------------------
                                   3275 ;Allocation info for local variables in function 'i2c_stop'
                                   3276 ;------------------------------------------------------------
                                   3277 ;	8051_i2c_eeprom.c:855: void i2c_stop(void)
                                   3278 ;	-----------------------------------------
                                   3279 ;	 function i2c_stop
                                   3280 ;	-----------------------------------------
      000F08                       3281 _i2c_stop:
                                   3282 ;	8051_i2c_eeprom.c:857: SDA = 0;
                                   3283 ;	assignBit
      000F08 C2 94            [12] 3284 	clr	_P1_4
                                   3285 ;	8051_i2c_eeprom.c:858: i2c_delay();
      000F0A 12r0Fr41         [24] 3286 	lcall	_i2c_delay
                                   3287 ;	8051_i2c_eeprom.c:859: SCL = 1;
                                   3288 ;	assignBit
      000F0D D2 93            [12] 3289 	setb	_P1_3
                                   3290 ;	8051_i2c_eeprom.c:860: i2c_delay();
      000F0F 12r0Fr41         [24] 3291 	lcall	_i2c_delay
                                   3292 ;	8051_i2c_eeprom.c:861: SDA = 1; 
                                   3293 ;	assignBit
      000F12 D2 94            [12] 3294 	setb	_P1_4
                                   3295 ;	8051_i2c_eeprom.c:862: }
      000F14 22               [24] 3296 	ret
                                   3297 ;------------------------------------------------------------
                                   3298 ;Allocation info for local variables in function 'eeprom_reset'
                                   3299 ;------------------------------------------------------------
                                   3300 ;i                         Allocated with name '_eeprom_reset_i_131072_159'
                                   3301 ;------------------------------------------------------------
                                   3302 ;	8051_i2c_eeprom.c:872: void eeprom_reset()
                                   3303 ;	-----------------------------------------
                                   3304 ;	 function eeprom_reset
                                   3305 ;	-----------------------------------------
      000F15                       3306 _eeprom_reset:
                                   3307 ;	8051_i2c_eeprom.c:874: i2c_start();
      000F15 12r0Br25         [24] 3308 	lcall	_i2c_start
                                   3309 ;	8051_i2c_eeprom.c:875: SDA = 0;
                                   3310 ;	assignBit
      000F18 C2 94            [12] 3311 	clr	_P1_4
                                   3312 ;	8051_i2c_eeprom.c:876: SDA = 1;
                                   3313 ;	assignBit
      000F1A D2 94            [12] 3314 	setb	_P1_4
                                   3315 ;	8051_i2c_eeprom.c:877: for(int i = 0; i<10; i++)
      000F1C 7E 00            [12] 3316 	mov	r6,#0x00
      000F1E 7F 00            [12] 3317 	mov	r7,#0x00
      000F20                       3318 00103$:
      000F20 C3               [12] 3319 	clr	c
      000F21 EE               [12] 3320 	mov	a,r6
      000F22 94 0A            [12] 3321 	subb	a,#0x0a
      000F24 EF               [12] 3322 	mov	a,r7
      000F25 64 80            [12] 3323 	xrl	a,#0x80
      000F27 94 80            [12] 3324 	subb	a,#0x80
      000F29 50 0B            [24] 3325 	jnc	00101$
                                   3326 ;	8051_i2c_eeprom.c:879: SCL = 0;
                                   3327 ;	assignBit
      000F2B C2 93            [12] 3328 	clr	_P1_3
                                   3329 ;	8051_i2c_eeprom.c:880: SCL = 1;
                                   3330 ;	assignBit
      000F2D D2 93            [12] 3331 	setb	_P1_3
                                   3332 ;	8051_i2c_eeprom.c:877: for(int i = 0; i<10; i++)
      000F2F 0E               [12] 3333 	inc	r6
      000F30 BE 00 ED         [24] 3334 	cjne	r6,#0x00,00103$
      000F33 0F               [12] 3335 	inc	r7
      000F34 80 EA            [24] 3336 	sjmp	00103$
      000F36                       3337 00101$:
                                   3338 ;	8051_i2c_eeprom.c:882: i2c_start();
      000F36 12r0Br25         [24] 3339 	lcall	_i2c_start
                                   3340 ;	8051_i2c_eeprom.c:883: SDA = 0;
                                   3341 ;	assignBit
      000F39 C2 94            [12] 3342 	clr	_P1_4
                                   3343 ;	8051_i2c_eeprom.c:884: i2c_stop();
      000F3B 12r0Fr08         [24] 3344 	lcall	_i2c_stop
                                   3345 ;	8051_i2c_eeprom.c:885: SDA = 1;
                                   3346 ;	assignBit
      000F3E D2 94            [12] 3347 	setb	_P1_4
                                   3348 ;	8051_i2c_eeprom.c:886: }
      000F40 22               [24] 3349 	ret
                                   3350 ;------------------------------------------------------------
                                   3351 ;Allocation info for local variables in function 'i2c_delay'
                                   3352 ;------------------------------------------------------------
                                   3353 ;i                         Allocated with name '_i2c_delay_i_131072_162'
                                   3354 ;------------------------------------------------------------
                                   3355 ;	8051_i2c_eeprom.c:895: void i2c_delay() 
                                   3356 ;	-----------------------------------------
                                   3357 ;	 function i2c_delay
                                   3358 ;	-----------------------------------------
      000F41                       3359 _i2c_delay:
                                   3360 ;	8051_i2c_eeprom.c:903: for(int i = 0; i<500; i++);
      000F41 7E 00            [12] 3361 	mov	r6,#0x00
      000F43 7F 00            [12] 3362 	mov	r7,#0x00
      000F45                       3363 00103$:
      000F45 C3               [12] 3364 	clr	c
      000F46 EE               [12] 3365 	mov	a,r6
      000F47 94 F4            [12] 3366 	subb	a,#0xf4
      000F49 EF               [12] 3367 	mov	a,r7
      000F4A 64 80            [12] 3368 	xrl	a,#0x80
      000F4C 94 81            [12] 3369 	subb	a,#0x81
      000F4E 50 07            [24] 3370 	jnc	00105$
      000F50 0E               [12] 3371 	inc	r6
      000F51 BE 00 F1         [24] 3372 	cjne	r6,#0x00,00103$
      000F54 0F               [12] 3373 	inc	r7
      000F55 80 EE            [24] 3374 	sjmp	00103$
      000F57                       3375 00105$:
                                   3376 ;	8051_i2c_eeprom.c:904: }
      000F57 22               [24] 3377 	ret
                                   3378 ;------------------------------------------------------------
                                   3379 ;Allocation info for local variables in function 'test_function'
                                   3380 ;------------------------------------------------------------
                                   3381 ;test_data                 Allocated with name '_test_function_test_data_65537_164'
                                   3382 ;address                   Allocated with name '_test_function_address_65537_164'
                                   3383 ;i                         Allocated with name '_test_function_i_131073_165'
                                   3384 ;read_data                 Allocated with name '_test_function_read_data_65538_167'
                                   3385 ;------------------------------------------------------------
                                   3386 ;	8051_i2c_eeprom.c:906: void test_function()
                                   3387 ;	-----------------------------------------
                                   3388 ;	 function test_function
                                   3389 ;	-----------------------------------------
      000F58                       3390 _test_function:
                                   3391 ;	8051_i2c_eeprom.c:908: i2c_start();
      000F58 12r0Br25         [24] 3392 	lcall	_i2c_start
                                   3393 ;	8051_i2c_eeprom.c:909: i2c_delay();
      000F5B 12r0Fr41         [24] 3394 	lcall	_i2c_delay
                                   3395 ;	8051_i2c_eeprom.c:915: printf("Writing data 0x%02X to address 0x%02X\n\r", test_data, address);
      000F5E 74 02            [12] 3396 	mov	a,#0x02
      000F60 C0 E0            [24] 3397 	push	acc
      000F62 E4               [12] 3398 	clr	a
      000F63 C0 E0            [24] 3399 	push	acc
      000F65 74 26            [12] 3400 	mov	a,#0x26
      000F67 C0 E0            [24] 3401 	push	acc
      000F69 E4               [12] 3402 	clr	a
      000F6A C0 E0            [24] 3403 	push	acc
      000F6C 74r98            [12] 3404 	mov	a,#___str_63
      000F6E C0 E0            [24] 3405 	push	acc
      000F70 74s0F            [12] 3406 	mov	a,#(___str_63 >> 8)
      000F72 C0 E0            [24] 3407 	push	acc
      000F74 74 80            [12] 3408 	mov	a,#0x80
      000F76 C0 E0            [24] 3409 	push	acc
      000F78 12r00r00         [24] 3410 	lcall	_printf
      000F7B E5 81            [12] 3411 	mov	a,sp
      000F7D 24 F9            [12] 3412 	add	a,#0xf9
      000F7F F5 81            [12] 3413 	mov	sp,a
                                   3414 ;	8051_i2c_eeprom.c:916: eeprom_write(address, test_data);
      000F81 90r00r14         [24] 3415 	mov	dptr,#_eeprom_write_PARM_2
      000F84 74 26            [12] 3416 	mov	a,#0x26
      000F86 F0               [24] 3417 	movx	@dptr,a
      000F87 90 00 02         [24] 3418 	mov	dptr,#0x0002
      000F8A 12r07rE2         [24] 3419 	lcall	_eeprom_write
                                   3420 ;	8051_i2c_eeprom.c:917: i2c_stop();
      000F8D 12r0Fr08         [24] 3421 	lcall	_i2c_stop
                                   3422 ;	8051_i2c_eeprom.c:919: for(int i = 0; i<100; i++)
      000F90 7E 00            [12] 3423 	mov	r6,#0x00
      000F92 7F 00            [12] 3424 	mov	r7,#0x00
      000F94                       3425 00106$:
      000F94 C3               [12] 3426 	clr	c
      000F95 EE               [12] 3427 	mov	a,r6
      000F96 94 64            [12] 3428 	subb	a,#0x64
      000F98 EF               [12] 3429 	mov	a,r7
      000F99 64 80            [12] 3430 	xrl	a,#0x80
      000F9B 94 80            [12] 3431 	subb	a,#0x80
      000F9D 50 12            [24] 3432 	jnc	00101$
                                   3433 ;	8051_i2c_eeprom.c:921: i2c_delay();
      000F9F C0 07            [24] 3434 	push	ar7
      000FA1 C0 06            [24] 3435 	push	ar6
      000FA3 12r0Fr41         [24] 3436 	lcall	_i2c_delay
      000FA6 D0 06            [24] 3437 	pop	ar6
      000FA8 D0 07            [24] 3438 	pop	ar7
                                   3439 ;	8051_i2c_eeprom.c:919: for(int i = 0; i<100; i++)
      000FAA 0E               [12] 3440 	inc	r6
      000FAB BE 00 E6         [24] 3441 	cjne	r6,#0x00,00106$
      000FAE 0F               [12] 3442 	inc	r7
      000FAF 80 E3            [24] 3443 	sjmp	00106$
      000FB1                       3444 00101$:
                                   3445 ;	8051_i2c_eeprom.c:925: unsigned char read_data = eeprom_read(address);
      000FB1 90 00 02         [24] 3446 	mov	dptr,#0x0002
      000FB4 12r09r24         [24] 3447 	lcall	_eeprom_read
      000FB7 AE 82            [24] 3448 	mov	r6,dpl
                                   3449 ;	8051_i2c_eeprom.c:926: printf("Read back from address 0x%02X: 0x%02X\n\r", address, read_data);
      000FB9 8E 05            [24] 3450 	mov	ar5,r6
      000FBB 7F 00            [12] 3451 	mov	r7,#0x00
      000FBD C0 06            [24] 3452 	push	ar6
      000FBF C0 05            [24] 3453 	push	ar5
      000FC1 C0 07            [24] 3454 	push	ar7
      000FC3 74 02            [12] 3455 	mov	a,#0x02
      000FC5 C0 E0            [24] 3456 	push	acc
      000FC7 E4               [12] 3457 	clr	a
      000FC8 C0 E0            [24] 3458 	push	acc
      000FCA 74rC0            [12] 3459 	mov	a,#___str_64
      000FCC C0 E0            [24] 3460 	push	acc
      000FCE 74s0F            [12] 3461 	mov	a,#(___str_64 >> 8)
      000FD0 C0 E0            [24] 3462 	push	acc
      000FD2 74 80            [12] 3463 	mov	a,#0x80
      000FD4 C0 E0            [24] 3464 	push	acc
      000FD6 12r00r00         [24] 3465 	lcall	_printf
      000FD9 E5 81            [12] 3466 	mov	a,sp
      000FDB 24 F9            [12] 3467 	add	a,#0xf9
      000FDD F5 81            [12] 3468 	mov	sp,a
      000FDF D0 06            [24] 3469 	pop	ar6
                                   3470 ;	8051_i2c_eeprom.c:929: if(read_data == test_data) {
      000FE1 BE 26 16         [24] 3471 	cjne	r6,#0x26,00103$
                                   3472 ;	8051_i2c_eeprom.c:930: printf("MATCH - Write/Read successful!\n\r");
      000FE4 74rE8            [12] 3473 	mov	a,#___str_65
      000FE6 C0 E0            [24] 3474 	push	acc
      000FE8 74s0F            [12] 3475 	mov	a,#(___str_65 >> 8)
      000FEA C0 E0            [24] 3476 	push	acc
      000FEC 74 80            [12] 3477 	mov	a,#0x80
      000FEE C0 E0            [24] 3478 	push	acc
      000FF0 12r00r00         [24] 3479 	lcall	_printf
      000FF3 15 81            [12] 3480 	dec	sp
      000FF5 15 81            [12] 3481 	dec	sp
      000FF7 15 81            [12] 3482 	dec	sp
      000FF9 22               [24] 3483 	ret
      000FFA                       3484 00103$:
                                   3485 ;	8051_i2c_eeprom.c:932: printf("ERROR - Data mismatch!\n\r");
      000FFA 74r09            [12] 3486 	mov	a,#___str_66
      000FFC C0 E0            [24] 3487 	push	acc
      000FFE 74s10            [12] 3488 	mov	a,#(___str_66 >> 8)
      001000 C0 E0            [24] 3489 	push	acc
      001002 74 80            [12] 3490 	mov	a,#0x80
      001004 C0 E0            [24] 3491 	push	acc
      001006 12r00r00         [24] 3492 	lcall	_printf
      001009 15 81            [12] 3493 	dec	sp
      00100B 15 81            [12] 3494 	dec	sp
      00100D 15 81            [12] 3495 	dec	sp
                                   3496 ;	8051_i2c_eeprom.c:936: }
      00100F 22               [24] 3497 	ret
                                   3498 	.area CSEG    (CODE)
                                   3499 	.area CONST   (CODE)
                                   3500 	.area CONST   (CODE)
      000000                       3501 ___str_0:
      000000 0A                    3502 	.db 0x0a
      000001 E2                    3503 	.db 0xe2
      000002 95                    3504 	.db 0x95
      000003 94                    3505 	.db 0x94
      000004 E2                    3506 	.db 0xe2
      000005 95                    3507 	.db 0x95
      000006 90                    3508 	.db 0x90
      000007 E2                    3509 	.db 0xe2
      000008 95                    3510 	.db 0x95
      000009 90                    3511 	.db 0x90
      00000A E2                    3512 	.db 0xe2
      00000B 95                    3513 	.db 0x95
      00000C 90                    3514 	.db 0x90
      00000D E2                    3515 	.db 0xe2
      00000E 95                    3516 	.db 0x95
      00000F 90                    3517 	.db 0x90
      000010 E2                    3518 	.db 0xe2
      000011 95                    3519 	.db 0x95
      000012 90                    3520 	.db 0x90
      000013 E2                    3521 	.db 0xe2
      000014 95                    3522 	.db 0x95
      000015 90                    3523 	.db 0x90
      000016 E2                    3524 	.db 0xe2
      000017 95                    3525 	.db 0x95
      000018 90                    3526 	.db 0x90
      000019 E2                    3527 	.db 0xe2
      00001A 95                    3528 	.db 0x95
      00001B 90                    3529 	.db 0x90
      00001C E2                    3530 	.db 0xe2
      00001D 95                    3531 	.db 0x95
      00001E 90                    3532 	.db 0x90
      00001F E2                    3533 	.db 0xe2
      000020 95                    3534 	.db 0x95
      000021 90                    3535 	.db 0x90
      000022 E2                    3536 	.db 0xe2
      000023 95                    3537 	.db 0x95
      000024 90                    3538 	.db 0x90
      000025 E2                    3539 	.db 0xe2
      000026 95                    3540 	.db 0x95
      000027 90                    3541 	.db 0x90
      000028 E2                    3542 	.db 0xe2
      000029 95                    3543 	.db 0x95
      00002A 90                    3544 	.db 0x90
      00002B E2                    3545 	.db 0xe2
      00002C 95                    3546 	.db 0x95
      00002D 90                    3547 	.db 0x90
      00002E E2                    3548 	.db 0xe2
      00002F 95                    3549 	.db 0x95
      000030 90                    3550 	.db 0x90
      000031 E2                    3551 	.db 0xe2
      000032 95                    3552 	.db 0x95
      000033 90                    3553 	.db 0x90
      000034 E2                    3554 	.db 0xe2
      000035 95                    3555 	.db 0x95
      000036 90                    3556 	.db 0x90
      000037 E2                    3557 	.db 0xe2
      000038 95                    3558 	.db 0x95
      000039 90                    3559 	.db 0x90
      00003A E2                    3560 	.db 0xe2
      00003B 95                    3561 	.db 0x95
      00003C 90                    3562 	.db 0x90
      00003D E2                    3563 	.db 0xe2
      00003E 95                    3564 	.db 0x95
      00003F 90                    3565 	.db 0x90
      000040 E2                    3566 	.db 0xe2
      000041 95                    3567 	.db 0x95
      000042 90                    3568 	.db 0x90
      000043 E2                    3569 	.db 0xe2
      000044 95                    3570 	.db 0x95
      000045 90                    3571 	.db 0x90
      000046 E2                    3572 	.db 0xe2
      000047 95                    3573 	.db 0x95
      000048 90                    3574 	.db 0x90
      000049 E2                    3575 	.db 0xe2
      00004A 95                    3576 	.db 0x95
      00004B 90                    3577 	.db 0x90
      00004C E2                    3578 	.db 0xe2
      00004D 95                    3579 	.db 0x95
      00004E 90                    3580 	.db 0x90
      00004F E2                    3581 	.db 0xe2
      000050 95                    3582 	.db 0x95
      000051 90                    3583 	.db 0x90
      000052 E2                    3584 	.db 0xe2
      000053 95                    3585 	.db 0x95
      000054 90                    3586 	.db 0x90
      000055 E2                    3587 	.db 0xe2
      000056 95                    3588 	.db 0x95
      000057 90                    3589 	.db 0x90
      000058 E2                    3590 	.db 0xe2
      000059 95                    3591 	.db 0x95
      00005A 90                    3592 	.db 0x90
      00005B E2                    3593 	.db 0xe2
      00005C 95                    3594 	.db 0x95
      00005D 90                    3595 	.db 0x90
      00005E E2                    3596 	.db 0xe2
      00005F 95                    3597 	.db 0x95
      000060 90                    3598 	.db 0x90
      000061 E2                    3599 	.db 0xe2
      000062 95                    3600 	.db 0x95
      000063 90                    3601 	.db 0x90
      000064 E2                    3602 	.db 0xe2
      000065 95                    3603 	.db 0x95
      000066 90                    3604 	.db 0x90
      000067 E2                    3605 	.db 0xe2
      000068 95                    3606 	.db 0x95
      000069 90                    3607 	.db 0x90
      00006A E2                    3608 	.db 0xe2
      00006B 95                    3609 	.db 0x95
      00006C 90                    3610 	.db 0x90
      00006D E2                    3611 	.db 0xe2
      00006E 95                    3612 	.db 0x95
      00006F 90                    3613 	.db 0x90
      000070 E2                    3614 	.db 0xe2
      000071 95                    3615 	.db 0x95
      000072 90                    3616 	.db 0x90
      000073 E2                    3617 	.db 0xe2
      000074 95                    3618 	.db 0x95
      000075 90                    3619 	.db 0x90
      000076 E2                    3620 	.db 0xe2
      000077 95                    3621 	.db 0x95
      000078 90                    3622 	.db 0x90
      000079 E2                    3623 	.db 0xe2
      00007A 95                    3624 	.db 0x95
      00007B 90                    3625 	.db 0x90
      00007C E2                    3626 	.db 0xe2
      00007D 95                    3627 	.db 0x95
      00007E 90                    3628 	.db 0x90
      00007F E2                    3629 	.db 0xe2
      000080 95                    3630 	.db 0x95
      000081 90                    3631 	.db 0x90
      000082 E2                    3632 	.db 0xe2
      000083 95                    3633 	.db 0x95
      000084 90                    3634 	.db 0x90
      000085 E2                    3635 	.db 0xe2
      000086 95                    3636 	.db 0x95
      000087 90                    3637 	.db 0x90
      000088 E2                    3638 	.db 0xe2
      000089 95                    3639 	.db 0x95
      00008A 90                    3640 	.db 0x90
      00008B E2                    3641 	.db 0xe2
      00008C 95                    3642 	.db 0x95
      00008D 90                    3643 	.db 0x90
      00008E E2                    3644 	.db 0xe2
      00008F 95                    3645 	.db 0x95
      000090 90                    3646 	.db 0x90
      000091 E2                    3647 	.db 0xe2
      000092 95                    3648 	.db 0x95
      000093 90                    3649 	.db 0x90
      000094 E2                    3650 	.db 0xe2
      000095 95                    3651 	.db 0x95
      000096 90                    3652 	.db 0x90
      000097 E2                    3653 	.db 0xe2
      000098 95                    3654 	.db 0x95
      000099 90                    3655 	.db 0x90
      00009A E2                    3656 	.db 0xe2
      00009B 95                    3657 	.db 0x95
      00009C 90                    3658 	.db 0x90
      00009D E2                    3659 	.db 0xe2
      00009E 95                    3660 	.db 0x95
      00009F 90                    3661 	.db 0x90
      0000A0 E2                    3662 	.db 0xe2
      0000A1 95                    3663 	.db 0x95
      0000A2 90                    3664 	.db 0x90
      0000A3 E2                    3665 	.db 0xe2
      0000A4 95                    3666 	.db 0x95
      0000A5 90                    3667 	.db 0x90
      0000A6 E2                    3668 	.db 0xe2
      0000A7 95                    3669 	.db 0x95
      0000A8 90                    3670 	.db 0x90
      0000A9 E2                    3671 	.db 0xe2
      0000AA 95                    3672 	.db 0x95
      0000AB 90                    3673 	.db 0x90
      0000AC E2                    3674 	.db 0xe2
      0000AD 95                    3675 	.db 0x95
      0000AE 97                    3676 	.db 0x97
      0000AF 0A                    3677 	.db 0x0a
      0000B0 0D                    3678 	.db 0x0d
      0000B1 00                    3679 	.db 0x00
                                   3680 	.area CSEG    (CODE)
                                   3681 	.area CONST   (CODE)
      0000B2                       3682 ___str_1:
      0000B2 E2                    3683 	.db 0xe2
      0000B3 95                    3684 	.db 0x95
      0000B4 91                    3685 	.db 0x91
      0000B5 20 20 20 20 20 20 20  3686 	.ascii "           I2C Memory Management System v1.0            "
             20 20 20 20 49 32 43
             20 4D 65 6D 6F 72 79
             20 4D 61 6E 61 67 65
             6D 65 6E 74 20 53 79
             73 74 65 6D 20 76 31
             2E 30 20 20 20 20 20
             20 20 20 20 20 20 20
      0000ED E2                    3687 	.db 0xe2
      0000EE 95                    3688 	.db 0x95
      0000EF 91                    3689 	.db 0x91
      0000F0 0A                    3690 	.db 0x0a
      0000F1 0D                    3691 	.db 0x0d
      0000F2 00                    3692 	.db 0x00
                                   3693 	.area CSEG    (CODE)
                                   3694 	.area CONST   (CODE)
      0000F3                       3695 ___str_2:
      0000F3 E2                    3696 	.db 0xe2
      0000F4 95                    3697 	.db 0x95
      0000F5 9A                    3698 	.db 0x9a
      0000F6 E2                    3699 	.db 0xe2
      0000F7 95                    3700 	.db 0x95
      0000F8 90                    3701 	.db 0x90
      0000F9 E2                    3702 	.db 0xe2
      0000FA 95                    3703 	.db 0x95
      0000FB 90                    3704 	.db 0x90
      0000FC E2                    3705 	.db 0xe2
      0000FD 95                    3706 	.db 0x95
      0000FE 90                    3707 	.db 0x90
      0000FF E2                    3708 	.db 0xe2
      000100 95                    3709 	.db 0x95
      000101 90                    3710 	.db 0x90
      000102 E2                    3711 	.db 0xe2
      000103 95                    3712 	.db 0x95
      000104 90                    3713 	.db 0x90
      000105 E2                    3714 	.db 0xe2
      000106 95                    3715 	.db 0x95
      000107 90                    3716 	.db 0x90
      000108 E2                    3717 	.db 0xe2
      000109 95                    3718 	.db 0x95
      00010A 90                    3719 	.db 0x90
      00010B E2                    3720 	.db 0xe2
      00010C 95                    3721 	.db 0x95
      00010D 90                    3722 	.db 0x90
      00010E E2                    3723 	.db 0xe2
      00010F 95                    3724 	.db 0x95
      000110 90                    3725 	.db 0x90
      000111 E2                    3726 	.db 0xe2
      000112 95                    3727 	.db 0x95
      000113 90                    3728 	.db 0x90
      000114 E2                    3729 	.db 0xe2
      000115 95                    3730 	.db 0x95
      000116 90                    3731 	.db 0x90
      000117 E2                    3732 	.db 0xe2
      000118 95                    3733 	.db 0x95
      000119 90                    3734 	.db 0x90
      00011A E2                    3735 	.db 0xe2
      00011B 95                    3736 	.db 0x95
      00011C 90                    3737 	.db 0x90
      00011D E2                    3738 	.db 0xe2
      00011E 95                    3739 	.db 0x95
      00011F 90                    3740 	.db 0x90
      000120 E2                    3741 	.db 0xe2
      000121 95                    3742 	.db 0x95
      000122 90                    3743 	.db 0x90
      000123 E2                    3744 	.db 0xe2
      000124 95                    3745 	.db 0x95
      000125 90                    3746 	.db 0x90
      000126 E2                    3747 	.db 0xe2
      000127 95                    3748 	.db 0x95
      000128 90                    3749 	.db 0x90
      000129 E2                    3750 	.db 0xe2
      00012A 95                    3751 	.db 0x95
      00012B 90                    3752 	.db 0x90
      00012C E2                    3753 	.db 0xe2
      00012D 95                    3754 	.db 0x95
      00012E 90                    3755 	.db 0x90
      00012F E2                    3756 	.db 0xe2
      000130 95                    3757 	.db 0x95
      000131 90                    3758 	.db 0x90
      000132 E2                    3759 	.db 0xe2
      000133 95                    3760 	.db 0x95
      000134 90                    3761 	.db 0x90
      000135 E2                    3762 	.db 0xe2
      000136 95                    3763 	.db 0x95
      000137 90                    3764 	.db 0x90
      000138 E2                    3765 	.db 0xe2
      000139 95                    3766 	.db 0x95
      00013A 90                    3767 	.db 0x90
      00013B E2                    3768 	.db 0xe2
      00013C 95                    3769 	.db 0x95
      00013D 90                    3770 	.db 0x90
      00013E E2                    3771 	.db 0xe2
      00013F 95                    3772 	.db 0x95
      000140 90                    3773 	.db 0x90
      000141 E2                    3774 	.db 0xe2
      000142 95                    3775 	.db 0x95
      000143 90                    3776 	.db 0x90
      000144 E2                    3777 	.db 0xe2
      000145 95                    3778 	.db 0x95
      000146 90                    3779 	.db 0x90
      000147 E2                    3780 	.db 0xe2
      000148 95                    3781 	.db 0x95
      000149 90                    3782 	.db 0x90
      00014A E2                    3783 	.db 0xe2
      00014B 95                    3784 	.db 0x95
      00014C 90                    3785 	.db 0x90
      00014D E2                    3786 	.db 0xe2
      00014E 95                    3787 	.db 0x95
      00014F 90                    3788 	.db 0x90
      000150 E2                    3789 	.db 0xe2
      000151 95                    3790 	.db 0x95
      000152 90                    3791 	.db 0x90
      000153 E2                    3792 	.db 0xe2
      000154 95                    3793 	.db 0x95
      000155 90                    3794 	.db 0x90
      000156 E2                    3795 	.db 0xe2
      000157 95                    3796 	.db 0x95
      000158 90                    3797 	.db 0x90
      000159 E2                    3798 	.db 0xe2
      00015A 95                    3799 	.db 0x95
      00015B 90                    3800 	.db 0x90
      00015C E2                    3801 	.db 0xe2
      00015D 95                    3802 	.db 0x95
      00015E 90                    3803 	.db 0x90
      00015F E2                    3804 	.db 0xe2
      000160 95                    3805 	.db 0x95
      000161 90                    3806 	.db 0x90
      000162 E2                    3807 	.db 0xe2
      000163 95                    3808 	.db 0x95
      000164 90                    3809 	.db 0x90
      000165 E2                    3810 	.db 0xe2
      000166 95                    3811 	.db 0x95
      000167 90                    3812 	.db 0x90
      000168 E2                    3813 	.db 0xe2
      000169 95                    3814 	.db 0x95
      00016A 90                    3815 	.db 0x90
      00016B E2                    3816 	.db 0xe2
      00016C 95                    3817 	.db 0x95
      00016D 90                    3818 	.db 0x90
      00016E E2                    3819 	.db 0xe2
      00016F 95                    3820 	.db 0x95
      000170 90                    3821 	.db 0x90
      000171 E2                    3822 	.db 0xe2
      000172 95                    3823 	.db 0x95
      000173 90                    3824 	.db 0x90
      000174 E2                    3825 	.db 0xe2
      000175 95                    3826 	.db 0x95
      000176 90                    3827 	.db 0x90
      000177 E2                    3828 	.db 0xe2
      000178 95                    3829 	.db 0x95
      000179 90                    3830 	.db 0x90
      00017A E2                    3831 	.db 0xe2
      00017B 95                    3832 	.db 0x95
      00017C 90                    3833 	.db 0x90
      00017D E2                    3834 	.db 0xe2
      00017E 95                    3835 	.db 0x95
      00017F 90                    3836 	.db 0x90
      000180 E2                    3837 	.db 0xe2
      000181 95                    3838 	.db 0x95
      000182 90                    3839 	.db 0x90
      000183 E2                    3840 	.db 0xe2
      000184 95                    3841 	.db 0x95
      000185 90                    3842 	.db 0x90
      000186 E2                    3843 	.db 0xe2
      000187 95                    3844 	.db 0x95
      000188 90                    3845 	.db 0x90
      000189 E2                    3846 	.db 0xe2
      00018A 95                    3847 	.db 0x95
      00018B 90                    3848 	.db 0x90
      00018C E2                    3849 	.db 0xe2
      00018D 95                    3850 	.db 0x95
      00018E 90                    3851 	.db 0x90
      00018F E2                    3852 	.db 0xe2
      000190 95                    3853 	.db 0x95
      000191 90                    3854 	.db 0x90
      000192 E2                    3855 	.db 0xe2
      000193 95                    3856 	.db 0x95
      000194 90                    3857 	.db 0x90
      000195 E2                    3858 	.db 0xe2
      000196 95                    3859 	.db 0x95
      000197 90                    3860 	.db 0x90
      000198 E2                    3861 	.db 0xe2
      000199 95                    3862 	.db 0x95
      00019A 90                    3863 	.db 0x90
      00019B E2                    3864 	.db 0xe2
      00019C 95                    3865 	.db 0x95
      00019D 90                    3866 	.db 0x90
      00019E E2                    3867 	.db 0xe2
      00019F 95                    3868 	.db 0x95
      0001A0 9D                    3869 	.db 0x9d
      0001A1 0A                    3870 	.db 0x0a
      0001A2 0D                    3871 	.db 0x0d
      0001A3 00                    3872 	.db 0x00
                                   3873 	.area CSEG    (CODE)
                                   3874 	.area CONST   (CODE)
      0001A4                       3875 ___str_3:
      0001A4 0A                    3876 	.db 0x0a
      0001A5 0D                    3877 	.db 0x0d
      0001A6 E2                    3878 	.db 0xe2
      0001A7 94                    3879 	.db 0x94
      0001A8 8C                    3880 	.db 0x8c
      0001A9 E2                    3881 	.db 0xe2
      0001AA 94                    3882 	.db 0x94
      0001AB 80                    3883 	.db 0x80
      0001AC E2                    3884 	.db 0xe2
      0001AD 94                    3885 	.db 0x94
      0001AE 80                    3886 	.db 0x80
      0001AF E2                    3887 	.db 0xe2
      0001B0 94                    3888 	.db 0x94
      0001B1 80                    3889 	.db 0x80
      0001B2 E2                    3890 	.db 0xe2
      0001B3 94                    3891 	.db 0x94
      0001B4 80                    3892 	.db 0x80
      0001B5 E2                    3893 	.db 0xe2
      0001B6 94                    3894 	.db 0x94
      0001B7 80                    3895 	.db 0x80
      0001B8 E2                    3896 	.db 0xe2
      0001B9 94                    3897 	.db 0x94
      0001BA 80                    3898 	.db 0x80
      0001BB E2                    3899 	.db 0xe2
      0001BC 94                    3900 	.db 0x94
      0001BD 80                    3901 	.db 0x80
      0001BE E2                    3902 	.db 0xe2
      0001BF 94                    3903 	.db 0x94
      0001C0 80                    3904 	.db 0x80
      0001C1 E2                    3905 	.db 0xe2
      0001C2 94                    3906 	.db 0x94
      0001C3 80                    3907 	.db 0x80
      0001C4 E2                    3908 	.db 0xe2
      0001C5 94                    3909 	.db 0x94
      0001C6 80                    3910 	.db 0x80
      0001C7 E2                    3911 	.db 0xe2
      0001C8 94                    3912 	.db 0x94
      0001C9 80                    3913 	.db 0x80
      0001CA E2                    3914 	.db 0xe2
      0001CB 94                    3915 	.db 0x94
      0001CC 80                    3916 	.db 0x80
      0001CD E2                    3917 	.db 0xe2
      0001CE 94                    3918 	.db 0x94
      0001CF AC                    3919 	.db 0xac
      0001D0 E2                    3920 	.db 0xe2
      0001D1 94                    3921 	.db 0x94
      0001D2 80                    3922 	.db 0x80
      0001D3 E2                    3923 	.db 0xe2
      0001D4 94                    3924 	.db 0x94
      0001D5 80                    3925 	.db 0x80
      0001D6 E2                    3926 	.db 0xe2
      0001D7 94                    3927 	.db 0x94
      0001D8 80                    3928 	.db 0x80
      0001D9 E2                    3929 	.db 0xe2
      0001DA 94                    3930 	.db 0x94
      0001DB 80                    3931 	.db 0x80
      0001DC E2                    3932 	.db 0xe2
      0001DD 94                    3933 	.db 0x94
      0001DE 80                    3934 	.db 0x80
      0001DF E2                    3935 	.db 0xe2
      0001E0 94                    3936 	.db 0x94
      0001E1 80                    3937 	.db 0x80
      0001E2 E2                    3938 	.db 0xe2
      0001E3 94                    3939 	.db 0x94
      0001E4 80                    3940 	.db 0x80
      0001E5 E2                    3941 	.db 0xe2
      0001E6 94                    3942 	.db 0x94
      0001E7 80                    3943 	.db 0x80
      0001E8 E2                    3944 	.db 0xe2
      0001E9 94                    3945 	.db 0x94
      0001EA 80                    3946 	.db 0x80
      0001EB E2                    3947 	.db 0xe2
      0001EC 94                    3948 	.db 0x94
      0001ED 80                    3949 	.db 0x80
      0001EE E2                    3950 	.db 0xe2
      0001EF 94                    3951 	.db 0x94
      0001F0 80                    3952 	.db 0x80
      0001F1 E2                    3953 	.db 0xe2
      0001F2 94                    3954 	.db 0x94
      0001F3 80                    3955 	.db 0x80
      0001F4 E2                    3956 	.db 0xe2
      0001F5 94                    3957 	.db 0x94
      0001F6 80                    3958 	.db 0x80
      0001F7 E2                    3959 	.db 0xe2
      0001F8 94                    3960 	.db 0x94
      0001F9 80                    3961 	.db 0x80
      0001FA E2                    3962 	.db 0xe2
      0001FB 94                    3963 	.db 0x94
      0001FC 80                    3964 	.db 0x80
      0001FD E2                    3965 	.db 0xe2
      0001FE 94                    3966 	.db 0x94
      0001FF 80                    3967 	.db 0x80
      000200 E2                    3968 	.db 0xe2
      000201 94                    3969 	.db 0x94
      000202 80                    3970 	.db 0x80
      000203 E2                    3971 	.db 0xe2
      000204 94                    3972 	.db 0x94
      000205 80                    3973 	.db 0x80
      000206 E2                    3974 	.db 0xe2
      000207 94                    3975 	.db 0x94
      000208 80                    3976 	.db 0x80
      000209 E2                    3977 	.db 0xe2
      00020A 94                    3978 	.db 0x94
      00020B 80                    3979 	.db 0x80
      00020C E2                    3980 	.db 0xe2
      00020D 94                    3981 	.db 0x94
      00020E 80                    3982 	.db 0x80
      00020F E2                    3983 	.db 0xe2
      000210 94                    3984 	.db 0x94
      000211 80                    3985 	.db 0x80
      000212 E2                    3986 	.db 0xe2
      000213 94                    3987 	.db 0x94
      000214 80                    3988 	.db 0x80
      000215 E2                    3989 	.db 0xe2
      000216 94                    3990 	.db 0x94
      000217 80                    3991 	.db 0x80
      000218 E2                    3992 	.db 0xe2
      000219 94                    3993 	.db 0x94
      00021A 80                    3994 	.db 0x80
      00021B E2                    3995 	.db 0xe2
      00021C 94                    3996 	.db 0x94
      00021D 80                    3997 	.db 0x80
      00021E E2                    3998 	.db 0xe2
      00021F 94                    3999 	.db 0x94
      000220 80                    4000 	.db 0x80
      000221 E2                    4001 	.db 0xe2
      000222 94                    4002 	.db 0x94
      000223 80                    4003 	.db 0x80
      000224 E2                    4004 	.db 0xe2
      000225 94                    4005 	.db 0x94
      000226 80                    4006 	.db 0x80
      000227 E2                    4007 	.db 0xe2
      000228 94                    4008 	.db 0x94
      000229 80                    4009 	.db 0x80
      00022A E2                    4010 	.db 0xe2
      00022B 94                    4011 	.db 0x94
      00022C 80                    4012 	.db 0x80
      00022D E2                    4013 	.db 0xe2
      00022E 94                    4014 	.db 0x94
      00022F 80                    4015 	.db 0x80
      000230 E2                    4016 	.db 0xe2
      000231 94                    4017 	.db 0x94
      000232 80                    4018 	.db 0x80
      000233 E2                    4019 	.db 0xe2
      000234 94                    4020 	.db 0x94
      000235 80                    4021 	.db 0x80
      000236 E2                    4022 	.db 0xe2
      000237 94                    4023 	.db 0x94
      000238 80                    4024 	.db 0x80
      000239 E2                    4025 	.db 0xe2
      00023A 94                    4026 	.db 0x94
      00023B 80                    4027 	.db 0x80
      00023C E2                    4028 	.db 0xe2
      00023D 94                    4029 	.db 0x94
      00023E 80                    4030 	.db 0x80
      00023F E2                    4031 	.db 0xe2
      000240 94                    4032 	.db 0x94
      000241 80                    4033 	.db 0x80
      000242 E2                    4034 	.db 0xe2
      000243 94                    4035 	.db 0x94
      000244 80                    4036 	.db 0x80
      000245 E2                    4037 	.db 0xe2
      000246 94                    4038 	.db 0x94
      000247 80                    4039 	.db 0x80
      000248 E2                    4040 	.db 0xe2
      000249 94                    4041 	.db 0x94
      00024A 80                    4042 	.db 0x80
      00024B E2                    4043 	.db 0xe2
      00024C 94                    4044 	.db 0x94
      00024D 80                    4045 	.db 0x80
      00024E E2                    4046 	.db 0xe2
      00024F 94                    4047 	.db 0x94
      000250 80                    4048 	.db 0x80
      000251 E2                    4049 	.db 0xe2
      000252 94                    4050 	.db 0x94
      000253 80                    4051 	.db 0x80
      000254 E2                    4052 	.db 0xe2
      000255 94                    4053 	.db 0x94
      000256 90                    4054 	.db 0x90
      000257 0A                    4055 	.db 0x0a
      000258 0D                    4056 	.db 0x0d
      000259 00                    4057 	.db 0x00
                                   4058 	.area CSEG    (CODE)
                                   4059 	.area CONST   (CODE)
      00025A                       4060 ___str_4:
      00025A E2                    4061 	.db 0xe2
      00025B 94                    4062 	.db 0x94
      00025C 82                    4063 	.db 0x82
      00025D 20 20 43 6F 6D 6D 61  4064 	.ascii "  Command   "
             6E 64 20 20 20
      000269 E2                    4065 	.db 0xe2
      00026A 94                    4066 	.db 0x94
      00026B 82                    4067 	.db 0x82
      00026C 20 20 20 20 20 20 20  4068 	.ascii "               Description                  "
             20 20 20 20 20 20 20
             20 44 65 73 63 72 69
             70 74 69 6F 6E 20 20
             20 20 20 20 20 20 20
             20 20 20 20 20 20 20
             20 20
      000298 E2                    4069 	.db 0xe2
      000299 94                    4070 	.db 0x94
      00029A 82                    4071 	.db 0x82
      00029B 0A                    4072 	.db 0x0a
      00029C 0D                    4073 	.db 0x0d
      00029D 00                    4074 	.db 0x00
                                   4075 	.area CSEG    (CODE)
                                   4076 	.area CONST   (CODE)
      00029E                       4077 ___str_5:
      00029E E2                    4078 	.db 0xe2
      00029F 94                    4079 	.db 0x94
      0002A0 9C                    4080 	.db 0x9c
      0002A1 E2                    4081 	.db 0xe2
      0002A2 94                    4082 	.db 0x94
      0002A3 80                    4083 	.db 0x80
      0002A4 E2                    4084 	.db 0xe2
      0002A5 94                    4085 	.db 0x94
      0002A6 80                    4086 	.db 0x80
      0002A7 E2                    4087 	.db 0xe2
      0002A8 94                    4088 	.db 0x94
      0002A9 80                    4089 	.db 0x80
      0002AA E2                    4090 	.db 0xe2
      0002AB 94                    4091 	.db 0x94
      0002AC 80                    4092 	.db 0x80
      0002AD E2                    4093 	.db 0xe2
      0002AE 94                    4094 	.db 0x94
      0002AF 80                    4095 	.db 0x80
      0002B0 E2                    4096 	.db 0xe2
      0002B1 94                    4097 	.db 0x94
      0002B2 80                    4098 	.db 0x80
      0002B3 E2                    4099 	.db 0xe2
      0002B4 94                    4100 	.db 0x94
      0002B5 80                    4101 	.db 0x80
      0002B6 E2                    4102 	.db 0xe2
      0002B7 94                    4103 	.db 0x94
      0002B8 80                    4104 	.db 0x80
      0002B9 E2                    4105 	.db 0xe2
      0002BA 94                    4106 	.db 0x94
      0002BB 80                    4107 	.db 0x80
      0002BC E2                    4108 	.db 0xe2
      0002BD 94                    4109 	.db 0x94
      0002BE 80                    4110 	.db 0x80
      0002BF E2                    4111 	.db 0xe2
      0002C0 94                    4112 	.db 0x94
      0002C1 80                    4113 	.db 0x80
      0002C2 E2                    4114 	.db 0xe2
      0002C3 94                    4115 	.db 0x94
      0002C4 80                    4116 	.db 0x80
      0002C5 E2                    4117 	.db 0xe2
      0002C6 94                    4118 	.db 0x94
      0002C7 BC                    4119 	.db 0xbc
      0002C8 E2                    4120 	.db 0xe2
      0002C9 94                    4121 	.db 0x94
      0002CA 80                    4122 	.db 0x80
      0002CB E2                    4123 	.db 0xe2
      0002CC 94                    4124 	.db 0x94
      0002CD 80                    4125 	.db 0x80
      0002CE E2                    4126 	.db 0xe2
      0002CF 94                    4127 	.db 0x94
      0002D0 80                    4128 	.db 0x80
      0002D1 E2                    4129 	.db 0xe2
      0002D2 94                    4130 	.db 0x94
      0002D3 80                    4131 	.db 0x80
      0002D4 E2                    4132 	.db 0xe2
      0002D5 94                    4133 	.db 0x94
      0002D6 80                    4134 	.db 0x80
      0002D7 E2                    4135 	.db 0xe2
      0002D8 94                    4136 	.db 0x94
      0002D9 80                    4137 	.db 0x80
      0002DA E2                    4138 	.db 0xe2
      0002DB 94                    4139 	.db 0x94
      0002DC 80                    4140 	.db 0x80
      0002DD E2                    4141 	.db 0xe2
      0002DE 94                    4142 	.db 0x94
      0002DF 80                    4143 	.db 0x80
      0002E0 E2                    4144 	.db 0xe2
      0002E1 94                    4145 	.db 0x94
      0002E2 80                    4146 	.db 0x80
      0002E3 E2                    4147 	.db 0xe2
      0002E4 94                    4148 	.db 0x94
      0002E5 80                    4149 	.db 0x80
      0002E6 E2                    4150 	.db 0xe2
      0002E7 94                    4151 	.db 0x94
      0002E8 80                    4152 	.db 0x80
      0002E9 E2                    4153 	.db 0xe2
      0002EA 94                    4154 	.db 0x94
      0002EB 80                    4155 	.db 0x80
      0002EC E2                    4156 	.db 0xe2
      0002ED 94                    4157 	.db 0x94
      0002EE 80                    4158 	.db 0x80
      0002EF E2                    4159 	.db 0xe2
      0002F0 94                    4160 	.db 0x94
      0002F1 80                    4161 	.db 0x80
      0002F2 E2                    4162 	.db 0xe2
      0002F3 94                    4163 	.db 0x94
      0002F4 80                    4164 	.db 0x80
      0002F5 E2                    4165 	.db 0xe2
      0002F6 94                    4166 	.db 0x94
      0002F7 80                    4167 	.db 0x80
      0002F8 E2                    4168 	.db 0xe2
      0002F9 94                    4169 	.db 0x94
      0002FA 80                    4170 	.db 0x80
      0002FB E2                    4171 	.db 0xe2
      0002FC 94                    4172 	.db 0x94
      0002FD 80                    4173 	.db 0x80
      0002FE E2                    4174 	.db 0xe2
      0002FF 94                    4175 	.db 0x94
      000300 80                    4176 	.db 0x80
      000301 E2                    4177 	.db 0xe2
      000302 94                    4178 	.db 0x94
      000303 80                    4179 	.db 0x80
      000304 E2                    4180 	.db 0xe2
      000305 94                    4181 	.db 0x94
      000306 80                    4182 	.db 0x80
      000307 E2                    4183 	.db 0xe2
      000308 94                    4184 	.db 0x94
      000309 80                    4185 	.db 0x80
      00030A E2                    4186 	.db 0xe2
      00030B 94                    4187 	.db 0x94
      00030C 80                    4188 	.db 0x80
      00030D E2                    4189 	.db 0xe2
      00030E 94                    4190 	.db 0x94
      00030F 80                    4191 	.db 0x80
      000310 E2                    4192 	.db 0xe2
      000311 94                    4193 	.db 0x94
      000312 80                    4194 	.db 0x80
      000313 E2                    4195 	.db 0xe2
      000314 94                    4196 	.db 0x94
      000315 80                    4197 	.db 0x80
      000316 E2                    4198 	.db 0xe2
      000317 94                    4199 	.db 0x94
      000318 80                    4200 	.db 0x80
      000319 E2                    4201 	.db 0xe2
      00031A 94                    4202 	.db 0x94
      00031B 80                    4203 	.db 0x80
      00031C E2                    4204 	.db 0xe2
      00031D 94                    4205 	.db 0x94
      00031E 80                    4206 	.db 0x80
      00031F E2                    4207 	.db 0xe2
      000320 94                    4208 	.db 0x94
      000321 80                    4209 	.db 0x80
      000322 E2                    4210 	.db 0xe2
      000323 94                    4211 	.db 0x94
      000324 80                    4212 	.db 0x80
      000325 E2                    4213 	.db 0xe2
      000326 94                    4214 	.db 0x94
      000327 80                    4215 	.db 0x80
      000328 E2                    4216 	.db 0xe2
      000329 94                    4217 	.db 0x94
      00032A 80                    4218 	.db 0x80
      00032B E2                    4219 	.db 0xe2
      00032C 94                    4220 	.db 0x94
      00032D 80                    4221 	.db 0x80
      00032E E2                    4222 	.db 0xe2
      00032F 94                    4223 	.db 0x94
      000330 80                    4224 	.db 0x80
      000331 E2                    4225 	.db 0xe2
      000332 94                    4226 	.db 0x94
      000333 80                    4227 	.db 0x80
      000334 E2                    4228 	.db 0xe2
      000335 94                    4229 	.db 0x94
      000336 80                    4230 	.db 0x80
      000337 E2                    4231 	.db 0xe2
      000338 94                    4232 	.db 0x94
      000339 80                    4233 	.db 0x80
      00033A E2                    4234 	.db 0xe2
      00033B 94                    4235 	.db 0x94
      00033C 80                    4236 	.db 0x80
      00033D E2                    4237 	.db 0xe2
      00033E 94                    4238 	.db 0x94
      00033F 80                    4239 	.db 0x80
      000340 E2                    4240 	.db 0xe2
      000341 94                    4241 	.db 0x94
      000342 80                    4242 	.db 0x80
      000343 E2                    4243 	.db 0xe2
      000344 94                    4244 	.db 0x94
      000345 80                    4245 	.db 0x80
      000346 E2                    4246 	.db 0xe2
      000347 94                    4247 	.db 0x94
      000348 80                    4248 	.db 0x80
      000349 E2                    4249 	.db 0xe2
      00034A 94                    4250 	.db 0x94
      00034B 80                    4251 	.db 0x80
      00034C E2                    4252 	.db 0xe2
      00034D 94                    4253 	.db 0x94
      00034E A4                    4254 	.db 0xa4
      00034F 0A                    4255 	.db 0x0a
      000350 0D                    4256 	.db 0x0d
      000351 00                    4257 	.db 0x00
                                   4258 	.area CSEG    (CODE)
                                   4259 	.area CONST   (CODE)
      000352                       4260 ___str_6:
      000352 E2                    4261 	.db 0xe2
      000353 94                    4262 	.db 0x94
      000354 82                    4263 	.db 0x82
      000355 20 20 20 20 20 52 20  4264 	.ascii "     R      "
             20 20 20 20 20
      000361 E2                    4265 	.db 0xe2
      000362 94                    4266 	.db 0x94
      000363 82                    4267 	.db 0x82
      000364 20 52 65 61 64 20 66  4268 	.ascii " Read from address                          "
             72 6F 6D 20 61 64 64
             72 65 73 73 20 20 20
             20 20 20 20 20 20 20
             20 20 20 20 20 20 20
             20 20 20 20 20 20 20
             20 20
      000390 E2                    4269 	.db 0xe2
      000391 94                    4270 	.db 0x94
      000392 82                    4271 	.db 0x82
      000393 0A                    4272 	.db 0x0a
      000394 0D                    4273 	.db 0x0d
      000395 00                    4274 	.db 0x00
                                   4275 	.area CSEG    (CODE)
                                   4276 	.area CONST   (CODE)
      000396                       4277 ___str_7:
      000396 E2                    4278 	.db 0xe2
      000397 94                    4279 	.db 0x94
      000398 82                    4280 	.db 0x82
      000399 20 20 20 20 20 57 20  4281 	.ascii "     W      "
             20 20 20 20 20
      0003A5 E2                    4282 	.db 0xe2
      0003A6 94                    4283 	.db 0x94
      0003A7 82                    4284 	.db 0x82
      0003A8 20 57 72 69 74 65 20  4285 	.ascii " Write data to address                      "
             64 61 74 61 20 74 6F
             20 61 64 64 72 65 73
             73 20 20 20 20 20 20
             20 20 20 20 20 20 20
             20 20 20 20 20 20 20
             20 20
      0003D4 E2                    4286 	.db 0xe2
      0003D5 94                    4287 	.db 0x94
      0003D6 82                    4288 	.db 0x82
      0003D7 0A                    4289 	.db 0x0a
      0003D8 0D                    4290 	.db 0x0d
      0003D9 00                    4291 	.db 0x00
                                   4292 	.area CSEG    (CODE)
                                   4293 	.area CONST   (CODE)
      0003DA                       4294 ___str_8:
      0003DA E2                    4295 	.db 0xe2
      0003DB 94                    4296 	.db 0x94
      0003DC 82                    4297 	.db 0x82
      0003DD 20 20 20 20 20 48 20  4298 	.ascii "     H      "
             20 20 20 20 20
      0003E9 E2                    4299 	.db 0xe2
      0003EA 94                    4300 	.db 0x94
      0003EB 82                    4301 	.db 0x82
      0003EC 20 44 69 73 70 6C 61  4302 	.ascii " Display hex dump                           "
             79 20 68 65 78 20 64
             75 6D 70 20 20 20 20
             20 20 20 20 20 20 20
             20 20 20 20 20 20 20
             20 20 20 20 20 20 20
             20 20
      000418 E2                    4303 	.db 0xe2
      000419 94                    4304 	.db 0x94
      00041A 82                    4305 	.db 0x82
      00041B 0A                    4306 	.db 0x0a
      00041C 0D                    4307 	.db 0x0d
      00041D 00                    4308 	.db 0x00
                                   4309 	.area CSEG    (CODE)
                                   4310 	.area CONST   (CODE)
      00041E                       4311 ___str_9:
      00041E E2                    4312 	.db 0xe2
      00041F 94                    4313 	.db 0x94
      000420 82                    4314 	.db 0x82
      000421 20 20 20 20 20 58 20  4315 	.ascii "     X      "
             20 20 20 20 20
      00042D E2                    4316 	.db 0xe2
      00042E 94                    4317 	.db 0x94
      00042F 82                    4318 	.db 0x82
      000430 20 52 65 73 65 74 20  4319 	.ascii " Reset memory system                        "
             6D 65 6D 6F 72 79 20
             73 79 73 74 65 6D 20
             20 20 20 20 20 20 20
             20 20 20 20 20 20 20
             20 20 20 20 20 20 20
             20 20
      00045C E2                    4320 	.db 0xe2
      00045D 94                    4321 	.db 0x94
      00045E 82                    4322 	.db 0x82
      00045F 0A                    4323 	.db 0x0a
      000460 0D                    4324 	.db 0x0d
      000461 00                    4325 	.db 0x00
                                   4326 	.area CSEG    (CODE)
                                   4327 	.area CONST   (CODE)
      000462                       4328 ___str_10:
      000462 E2                    4329 	.db 0xe2
      000463 94                    4330 	.db 0x94
      000464 82                    4331 	.db 0x82
      000465 20 20 20 20 20 3F 20  4332 	.ascii "     ?      "
             20 20 20 20 20
      000471 E2                    4333 	.db 0xe2
      000472 94                    4334 	.db 0x94
      000473 82                    4335 	.db 0x82
      000474 20 44 69 73 70 6C 61  4336 	.ascii " Display this help menu                     "
             79 20 74 68 69 73 20
             68 65 6C 70 20 6D 65
             6E 75 20 20 20 20 20
             20 20 20 20 20 20 20
             20 20 20 20 20 20 20
             20 20
      0004A0 E2                    4337 	.db 0xe2
      0004A1 94                    4338 	.db 0x94
      0004A2 82                    4339 	.db 0x82
      0004A3 0A                    4340 	.db 0x0a
      0004A4 0D                    4341 	.db 0x0d
      0004A5 00                    4342 	.db 0x00
                                   4343 	.area CSEG    (CODE)
                                   4344 	.area CONST   (CODE)
      0004A6                       4345 ___str_11:
      0004A6 E2                    4346 	.db 0xe2
      0004A7 94                    4347 	.db 0x94
      0004A8 82                    4348 	.db 0x82
      0004A9 20 20 20 20 20 49 20  4349 	.ascii "     I      "
             20 20 20 20 20
      0004B5 E2                    4350 	.db 0xe2
      0004B6 94                    4351 	.db 0x94
      0004B7 82                    4352 	.db 0x82
      0004B8 20 49 4F 20 45 78 70  4353 	.ascii " IO Expander                                "
             61 6E 64 65 72 20 20
             20 20 20 20 20 20 20
             20 20 20 20 20 20 20
             20 20 20 20 20 20 20
             20 20 20 20 20 20 20
             20 20
      0004E4 E2                    4354 	.db 0xe2
      0004E5 94                    4355 	.db 0x94
      0004E6 82                    4356 	.db 0x82
      0004E7 0A                    4357 	.db 0x0a
      0004E8 0D                    4358 	.db 0x0d
      0004E9 00                    4359 	.db 0x00
                                   4360 	.area CSEG    (CODE)
                                   4361 	.area CONST   (CODE)
      0004EA                       4362 ___str_12:
      0004EA E2                    4363 	.db 0xe2
      0004EB 94                    4364 	.db 0x94
      0004EC 82                    4365 	.db 0x82
      0004ED 20 20 20 20 20 4C 20  4366 	.ascii "     L      "
             20 20 20 20 20
      0004F9 E2                    4367 	.db 0xe2
      0004FA 94                    4368 	.db 0x94
      0004FB 82                    4369 	.db 0x82
      0004FC 20 4C 65 61 76 65 20  4370 	.ascii " Leave IO Expander                          "
             49 4F 20 45 78 70 61
             6E 64 65 72 20 20 20
             20 20 20 20 20 20 20
             20 20 20 20 20 20 20
             20 20 20 20 20 20 20
             20 20
      000528 E2                    4371 	.db 0xe2
      000529 94                    4372 	.db 0x94
      00052A 82                    4373 	.db 0x82
      00052B 0A                    4374 	.db 0x0a
      00052C 0D                    4375 	.db 0x0d
      00052D 00                    4376 	.db 0x00
                                   4377 	.area CSEG    (CODE)
                                   4378 	.area CONST   (CODE)
      00052E                       4379 ___str_13:
      00052E E2                    4380 	.db 0xe2
      00052F 94                    4381 	.db 0x94
      000530 94                    4382 	.db 0x94
      000531 E2                    4383 	.db 0xe2
      000532 94                    4384 	.db 0x94
      000533 80                    4385 	.db 0x80
      000534 E2                    4386 	.db 0xe2
      000535 94                    4387 	.db 0x94
      000536 80                    4388 	.db 0x80
      000537 E2                    4389 	.db 0xe2
      000538 94                    4390 	.db 0x94
      000539 80                    4391 	.db 0x80
      00053A E2                    4392 	.db 0xe2
      00053B 94                    4393 	.db 0x94
      00053C 80                    4394 	.db 0x80
      00053D E2                    4395 	.db 0xe2
      00053E 94                    4396 	.db 0x94
      00053F 80                    4397 	.db 0x80
      000540 E2                    4398 	.db 0xe2
      000541 94                    4399 	.db 0x94
      000542 80                    4400 	.db 0x80
      000543 E2                    4401 	.db 0xe2
      000544 94                    4402 	.db 0x94
      000545 80                    4403 	.db 0x80
      000546 E2                    4404 	.db 0xe2
      000547 94                    4405 	.db 0x94
      000548 80                    4406 	.db 0x80
      000549 E2                    4407 	.db 0xe2
      00054A 94                    4408 	.db 0x94
      00054B 80                    4409 	.db 0x80
      00054C E2                    4410 	.db 0xe2
      00054D 94                    4411 	.db 0x94
      00054E 80                    4412 	.db 0x80
      00054F E2                    4413 	.db 0xe2
      000550 94                    4414 	.db 0x94
      000551 80                    4415 	.db 0x80
      000552 E2                    4416 	.db 0xe2
      000553 94                    4417 	.db 0x94
      000554 80                    4418 	.db 0x80
      000555 E2                    4419 	.db 0xe2
      000556 94                    4420 	.db 0x94
      000557 B4                    4421 	.db 0xb4
      000558 E2                    4422 	.db 0xe2
      000559 94                    4423 	.db 0x94
      00055A 80                    4424 	.db 0x80
      00055B E2                    4425 	.db 0xe2
      00055C 94                    4426 	.db 0x94
      00055D 80                    4427 	.db 0x80
      00055E E2                    4428 	.db 0xe2
      00055F 94                    4429 	.db 0x94
      000560 80                    4430 	.db 0x80
      000561 E2                    4431 	.db 0xe2
      000562 94                    4432 	.db 0x94
      000563 80                    4433 	.db 0x80
      000564 E2                    4434 	.db 0xe2
      000565 94                    4435 	.db 0x94
      000566 80                    4436 	.db 0x80
      000567 E2                    4437 	.db 0xe2
      000568 94                    4438 	.db 0x94
      000569 80                    4439 	.db 0x80
      00056A E2                    4440 	.db 0xe2
      00056B 94                    4441 	.db 0x94
      00056C 80                    4442 	.db 0x80
      00056D E2                    4443 	.db 0xe2
      00056E 94                    4444 	.db 0x94
      00056F 80                    4445 	.db 0x80
      000570 E2                    4446 	.db 0xe2
      000571 94                    4447 	.db 0x94
      000572 80                    4448 	.db 0x80
      000573 E2                    4449 	.db 0xe2
      000574 94                    4450 	.db 0x94
      000575 80                    4451 	.db 0x80
      000576 E2                    4452 	.db 0xe2
      000577 94                    4453 	.db 0x94
      000578 80                    4454 	.db 0x80
      000579 E2                    4455 	.db 0xe2
      00057A 94                    4456 	.db 0x94
      00057B 80                    4457 	.db 0x80
      00057C E2                    4458 	.db 0xe2
      00057D 94                    4459 	.db 0x94
      00057E 80                    4460 	.db 0x80
      00057F E2                    4461 	.db 0xe2
      000580 94                    4462 	.db 0x94
      000581 80                    4463 	.db 0x80
      000582 E2                    4464 	.db 0xe2
      000583 94                    4465 	.db 0x94
      000584 80                    4466 	.db 0x80
      000585 E2                    4467 	.db 0xe2
      000586 94                    4468 	.db 0x94
      000587 80                    4469 	.db 0x80
      000588 E2                    4470 	.db 0xe2
      000589 94                    4471 	.db 0x94
      00058A 80                    4472 	.db 0x80
      00058B E2                    4473 	.db 0xe2
      00058C 94                    4474 	.db 0x94
      00058D 80                    4475 	.db 0x80
      00058E E2                    4476 	.db 0xe2
      00058F 94                    4477 	.db 0x94
      000590 80                    4478 	.db 0x80
      000591 E2                    4479 	.db 0xe2
      000592 94                    4480 	.db 0x94
      000593 80                    4481 	.db 0x80
      000594 E2                    4482 	.db 0xe2
      000595 94                    4483 	.db 0x94
      000596 80                    4484 	.db 0x80
      000597 E2                    4485 	.db 0xe2
      000598 94                    4486 	.db 0x94
      000599 80                    4487 	.db 0x80
      00059A E2                    4488 	.db 0xe2
      00059B 94                    4489 	.db 0x94
      00059C 80                    4490 	.db 0x80
      00059D E2                    4491 	.db 0xe2
      00059E 94                    4492 	.db 0x94
      00059F 80                    4493 	.db 0x80
      0005A0 E2                    4494 	.db 0xe2
      0005A1 94                    4495 	.db 0x94
      0005A2 80                    4496 	.db 0x80
      0005A3 E2                    4497 	.db 0xe2
      0005A4 94                    4498 	.db 0x94
      0005A5 80                    4499 	.db 0x80
      0005A6 E2                    4500 	.db 0xe2
      0005A7 94                    4501 	.db 0x94
      0005A8 80                    4502 	.db 0x80
      0005A9 E2                    4503 	.db 0xe2
      0005AA 94                    4504 	.db 0x94
      0005AB 80                    4505 	.db 0x80
      0005AC E2                    4506 	.db 0xe2
      0005AD 94                    4507 	.db 0x94
      0005AE 80                    4508 	.db 0x80
      0005AF E2                    4509 	.db 0xe2
      0005B0 94                    4510 	.db 0x94
      0005B1 80                    4511 	.db 0x80
      0005B2 E2                    4512 	.db 0xe2
      0005B3 94                    4513 	.db 0x94
      0005B4 80                    4514 	.db 0x80
      0005B5 E2                    4515 	.db 0xe2
      0005B6 94                    4516 	.db 0x94
      0005B7 80                    4517 	.db 0x80
      0005B8 E2                    4518 	.db 0xe2
      0005B9 94                    4519 	.db 0x94
      0005BA 80                    4520 	.db 0x80
      0005BB E2                    4521 	.db 0xe2
      0005BC 94                    4522 	.db 0x94
      0005BD 80                    4523 	.db 0x80
      0005BE E2                    4524 	.db 0xe2
      0005BF 94                    4525 	.db 0x94
      0005C0 80                    4526 	.db 0x80
      0005C1 E2                    4527 	.db 0xe2
      0005C2 94                    4528 	.db 0x94
      0005C3 80                    4529 	.db 0x80
      0005C4 E2                    4530 	.db 0xe2
      0005C5 94                    4531 	.db 0x94
      0005C6 80                    4532 	.db 0x80
      0005C7 E2                    4533 	.db 0xe2
      0005C8 94                    4534 	.db 0x94
      0005C9 80                    4535 	.db 0x80
      0005CA E2                    4536 	.db 0xe2
      0005CB 94                    4537 	.db 0x94
      0005CC 80                    4538 	.db 0x80
      0005CD E2                    4539 	.db 0xe2
      0005CE 94                    4540 	.db 0x94
      0005CF 80                    4541 	.db 0x80
      0005D0 E2                    4542 	.db 0xe2
      0005D1 94                    4543 	.db 0x94
      0005D2 80                    4544 	.db 0x80
      0005D3 E2                    4545 	.db 0xe2
      0005D4 94                    4546 	.db 0x94
      0005D5 80                    4547 	.db 0x80
      0005D6 E2                    4548 	.db 0xe2
      0005D7 94                    4549 	.db 0x94
      0005D8 80                    4550 	.db 0x80
      0005D9 E2                    4551 	.db 0xe2
      0005DA 94                    4552 	.db 0x94
      0005DB 80                    4553 	.db 0x80
      0005DC E2                    4554 	.db 0xe2
      0005DD 94                    4555 	.db 0x94
      0005DE 98                    4556 	.db 0x98
      0005DF 0A                    4557 	.db 0x0a
      0005E0 0D                    4558 	.db 0x0d
      0005E1 00                    4559 	.db 0x00
                                   4560 	.area CSEG    (CODE)
                                   4561 	.area CONST   (CODE)
      0005E2                       4562 ___str_14:
      0005E2 7C 20 24 20 25 63     4563 	.ascii "| $ %c"
      0005E8 0A                    4564 	.db 0x0a
      0005E9 0D                    4565 	.db 0x0d
      0005EA 00                    4566 	.db 0x00
                                   4567 	.area CSEG    (CODE)
                                   4568 	.area CONST   (CODE)
      0005EB                       4569 ___str_15:
      0005EB 0A                    4570 	.db 0x0a
      0005EC 0D                    4571 	.db 0x0d
      0005ED 00                    4572 	.db 0x00
                                   4573 	.area CSEG    (CODE)
                                   4574 	.area CONST   (CODE)
      0005EE                       4575 ___str_16:
      0005EE 0A                    4576 	.db 0x0a
      0005EF E2                    4577 	.db 0xe2
      0005F0 94                    4578 	.db 0x94
      0005F1 8C                    4579 	.db 0x8c
      0005F2 E2                    4580 	.db 0xe2
      0005F3 94                    4581 	.db 0x94
      0005F4 80                    4582 	.db 0x80
      0005F5 E2                    4583 	.db 0xe2
      0005F6 94                    4584 	.db 0x94
      0005F7 80                    4585 	.db 0x80
      0005F8 E2                    4586 	.db 0xe2
      0005F9 94                    4587 	.db 0x94
      0005FA 80                    4588 	.db 0x80
      0005FB E2                    4589 	.db 0xe2
      0005FC 94                    4590 	.db 0x94
      0005FD 80                    4591 	.db 0x80
      0005FE E2                    4592 	.db 0xe2
      0005FF 94                    4593 	.db 0x94
      000600 80                    4594 	.db 0x80
      000601 E2                    4595 	.db 0xe2
      000602 94                    4596 	.db 0x94
      000603 80                    4597 	.db 0x80
      000604 E2                    4598 	.db 0xe2
      000605 94                    4599 	.db 0x94
      000606 80                    4600 	.db 0x80
      000607 E2                    4601 	.db 0xe2
      000608 94                    4602 	.db 0x94
      000609 80                    4603 	.db 0x80
      00060A E2                    4604 	.db 0xe2
      00060B 94                    4605 	.db 0x94
      00060C 80                    4606 	.db 0x80
      00060D E2                    4607 	.db 0xe2
      00060E 94                    4608 	.db 0x94
      00060F 80                    4609 	.db 0x80
      000610 E2                    4610 	.db 0xe2
      000611 94                    4611 	.db 0x94
      000612 80                    4612 	.db 0x80
      000613 E2                    4613 	.db 0xe2
      000614 94                    4614 	.db 0x94
      000615 80                    4615 	.db 0x80
      000616 E2                    4616 	.db 0xe2
      000617 94                    4617 	.db 0x94
      000618 80                    4618 	.db 0x80
      000619 E2                    4619 	.db 0xe2
      00061A 94                    4620 	.db 0x94
      00061B 80                    4621 	.db 0x80
      00061C E2                    4622 	.db 0xe2
      00061D 94                    4623 	.db 0x94
      00061E 80                    4624 	.db 0x80
      00061F 20 57 52 49 54 45 20  4625 	.ascii " WRITE OPERATION "
             4F 50 45 52 41 54 49
             4F 4E 20
      000630 E2                    4626 	.db 0xe2
      000631 94                    4627 	.db 0x94
      000632 80                    4628 	.db 0x80
      000633 E2                    4629 	.db 0xe2
      000634 94                    4630 	.db 0x94
      000635 80                    4631 	.db 0x80
      000636 E2                    4632 	.db 0xe2
      000637 94                    4633 	.db 0x94
      000638 80                    4634 	.db 0x80
      000639 E2                    4635 	.db 0xe2
      00063A 94                    4636 	.db 0x94
      00063B 80                    4637 	.db 0x80
      00063C E2                    4638 	.db 0xe2
      00063D 94                    4639 	.db 0x94
      00063E 80                    4640 	.db 0x80
      00063F E2                    4641 	.db 0xe2
      000640 94                    4642 	.db 0x94
      000641 80                    4643 	.db 0x80
      000642 E2                    4644 	.db 0xe2
      000643 94                    4645 	.db 0x94
      000644 80                    4646 	.db 0x80
      000645 E2                    4647 	.db 0xe2
      000646 94                    4648 	.db 0x94
      000647 80                    4649 	.db 0x80
      000648 E2                    4650 	.db 0xe2
      000649 94                    4651 	.db 0x94
      00064A 80                    4652 	.db 0x80
      00064B E2                    4653 	.db 0xe2
      00064C 94                    4654 	.db 0x94
      00064D 80                    4655 	.db 0x80
      00064E E2                    4656 	.db 0xe2
      00064F 94                    4657 	.db 0x94
      000650 80                    4658 	.db 0x80
      000651 E2                    4659 	.db 0xe2
      000652 94                    4660 	.db 0x94
      000653 80                    4661 	.db 0x80
      000654 E2                    4662 	.db 0xe2
      000655 94                    4663 	.db 0x94
      000656 80                    4664 	.db 0x80
      000657 E2                    4665 	.db 0xe2
      000658 94                    4666 	.db 0x94
      000659 80                    4667 	.db 0x80
      00065A E2                    4668 	.db 0xe2
      00065B 94                    4669 	.db 0x94
      00065C 90                    4670 	.db 0x90
      00065D 0A                    4671 	.db 0x0a
      00065E 0D                    4672 	.db 0x0d
      00065F 00                    4673 	.db 0x00
                                   4674 	.area CSEG    (CODE)
                                   4675 	.area CONST   (CODE)
      000660                       4676 ___str_17:
      000660 0A                    4677 	.db 0x0a
      000661 E2                    4678 	.db 0xe2
      000662 94                    4679 	.db 0x94
      000663 8C                    4680 	.db 0x8c
      000664 E2                    4681 	.db 0xe2
      000665 94                    4682 	.db 0x94
      000666 80                    4683 	.db 0x80
      000667 E2                    4684 	.db 0xe2
      000668 94                    4685 	.db 0x94
      000669 80                    4686 	.db 0x80
      00066A E2                    4687 	.db 0xe2
      00066B 94                    4688 	.db 0x94
      00066C 80                    4689 	.db 0x80
      00066D E2                    4690 	.db 0xe2
      00066E 94                    4691 	.db 0x94
      00066F 80                    4692 	.db 0x80
      000670 E2                    4693 	.db 0xe2
      000671 94                    4694 	.db 0x94
      000672 80                    4695 	.db 0x80
      000673 E2                    4696 	.db 0xe2
      000674 94                    4697 	.db 0x94
      000675 80                    4698 	.db 0x80
      000676 E2                    4699 	.db 0xe2
      000677 94                    4700 	.db 0x94
      000678 80                    4701 	.db 0x80
      000679 E2                    4702 	.db 0xe2
      00067A 94                    4703 	.db 0x94
      00067B 80                    4704 	.db 0x80
      00067C E2                    4705 	.db 0xe2
      00067D 94                    4706 	.db 0x94
      00067E 80                    4707 	.db 0x80
      00067F E2                    4708 	.db 0xe2
      000680 94                    4709 	.db 0x94
      000681 80                    4710 	.db 0x80
      000682 E2                    4711 	.db 0xe2
      000683 94                    4712 	.db 0x94
      000684 80                    4713 	.db 0x80
      000685 E2                    4714 	.db 0xe2
      000686 94                    4715 	.db 0x94
      000687 80                    4716 	.db 0x80
      000688 E2                    4717 	.db 0xe2
      000689 94                    4718 	.db 0x94
      00068A 80                    4719 	.db 0x80
      00068B E2                    4720 	.db 0xe2
      00068C 94                    4721 	.db 0x94
      00068D 80                    4722 	.db 0x80
      00068E E2                    4723 	.db 0xe2
      00068F 94                    4724 	.db 0x94
      000690 80                    4725 	.db 0x80
      000691 20 52 45 41 44 20 4F  4726 	.ascii " READ OPERATION "
             50 45 52 41 54 49 4F
             4E 20
      0006A1 E2                    4727 	.db 0xe2
      0006A2 94                    4728 	.db 0x94
      0006A3 80                    4729 	.db 0x80
      0006A4 E2                    4730 	.db 0xe2
      0006A5 94                    4731 	.db 0x94
      0006A6 80                    4732 	.db 0x80
      0006A7 E2                    4733 	.db 0xe2
      0006A8 94                    4734 	.db 0x94
      0006A9 80                    4735 	.db 0x80
      0006AA E2                    4736 	.db 0xe2
      0006AB 94                    4737 	.db 0x94
      0006AC 80                    4738 	.db 0x80
      0006AD E2                    4739 	.db 0xe2
      0006AE 94                    4740 	.db 0x94
      0006AF 80                    4741 	.db 0x80
      0006B0 E2                    4742 	.db 0xe2
      0006B1 94                    4743 	.db 0x94
      0006B2 80                    4744 	.db 0x80
      0006B3 E2                    4745 	.db 0xe2
      0006B4 94                    4746 	.db 0x94
      0006B5 80                    4747 	.db 0x80
      0006B6 E2                    4748 	.db 0xe2
      0006B7 94                    4749 	.db 0x94
      0006B8 80                    4750 	.db 0x80
      0006B9 E2                    4751 	.db 0xe2
      0006BA 94                    4752 	.db 0x94
      0006BB 80                    4753 	.db 0x80
      0006BC E2                    4754 	.db 0xe2
      0006BD 94                    4755 	.db 0x94
      0006BE 80                    4756 	.db 0x80
      0006BF E2                    4757 	.db 0xe2
      0006C0 94                    4758 	.db 0x94
      0006C1 80                    4759 	.db 0x80
      0006C2 E2                    4760 	.db 0xe2
      0006C3 94                    4761 	.db 0x94
      0006C4 80                    4762 	.db 0x80
      0006C5 E2                    4763 	.db 0xe2
      0006C6 94                    4764 	.db 0x94
      0006C7 80                    4765 	.db 0x80
      0006C8 E2                    4766 	.db 0xe2
      0006C9 94                    4767 	.db 0x94
      0006CA 80                    4768 	.db 0x80
      0006CB E2                    4769 	.db 0xe2
      0006CC 94                    4770 	.db 0x94
      0006CD 80                    4771 	.db 0x80
      0006CE E2                    4772 	.db 0xe2
      0006CF 94                    4773 	.db 0x94
      0006D0 90                    4774 	.db 0x90
      0006D1 0A                    4775 	.db 0x0a
      0006D2 0D                    4776 	.db 0x0d
      0006D3 00                    4777 	.db 0x00
                                   4778 	.area CSEG    (CODE)
                                   4779 	.area CONST   (CODE)
      0006D4                       4780 ___str_18:
      0006D4 7C 20 52 65 61 64 69  4781 	.ascii "| Reading from Address 0x%03X           |"
             6E 67 20 66 72 6F 6D
             20 41 64 64 72 65 73
             73 20 30 78 25 30 33
             58 20 20 20 20 20 20
             20 20 20 20 20 7C
      0006FD 0A                    4782 	.db 0x0a
      0006FE 0D                    4783 	.db 0x0d
      0006FF 00                    4784 	.db 0x00
                                   4785 	.area CSEG    (CODE)
                                   4786 	.area CONST   (CODE)
      000700                       4787 ___str_19:
      000700 0A                    4788 	.db 0x0a
      000701 E2                    4789 	.db 0xe2
      000702 94                    4790 	.db 0x94
      000703 8C                    4791 	.db 0x8c
      000704 E2                    4792 	.db 0xe2
      000705 94                    4793 	.db 0x94
      000706 80                    4794 	.db 0x80
      000707 E2                    4795 	.db 0xe2
      000708 94                    4796 	.db 0x94
      000709 80                    4797 	.db 0x80
      00070A E2                    4798 	.db 0xe2
      00070B 94                    4799 	.db 0x94
      00070C 80                    4800 	.db 0x80
      00070D E2                    4801 	.db 0xe2
      00070E 94                    4802 	.db 0x94
      00070F 80                    4803 	.db 0x80
      000710 E2                    4804 	.db 0xe2
      000711 94                    4805 	.db 0x94
      000712 80                    4806 	.db 0x80
      000713 E2                    4807 	.db 0xe2
      000714 94                    4808 	.db 0x94
      000715 80                    4809 	.db 0x80
      000716 E2                    4810 	.db 0xe2
      000717 94                    4811 	.db 0x94
      000718 80                    4812 	.db 0x80
      000719 E2                    4813 	.db 0xe2
      00071A 94                    4814 	.db 0x94
      00071B 80                    4815 	.db 0x80
      00071C E2                    4816 	.db 0xe2
      00071D 94                    4817 	.db 0x94
      00071E 80                    4818 	.db 0x80
      00071F E2                    4819 	.db 0xe2
      000720 94                    4820 	.db 0x94
      000721 80                    4821 	.db 0x80
      000722 E2                    4822 	.db 0xe2
      000723 94                    4823 	.db 0x94
      000724 80                    4824 	.db 0x80
      000725 E2                    4825 	.db 0xe2
      000726 94                    4826 	.db 0x94
      000727 80                    4827 	.db 0x80
      000728 E2                    4828 	.db 0xe2
      000729 94                    4829 	.db 0x94
      00072A 80                    4830 	.db 0x80
      00072B E2                    4831 	.db 0xe2
      00072C 94                    4832 	.db 0x94
      00072D 80                    4833 	.db 0x80
      00072E E2                    4834 	.db 0xe2
      00072F 94                    4835 	.db 0x94
      000730 80                    4836 	.db 0x80
      000731 20 52 45 53 45 54 20  4837 	.ascii " RESET OPERATION "
             4F 50 45 52 41 54 49
             4F 4E 20
      000742 E2                    4838 	.db 0xe2
      000743 94                    4839 	.db 0x94
      000744 80                    4840 	.db 0x80
      000745 E2                    4841 	.db 0xe2
      000746 94                    4842 	.db 0x94
      000747 80                    4843 	.db 0x80
      000748 E2                    4844 	.db 0xe2
      000749 94                    4845 	.db 0x94
      00074A 80                    4846 	.db 0x80
      00074B E2                    4847 	.db 0xe2
      00074C 94                    4848 	.db 0x94
      00074D 80                    4849 	.db 0x80
      00074E E2                    4850 	.db 0xe2
      00074F 94                    4851 	.db 0x94
      000750 80                    4852 	.db 0x80
      000751 E2                    4853 	.db 0xe2
      000752 94                    4854 	.db 0x94
      000753 80                    4855 	.db 0x80
      000754 E2                    4856 	.db 0xe2
      000755 94                    4857 	.db 0x94
      000756 80                    4858 	.db 0x80
      000757 E2                    4859 	.db 0xe2
      000758 94                    4860 	.db 0x94
      000759 80                    4861 	.db 0x80
      00075A E2                    4862 	.db 0xe2
      00075B 94                    4863 	.db 0x94
      00075C 80                    4864 	.db 0x80
      00075D E2                    4865 	.db 0xe2
      00075E 94                    4866 	.db 0x94
      00075F 80                    4867 	.db 0x80
      000760 E2                    4868 	.db 0xe2
      000761 94                    4869 	.db 0x94
      000762 80                    4870 	.db 0x80
      000763 E2                    4871 	.db 0xe2
      000764 94                    4872 	.db 0x94
      000765 90                    4873 	.db 0x90
      000766 0A                    4874 	.db 0x0a
      000767 0D                    4875 	.db 0x0d
      000768 00                    4876 	.db 0x00
                                   4877 	.area CSEG    (CODE)
                                   4878 	.area CONST   (CODE)
      000769                       4879 ___str_20:
      000769 0A                    4880 	.db 0x0a
      00076A E2                    4881 	.db 0xe2
      00076B 94                    4882 	.db 0x94
      00076C 8C                    4883 	.db 0x8c
      00076D E2                    4884 	.db 0xe2
      00076E 94                    4885 	.db 0x94
      00076F 80                    4886 	.db 0x80
      000770 E2                    4887 	.db 0xe2
      000771 94                    4888 	.db 0x94
      000772 80                    4889 	.db 0x80
      000773 E2                    4890 	.db 0xe2
      000774 94                    4891 	.db 0x94
      000775 80                    4892 	.db 0x80
      000776 E2                    4893 	.db 0xe2
      000777 94                    4894 	.db 0x94
      000778 80                    4895 	.db 0x80
      000779 E2                    4896 	.db 0xe2
      00077A 94                    4897 	.db 0x94
      00077B 80                    4898 	.db 0x80
      00077C E2                    4899 	.db 0xe2
      00077D 94                    4900 	.db 0x94
      00077E 80                    4901 	.db 0x80
      00077F E2                    4902 	.db 0xe2
      000780 94                    4903 	.db 0x94
      000781 80                    4904 	.db 0x80
      000782 E2                    4905 	.db 0xe2
      000783 94                    4906 	.db 0x94
      000784 80                    4907 	.db 0x80
      000785 E2                    4908 	.db 0xe2
      000786 94                    4909 	.db 0x94
      000787 80                    4910 	.db 0x80
      000788 E2                    4911 	.db 0xe2
      000789 94                    4912 	.db 0x94
      00078A 80                    4913 	.db 0x80
      00078B E2                    4914 	.db 0xe2
      00078C 94                    4915 	.db 0x94
      00078D 80                    4916 	.db 0x80
      00078E E2                    4917 	.db 0xe2
      00078F 94                    4918 	.db 0x94
      000790 80                    4919 	.db 0x80
      000791 E2                    4920 	.db 0xe2
      000792 94                    4921 	.db 0x94
      000793 80                    4922 	.db 0x80
      000794 20 48 45 58 20 44 55  4923 	.ascii " HEX DUMP OPERATION "
             4D 50 20 4F 50 45 52
             41 54 49 4F 4E 20
      0007A8 E2                    4924 	.db 0xe2
      0007A9 94                    4925 	.db 0x94
      0007AA 80                    4926 	.db 0x80
      0007AB E2                    4927 	.db 0xe2
      0007AC 94                    4928 	.db 0x94
      0007AD 80                    4929 	.db 0x80
      0007AE E2                    4930 	.db 0xe2
      0007AF 94                    4931 	.db 0x94
      0007B0 80                    4932 	.db 0x80
      0007B1 E2                    4933 	.db 0xe2
      0007B2 94                    4934 	.db 0x94
      0007B3 80                    4935 	.db 0x80
      0007B4 E2                    4936 	.db 0xe2
      0007B5 94                    4937 	.db 0x94
      0007B6 80                    4938 	.db 0x80
      0007B7 E2                    4939 	.db 0xe2
      0007B8 94                    4940 	.db 0x94
      0007B9 80                    4941 	.db 0x80
      0007BA E2                    4942 	.db 0xe2
      0007BB 94                    4943 	.db 0x94
      0007BC 80                    4944 	.db 0x80
      0007BD E2                    4945 	.db 0xe2
      0007BE 94                    4946 	.db 0x94
      0007BF 80                    4947 	.db 0x80
      0007C0 E2                    4948 	.db 0xe2
      0007C1 94                    4949 	.db 0x94
      0007C2 80                    4950 	.db 0x80
      0007C3 E2                    4951 	.db 0xe2
      0007C4 94                    4952 	.db 0x94
      0007C5 80                    4953 	.db 0x80
      0007C6 E2                    4954 	.db 0xe2
      0007C7 94                    4955 	.db 0x94
      0007C8 80                    4956 	.db 0x80
      0007C9 E2                    4957 	.db 0xe2
      0007CA 94                    4958 	.db 0x94
      0007CB 80                    4959 	.db 0x80
      0007CC E2                    4960 	.db 0xe2
      0007CD 94                    4961 	.db 0x94
      0007CE 80                    4962 	.db 0x80
      0007CF E2                    4963 	.db 0xe2
      0007D0 94                    4964 	.db 0x94
      0007D1 80                    4965 	.db 0x80
      0007D2 E2                    4966 	.db 0xe2
      0007D3 94                    4967 	.db 0x94
      0007D4 80                    4968 	.db 0x80
      0007D5 E2                    4969 	.db 0xe2
      0007D6 94                    4970 	.db 0x94
      0007D7 90                    4971 	.db 0x90
      0007D8 0A                    4972 	.db 0x0a
      0007D9 0D                    4973 	.db 0x0d
      0007DA 00                    4974 	.db 0x00
                                   4975 	.area CSEG    (CODE)
                                   4976 	.area CONST   (CODE)
      0007DB                       4977 ___str_21:
      0007DB 0A                    4978 	.db 0x0a
      0007DC E2                    4979 	.db 0xe2
      0007DD 94                    4980 	.db 0x94
      0007DE 8C                    4981 	.db 0x8c
      0007DF E2                    4982 	.db 0xe2
      0007E0 94                    4983 	.db 0x94
      0007E1 80                    4984 	.db 0x80
      0007E2 E2                    4985 	.db 0xe2
      0007E3 94                    4986 	.db 0x94
      0007E4 80                    4987 	.db 0x80
      0007E5 E2                    4988 	.db 0xe2
      0007E6 94                    4989 	.db 0x94
      0007E7 80                    4990 	.db 0x80
      0007E8 E2                    4991 	.db 0xe2
      0007E9 94                    4992 	.db 0x94
      0007EA 80                    4993 	.db 0x80
      0007EB E2                    4994 	.db 0xe2
      0007EC 94                    4995 	.db 0x94
      0007ED 80                    4996 	.db 0x80
      0007EE E2                    4997 	.db 0xe2
      0007EF 94                    4998 	.db 0x94
      0007F0 80                    4999 	.db 0x80
      0007F1 E2                    5000 	.db 0xe2
      0007F2 94                    5001 	.db 0x94
      0007F3 80                    5002 	.db 0x80
      0007F4 E2                    5003 	.db 0xe2
      0007F5 94                    5004 	.db 0x94
      0007F6 80                    5005 	.db 0x80
      0007F7 E2                    5006 	.db 0xe2
      0007F8 94                    5007 	.db 0x94
      0007F9 80                    5008 	.db 0x80
      0007FA E2                    5009 	.db 0xe2
      0007FB 94                    5010 	.db 0x94
      0007FC 80                    5011 	.db 0x80
      0007FD E2                    5012 	.db 0xe2
      0007FE 94                    5013 	.db 0x94
      0007FF 80                    5014 	.db 0x80
      000800 E2                    5015 	.db 0xe2
      000801 94                    5016 	.db 0x94
      000802 80                    5017 	.db 0x80
      000803 E2                    5018 	.db 0xe2
      000804 94                    5019 	.db 0x94
      000805 80                    5020 	.db 0x80
      000806 20 49 4F 20 45 58 50  5021 	.ascii " IO EXPANDER OPERATION "
             41 4E 44 45 52 20 4F
             50 45 52 41 54 49 4F
             4E 20
      00081D E2                    5022 	.db 0xe2
      00081E 94                    5023 	.db 0x94
      00081F 80                    5024 	.db 0x80
      000820 E2                    5025 	.db 0xe2
      000821 94                    5026 	.db 0x94
      000822 80                    5027 	.db 0x80
      000823 E2                    5028 	.db 0xe2
      000824 94                    5029 	.db 0x94
      000825 80                    5030 	.db 0x80
      000826 E2                    5031 	.db 0xe2
      000827 94                    5032 	.db 0x94
      000828 80                    5033 	.db 0x80
      000829 E2                    5034 	.db 0xe2
      00082A 94                    5035 	.db 0x94
      00082B 80                    5036 	.db 0x80
      00082C E2                    5037 	.db 0xe2
      00082D 94                    5038 	.db 0x94
      00082E 80                    5039 	.db 0x80
      00082F E2                    5040 	.db 0xe2
      000830 94                    5041 	.db 0x94
      000831 80                    5042 	.db 0x80
      000832 E2                    5043 	.db 0xe2
      000833 94                    5044 	.db 0x94
      000834 80                    5045 	.db 0x80
      000835 E2                    5046 	.db 0xe2
      000836 94                    5047 	.db 0x94
      000837 80                    5048 	.db 0x80
      000838 E2                    5049 	.db 0xe2
      000839 94                    5050 	.db 0x94
      00083A 80                    5051 	.db 0x80
      00083B E2                    5052 	.db 0xe2
      00083C 94                    5053 	.db 0x94
      00083D 80                    5054 	.db 0x80
      00083E E2                    5055 	.db 0xe2
      00083F 94                    5056 	.db 0x94
      000840 80                    5057 	.db 0x80
      000841 E2                    5058 	.db 0xe2
      000842 94                    5059 	.db 0x94
      000843 80                    5060 	.db 0x80
      000844 E2                    5061 	.db 0xe2
      000845 94                    5062 	.db 0x94
      000846 80                    5063 	.db 0x80
      000847 E2                    5064 	.db 0xe2
      000848 94                    5065 	.db 0x94
      000849 80                    5066 	.db 0x80
      00084A E2                    5067 	.db 0xe2
      00084B 94                    5068 	.db 0x94
      00084C 90                    5069 	.db 0x90
      00084D 0A                    5070 	.db 0x0a
      00084E 0D                    5071 	.db 0x0d
      00084F 00                    5072 	.db 0x00
                                   5073 	.area CSEG    (CODE)
                                   5074 	.area CONST   (CODE)
      000850                       5075 ___str_22:
      000850 0A                    5076 	.db 0x0a
      000851 E2                    5077 	.db 0xe2
      000852 94                    5078 	.db 0x94
      000853 8C                    5079 	.db 0x8c
      000854 E2                    5080 	.db 0xe2
      000855 94                    5081 	.db 0x94
      000856 80                    5082 	.db 0x80
      000857 E2                    5083 	.db 0xe2
      000858 94                    5084 	.db 0x94
      000859 80                    5085 	.db 0x80
      00085A E2                    5086 	.db 0xe2
      00085B 94                    5087 	.db 0x94
      00085C 80                    5088 	.db 0x80
      00085D E2                    5089 	.db 0xe2
      00085E 94                    5090 	.db 0x94
      00085F 80                    5091 	.db 0x80
      000860 E2                    5092 	.db 0xe2
      000861 94                    5093 	.db 0x94
      000862 80                    5094 	.db 0x80
      000863 E2                    5095 	.db 0xe2
      000864 94                    5096 	.db 0x94
      000865 80                    5097 	.db 0x80
      000866 E2                    5098 	.db 0xe2
      000867 94                    5099 	.db 0x94
      000868 80                    5100 	.db 0x80
      000869 E2                    5101 	.db 0xe2
      00086A 94                    5102 	.db 0x94
      00086B 80                    5103 	.db 0x80
      00086C E2                    5104 	.db 0xe2
      00086D 94                    5105 	.db 0x94
      00086E 80                    5106 	.db 0x80
      00086F E2                    5107 	.db 0xe2
      000870 94                    5108 	.db 0x94
      000871 80                    5109 	.db 0x80
      000872 E2                    5110 	.db 0xe2
      000873 94                    5111 	.db 0x94
      000874 80                    5112 	.db 0x80
      000875 E2                    5113 	.db 0xe2
      000876 94                    5114 	.db 0x94
      000877 80                    5115 	.db 0x80
      000878 E2                    5116 	.db 0xe2
      000879 94                    5117 	.db 0x94
      00087A 80                    5118 	.db 0x80
      00087B 20 49 4F 20 45 58 50  5119 	.ascii " IO EXPANDER LEAVE "
             41 4E 44 45 52 20 4C
             45 41 56 45 20
      00088E E2                    5120 	.db 0xe2
      00088F 94                    5121 	.db 0x94
      000890 80                    5122 	.db 0x80
      000891 E2                    5123 	.db 0xe2
      000892 94                    5124 	.db 0x94
      000893 80                    5125 	.db 0x80
      000894 E2                    5126 	.db 0xe2
      000895 94                    5127 	.db 0x94
      000896 80                    5128 	.db 0x80
      000897 E2                    5129 	.db 0xe2
      000898 94                    5130 	.db 0x94
      000899 80                    5131 	.db 0x80
      00089A E2                    5132 	.db 0xe2
      00089B 94                    5133 	.db 0x94
      00089C 80                    5134 	.db 0x80
      00089D E2                    5135 	.db 0xe2
      00089E 94                    5136 	.db 0x94
      00089F 80                    5137 	.db 0x80
      0008A0 E2                    5138 	.db 0xe2
      0008A1 94                    5139 	.db 0x94
      0008A2 80                    5140 	.db 0x80
      0008A3 E2                    5141 	.db 0xe2
      0008A4 94                    5142 	.db 0x94
      0008A5 80                    5143 	.db 0x80
      0008A6 E2                    5144 	.db 0xe2
      0008A7 94                    5145 	.db 0x94
      0008A8 80                    5146 	.db 0x80
      0008A9 E2                    5147 	.db 0xe2
      0008AA 94                    5148 	.db 0x94
      0008AB 80                    5149 	.db 0x80
      0008AC E2                    5150 	.db 0xe2
      0008AD 94                    5151 	.db 0x94
      0008AE 80                    5152 	.db 0x80
      0008AF E2                    5153 	.db 0xe2
      0008B0 94                    5154 	.db 0x94
      0008B1 80                    5155 	.db 0x80
      0008B2 E2                    5156 	.db 0xe2
      0008B3 94                    5157 	.db 0x94
      0008B4 80                    5158 	.db 0x80
      0008B5 E2                    5159 	.db 0xe2
      0008B6 94                    5160 	.db 0x94
      0008B7 80                    5161 	.db 0x80
      0008B8 E2                    5162 	.db 0xe2
      0008B9 94                    5163 	.db 0x94
      0008BA 80                    5164 	.db 0x80
      0008BB E2                    5165 	.db 0xe2
      0008BC 94                    5166 	.db 0x94
      0008BD 90                    5167 	.db 0x90
      0008BE 0A                    5168 	.db 0x0a
      0008BF 0D                    5169 	.db 0x0d
      0008C0 00                    5170 	.db 0x00
                                   5171 	.area CSEG    (CODE)
                                   5172 	.area CONST   (CODE)
      0008C1                       5173 ___str_23:
      0008C1 49 4E 56 41 4C 49 44  5174 	.ascii "INVALID INPUT"
             20 49 4E 50 55 54
      0008CE 0A                    5175 	.db 0x0a
      0008CF 0D                    5176 	.db 0x0d
      0008D0 00                    5177 	.db 0x00
                                   5178 	.area CSEG    (CODE)
                                   5179 	.area CONST   (CODE)
      0008D1                       5180 ___str_24:
      0008D1 E2                    5181 	.db 0xe2
      0008D2 94                    5182 	.db 0x94
      0008D3 82                    5183 	.db 0x82
      0008D4 20 45 6E 74 65 72 20  5184 	.ascii " Enter address (hex, up to 3 characters): "
             61 64 64 72 65 73 73
             20 28 68 65 78 2C 20
             75 70 20 74 6F 20 33
             20 63 68 61 72 61 63
             74 65 72 73 29 3A 20
      0008FE 0A                    5185 	.db 0x0a
      0008FF 0D                    5186 	.db 0x0d
      000900 7C                    5187 	.ascii "|"
      000901 00                    5188 	.db 0x00
                                   5189 	.area CSEG    (CODE)
                                   5190 	.area CONST   (CODE)
      000902                       5191 ___str_25:
      000902 7C 20 24 20           5192 	.ascii "| $ "
      000906 00                    5193 	.db 0x00
                                   5194 	.area CSEG    (CODE)
                                   5195 	.area CONST   (CODE)
      000907                       5196 ___str_26:
      000907 0A                    5197 	.db 0x0a
      000908 0D                    5198 	.db 0x0d
      000909 E2                    5199 	.db 0xe2
      00090A 94                    5200 	.db 0x94
      00090B 82                    5201 	.db 0x82
      00090C 20 45 6E 74 65 72 65  5202 	.ascii " Entered address: 0x%03X"
             64 20 61 64 64 72 65
             73 73 3A 20 30 78 25
             30 33 58
      000924 0A                    5203 	.db 0x0a
      000925 0D                    5204 	.db 0x0d
      000926 00                    5205 	.db 0x00
                                   5206 	.area CSEG    (CODE)
                                   5207 	.area CONST   (CODE)
      000927                       5208 ___str_27:
      000927 E2                    5209 	.db 0xe2
      000928 95                    5210 	.db 0x95
      000929 94                    5211 	.db 0x94
      00092A E2                    5212 	.db 0xe2
      00092B 95                    5213 	.db 0x95
      00092C 90                    5214 	.db 0x90
      00092D E2                    5215 	.db 0xe2
      00092E 95                    5216 	.db 0x95
      00092F 90                    5217 	.db 0x90
      000930 E2                    5218 	.db 0xe2
      000931 95                    5219 	.db 0x95
      000932 90                    5220 	.db 0x90
      000933 E2                    5221 	.db 0xe2
      000934 95                    5222 	.db 0x95
      000935 90                    5223 	.db 0x90
      000936 E2                    5224 	.db 0xe2
      000937 95                    5225 	.db 0x95
      000938 90                    5226 	.db 0x90
      000939 E2                    5227 	.db 0xe2
      00093A 95                    5228 	.db 0x95
      00093B 90                    5229 	.db 0x90
      00093C E2                    5230 	.db 0xe2
      00093D 95                    5231 	.db 0x95
      00093E 90                    5232 	.db 0x90
      00093F E2                    5233 	.db 0xe2
      000940 95                    5234 	.db 0x95
      000941 90                    5235 	.db 0x90
      000942 E2                    5236 	.db 0xe2
      000943 95                    5237 	.db 0x95
      000944 90                    5238 	.db 0x90
      000945 E2                    5239 	.db 0xe2
      000946 95                    5240 	.db 0x95
      000947 90                    5241 	.db 0x90
      000948 E2                    5242 	.db 0xe2
      000949 95                    5243 	.db 0x95
      00094A 90                    5244 	.db 0x90
      00094B E2                    5245 	.db 0xe2
      00094C 95                    5246 	.db 0x95
      00094D 90                    5247 	.db 0x90
      00094E E2                    5248 	.db 0xe2
      00094F 95                    5249 	.db 0x95
      000950 90                    5250 	.db 0x90
      000951 E2                    5251 	.db 0xe2
      000952 95                    5252 	.db 0x95
      000953 90                    5253 	.db 0x90
      000954 E2                    5254 	.db 0xe2
      000955 95                    5255 	.db 0x95
      000956 90                    5256 	.db 0x90
      000957 E2                    5257 	.db 0xe2
      000958 95                    5258 	.db 0x95
      000959 90                    5259 	.db 0x90
      00095A E2                    5260 	.db 0xe2
      00095B 95                    5261 	.db 0x95
      00095C 90                    5262 	.db 0x90
      00095D E2                    5263 	.db 0xe2
      00095E 95                    5264 	.db 0x95
      00095F 90                    5265 	.db 0x90
      000960 E2                    5266 	.db 0xe2
      000961 95                    5267 	.db 0x95
      000962 90                    5268 	.db 0x90
      000963 E2                    5269 	.db 0xe2
      000964 95                    5270 	.db 0x95
      000965 90                    5271 	.db 0x90
      000966 E2                    5272 	.db 0xe2
      000967 95                    5273 	.db 0x95
      000968 90                    5274 	.db 0x90
      000969 E2                    5275 	.db 0xe2
      00096A 95                    5276 	.db 0x95
      00096B 90                    5277 	.db 0x90
      00096C E2                    5278 	.db 0xe2
      00096D 95                    5279 	.db 0x95
      00096E 90                    5280 	.db 0x90
      00096F E2                    5281 	.db 0xe2
      000970 95                    5282 	.db 0x95
      000971 90                    5283 	.db 0x90
      000972 E2                    5284 	.db 0xe2
      000973 95                    5285 	.db 0x95
      000974 90                    5286 	.db 0x90
      000975 E2                    5287 	.db 0xe2
      000976 95                    5288 	.db 0x95
      000977 90                    5289 	.db 0x90
      000978 E2                    5290 	.db 0xe2
      000979 95                    5291 	.db 0x95
      00097A 90                    5292 	.db 0x90
      00097B E2                    5293 	.db 0xe2
      00097C 95                    5294 	.db 0x95
      00097D 90                    5295 	.db 0x90
      00097E E2                    5296 	.db 0xe2
      00097F 95                    5297 	.db 0x95
      000980 90                    5298 	.db 0x90
      000981 E2                    5299 	.db 0xe2
      000982 95                    5300 	.db 0x95
      000983 90                    5301 	.db 0x90
      000984 E2                    5302 	.db 0xe2
      000985 95                    5303 	.db 0x95
      000986 90                    5304 	.db 0x90
      000987 E2                    5305 	.db 0xe2
      000988 95                    5306 	.db 0x95
      000989 90                    5307 	.db 0x90
      00098A E2                    5308 	.db 0xe2
      00098B 95                    5309 	.db 0x95
      00098C 90                    5310 	.db 0x90
      00098D E2                    5311 	.db 0xe2
      00098E 95                    5312 	.db 0x95
      00098F 90                    5313 	.db 0x90
      000990 E2                    5314 	.db 0xe2
      000991 95                    5315 	.db 0x95
      000992 90                    5316 	.db 0x90
      000993 E2                    5317 	.db 0xe2
      000994 95                    5318 	.db 0x95
      000995 90                    5319 	.db 0x90
      000996 E2                    5320 	.db 0xe2
      000997 95                    5321 	.db 0x95
      000998 90                    5322 	.db 0x90
      000999 E2                    5323 	.db 0xe2
      00099A 95                    5324 	.db 0x95
      00099B 90                    5325 	.db 0x90
      00099C E2                    5326 	.db 0xe2
      00099D 95                    5327 	.db 0x95
      00099E 90                    5328 	.db 0x90
      00099F E2                    5329 	.db 0xe2
      0009A0 95                    5330 	.db 0x95
      0009A1 90                    5331 	.db 0x90
      0009A2 E2                    5332 	.db 0xe2
      0009A3 95                    5333 	.db 0x95
      0009A4 90                    5334 	.db 0x90
      0009A5 E2                    5335 	.db 0xe2
      0009A6 95                    5336 	.db 0x95
      0009A7 90                    5337 	.db 0x90
      0009A8 E2                    5338 	.db 0xe2
      0009A9 95                    5339 	.db 0x95
      0009AA 97                    5340 	.db 0x97
      0009AB 0A                    5341 	.db 0x0a
      0009AC 0D                    5342 	.db 0x0d
      0009AD 00                    5343 	.db 0x00
                                   5344 	.area CSEG    (CODE)
                                   5345 	.area CONST   (CODE)
      0009AE                       5346 ___str_28:
      0009AE E2                    5347 	.db 0xe2
      0009AF 95                    5348 	.db 0x95
      0009B0 91                    5349 	.db 0x91
      0009B1 20 20 20 20 20 20 20  5350 	.ascii "       ! ADDRESS OUT OF RANGE !         "
             21 20 41 44 44 52 45
             53 53 20 4F 55 54 20
             4F 46 20 52 41 4E 47
             45 20 21 20 20 20 20
             20 20 20 20 20
      0009D9 E2                    5351 	.db 0xe2
      0009DA 95                    5352 	.db 0x95
      0009DB 91                    5353 	.db 0x91
      0009DC 0A                    5354 	.db 0x0a
      0009DD 0D                    5355 	.db 0x0d
      0009DE 00                    5356 	.db 0x00
                                   5357 	.area CSEG    (CODE)
                                   5358 	.area CONST   (CODE)
      0009DF                       5359 ___str_29:
      0009DF E2                    5360 	.db 0xe2
      0009E0 95                    5361 	.db 0x95
      0009E1 91                    5362 	.db 0x91
      0009E2 20 20 20 20 20 50 6C  5363 	.ascii "     Please Enter Valid Address         "
             65 61 73 65 20 45 6E
             74 65 72 20 56 61 6C
             69 64 20 41 64 64 72
             65 73 73 20 20 20 20
             20 20 20 20 20
      000A0A E2                    5364 	.db 0xe2
      000A0B 95                    5365 	.db 0x95
      000A0C 91                    5366 	.db 0x91
      000A0D 0A                    5367 	.db 0x0a
      000A0E 0D                    5368 	.db 0x0d
      000A0F 00                    5369 	.db 0x00
                                   5370 	.area CSEG    (CODE)
                                   5371 	.area CONST   (CODE)
      000A10                       5372 ___str_30:
      000A10 E2                    5373 	.db 0xe2
      000A11 95                    5374 	.db 0x95
      000A12 9A                    5375 	.db 0x9a
      000A13 E2                    5376 	.db 0xe2
      000A14 95                    5377 	.db 0x95
      000A15 90                    5378 	.db 0x90
      000A16 E2                    5379 	.db 0xe2
      000A17 95                    5380 	.db 0x95
      000A18 90                    5381 	.db 0x90
      000A19 E2                    5382 	.db 0xe2
      000A1A 95                    5383 	.db 0x95
      000A1B 90                    5384 	.db 0x90
      000A1C E2                    5385 	.db 0xe2
      000A1D 95                    5386 	.db 0x95
      000A1E 90                    5387 	.db 0x90
      000A1F E2                    5388 	.db 0xe2
      000A20 95                    5389 	.db 0x95
      000A21 90                    5390 	.db 0x90
      000A22 E2                    5391 	.db 0xe2
      000A23 95                    5392 	.db 0x95
      000A24 90                    5393 	.db 0x90
      000A25 E2                    5394 	.db 0xe2
      000A26 95                    5395 	.db 0x95
      000A27 90                    5396 	.db 0x90
      000A28 E2                    5397 	.db 0xe2
      000A29 95                    5398 	.db 0x95
      000A2A 90                    5399 	.db 0x90
      000A2B E2                    5400 	.db 0xe2
      000A2C 95                    5401 	.db 0x95
      000A2D 90                    5402 	.db 0x90
      000A2E E2                    5403 	.db 0xe2
      000A2F 95                    5404 	.db 0x95
      000A30 90                    5405 	.db 0x90
      000A31 E2                    5406 	.db 0xe2
      000A32 95                    5407 	.db 0x95
      000A33 90                    5408 	.db 0x90
      000A34 E2                    5409 	.db 0xe2
      000A35 95                    5410 	.db 0x95
      000A36 90                    5411 	.db 0x90
      000A37 E2                    5412 	.db 0xe2
      000A38 95                    5413 	.db 0x95
      000A39 90                    5414 	.db 0x90
      000A3A E2                    5415 	.db 0xe2
      000A3B 95                    5416 	.db 0x95
      000A3C 90                    5417 	.db 0x90
      000A3D E2                    5418 	.db 0xe2
      000A3E 95                    5419 	.db 0x95
      000A3F 90                    5420 	.db 0x90
      000A40 E2                    5421 	.db 0xe2
      000A41 95                    5422 	.db 0x95
      000A42 90                    5423 	.db 0x90
      000A43 E2                    5424 	.db 0xe2
      000A44 95                    5425 	.db 0x95
      000A45 90                    5426 	.db 0x90
      000A46 E2                    5427 	.db 0xe2
      000A47 95                    5428 	.db 0x95
      000A48 90                    5429 	.db 0x90
      000A49 E2                    5430 	.db 0xe2
      000A4A 95                    5431 	.db 0x95
      000A4B 90                    5432 	.db 0x90
      000A4C E2                    5433 	.db 0xe2
      000A4D 95                    5434 	.db 0x95
      000A4E 90                    5435 	.db 0x90
      000A4F E2                    5436 	.db 0xe2
      000A50 95                    5437 	.db 0x95
      000A51 90                    5438 	.db 0x90
      000A52 E2                    5439 	.db 0xe2
      000A53 95                    5440 	.db 0x95
      000A54 90                    5441 	.db 0x90
      000A55 E2                    5442 	.db 0xe2
      000A56 95                    5443 	.db 0x95
      000A57 90                    5444 	.db 0x90
      000A58 E2                    5445 	.db 0xe2
      000A59 95                    5446 	.db 0x95
      000A5A 90                    5447 	.db 0x90
      000A5B E2                    5448 	.db 0xe2
      000A5C 95                    5449 	.db 0x95
      000A5D 90                    5450 	.db 0x90
      000A5E E2                    5451 	.db 0xe2
      000A5F 95                    5452 	.db 0x95
      000A60 90                    5453 	.db 0x90
      000A61 E2                    5454 	.db 0xe2
      000A62 95                    5455 	.db 0x95
      000A63 90                    5456 	.db 0x90
      000A64 E2                    5457 	.db 0xe2
      000A65 95                    5458 	.db 0x95
      000A66 90                    5459 	.db 0x90
      000A67 E2                    5460 	.db 0xe2
      000A68 95                    5461 	.db 0x95
      000A69 90                    5462 	.db 0x90
      000A6A E2                    5463 	.db 0xe2
      000A6B 95                    5464 	.db 0x95
      000A6C 90                    5465 	.db 0x90
      000A6D E2                    5466 	.db 0xe2
      000A6E 95                    5467 	.db 0x95
      000A6F 90                    5468 	.db 0x90
      000A70 E2                    5469 	.db 0xe2
      000A71 95                    5470 	.db 0x95
      000A72 90                    5471 	.db 0x90
      000A73 E2                    5472 	.db 0xe2
      000A74 95                    5473 	.db 0x95
      000A75 90                    5474 	.db 0x90
      000A76 E2                    5475 	.db 0xe2
      000A77 95                    5476 	.db 0x95
      000A78 90                    5477 	.db 0x90
      000A79 E2                    5478 	.db 0xe2
      000A7A 95                    5479 	.db 0x95
      000A7B 90                    5480 	.db 0x90
      000A7C E2                    5481 	.db 0xe2
      000A7D 95                    5482 	.db 0x95
      000A7E 90                    5483 	.db 0x90
      000A7F E2                    5484 	.db 0xe2
      000A80 95                    5485 	.db 0x95
      000A81 90                    5486 	.db 0x90
      000A82 E2                    5487 	.db 0xe2
      000A83 95                    5488 	.db 0x95
      000A84 90                    5489 	.db 0x90
      000A85 E2                    5490 	.db 0xe2
      000A86 95                    5491 	.db 0x95
      000A87 90                    5492 	.db 0x90
      000A88 E2                    5493 	.db 0xe2
      000A89 95                    5494 	.db 0x95
      000A8A 90                    5495 	.db 0x90
      000A8B E2                    5496 	.db 0xe2
      000A8C 95                    5497 	.db 0x95
      000A8D 90                    5498 	.db 0x90
      000A8E E2                    5499 	.db 0xe2
      000A8F 95                    5500 	.db 0x95
      000A90 90                    5501 	.db 0x90
      000A91 E2                    5502 	.db 0xe2
      000A92 95                    5503 	.db 0x95
      000A93 9D                    5504 	.db 0x9d
      000A94 0A                    5505 	.db 0x0a
      000A95 0D                    5506 	.db 0x0d
      000A96 00                    5507 	.db 0x00
                                   5508 	.area CSEG    (CODE)
                                   5509 	.area CONST   (CODE)
      000A97                       5510 ___str_31:
      000A97 7C 20 42 6C 6F 63 6B  5511 	.ascii "| Block number %d                            "
             20 6E 75 6D 62 65 72
             20 25 64 20 20 20 20
             20 20 20 20 20 20 20
             20 20 20 20 20 20 20
             20 20 20 20 20 20 20
             20 20 20
      000AC4 0A                    5512 	.db 0x0a
      000AC5 0D                    5513 	.db 0x0d
      000AC6 00                    5514 	.db 0x00
                                   5515 	.area CSEG    (CODE)
                                   5516 	.area CONST   (CODE)
      000AC7                       5517 ___str_32:
      000AC7 E2                    5518 	.db 0xe2
      000AC8 94                    5519 	.db 0x94
      000AC9 82                    5520 	.db 0x82
      000ACA 20 45 6E 74 65 72 20  5521 	.ascii " Enter data (hex, up to 2 characters): "
             64 61 74 61 20 28 68
             65 78 2C 20 75 70 20
             74 6F 20 32 20 63 68
             61 72 61 63 74 65 72
             73 29 3A 20
      000AF1 0A                    5522 	.db 0x0a
      000AF2 0D                    5523 	.db 0x0d
      000AF3 7C                    5524 	.ascii "|"
      000AF4 00                    5525 	.db 0x00
                                   5526 	.area CSEG    (CODE)
                                   5527 	.area CONST   (CODE)
      000AF5                       5528 ___str_33:
      000AF5 24 20                 5529 	.ascii "$ "
      000AF7 00                    5530 	.db 0x00
                                   5531 	.area CSEG    (CODE)
                                   5532 	.area CONST   (CODE)
      000AF8                       5533 ___str_34:
      000AF8 0A                    5534 	.db 0x0a
      000AF9 0D                    5535 	.db 0x0d
      000AFA E2                    5536 	.db 0xe2
      000AFB 94                    5537 	.db 0x94
      000AFC 82                    5538 	.db 0x82
      000AFD 20 45 6E 74 65 72 65  5539 	.ascii " Entered data: 0x%02X"
             64 20 64 61 74 61 3A
             20 30 78 25 30 32 58
      000B12 0A                    5540 	.db 0x0a
      000B13 0D                    5541 	.db 0x0d
      000B14 00                    5542 	.db 0x00
                                   5543 	.area CSEG    (CODE)
                                   5544 	.area CONST   (CODE)
      000B15                       5545 ___str_35:
      000B15 44 61 74 61 20 6F 75  5546 	.ascii "Data out of Range"
             74 20 6F 66 20 52 61
             6E 67 65
      000B26 0A                    5547 	.db 0x0a
      000B27 0D                    5548 	.db 0x0d
      000B28 00                    5549 	.db 0x00
                                   5550 	.area CSEG    (CODE)
                                   5551 	.area CONST   (CODE)
      000B29                       5552 ___str_36:
      000B29 45 72 72 6F 72 3A 20  5553 	.ascii "Error: No ACK for device address (write)"
             4E 6F 20 41 43 4B 20
             66 6F 72 20 64 65 76
             69 63 65 20 61 64 64
             72 65 73 73 20 28 77
             72 69 74 65 29
      000B51 0A                    5554 	.db 0x0a
      000B52 0D                    5555 	.db 0x0d
      000B53 00                    5556 	.db 0x00
                                   5557 	.area CSEG    (CODE)
                                   5558 	.area CONST   (CODE)
      000B54                       5559 ___str_37:
      000B54 45 72 72 6F 72 3A 20  5560 	.ascii "Error: No ACK for memory address"
             4E 6F 20 41 43 4B 20
             66 6F 72 20 6D 65 6D
             6F 72 79 20 61 64 64
             72 65 73 73
      000B74 0A                    5561 	.db 0x0a
      000B75 0D                    5562 	.db 0x0d
      000B76 00                    5563 	.db 0x00
                                   5564 	.area CSEG    (CODE)
                                   5565 	.area CONST   (CODE)
      000B77                       5566 ___str_38:
      000B77 45 72 72 6F 72 3A 20  5567 	.ascii "Error: No ACK for data"
             4E 6F 20 41 43 4B 20
             66 6F 72 20 64 61 74
             61
      000B8D 0A                    5568 	.db 0x0a
      000B8E 0D                    5569 	.db 0x0d
      000B8F 00                    5570 	.db 0x00
                                   5571 	.area CSEG    (CODE)
                                   5572 	.area CONST   (CODE)
      000B90                       5573 ___str_39:
      000B90 7C 20 57 72 69 74 69  5574 	.ascii "| Writing at Address 0x%03X Data 0x%02X          |"
             6E 67 20 61 74 20 41
             64 64 72 65 73 73 20
             30 78 25 30 33 58 20
             44 61 74 61 20 30 78
             25 30 32 58 20 20 20
             20 20 20 20 20 20 20
             7C
      000BC2 0A                    5575 	.db 0x0a
      000BC3 0D                    5576 	.db 0x0d
      000BC4 00                    5577 	.db 0x00
                                   5578 	.area CSEG    (CODE)
                                   5579 	.area CONST   (CODE)
      000BC5                       5580 ___str_40:
      000BC5 E2                    5581 	.db 0xe2
      000BC6 94                    5582 	.db 0x94
      000BC7 82                    5583 	.db 0x82
      000BC8 20 57 72 69 74 65 20  5584 	.ascii " Write successful!                             "
             73 75 63 63 65 73 73
             66 75 6C 21 20 20 20
             20 20 20 20 20 20 20
             20 20 20 20 20 20 20
             20 20 20 20 20 20 20
             20 20 20 20 20
      000BF7 E2                    5585 	.db 0xe2
      000BF8 94                    5586 	.db 0x94
      000BF9 82                    5587 	.db 0x82
      000BFA 0A                    5588 	.db 0x0a
      000BFB 0D                    5589 	.db 0x0d
      000BFC 00                    5590 	.db 0x00
                                   5591 	.area CSEG    (CODE)
                                   5592 	.area CONST   (CODE)
      000BFD                       5593 ___str_41:
      000BFD E2                    5594 	.db 0xe2
      000BFE 94                    5595 	.db 0x94
      000BFF 94                    5596 	.db 0x94
      000C00 E2                    5597 	.db 0xe2
      000C01 94                    5598 	.db 0x94
      000C02 80                    5599 	.db 0x80
      000C03 E2                    5600 	.db 0xe2
      000C04 94                    5601 	.db 0x94
      000C05 80                    5602 	.db 0x80
      000C06 E2                    5603 	.db 0xe2
      000C07 94                    5604 	.db 0x94
      000C08 80                    5605 	.db 0x80
      000C09 E2                    5606 	.db 0xe2
      000C0A 94                    5607 	.db 0x94
      000C0B 80                    5608 	.db 0x80
      000C0C E2                    5609 	.db 0xe2
      000C0D 94                    5610 	.db 0x94
      000C0E 80                    5611 	.db 0x80
      000C0F E2                    5612 	.db 0xe2
      000C10 94                    5613 	.db 0x94
      000C11 80                    5614 	.db 0x80
      000C12 E2                    5615 	.db 0xe2
      000C13 94                    5616 	.db 0x94
      000C14 80                    5617 	.db 0x80
      000C15 E2                    5618 	.db 0xe2
      000C16 94                    5619 	.db 0x94
      000C17 80                    5620 	.db 0x80
      000C18 E2                    5621 	.db 0xe2
      000C19 94                    5622 	.db 0x94
      000C1A 80                    5623 	.db 0x80
      000C1B E2                    5624 	.db 0xe2
      000C1C 94                    5625 	.db 0x94
      000C1D 80                    5626 	.db 0x80
      000C1E E2                    5627 	.db 0xe2
      000C1F 94                    5628 	.db 0x94
      000C20 80                    5629 	.db 0x80
      000C21 E2                    5630 	.db 0xe2
      000C22 94                    5631 	.db 0x94
      000C23 80                    5632 	.db 0x80
      000C24 E2                    5633 	.db 0xe2
      000C25 94                    5634 	.db 0x94
      000C26 80                    5635 	.db 0x80
      000C27 E2                    5636 	.db 0xe2
      000C28 94                    5637 	.db 0x94
      000C29 80                    5638 	.db 0x80
      000C2A E2                    5639 	.db 0xe2
      000C2B 94                    5640 	.db 0x94
      000C2C 80                    5641 	.db 0x80
      000C2D E2                    5642 	.db 0xe2
      000C2E 94                    5643 	.db 0x94
      000C2F 80                    5644 	.db 0x80
      000C30 E2                    5645 	.db 0xe2
      000C31 94                    5646 	.db 0x94
      000C32 80                    5647 	.db 0x80
      000C33 E2                    5648 	.db 0xe2
      000C34 94                    5649 	.db 0x94
      000C35 80                    5650 	.db 0x80
      000C36 E2                    5651 	.db 0xe2
      000C37 94                    5652 	.db 0x94
      000C38 80                    5653 	.db 0x80
      000C39 E2                    5654 	.db 0xe2
      000C3A 94                    5655 	.db 0x94
      000C3B 80                    5656 	.db 0x80
      000C3C E2                    5657 	.db 0xe2
      000C3D 94                    5658 	.db 0x94
      000C3E 80                    5659 	.db 0x80
      000C3F E2                    5660 	.db 0xe2
      000C40 94                    5661 	.db 0x94
      000C41 80                    5662 	.db 0x80
      000C42 E2                    5663 	.db 0xe2
      000C43 94                    5664 	.db 0x94
      000C44 80                    5665 	.db 0x80
      000C45 E2                    5666 	.db 0xe2
      000C46 94                    5667 	.db 0x94
      000C47 80                    5668 	.db 0x80
      000C48 E2                    5669 	.db 0xe2
      000C49 94                    5670 	.db 0x94
      000C4A 80                    5671 	.db 0x80
      000C4B E2                    5672 	.db 0xe2
      000C4C 94                    5673 	.db 0x94
      000C4D 80                    5674 	.db 0x80
      000C4E E2                    5675 	.db 0xe2
      000C4F 94                    5676 	.db 0x94
      000C50 80                    5677 	.db 0x80
      000C51 E2                    5678 	.db 0xe2
      000C52 94                    5679 	.db 0x94
      000C53 80                    5680 	.db 0x80
      000C54 E2                    5681 	.db 0xe2
      000C55 94                    5682 	.db 0x94
      000C56 80                    5683 	.db 0x80
      000C57 E2                    5684 	.db 0xe2
      000C58 94                    5685 	.db 0x94
      000C59 80                    5686 	.db 0x80
      000C5A E2                    5687 	.db 0xe2
      000C5B 94                    5688 	.db 0x94
      000C5C 80                    5689 	.db 0x80
      000C5D E2                    5690 	.db 0xe2
      000C5E 94                    5691 	.db 0x94
      000C5F 80                    5692 	.db 0x80
      000C60 E2                    5693 	.db 0xe2
      000C61 94                    5694 	.db 0x94
      000C62 80                    5695 	.db 0x80
      000C63 E2                    5696 	.db 0xe2
      000C64 94                    5697 	.db 0x94
      000C65 80                    5698 	.db 0x80
      000C66 E2                    5699 	.db 0xe2
      000C67 94                    5700 	.db 0x94
      000C68 80                    5701 	.db 0x80
      000C69 E2                    5702 	.db 0xe2
      000C6A 94                    5703 	.db 0x94
      000C6B 80                    5704 	.db 0x80
      000C6C E2                    5705 	.db 0xe2
      000C6D 94                    5706 	.db 0x94
      000C6E 80                    5707 	.db 0x80
      000C6F E2                    5708 	.db 0xe2
      000C70 94                    5709 	.db 0x94
      000C71 80                    5710 	.db 0x80
      000C72 E2                    5711 	.db 0xe2
      000C73 94                    5712 	.db 0x94
      000C74 80                    5713 	.db 0x80
      000C75 E2                    5714 	.db 0xe2
      000C76 94                    5715 	.db 0x94
      000C77 80                    5716 	.db 0x80
      000C78 E2                    5717 	.db 0xe2
      000C79 94                    5718 	.db 0x94
      000C7A 80                    5719 	.db 0x80
      000C7B E2                    5720 	.db 0xe2
      000C7C 94                    5721 	.db 0x94
      000C7D 80                    5722 	.db 0x80
      000C7E E2                    5723 	.db 0xe2
      000C7F 94                    5724 	.db 0x94
      000C80 80                    5725 	.db 0x80
      000C81 E2                    5726 	.db 0xe2
      000C82 94                    5727 	.db 0x94
      000C83 80                    5728 	.db 0x80
      000C84 E2                    5729 	.db 0xe2
      000C85 94                    5730 	.db 0x94
      000C86 80                    5731 	.db 0x80
      000C87 E2                    5732 	.db 0xe2
      000C88 94                    5733 	.db 0x94
      000C89 80                    5734 	.db 0x80
      000C8A E2                    5735 	.db 0xe2
      000C8B 94                    5736 	.db 0x94
      000C8C 80                    5737 	.db 0x80
      000C8D E2                    5738 	.db 0xe2
      000C8E 94                    5739 	.db 0x94
      000C8F 98                    5740 	.db 0x98
      000C90 0A                    5741 	.db 0x0a
      000C91 0D                    5742 	.db 0x0d
      000C92 00                    5743 	.db 0x00
                                   5744 	.area CSEG    (CODE)
                                   5745 	.area CONST   (CODE)
      000C93                       5746 ___str_42:
      000C93 45 72 72 6F 72 3A 20  5747 	.ascii "Error: No ACK for device address (write mode)"
             4E 6F 20 41 43 4B 20
             66 6F 72 20 64 65 76
             69 63 65 20 61 64 64
             72 65 73 73 20 28 77
             72 69 74 65 20 6D 6F
             64 65 29
      000CC0 0A                    5748 	.db 0x0a
      000CC1 0D                    5749 	.db 0x0d
      000CC2 00                    5750 	.db 0x00
                                   5751 	.area CSEG    (CODE)
                                   5752 	.area CONST   (CODE)
      000CC3                       5753 ___str_43:
      000CC3 45 72 72 6F 72 3A 20  5754 	.ascii "Error: No ACK for device address (read mode)"
             4E 6F 20 41 43 4B 20
             66 6F 72 20 64 65 76
             69 63 65 20 61 64 64
             72 65 73 73 20 28 72
             65 61 64 20 6D 6F 64
             65 29
      000CEF 0A                    5755 	.db 0x0a
      000CF0 0D                    5756 	.db 0x0d
      000CF1 00                    5757 	.db 0x00
                                   5758 	.area CSEG    (CODE)
                                   5759 	.area CONST   (CODE)
      000CF2                       5760 ___str_44:
      000CF2 7C 20 30 78 25 30 33  5761 	.ascii "| 0x%03X : 0x%02X "
             58 20 3A 20 30 78 25
             30 32 58 20
      000D04 0A                    5762 	.db 0x0a
      000D05 0D                    5763 	.db 0x0d
      000D06 00                    5764 	.db 0x00
                                   5765 	.area CSEG    (CODE)
                                   5766 	.area CONST   (CODE)
      000D07                       5767 ___str_45:
      000D07 E2                    5768 	.db 0xe2
      000D08 94                    5769 	.db 0x94
      000D09 82                    5770 	.db 0x82
      000D0A 20 52 65 61 64 20 73  5771 	.ascii " Read successful!                 "
             75 63 63 65 73 73 66
             75 6C 21 20 20 20 20
             20 20 20 20 20 20 20
             20 20 20 20 20 20
      000D2C E2                    5772 	.db 0xe2
      000D2D 94                    5773 	.db 0x94
      000D2E 82                    5774 	.db 0x82
      000D2F 0A                    5775 	.db 0x0a
      000D30 0D                    5776 	.db 0x0d
      000D31 00                    5777 	.db 0x00
                                   5778 	.area CSEG    (CODE)
                                   5779 	.area CONST   (CODE)
      000D32                       5780 ___str_46:
      000D32 41 43 4B 20 44 49 44  5781 	.ascii "ACK DID NOT ARRIVE"
             20 4E 4F 54 20 41 52
             52 49 56 45
      000D44 0A                    5782 	.db 0x0a
      000D45 0D                    5783 	.db 0x0d
      000D46 00                    5784 	.db 0x00
                                   5785 	.area CSEG    (CODE)
                                   5786 	.area CONST   (CODE)
      000D47                       5787 ___str_47:
      000D47 0D                    5788 	.db 0x0d
      000D48 0A                    5789 	.db 0x0a
      000D49 2D 2D 2D 2D 2D 2D 2D  5790 	.ascii "------------------------------------------------------------"
             2D 2D 2D 2D 2D 2D 2D
             2D 2D 2D 2D 2D 2D 2D
             2D 2D 2D 2D 2D 2D 2D
             2D 2D 2D 2D 2D 2D 2D
             2D 2D 2D 2D 2D 2D 2D
             2D 2D 2D 2D 2D 2D 2D
             2D 2D 2D 2D 2D 2D 2D
             2D 2D 2D 2D
      000D85 2D 2D 2D 2D           5791 	.ascii "----"
      000D89 0D                    5792 	.db 0x0d
      000D8A 0A                    5793 	.db 0x0a
      000D8B 00                    5794 	.db 0x00
                                   5795 	.area CSEG    (CODE)
                                   5796 	.area CONST   (CODE)
      000D8C                       5797 ___str_48:
      000D8C 20 20 20 20 20 20 20  5798 	.ascii "                    EEPROM Hex Dump                         "
             20 20 20 20 20 20 20
             20 20 20 20 20 20 45
             45 50 52 4F 4D 20 48
             65 78 20 44 75 6D 70
             20 20 20 20 20 20 20
             20 20 20 20 20 20 20
             20 20 20 20 20 20 20
             20 20 20 20
      000DC8 20 20 20 20 20 20     5799 	.ascii "      "
      000DCE 0D                    5800 	.db 0x0d
      000DCF 0A                    5801 	.db 0x0a
      000DD0 00                    5802 	.db 0x00
                                   5803 	.area CSEG    (CODE)
                                   5804 	.area CONST   (CODE)
      000DD1                       5805 ___str_49:
      000DD1 2D 2D 2D 2D 2D 2D 2D  5806 	.ascii "------------------------------------------------------------"
             2D 2D 2D 2D 2D 2D 2D
             2D 2D 2D 2D 2D 2D 2D
             2D 2D 2D 2D 2D 2D 2D
             2D 2D 2D 2D 2D 2D 2D
             2D 2D 2D 2D 2D 2D 2D
             2D 2D 2D 2D 2D 2D 2D
             2D 2D 2D 2D 2D 2D 2D
             2D 2D 2D 2D
      000E0D 2D 2D 2D 2D           5807 	.ascii "----"
      000E11 0D                    5808 	.db 0x0d
      000E12 0A                    5809 	.db 0x0a
      000E13 00                    5810 	.db 0x00
                                   5811 	.area CSEG    (CODE)
                                   5812 	.area CONST   (CODE)
      000E14                       5813 ___str_50:
      000E14 20 20 20 20 20 30 20  5814 	.ascii "     0  1  2  3  4  5  6  7  8  9  A  B  C  D  E  F"
             20 31 20 20 32 20 20
             33 20 20 34 20 20 35
             20 20 36 20 20 37 20
             20 38 20 20 39 20 20
             41 20 20 42 20 20 43
             20 20 44 20 20 45 20
             20 46
      000E47 0D                    5815 	.db 0x0d
      000E48 0A                    5816 	.db 0x0a
      000E49 00                    5817 	.db 0x00
                                   5818 	.area CSEG    (CODE)
                                   5819 	.area CONST   (CODE)
      000E4A                       5820 ___str_51:
      000E4A 25 30 33 58 3A 20     5821 	.ascii "%03X: "
      000E50 00                    5822 	.db 0x00
                                   5823 	.area CSEG    (CODE)
                                   5824 	.area CONST   (CODE)
      000E51                       5825 ___str_52:
      000E51 45 72 72 6F 72 3A 20  5826 	.ascii "Error: Device not responding"
             44 65 76 69 63 65 20
             6E 6F 74 20 72 65 73
             70 6F 6E 64 69 6E 67
      000E6D 0D                    5827 	.db 0x0d
      000E6E 0A                    5828 	.db 0x0a
      000E6F 00                    5829 	.db 0x00
                                   5830 	.area CSEG    (CODE)
                                   5831 	.area CONST   (CODE)
      000E70                       5832 ___str_53:
      000E70 45 72 72 6F 72 3A 20  5833 	.ascii "Error: Address write failed"
             41 64 64 72 65 73 73
             20 77 72 69 74 65 20
             66 61 69 6C 65 64
      000E8B 0D                    5834 	.db 0x0d
      000E8C 0A                    5835 	.db 0x0a
      000E8D 00                    5836 	.db 0x00
                                   5837 	.area CSEG    (CODE)
                                   5838 	.area CONST   (CODE)
      000E8E                       5839 ___str_54:
      000E8E 45 72 72 6F 72 3A 20  5840 	.ascii "Error: Device not responding in read mode"
             44 65 76 69 63 65 20
             6E 6F 74 20 72 65 73
             70 6F 6E 64 69 6E 67
             20 69 6E 20 72 65 61
             64 20 6D 6F 64 65
      000EB7 0D                    5841 	.db 0x0d
      000EB8 0A                    5842 	.db 0x0a
      000EB9 00                    5843 	.db 0x00
                                   5844 	.area CSEG    (CODE)
                                   5845 	.area CONST   (CODE)
      000EBA                       5846 ___str_55:
      000EBA 25 30 32 58 20        5847 	.ascii "%02X "
      000EBF 00                    5848 	.db 0x00
                                   5849 	.area CSEG    (CODE)
                                   5850 	.area CONST   (CODE)
      000EC0                       5851 ___str_56:
      000EC0 20 20 20              5852 	.ascii "   "
      000EC3 00                    5853 	.db 0x00
                                   5854 	.area CSEG    (CODE)
                                   5855 	.area CONST   (CODE)
      000EC4                       5856 ___str_57:
      000EC4 20 7C 20              5857 	.ascii " | "
      000EC7 00                    5858 	.db 0x00
                                   5859 	.area CSEG    (CODE)
                                   5860 	.area CONST   (CODE)
      000EC8                       5861 ___str_58:
      000EC8 0D                    5862 	.db 0x0d
      000EC9 0A                    5863 	.db 0x0a
      000ECA 00                    5864 	.db 0x00
                                   5865 	.area CSEG    (CODE)
                                   5866 	.area CONST   (CODE)
      000ECB                       5867 ___str_59:
      000ECB 0A                    5868 	.db 0x0a
      000ECC 45 6E 74 65 72 20 53  5869 	.ascii "Enter Start Address for HEX Dump (000-7FF):"
             74 61 72 74 20 41 64
             64 72 65 73 73 20 66
             6F 72 20 48 45 58 20
             44 75 6D 70 20 28 30
             30 30 2D 37 46 46 29
             3A
      000EF7 0D                    5870 	.db 0x0d
      000EF8 0A                    5871 	.db 0x0a
      000EF9 00                    5872 	.db 0x00
                                   5873 	.area CSEG    (CODE)
                                   5874 	.area CONST   (CODE)
      000EFA                       5875 ___str_60:
      000EFA 49 6E 76 61 6C 69 64  5876 	.ascii "Invalid Start Address! Must be between 0x000 and 0x7FF"
             20 53 74 61 72 74 20
             41 64 64 72 65 73 73
             21 20 4D 75 73 74 20
             62 65 20 62 65 74 77
             65 65 6E 20 30 78 30
             30 30 20 61 6E 64 20
             30 78 37 46 46
      000F30 0D                    5877 	.db 0x0d
      000F31 0A                    5878 	.db 0x0a
      000F32 00                    5879 	.db 0x00
                                   5880 	.area CSEG    (CODE)
                                   5881 	.area CONST   (CODE)
      000F33                       5882 ___str_61:
      000F33 0A                    5883 	.db 0x0a
      000F34 45 6E 74 65 72 20 45  5884 	.ascii "Enter End Address for HEX Dump (000-7FF):"
             6E 64 20 41 64 64 72
             65 73 73 20 66 6F 72
             20 48 45 58 20 44 75
             6D 70 20 28 30 30 30
             2D 37 46 46 29 3A
      000F5D 0D                    5885 	.db 0x0d
      000F5E 0A                    5886 	.db 0x0a
      000F5F 00                    5887 	.db 0x00
                                   5888 	.area CSEG    (CODE)
                                   5889 	.area CONST   (CODE)
      000F60                       5890 ___str_62:
      000F60 49 6E 76 61 6C 69 64  5891 	.ascii "Invalid End Address! Must be between 0x%03X and 0x7FF"
             20 45 6E 64 20 41 64
             64 72 65 73 73 21 20
             4D 75 73 74 20 62 65
             20 62 65 74 77 65 65
             6E 20 30 78 25 30 33
             58 20 61 6E 64 20 30
             78 37 46 46
      000F95 0D                    5892 	.db 0x0d
      000F96 0A                    5893 	.db 0x0a
      000F97 00                    5894 	.db 0x00
                                   5895 	.area CSEG    (CODE)
                                   5896 	.area CONST   (CODE)
      000F98                       5897 ___str_63:
      000F98 57 72 69 74 69 6E 67  5898 	.ascii "Writing data 0x%02X to address 0x%02X"
             20 64 61 74 61 20 30
             78 25 30 32 58 20 74
             6F 20 61 64 64 72 65
             73 73 20 30 78 25 30
             32 58
      000FBD 0A                    5899 	.db 0x0a
      000FBE 0D                    5900 	.db 0x0d
      000FBF 00                    5901 	.db 0x00
                                   5902 	.area CSEG    (CODE)
                                   5903 	.area CONST   (CODE)
      000FC0                       5904 ___str_64:
      000FC0 52 65 61 64 20 62 61  5905 	.ascii "Read back from address 0x%02X: 0x%02X"
             63 6B 20 66 72 6F 6D
             20 61 64 64 72 65 73
             73 20 30 78 25 30 32
             58 3A 20 30 78 25 30
             32 58
      000FE5 0A                    5906 	.db 0x0a
      000FE6 0D                    5907 	.db 0x0d
      000FE7 00                    5908 	.db 0x00
                                   5909 	.area CSEG    (CODE)
                                   5910 	.area CONST   (CODE)
      000FE8                       5911 ___str_65:
      000FE8 4D 41 54 43 48 20 2D  5912 	.ascii "MATCH - Write/Read successful!"
             20 57 72 69 74 65 2F
             52 65 61 64 20 73 75
             63 63 65 73 73 66 75
             6C 21
      001006 0A                    5913 	.db 0x0a
      001007 0D                    5914 	.db 0x0d
      001008 00                    5915 	.db 0x00
                                   5916 	.area CSEG    (CODE)
                                   5917 	.area CONST   (CODE)
      001009                       5918 ___str_66:
      001009 45 52 52 4F 52 20 2D  5919 	.ascii "ERROR - Data mismatch!"
             20 44 61 74 61 20 6D
             69 73 6D 61 74 63 68
             21
      00101F 0A                    5920 	.db 0x0a
      001020 0D                    5921 	.db 0x0d
      001021 00                    5922 	.db 0x00
                                   5923 	.area CSEG    (CODE)
                                   5924 	.area XINIT   (CODE)
      000000                       5925 __xinit__address_range_flag:
      000000 01 00                 5926 	.byte #0x01, #0x00	;  1
      000002                       5927 __xinit__data_range_flag:
      000002 01 00                 5928 	.byte #0x01, #0x00	;  1
      000004                       5929 __xinit__block:
      000004 00 00                 5930 	.byte #0x00, #0x00	; 0
                                   5931 	.area CABS    (ABS,CODE)
