                                      1 ;--------------------------------------------------------
                                      2 ; File Created by SDCC : free open source ANSI-C Compiler
                                      3 ; Version 4.0.0 #11528 (Linux)
                                      4 ;--------------------------------------------------------
                                      5 	.module command_handlers
                                      6 	.optsdcc -mmcs51 --model-large
                                      7 	
                                      8 ;--------------------------------------------------------
                                      9 ; Public variables in this module
                                     10 ;--------------------------------------------------------
                                     11 	.globl _action_for_character_creation
                                     12 	.globl _action_for_display_custom_char
                                     13 	.globl _action_for_write_to_specific_position
                                     14 	.globl _check_input_buffer_and_extract_hex_number
                                     15 	.globl _hex_to_uint16
                                     16 	.globl _is_valid_hex
                                     17 	.globl _display_custom_char
                                     18 	.globl _lcd_create_char
                                     19 	.globl _lcd_clear
                                     20 	.globl _lcd_put_string
                                     21 	.globl _current_time_display
                                     22 	.globl _timer_stop
                                     23 	.globl _timer_pause
                                     24 	.globl _timer_start
                                     25 	.globl _getstr
                                     26 	.globl _isxdigit
                                     27 	.globl _printf
                                     28 	.globl _check_input_buffer_and_extract_hex_number_PARM_5
                                     29 	.globl _check_input_buffer_and_extract_hex_number_PARM_4
                                     30 	.globl _check_input_buffer_and_extract_hex_number_PARM_3
                                     31 	.globl _check_input_buffer_and_extract_hex_number_PARM_2
                                     32 	.globl _check_input_buffer_and_extract_number_PARM_5
                                     33 	.globl _check_input_buffer_and_extract_number_PARM_4
                                     34 	.globl _check_input_buffer_and_extract_number_PARM_3
                                     35 	.globl _check_input_buffer_and_extract_number_PARM_2
                                     36 	.globl _command_parser
                                     37 	.globl _is_digit
                                     38 	.globl _action_for_write_command
                                     39 	.globl _check_input_buffer_and_extract_number
                                     40 ;--------------------------------------------------------
                                     41 ; special function registers
                                     42 ;--------------------------------------------------------
                                     43 	.area RSEG    (ABS,DATA)
      000000                         44 	.org 0x0000
                                     45 ;--------------------------------------------------------
                                     46 ; special function bits
                                     47 ;--------------------------------------------------------
                                     48 	.area RSEG    (ABS,DATA)
      000000                         49 	.org 0x0000
                                     50 ;--------------------------------------------------------
                                     51 ; overlayable register banks
                                     52 ;--------------------------------------------------------
                                     53 	.area REG_BANK_0	(REL,OVR,DATA)
      000000                         54 	.ds 8
                                     55 ;--------------------------------------------------------
                                     56 ; internal ram data
                                     57 ;--------------------------------------------------------
                                     58 	.area DSEG    (DATA)
      000000                         59 _check_input_buffer_and_extract_number_sloc0_1_0:
      000000                         60 	.ds 3
      000003                         61 _check_input_buffer_and_extract_number_sloc1_1_0:
      000003                         62 	.ds 2
      000005                         63 _check_input_buffer_and_extract_number_sloc2_1_0:
      000005                         64 	.ds 2
      000007                         65 _check_input_buffer_and_extract_number_sloc3_1_0:
      000007                         66 	.ds 3
      00000A                         67 _check_input_buffer_and_extract_number_sloc4_1_0:
      00000A                         68 	.ds 1
      00000B                         69 _check_input_buffer_and_extract_number_sloc5_1_0:
      00000B                         70 	.ds 3
      00000E                         71 _check_input_buffer_and_extract_hex_number_sloc0_1_0:
      00000E                         72 	.ds 3
                                     73 ;--------------------------------------------------------
                                     74 ; overlayable items in internal ram 
                                     75 ;--------------------------------------------------------
                                     76 ;--------------------------------------------------------
                                     77 ; indirectly addressable internal ram data
                                     78 ;--------------------------------------------------------
                                     79 	.area ISEG    (DATA)
                                     80 ;--------------------------------------------------------
                                     81 ; absolute internal ram data
                                     82 ;--------------------------------------------------------
                                     83 	.area IABS    (ABS,DATA)
                                     84 	.area IABS    (ABS,DATA)
                                     85 ;--------------------------------------------------------
                                     86 ; bit data
                                     87 ;--------------------------------------------------------
                                     88 	.area BSEG    (BIT)
                                     89 ;--------------------------------------------------------
                                     90 ; paged external ram data
                                     91 ;--------------------------------------------------------
                                     92 	.area PSEG    (PAG,XDATA)
                                     93 ;--------------------------------------------------------
                                     94 ; external ram data
                                     95 ;--------------------------------------------------------
                                     96 	.area XSEG    (XDATA)
      000000                         97 _command_parser_cmd_65536_56:
      000000                         98 	.ds 1
      000001                         99 _is_digit_c_65536_62:
      000001                        100 	.ds 1
      000002                        101 _action_for_write_command_input_buffer_65536_65:
      000002                        102 	.ds 100
      000066                        103 _action_for_write_command_current_state_65536_65:
      000066                        104 	.ds 1
      000067                        105 _action_for_write_command_wait_for_input_65536_65:
      000067                        106 	.ds 1
      000068                        107 _check_input_buffer_and_extract_number_PARM_2:
      000068                        108 	.ds 2
      00006A                        109 _check_input_buffer_and_extract_number_PARM_3:
      00006A                        110 	.ds 3
      00006D                        111 _check_input_buffer_and_extract_number_PARM_4:
      00006D                        112 	.ds 3
      000070                        113 _check_input_buffer_and_extract_number_PARM_5:
      000070                        114 	.ds 3
      000073                        115 _check_input_buffer_and_extract_number_input_buffer_65536_70:
      000073                        116 	.ds 3
      000076                        117 _is_valid_hex_str_65536_78:
      000076                        118 	.ds 3
      000079                        119 _hex_to_uint16_hex_str_65536_84:
      000079                        120 	.ds 3
      00007C                        121 _hex_to_uint16_result_65536_85:
      00007C                        122 	.ds 2
      00007E                        123 _check_input_buffer_and_extract_hex_number_PARM_2:
      00007E                        124 	.ds 2
      000080                        125 _check_input_buffer_and_extract_hex_number_PARM_3:
      000080                        126 	.ds 3
      000083                        127 _check_input_buffer_and_extract_hex_number_PARM_4:
      000083                        128 	.ds 3
      000086                        129 _check_input_buffer_and_extract_hex_number_PARM_5:
      000086                        130 	.ds 3
      000089                        131 _check_input_buffer_and_extract_hex_number_input_buffer_65536_91:
      000089                        132 	.ds 3
      00008C                        133 _action_for_write_to_specific_position_input_buffer_65536_98:
      00008C                        134 	.ds 3
      00008F                        135 _action_for_write_to_specific_position_input_buffer_string_65536_98:
      00008F                        136 	.ds 100
      0000F3                        137 _action_for_write_to_specific_position_row_number_65536_98:
      0000F3                        138 	.ds 1
      0000F4                        139 _action_for_write_to_specific_position_column_number_65536_98:
      0000F4                        140 	.ds 1
      0000F5                        141 _action_for_write_to_specific_position_current_state_65536_98:
      0000F5                        142 	.ds 1
      0000F6                        143 _action_for_write_to_specific_position_wait_for_input_65536_98:
      0000F6                        144 	.ds 1
      0000F7                        145 _action_for_write_to_specific_position_state_on_error_65536_98:
      0000F7                        146 	.ds 1
      0000F8                        147 _action_for_display_custom_char_input_buffer_65536_112:
      0000F8                        148 	.ds 3
      0000FB                        149 _action_for_display_custom_char_char_code_number_65536_112:
      0000FB                        150 	.ds 1
      0000FC                        151 _action_for_display_custom_char_current_state_65536_112:
      0000FC                        152 	.ds 1
      0000FD                        153 _action_for_display_custom_char_wait_for_input_65536_112:
      0000FD                        154 	.ds 1
      0000FE                        155 _action_for_display_custom_char_char_code_row_values_65536_112:
      0000FE                        156 	.ds 8
      000106                        157 _action_for_display_custom_char_state_on_error_65536_112:
      000106                        158 	.ds 1
      000107                        159 _action_for_character_creation_input_buffer_65536_121:
      000107                        160 	.ds 3
      00010A                        161 _action_for_character_creation_char_code_row_value_65536_121:
      00010A                        162 	.ds 1
      00010B                        163 _action_for_character_creation_char_code_number_65536_121:
      00010B                        164 	.ds 1
      00010C                        165 _action_for_character_creation_current_state_65536_121:
      00010C                        166 	.ds 1
      00010D                        167 _action_for_character_creation_wait_for_input_65536_121:
      00010D                        168 	.ds 1
      00010E                        169 _action_for_character_creation_char_code_row_values_65536_121:
      00010E                        170 	.ds 8
      000116                        171 _action_for_character_creation_state_on_error_65536_121:
      000116                        172 	.ds 1
      000117                        173 _action_for_character_creation_i_262144_128:
      000117                        174 	.ds 1
                                    175 ;--------------------------------------------------------
                                    176 ; absolute external ram data
                                    177 ;--------------------------------------------------------
                                    178 	.area XABS    (ABS,XDATA)
                                    179 ;--------------------------------------------------------
                                    180 ; external initialized ram data
                                    181 ;--------------------------------------------------------
                                    182 	.area XISEG   (XDATA)
                                    183 	.area HOME    (CODE)
                                    184 	.area GSINIT0 (CODE)
                                    185 	.area GSINIT1 (CODE)
                                    186 	.area GSINIT2 (CODE)
                                    187 	.area GSINIT3 (CODE)
                                    188 	.area GSINIT4 (CODE)
                                    189 	.area GSINIT5 (CODE)
                                    190 	.area GSINIT  (CODE)
                                    191 	.area GSFINAL (CODE)
                                    192 	.area CSEG    (CODE)
                                    193 ;--------------------------------------------------------
                                    194 ; global & static initialisations
                                    195 ;--------------------------------------------------------
                                    196 	.area HOME    (CODE)
                                    197 	.area GSINIT  (CODE)
                                    198 	.area GSFINAL (CODE)
                                    199 	.area GSINIT  (CODE)
                                    200 ;--------------------------------------------------------
                                    201 ; Home
                                    202 ;--------------------------------------------------------
                                    203 	.area HOME    (CODE)
                                    204 	.area HOME    (CODE)
                                    205 ;--------------------------------------------------------
                                    206 ; code
                                    207 ;--------------------------------------------------------
                                    208 	.area CSEG    (CODE)
                                    209 ;------------------------------------------------------------
                                    210 ;Allocation info for local variables in function 'command_parser'
                                    211 ;------------------------------------------------------------
                                    212 ;cmd                       Allocated with name '_command_parser_cmd_65536_56'
                                    213 ;------------------------------------------------------------
                                    214 ;	src/command_handlers.c:33: void command_parser(char cmd)
                                    215 ;	-----------------------------------------
                                    216 ;	 function command_parser
                                    217 ;	-----------------------------------------
      000000                        218 _command_parser:
                           000007   219 	ar7 = 0x07
                           000006   220 	ar6 = 0x06
                           000005   221 	ar5 = 0x05
                           000004   222 	ar4 = 0x04
                           000003   223 	ar3 = 0x03
                           000002   224 	ar2 = 0x02
                           000001   225 	ar1 = 0x01
                           000000   226 	ar0 = 0x00
      000000 E5 82            [12]  227 	mov	a,dpl
      000002 90r00r00         [24]  228 	mov	dptr,#_command_parser_cmd_65536_56
      000005 F0               [24]  229 	movx	@dptr,a
                                    230 ;	src/command_handlers.c:35: switch (cmd)
      000006 E0               [24]  231 	movx	a,@dptr
      000007 FF               [12]  232 	mov	r7,a
      000008 BF 3F 03         [24]  233 	cjne	r7,#0x3f,00160$
      00000B 02r03rD6         [24]  234 	ljmp	00111$
      00000E                        235 00160$:
      00000E BF 41 03         [24]  236 	cjne	r7,#0x41,00161$
      000011 02r03r3C         [24]  237 	ljmp	00109$
      000014                        238 00161$:
      000014 BF 43 03         [24]  239 	cjne	r7,#0x43,00162$
      000017 02r02rD5         [24]  240 	ljmp	00108$
      00001A                        241 00162$:
      00001A BF 44 03         [24]  242 	cjne	r7,#0x44,00163$
      00001D 02r03r94         [24]  243 	ljmp	00110$
      000020                        244 00163$:
      000020 BF 45 03         [24]  245 	cjne	r7,#0x45,00164$
      000023 02r00rA4         [24]  246 	ljmp	00102$
      000026                        247 00164$:
      000026 BF 48 03         [24]  248 	cjne	r7,#0x48,00165$
      000029 02r02r6E         [24]  249 	ljmp	00107$
      00002C                        250 00165$:
      00002C BF 50 03         [24]  251 	cjne	r7,#0x50,00166$
      00002F 02r01r0E         [24]  252 	ljmp	00103$
      000032                        253 00166$:
      000032 BF 52 03         [24]  254 	cjne	r7,#0x52,00167$
      000035 02r01rBE         [24]  255 	ljmp	00105$
      000038                        256 00167$:
      000038 BF 53 03         [24]  257 	cjne	r7,#0x53,00168$
      00003B 02r01r66         [24]  258 	ljmp	00104$
      00003E                        259 00168$:
      00003E BF 54 03         [24]  260 	cjne	r7,#0x54,00169$
      000041 02r02r16         [24]  261 	ljmp	00106$
      000044                        262 00169$:
      000044 BF 57 02         [24]  263 	cjne	r7,#0x57,00170$
      000047 80 03            [24]  264 	sjmp	00171$
      000049                        265 00170$:
      000049 02r04rE8         [24]  266 	ljmp	00112$
      00004C                        267 00171$:
                                    268 ;	src/command_handlers.c:39: printf("\r\n-------------------------------------------------------------------");
      00004C 74r00            [12]  269 	mov	a,#___str_0
      00004E C0 E0            [24]  270 	push	acc
      000050 74s00            [12]  271 	mov	a,#(___str_0 >> 8)
      000052 C0 E0            [24]  272 	push	acc
      000054 74 80            [12]  273 	mov	a,#0x80
      000056 C0 E0            [24]  274 	push	acc
      000058 12r00r00         [24]  275 	lcall	_printf
      00005B 15 81            [12]  276 	dec	sp
      00005D 15 81            [12]  277 	dec	sp
      00005F 15 81            [12]  278 	dec	sp
                                    279 ;	src/command_handlers.c:40: printf("\r\n                             WRITE  MENU           ");
      000061 74r46            [12]  280 	mov	a,#___str_1
      000063 C0 E0            [24]  281 	push	acc
      000065 74s00            [12]  282 	mov	a,#(___str_1 >> 8)
      000067 C0 E0            [24]  283 	push	acc
      000069 74 80            [12]  284 	mov	a,#0x80
      00006B C0 E0            [24]  285 	push	acc
      00006D 12r00r00         [24]  286 	lcall	_printf
      000070 15 81            [12]  287 	dec	sp
      000072 15 81            [12]  288 	dec	sp
      000074 15 81            [12]  289 	dec	sp
                                    290 ;	src/command_handlers.c:41: printf("\r\n-------------------------------------------------------------------");
      000076 74r00            [12]  291 	mov	a,#___str_0
      000078 C0 E0            [24]  292 	push	acc
      00007A 74s00            [12]  293 	mov	a,#(___str_0 >> 8)
      00007C C0 E0            [24]  294 	push	acc
      00007E 74 80            [12]  295 	mov	a,#0x80
      000080 C0 E0            [24]  296 	push	acc
      000082 12r00r00         [24]  297 	lcall	_printf
      000085 15 81            [12]  298 	dec	sp
      000087 15 81            [12]  299 	dec	sp
      000089 15 81            [12]  300 	dec	sp
                                    301 ;	src/command_handlers.c:42: action_for_write_command();
      00008B 12r06r2A         [24]  302 	lcall	_action_for_write_command
                                    303 ;	src/command_handlers.c:43: printf("\r\nExiting add menu...");
      00008E 74r7C            [12]  304 	mov	a,#___str_2
      000090 C0 E0            [24]  305 	push	acc
      000092 74s00            [12]  306 	mov	a,#(___str_2 >> 8)
      000094 C0 E0            [24]  307 	push	acc
      000096 74 80            [12]  308 	mov	a,#0x80
      000098 C0 E0            [24]  309 	push	acc
      00009A 12r00r00         [24]  310 	lcall	_printf
      00009D 15 81            [12]  311 	dec	sp
      00009F 15 81            [12]  312 	dec	sp
      0000A1 15 81            [12]  313 	dec	sp
                                    314 ;	src/command_handlers.c:44: break;
      0000A3 22               [24]  315 	ret
                                    316 ;	src/command_handlers.c:46: case 'E':
      0000A4                        317 00102$:
                                    318 ;	src/command_handlers.c:47: printf("\r\n-------------------------------------------------------------------");
      0000A4 74r00            [12]  319 	mov	a,#___str_0
      0000A6 C0 E0            [24]  320 	push	acc
      0000A8 74s00            [12]  321 	mov	a,#(___str_0 >> 8)
      0000AA C0 E0            [24]  322 	push	acc
      0000AC 74 80            [12]  323 	mov	a,#0x80
      0000AE C0 E0            [24]  324 	push	acc
      0000B0 12r00r00         [24]  325 	lcall	_printf
      0000B3 15 81            [12]  326 	dec	sp
      0000B5 15 81            [12]  327 	dec	sp
      0000B7 15 81            [12]  328 	dec	sp
                                    329 ;	src/command_handlers.c:48: printf("\r\n                             Clearing the display        ");
      0000B9 74r92            [12]  330 	mov	a,#___str_3
      0000BB C0 E0            [24]  331 	push	acc
      0000BD 74s00            [12]  332 	mov	a,#(___str_3 >> 8)
      0000BF C0 E0            [24]  333 	push	acc
      0000C1 74 80            [12]  334 	mov	a,#0x80
      0000C3 C0 E0            [24]  335 	push	acc
      0000C5 12r00r00         [24]  336 	lcall	_printf
      0000C8 15 81            [12]  337 	dec	sp
      0000CA 15 81            [12]  338 	dec	sp
      0000CC 15 81            [12]  339 	dec	sp
                                    340 ;	src/command_handlers.c:49: printf("\r\n-------------------------------------------------------------------");
      0000CE 74r00            [12]  341 	mov	a,#___str_0
      0000D0 C0 E0            [24]  342 	push	acc
      0000D2 74s00            [12]  343 	mov	a,#(___str_0 >> 8)
      0000D4 C0 E0            [24]  344 	push	acc
      0000D6 74 80            [12]  345 	mov	a,#0x80
      0000D8 C0 E0            [24]  346 	push	acc
      0000DA 12r00r00         [24]  347 	lcall	_printf
      0000DD 15 81            [12]  348 	dec	sp
      0000DF 15 81            [12]  349 	dec	sp
      0000E1 15 81            [12]  350 	dec	sp
                                    351 ;	src/command_handlers.c:53: }
      0000E3 7F 01            [12]  352 	mov	r7,#0x01
      0000E5 10 AF 02         [24]  353 	jbc	ea,00172$
      0000E8 7F 00            [12]  354 	mov	r7,#0x00
      0000EA                        355 00172$:
                                    356 ;	src/command_handlers.c:51: lcd_clear();
      0000EA C0 07            [24]  357 	push	ar7
      0000EC 12r00r00         [24]  358 	lcall	_lcd_clear
                                    359 ;	src/command_handlers.c:52: current_time_display();
      0000EF 12r00r00         [24]  360 	lcall	_current_time_display
      0000F2 D0 07            [24]  361 	pop	ar7
      0000F4 EF               [12]  362 	mov	a,r7
      0000F5 13               [12]  363 	rrc	a
      0000F6 92 AF            [24]  364 	mov	ea,c
                                    365 ;	src/command_handlers.c:54: printf("\r\nExiting clear menu...");
      0000F8 74rCE            [12]  366 	mov	a,#___str_4
      0000FA C0 E0            [24]  367 	push	acc
      0000FC 74s00            [12]  368 	mov	a,#(___str_4 >> 8)
      0000FE C0 E0            [24]  369 	push	acc
      000100 74 80            [12]  370 	mov	a,#0x80
      000102 C0 E0            [24]  371 	push	acc
      000104 12r00r00         [24]  372 	lcall	_printf
      000107 15 81            [12]  373 	dec	sp
      000109 15 81            [12]  374 	dec	sp
      00010B 15 81            [12]  375 	dec	sp
                                    376 ;	src/command_handlers.c:55: break;
      00010D 22               [24]  377 	ret
                                    378 ;	src/command_handlers.c:56: case 'P':
      00010E                        379 00103$:
                                    380 ;	src/command_handlers.c:57: printf("\r\n-------------------------------------------------------------------");
      00010E 74r00            [12]  381 	mov	a,#___str_0
      000110 C0 E0            [24]  382 	push	acc
      000112 74s00            [12]  383 	mov	a,#(___str_0 >> 8)
      000114 C0 E0            [24]  384 	push	acc
      000116 74 80            [12]  385 	mov	a,#0x80
      000118 C0 E0            [24]  386 	push	acc
      00011A 12r00r00         [24]  387 	lcall	_printf
      00011D 15 81            [12]  388 	dec	sp
      00011F 15 81            [12]  389 	dec	sp
      000121 15 81            [12]  390 	dec	sp
                                    391 ;	src/command_handlers.c:58: printf("\r\n                             Pausing the timer        ");
      000123 74rE6            [12]  392 	mov	a,#___str_5
      000125 C0 E0            [24]  393 	push	acc
      000127 74s00            [12]  394 	mov	a,#(___str_5 >> 8)
      000129 C0 E0            [24]  395 	push	acc
      00012B 74 80            [12]  396 	mov	a,#0x80
      00012D C0 E0            [24]  397 	push	acc
      00012F 12r00r00         [24]  398 	lcall	_printf
      000132 15 81            [12]  399 	dec	sp
      000134 15 81            [12]  400 	dec	sp
      000136 15 81            [12]  401 	dec	sp
                                    402 ;	src/command_handlers.c:59: printf("\r\n-------------------------------------------------------------------");
      000138 74r00            [12]  403 	mov	a,#___str_0
      00013A C0 E0            [24]  404 	push	acc
      00013C 74s00            [12]  405 	mov	a,#(___str_0 >> 8)
      00013E C0 E0            [24]  406 	push	acc
      000140 74 80            [12]  407 	mov	a,#0x80
      000142 C0 E0            [24]  408 	push	acc
      000144 12r00r00         [24]  409 	lcall	_printf
      000147 15 81            [12]  410 	dec	sp
      000149 15 81            [12]  411 	dec	sp
      00014B 15 81            [12]  412 	dec	sp
                                    413 ;	src/command_handlers.c:60: timer_pause();
      00014D 12r00r00         [24]  414 	lcall	_timer_pause
                                    415 ;	src/command_handlers.c:61: printf("\r\nExiting pause menu...");
      000150 74r1F            [12]  416 	mov	a,#___str_6
      000152 C0 E0            [24]  417 	push	acc
      000154 74s01            [12]  418 	mov	a,#(___str_6 >> 8)
      000156 C0 E0            [24]  419 	push	acc
      000158 74 80            [12]  420 	mov	a,#0x80
      00015A C0 E0            [24]  421 	push	acc
      00015C 12r00r00         [24]  422 	lcall	_printf
      00015F 15 81            [12]  423 	dec	sp
      000161 15 81            [12]  424 	dec	sp
      000163 15 81            [12]  425 	dec	sp
                                    426 ;	src/command_handlers.c:62: break;
      000165 22               [24]  427 	ret
                                    428 ;	src/command_handlers.c:63: case 'S':
      000166                        429 00104$:
                                    430 ;	src/command_handlers.c:64: printf("\r\n-------------------------------------------------------------------");
      000166 74r00            [12]  431 	mov	a,#___str_0
      000168 C0 E0            [24]  432 	push	acc
      00016A 74s00            [12]  433 	mov	a,#(___str_0 >> 8)
      00016C C0 E0            [24]  434 	push	acc
      00016E 74 80            [12]  435 	mov	a,#0x80
      000170 C0 E0            [24]  436 	push	acc
      000172 12r00r00         [24]  437 	lcall	_printf
      000175 15 81            [12]  438 	dec	sp
      000177 15 81            [12]  439 	dec	sp
      000179 15 81            [12]  440 	dec	sp
                                    441 ;	src/command_handlers.c:65: printf("\r\n                             Start the Timer        ");
      00017B 74r37            [12]  442 	mov	a,#___str_7
      00017D C0 E0            [24]  443 	push	acc
      00017F 74s01            [12]  444 	mov	a,#(___str_7 >> 8)
      000181 C0 E0            [24]  445 	push	acc
      000183 74 80            [12]  446 	mov	a,#0x80
      000185 C0 E0            [24]  447 	push	acc
      000187 12r00r00         [24]  448 	lcall	_printf
      00018A 15 81            [12]  449 	dec	sp
      00018C 15 81            [12]  450 	dec	sp
      00018E 15 81            [12]  451 	dec	sp
                                    452 ;	src/command_handlers.c:66: printf("\r\n-------------------------------------------------------------------");
      000190 74r00            [12]  453 	mov	a,#___str_0
      000192 C0 E0            [24]  454 	push	acc
      000194 74s00            [12]  455 	mov	a,#(___str_0 >> 8)
      000196 C0 E0            [24]  456 	push	acc
      000198 74 80            [12]  457 	mov	a,#0x80
      00019A C0 E0            [24]  458 	push	acc
      00019C 12r00r00         [24]  459 	lcall	_printf
      00019F 15 81            [12]  460 	dec	sp
      0001A1 15 81            [12]  461 	dec	sp
      0001A3 15 81            [12]  462 	dec	sp
                                    463 ;	src/command_handlers.c:67: timer_start();
      0001A5 12r00r00         [24]  464 	lcall	_timer_start
                                    465 ;	src/command_handlers.c:68: printf("\r\nExiting start timer menu...");
      0001A8 74r6E            [12]  466 	mov	a,#___str_8
      0001AA C0 E0            [24]  467 	push	acc
      0001AC 74s01            [12]  468 	mov	a,#(___str_8 >> 8)
      0001AE C0 E0            [24]  469 	push	acc
      0001B0 74 80            [12]  470 	mov	a,#0x80
      0001B2 C0 E0            [24]  471 	push	acc
      0001B4 12r00r00         [24]  472 	lcall	_printf
      0001B7 15 81            [12]  473 	dec	sp
      0001B9 15 81            [12]  474 	dec	sp
      0001BB 15 81            [12]  475 	dec	sp
                                    476 ;	src/command_handlers.c:69: break;
      0001BD 22               [24]  477 	ret
                                    478 ;	src/command_handlers.c:70: case 'R':
      0001BE                        479 00105$:
                                    480 ;	src/command_handlers.c:71: printf("\r\n-------------------------------------------------------------------");
      0001BE 74r00            [12]  481 	mov	a,#___str_0
      0001C0 C0 E0            [24]  482 	push	acc
      0001C2 74s00            [12]  483 	mov	a,#(___str_0 >> 8)
      0001C4 C0 E0            [24]  484 	push	acc
      0001C6 74 80            [12]  485 	mov	a,#0x80
      0001C8 C0 E0            [24]  486 	push	acc
      0001CA 12r00r00         [24]  487 	lcall	_printf
      0001CD 15 81            [12]  488 	dec	sp
      0001CF 15 81            [12]  489 	dec	sp
      0001D1 15 81            [12]  490 	dec	sp
                                    491 ;	src/command_handlers.c:72: printf("\r\n                             Stop the Timer        ");
      0001D3 74r8C            [12]  492 	mov	a,#___str_9
      0001D5 C0 E0            [24]  493 	push	acc
      0001D7 74s01            [12]  494 	mov	a,#(___str_9 >> 8)
      0001D9 C0 E0            [24]  495 	push	acc
      0001DB 74 80            [12]  496 	mov	a,#0x80
      0001DD C0 E0            [24]  497 	push	acc
      0001DF 12r00r00         [24]  498 	lcall	_printf
      0001E2 15 81            [12]  499 	dec	sp
      0001E4 15 81            [12]  500 	dec	sp
      0001E6 15 81            [12]  501 	dec	sp
                                    502 ;	src/command_handlers.c:73: printf("\r\n-------------------------------------------------------------------");
      0001E8 74r00            [12]  503 	mov	a,#___str_0
      0001EA C0 E0            [24]  504 	push	acc
      0001EC 74s00            [12]  505 	mov	a,#(___str_0 >> 8)
      0001EE C0 E0            [24]  506 	push	acc
      0001F0 74 80            [12]  507 	mov	a,#0x80
      0001F2 C0 E0            [24]  508 	push	acc
      0001F4 12r00r00         [24]  509 	lcall	_printf
      0001F7 15 81            [12]  510 	dec	sp
      0001F9 15 81            [12]  511 	dec	sp
      0001FB 15 81            [12]  512 	dec	sp
                                    513 ;	src/command_handlers.c:74: timer_stop();
      0001FD 12r00r00         [24]  514 	lcall	_timer_stop
                                    515 ;	src/command_handlers.c:75: printf("\r\nExiting stop timer menu...");
      000200 74rC2            [12]  516 	mov	a,#___str_10
      000202 C0 E0            [24]  517 	push	acc
      000204 74s01            [12]  518 	mov	a,#(___str_10 >> 8)
      000206 C0 E0            [24]  519 	push	acc
      000208 74 80            [12]  520 	mov	a,#0x80
      00020A C0 E0            [24]  521 	push	acc
      00020C 12r00r00         [24]  522 	lcall	_printf
      00020F 15 81            [12]  523 	dec	sp
      000211 15 81            [12]  524 	dec	sp
      000213 15 81            [12]  525 	dec	sp
                                    526 ;	src/command_handlers.c:76: break;
      000215 22               [24]  527 	ret
                                    528 ;	src/command_handlers.c:77: case 'T':
      000216                        529 00106$:
                                    530 ;	src/command_handlers.c:78: printf("\r\n-------------------------------------------------------------------");
      000216 74r00            [12]  531 	mov	a,#___str_0
      000218 C0 E0            [24]  532 	push	acc
      00021A 74s00            [12]  533 	mov	a,#(___str_0 >> 8)
      00021C C0 E0            [24]  534 	push	acc
      00021E 74 80            [12]  535 	mov	a,#0x80
      000220 C0 E0            [24]  536 	push	acc
      000222 12r00r00         [24]  537 	lcall	_printf
      000225 15 81            [12]  538 	dec	sp
      000227 15 81            [12]  539 	dec	sp
      000229 15 81            [12]  540 	dec	sp
                                    541 ;	src/command_handlers.c:79: printf("\r\n                             Write to specific position        ");
      00022B 74rDF            [12]  542 	mov	a,#___str_11
      00022D C0 E0            [24]  543 	push	acc
      00022F 74s01            [12]  544 	mov	a,#(___str_11 >> 8)
      000231 C0 E0            [24]  545 	push	acc
      000233 74 80            [12]  546 	mov	a,#0x80
      000235 C0 E0            [24]  547 	push	acc
      000237 12r00r00         [24]  548 	lcall	_printf
      00023A 15 81            [12]  549 	dec	sp
      00023C 15 81            [12]  550 	dec	sp
      00023E 15 81            [12]  551 	dec	sp
                                    552 ;	src/command_handlers.c:80: printf("\r\n-------------------------------------------------------------------");
      000240 74r00            [12]  553 	mov	a,#___str_0
      000242 C0 E0            [24]  554 	push	acc
      000244 74s00            [12]  555 	mov	a,#(___str_0 >> 8)
      000246 C0 E0            [24]  556 	push	acc
      000248 74 80            [12]  557 	mov	a,#0x80
      00024A C0 E0            [24]  558 	push	acc
      00024C 12r00r00         [24]  559 	lcall	_printf
      00024F 15 81            [12]  560 	dec	sp
      000251 15 81            [12]  561 	dec	sp
      000253 15 81            [12]  562 	dec	sp
                                    563 ;	src/command_handlers.c:81: action_for_write_to_specific_position();
      000255 12r0ArEA         [24]  564 	lcall	_action_for_write_to_specific_position
                                    565 ;	src/command_handlers.c:82: printf("\r\nExiting write menu...");
      000258 74r21            [12]  566 	mov	a,#___str_12
      00025A C0 E0            [24]  567 	push	acc
      00025C 74s02            [12]  568 	mov	a,#(___str_12 >> 8)
      00025E C0 E0            [24]  569 	push	acc
      000260 74 80            [12]  570 	mov	a,#0x80
      000262 C0 E0            [24]  571 	push	acc
      000264 12r00r00         [24]  572 	lcall	_printf
      000267 15 81            [12]  573 	dec	sp
      000269 15 81            [12]  574 	dec	sp
      00026B 15 81            [12]  575 	dec	sp
                                    576 ;	src/command_handlers.c:83: break;
      00026D 22               [24]  577 	ret
                                    578 ;	src/command_handlers.c:84: case 'H':
      00026E                        579 00107$:
                                    580 ;	src/command_handlers.c:85: printf("\r\n-------------------------------------------------------------------");
      00026E 74r00            [12]  581 	mov	a,#___str_0
      000270 C0 E0            [24]  582 	push	acc
      000272 74s00            [12]  583 	mov	a,#(___str_0 >> 8)
      000274 C0 E0            [24]  584 	push	acc
      000276 74 80            [12]  585 	mov	a,#0x80
      000278 C0 E0            [24]  586 	push	acc
      00027A 12r00r00         [24]  587 	lcall	_printf
      00027D 15 81            [12]  588 	dec	sp
      00027F 15 81            [12]  589 	dec	sp
      000281 15 81            [12]  590 	dec	sp
                                    591 ;	src/command_handlers.c:86: printf("\r\n                             Hexdump of DDRAM contents        ");
      000283 74r39            [12]  592 	mov	a,#___str_13
      000285 C0 E0            [24]  593 	push	acc
      000287 74s02            [12]  594 	mov	a,#(___str_13 >> 8)
      000289 C0 E0            [24]  595 	push	acc
      00028B 74 80            [12]  596 	mov	a,#0x80
      00028D C0 E0            [24]  597 	push	acc
      00028F 12r00r00         [24]  598 	lcall	_printf
      000292 15 81            [12]  599 	dec	sp
      000294 15 81            [12]  600 	dec	sp
      000296 15 81            [12]  601 	dec	sp
                                    602 ;	src/command_handlers.c:87: printf("\r\n-------------------------------------------------------------------");
      000298 74r00            [12]  603 	mov	a,#___str_0
      00029A C0 E0            [24]  604 	push	acc
      00029C 74s00            [12]  605 	mov	a,#(___str_0 >> 8)
      00029E C0 E0            [24]  606 	push	acc
      0002A0 74 80            [12]  607 	mov	a,#0x80
      0002A2 C0 E0            [24]  608 	push	acc
      0002A4 12r00r00         [24]  609 	lcall	_printf
      0002A7 15 81            [12]  610 	dec	sp
      0002A9 15 81            [12]  611 	dec	sp
      0002AB 15 81            [12]  612 	dec	sp
                                    613 ;	src/command_handlers.c:90: }
      0002AD 7F 01            [12]  614 	mov	r7,#0x01
      0002AF 10 AF 02         [24]  615 	jbc	ea,00173$
      0002B2 7F 00            [12]  616 	mov	r7,#0x00
      0002B4                        617 00173$:
                                    618 ;	src/command_handlers.c:89: lcd_ddram_dump_16x4();
      0002B4 C0 07            [24]  619 	push	ar7
      0002B6 12r00r00         [24]  620 	lcall	_lcd_ddram_dump_16x4
      0002B9 D0 07            [24]  621 	pop	ar7
      0002BB EF               [12]  622 	mov	a,r7
      0002BC 13               [12]  623 	rrc	a
      0002BD 92 AF            [24]  624 	mov	ea,c
                                    625 ;	src/command_handlers.c:91: printf("\r\nExiting hexdump menu...");
      0002BF 74r7A            [12]  626 	mov	a,#___str_14
      0002C1 C0 E0            [24]  627 	push	acc
      0002C3 74s02            [12]  628 	mov	a,#(___str_14 >> 8)
      0002C5 C0 E0            [24]  629 	push	acc
      0002C7 74 80            [12]  630 	mov	a,#0x80
      0002C9 C0 E0            [24]  631 	push	acc
      0002CB 12r00r00         [24]  632 	lcall	_printf
      0002CE 15 81            [12]  633 	dec	sp
      0002D0 15 81            [12]  634 	dec	sp
      0002D2 15 81            [12]  635 	dec	sp
                                    636 ;	src/command_handlers.c:92: break;
      0002D4 22               [24]  637 	ret
                                    638 ;	src/command_handlers.c:93: case 'C':
      0002D5                        639 00108$:
                                    640 ;	src/command_handlers.c:94: printf("\r\n-------------------------------------------------------------------");
      0002D5 74r00            [12]  641 	mov	a,#___str_0
      0002D7 C0 E0            [24]  642 	push	acc
      0002D9 74s00            [12]  643 	mov	a,#(___str_0 >> 8)
      0002DB C0 E0            [24]  644 	push	acc
      0002DD 74 80            [12]  645 	mov	a,#0x80
      0002DF C0 E0            [24]  646 	push	acc
      0002E1 12r00r00         [24]  647 	lcall	_printf
      0002E4 15 81            [12]  648 	dec	sp
      0002E6 15 81            [12]  649 	dec	sp
      0002E8 15 81            [12]  650 	dec	sp
                                    651 ;	src/command_handlers.c:95: printf("\r\n                             Hexdump of CGRAM contents        ");
      0002EA 74r94            [12]  652 	mov	a,#___str_15
      0002EC C0 E0            [24]  653 	push	acc
      0002EE 74s02            [12]  654 	mov	a,#(___str_15 >> 8)
      0002F0 C0 E0            [24]  655 	push	acc
      0002F2 74 80            [12]  656 	mov	a,#0x80
      0002F4 C0 E0            [24]  657 	push	acc
      0002F6 12r00r00         [24]  658 	lcall	_printf
      0002F9 15 81            [12]  659 	dec	sp
      0002FB 15 81            [12]  660 	dec	sp
      0002FD 15 81            [12]  661 	dec	sp
                                    662 ;	src/command_handlers.c:96: printf("\r\n-------------------------------------------------------------------");
      0002FF 74r00            [12]  663 	mov	a,#___str_0
      000301 C0 E0            [24]  664 	push	acc
      000303 74s00            [12]  665 	mov	a,#(___str_0 >> 8)
      000305 C0 E0            [24]  666 	push	acc
      000307 74 80            [12]  667 	mov	a,#0x80
      000309 C0 E0            [24]  668 	push	acc
      00030B 12r00r00         [24]  669 	lcall	_printf
      00030E 15 81            [12]  670 	dec	sp
      000310 15 81            [12]  671 	dec	sp
      000312 15 81            [12]  672 	dec	sp
                                    673 ;	src/command_handlers.c:99: }
      000314 7F 01            [12]  674 	mov	r7,#0x01
      000316 10 AF 02         [24]  675 	jbc	ea,00174$
      000319 7F 00            [12]  676 	mov	r7,#0x00
      00031B                        677 00174$:
                                    678 ;	src/command_handlers.c:98: lcd_cgram_dump();
      00031B C0 07            [24]  679 	push	ar7
      00031D 12r00r00         [24]  680 	lcall	_lcd_cgram_dump
      000320 D0 07            [24]  681 	pop	ar7
      000322 EF               [12]  682 	mov	a,r7
      000323 13               [12]  683 	rrc	a
      000324 92 AF            [24]  684 	mov	ea,c
                                    685 ;	src/command_handlers.c:100: printf("\r\nExiting hexdump menu...");
      000326 74r7A            [12]  686 	mov	a,#___str_14
      000328 C0 E0            [24]  687 	push	acc
      00032A 74s02            [12]  688 	mov	a,#(___str_14 >> 8)
      00032C C0 E0            [24]  689 	push	acc
      00032E 74 80            [12]  690 	mov	a,#0x80
      000330 C0 E0            [24]  691 	push	acc
      000332 12r00r00         [24]  692 	lcall	_printf
      000335 15 81            [12]  693 	dec	sp
      000337 15 81            [12]  694 	dec	sp
      000339 15 81            [12]  695 	dec	sp
                                    696 ;	src/command_handlers.c:101: break;
      00033B 22               [24]  697 	ret
                                    698 ;	src/command_handlers.c:102: case 'A':
      00033C                        699 00109$:
                                    700 ;	src/command_handlers.c:103: printf("\r\n-------------------------------------------------------------------");
      00033C 74r00            [12]  701 	mov	a,#___str_0
      00033E C0 E0            [24]  702 	push	acc
      000340 74s00            [12]  703 	mov	a,#(___str_0 >> 8)
      000342 C0 E0            [24]  704 	push	acc
      000344 74 80            [12]  705 	mov	a,#0x80
      000346 C0 E0            [24]  706 	push	acc
      000348 12r00r00         [24]  707 	lcall	_printf
      00034B 15 81            [12]  708 	dec	sp
      00034D 15 81            [12]  709 	dec	sp
      00034F 15 81            [12]  710 	dec	sp
                                    711 ;	src/command_handlers.c:104: printf("\r\n                             Create a chaacter        ");
      000351 74rD5            [12]  712 	mov	a,#___str_16
      000353 C0 E0            [24]  713 	push	acc
      000355 74s02            [12]  714 	mov	a,#(___str_16 >> 8)
      000357 C0 E0            [24]  715 	push	acc
      000359 74 80            [12]  716 	mov	a,#0x80
      00035B C0 E0            [24]  717 	push	acc
      00035D 12r00r00         [24]  718 	lcall	_printf
      000360 15 81            [12]  719 	dec	sp
      000362 15 81            [12]  720 	dec	sp
      000364 15 81            [12]  721 	dec	sp
                                    722 ;	src/command_handlers.c:105: printf("\r\n-------------------------------------------------------------------");
      000366 74r00            [12]  723 	mov	a,#___str_0
      000368 C0 E0            [24]  724 	push	acc
      00036A 74s00            [12]  725 	mov	a,#(___str_0 >> 8)
      00036C C0 E0            [24]  726 	push	acc
      00036E 74 80            [12]  727 	mov	a,#0x80
      000370 C0 E0            [24]  728 	push	acc
      000372 12r00r00         [24]  729 	lcall	_printf
      000375 15 81            [12]  730 	dec	sp
      000377 15 81            [12]  731 	dec	sp
      000379 15 81            [12]  732 	dec	sp
                                    733 ;	src/command_handlers.c:106: action_for_character_creation();
      00037B 12r0ErB6         [24]  734 	lcall	_action_for_character_creation
                                    735 ;	src/command_handlers.c:107: printf("\r\nExiting hexdump menu...");
      00037E 74r7A            [12]  736 	mov	a,#___str_14
      000380 C0 E0            [24]  737 	push	acc
      000382 74s02            [12]  738 	mov	a,#(___str_14 >> 8)
      000384 C0 E0            [24]  739 	push	acc
      000386 74 80            [12]  740 	mov	a,#0x80
      000388 C0 E0            [24]  741 	push	acc
      00038A 12r00r00         [24]  742 	lcall	_printf
      00038D 15 81            [12]  743 	dec	sp
      00038F 15 81            [12]  744 	dec	sp
      000391 15 81            [12]  745 	dec	sp
                                    746 ;	src/command_handlers.c:108: break;
      000393 22               [24]  747 	ret
                                    748 ;	src/command_handlers.c:109: case 'D':
      000394                        749 00110$:
                                    750 ;	src/command_handlers.c:110: printf("\r\n-------------------------------------------------------------------");
      000394 74r00            [12]  751 	mov	a,#___str_0
      000396 C0 E0            [24]  752 	push	acc
      000398 74s00            [12]  753 	mov	a,#(___str_0 >> 8)
      00039A C0 E0            [24]  754 	push	acc
      00039C 74 80            [12]  755 	mov	a,#0x80
      00039E C0 E0            [24]  756 	push	acc
      0003A0 12r00r00         [24]  757 	lcall	_printf
      0003A3 15 81            [12]  758 	dec	sp
      0003A5 15 81            [12]  759 	dec	sp
      0003A7 15 81            [12]  760 	dec	sp
                                    761 ;	src/command_handlers.c:111: printf("\r\n                             Display custom char       ");
      0003A9 74r0E            [12]  762 	mov	a,#___str_17
      0003AB C0 E0            [24]  763 	push	acc
      0003AD 74s03            [12]  764 	mov	a,#(___str_17 >> 8)
      0003AF C0 E0            [24]  765 	push	acc
      0003B1 74 80            [12]  766 	mov	a,#0x80
      0003B3 C0 E0            [24]  767 	push	acc
      0003B5 12r00r00         [24]  768 	lcall	_printf
      0003B8 15 81            [12]  769 	dec	sp
      0003BA 15 81            [12]  770 	dec	sp
      0003BC 15 81            [12]  771 	dec	sp
                                    772 ;	src/command_handlers.c:112: printf("\r\n-------------------------------------------------------------------");
      0003BE 74r00            [12]  773 	mov	a,#___str_0
      0003C0 C0 E0            [24]  774 	push	acc
      0003C2 74s00            [12]  775 	mov	a,#(___str_0 >> 8)
      0003C4 C0 E0            [24]  776 	push	acc
      0003C6 74 80            [12]  777 	mov	a,#0x80
      0003C8 C0 E0            [24]  778 	push	acc
      0003CA 12r00r00         [24]  779 	lcall	_printf
      0003CD 15 81            [12]  780 	dec	sp
      0003CF 15 81            [12]  781 	dec	sp
      0003D1 15 81            [12]  782 	dec	sp
                                    783 ;	src/command_handlers.c:113: action_for_display_custom_char();
      0003D3 12r0Dr4F         [24]  784 	lcall	_action_for_display_custom_char
                                    785 ;	src/command_handlers.c:114: case '?':
      0003D6                        786 00111$:
                                    787 ;	src/command_handlers.c:115: printf("\r\n----------------------------     Usage          --------------------------------------------\r\n");
      0003D6 74r48            [12]  788 	mov	a,#___str_18
      0003D8 C0 E0            [24]  789 	push	acc
      0003DA 74s03            [12]  790 	mov	a,#(___str_18 >> 8)
      0003DC C0 E0            [24]  791 	push	acc
      0003DE 74 80            [12]  792 	mov	a,#0x80
      0003E0 C0 E0            [24]  793 	push	acc
      0003E2 12r00r00         [24]  794 	lcall	_printf
      0003E5 15 81            [12]  795 	dec	sp
      0003E7 15 81            [12]  796 	dec	sp
      0003E9 15 81            [12]  797 	dec	sp
                                    798 ;	src/command_handlers.c:116: printf(" W       : Write a string\r\n");
      0003EB 74rA9            [12]  799 	mov	a,#___str_19
      0003ED C0 E0            [24]  800 	push	acc
      0003EF 74s03            [12]  801 	mov	a,#(___str_19 >> 8)
      0003F1 C0 E0            [24]  802 	push	acc
      0003F3 74 80            [12]  803 	mov	a,#0x80
      0003F5 C0 E0            [24]  804 	push	acc
      0003F7 12r00r00         [24]  805 	lcall	_printf
      0003FA 15 81            [12]  806 	dec	sp
      0003FC 15 81            [12]  807 	dec	sp
      0003FE 15 81            [12]  808 	dec	sp
                                    809 ;	src/command_handlers.c:117: printf(" T       : Write to a specific position in the LCD\r\n");
      000400 74rC5            [12]  810 	mov	a,#___str_20
      000402 C0 E0            [24]  811 	push	acc
      000404 74s03            [12]  812 	mov	a,#(___str_20 >> 8)
      000406 C0 E0            [24]  813 	push	acc
      000408 74 80            [12]  814 	mov	a,#0x80
      00040A C0 E0            [24]  815 	push	acc
      00040C 12r00r00         [24]  816 	lcall	_printf
      00040F 15 81            [12]  817 	dec	sp
      000411 15 81            [12]  818 	dec	sp
      000413 15 81            [12]  819 	dec	sp
                                    820 ;	src/command_handlers.c:118: printf(" E       : Clear the display\r\n");
      000415 74rFA            [12]  821 	mov	a,#___str_21
      000417 C0 E0            [24]  822 	push	acc
      000419 74s03            [12]  823 	mov	a,#(___str_21 >> 8)
      00041B C0 E0            [24]  824 	push	acc
      00041D 74 80            [12]  825 	mov	a,#0x80
      00041F C0 E0            [24]  826 	push	acc
      000421 12r00r00         [24]  827 	lcall	_printf
      000424 15 81            [12]  828 	dec	sp
      000426 15 81            [12]  829 	dec	sp
      000428 15 81            [12]  830 	dec	sp
                                    831 ;	src/command_handlers.c:119: printf(" P       : Pause the Timer\r\n");
      00042A 74r19            [12]  832 	mov	a,#___str_22
      00042C C0 E0            [24]  833 	push	acc
      00042E 74s04            [12]  834 	mov	a,#(___str_22 >> 8)
      000430 C0 E0            [24]  835 	push	acc
      000432 74 80            [12]  836 	mov	a,#0x80
      000434 C0 E0            [24]  837 	push	acc
      000436 12r00r00         [24]  838 	lcall	_printf
      000439 15 81            [12]  839 	dec	sp
      00043B 15 81            [12]  840 	dec	sp
      00043D 15 81            [12]  841 	dec	sp
                                    842 ;	src/command_handlers.c:120: printf(" S       : Start the Timer\r\n");
      00043F 74r36            [12]  843 	mov	a,#___str_23
      000441 C0 E0            [24]  844 	push	acc
      000443 74s04            [12]  845 	mov	a,#(___str_23 >> 8)
      000445 C0 E0            [24]  846 	push	acc
      000447 74 80            [12]  847 	mov	a,#0x80
      000449 C0 E0            [24]  848 	push	acc
      00044B 12r00r00         [24]  849 	lcall	_printf
      00044E 15 81            [12]  850 	dec	sp
      000450 15 81            [12]  851 	dec	sp
      000452 15 81            [12]  852 	dec	sp
                                    853 ;	src/command_handlers.c:121: printf(" R       : Stop and reset the Timer\r\n");
      000454 74r53            [12]  854 	mov	a,#___str_24
      000456 C0 E0            [24]  855 	push	acc
      000458 74s04            [12]  856 	mov	a,#(___str_24 >> 8)
      00045A C0 E0            [24]  857 	push	acc
      00045C 74 80            [12]  858 	mov	a,#0x80
      00045E C0 E0            [24]  859 	push	acc
      000460 12r00r00         [24]  860 	lcall	_printf
      000463 15 81            [12]  861 	dec	sp
      000465 15 81            [12]  862 	dec	sp
      000467 15 81            [12]  863 	dec	sp
                                    864 ;	src/command_handlers.c:122: printf(" H       : Hexdump of DDRAM contents\r\n");
      000469 74r79            [12]  865 	mov	a,#___str_25
      00046B C0 E0            [24]  866 	push	acc
      00046D 74s04            [12]  867 	mov	a,#(___str_25 >> 8)
      00046F C0 E0            [24]  868 	push	acc
      000471 74 80            [12]  869 	mov	a,#0x80
      000473 C0 E0            [24]  870 	push	acc
      000475 12r00r00         [24]  871 	lcall	_printf
      000478 15 81            [12]  872 	dec	sp
      00047A 15 81            [12]  873 	dec	sp
      00047C 15 81            [12]  874 	dec	sp
                                    875 ;	src/command_handlers.c:123: printf(" C       : Hexdump of CGRAM contents\r\n");
      00047E 74rA0            [12]  876 	mov	a,#___str_26
      000480 C0 E0            [24]  877 	push	acc
      000482 74s04            [12]  878 	mov	a,#(___str_26 >> 8)
      000484 C0 E0            [24]  879 	push	acc
      000486 74 80            [12]  880 	mov	a,#0x80
      000488 C0 E0            [24]  881 	push	acc
      00048A 12r00r00         [24]  882 	lcall	_printf
      00048D 15 81            [12]  883 	dec	sp
      00048F 15 81            [12]  884 	dec	sp
      000491 15 81            [12]  885 	dec	sp
                                    886 ;	src/command_handlers.c:124: printf(" A       : Create a CGRAM character\r\n");
      000493 74rC7            [12]  887 	mov	a,#___str_27
      000495 C0 E0            [24]  888 	push	acc
      000497 74s04            [12]  889 	mov	a,#(___str_27 >> 8)
      000499 C0 E0            [24]  890 	push	acc
      00049B 74 80            [12]  891 	mov	a,#0x80
      00049D C0 E0            [24]  892 	push	acc
      00049F 12r00r00         [24]  893 	lcall	_printf
      0004A2 15 81            [12]  894 	dec	sp
      0004A4 15 81            [12]  895 	dec	sp
      0004A6 15 81            [12]  896 	dec	sp
                                    897 ;	src/command_handlers.c:125: printf(" D       : Display a CGRAM character\r\n");
      0004A8 74rED            [12]  898 	mov	a,#___str_28
      0004AA C0 E0            [24]  899 	push	acc
      0004AC 74s04            [12]  900 	mov	a,#(___str_28 >> 8)
      0004AE C0 E0            [24]  901 	push	acc
      0004B0 74 80            [12]  902 	mov	a,#0x80
      0004B2 C0 E0            [24]  903 	push	acc
      0004B4 12r00r00         [24]  904 	lcall	_printf
      0004B7 15 81            [12]  905 	dec	sp
      0004B9 15 81            [12]  906 	dec	sp
      0004BB 15 81            [12]  907 	dec	sp
                                    908 ;	src/command_handlers.c:126: printf(" ?       : Help menu\r\n");
      0004BD 74r14            [12]  909 	mov	a,#___str_29
      0004BF C0 E0            [24]  910 	push	acc
      0004C1 74s05            [12]  911 	mov	a,#(___str_29 >> 8)
      0004C3 C0 E0            [24]  912 	push	acc
      0004C5 74 80            [12]  913 	mov	a,#0x80
      0004C7 C0 E0            [24]  914 	push	acc
      0004C9 12r00r00         [24]  915 	lcall	_printf
      0004CC 15 81            [12]  916 	dec	sp
      0004CE 15 81            [12]  917 	dec	sp
      0004D0 15 81            [12]  918 	dec	sp
                                    919 ;	src/command_handlers.c:127: printf("--------------------------------------------------------------------------------------------\r\n");
      0004D2 74r2B            [12]  920 	mov	a,#___str_30
      0004D4 C0 E0            [24]  921 	push	acc
      0004D6 74s05            [12]  922 	mov	a,#(___str_30 >> 8)
      0004D8 C0 E0            [24]  923 	push	acc
      0004DA 74 80            [12]  924 	mov	a,#0x80
      0004DC C0 E0            [24]  925 	push	acc
      0004DE 12r00r00         [24]  926 	lcall	_printf
      0004E1 15 81            [12]  927 	dec	sp
      0004E3 15 81            [12]  928 	dec	sp
      0004E5 15 81            [12]  929 	dec	sp
                                    930 ;	src/command_handlers.c:128: break;     
      0004E7 22               [24]  931 	ret
                                    932 ;	src/command_handlers.c:130: default:
      0004E8                        933 00112$:
                                    934 ;	src/command_handlers.c:131: printf("\r\n                         Invalid Input                              ");
      0004E8 74r8A            [12]  935 	mov	a,#___str_31
      0004EA C0 E0            [24]  936 	push	acc
      0004EC 74s05            [12]  937 	mov	a,#(___str_31 >> 8)
      0004EE C0 E0            [24]  938 	push	acc
      0004F0 74 80            [12]  939 	mov	a,#0x80
      0004F2 C0 E0            [24]  940 	push	acc
      0004F4 12r00r00         [24]  941 	lcall	_printf
      0004F7 15 81            [12]  942 	dec	sp
      0004F9 15 81            [12]  943 	dec	sp
      0004FB 15 81            [12]  944 	dec	sp
                                    945 ;	src/command_handlers.c:132: printf("\r\n----------------------------     Usage          --------------------------------------------\r\n");
      0004FD 74r48            [12]  946 	mov	a,#___str_18
      0004FF C0 E0            [24]  947 	push	acc
      000501 74s03            [12]  948 	mov	a,#(___str_18 >> 8)
      000503 C0 E0            [24]  949 	push	acc
      000505 74 80            [12]  950 	mov	a,#0x80
      000507 C0 E0            [24]  951 	push	acc
      000509 12r00r00         [24]  952 	lcall	_printf
      00050C 15 81            [12]  953 	dec	sp
      00050E 15 81            [12]  954 	dec	sp
      000510 15 81            [12]  955 	dec	sp
                                    956 ;	src/command_handlers.c:133: printf(" W       : Write a string\r\n");
      000512 74rA9            [12]  957 	mov	a,#___str_19
      000514 C0 E0            [24]  958 	push	acc
      000516 74s03            [12]  959 	mov	a,#(___str_19 >> 8)
      000518 C0 E0            [24]  960 	push	acc
      00051A 74 80            [12]  961 	mov	a,#0x80
      00051C C0 E0            [24]  962 	push	acc
      00051E 12r00r00         [24]  963 	lcall	_printf
      000521 15 81            [12]  964 	dec	sp
      000523 15 81            [12]  965 	dec	sp
      000525 15 81            [12]  966 	dec	sp
                                    967 ;	src/command_handlers.c:134: printf(" T       : Write to a specific position in the LCD\r\n");
      000527 74rC5            [12]  968 	mov	a,#___str_20
      000529 C0 E0            [24]  969 	push	acc
      00052B 74s03            [12]  970 	mov	a,#(___str_20 >> 8)
      00052D C0 E0            [24]  971 	push	acc
      00052F 74 80            [12]  972 	mov	a,#0x80
      000531 C0 E0            [24]  973 	push	acc
      000533 12r00r00         [24]  974 	lcall	_printf
      000536 15 81            [12]  975 	dec	sp
      000538 15 81            [12]  976 	dec	sp
      00053A 15 81            [12]  977 	dec	sp
                                    978 ;	src/command_handlers.c:135: printf(" E       : Clear the display\r\n");
      00053C 74rFA            [12]  979 	mov	a,#___str_21
      00053E C0 E0            [24]  980 	push	acc
      000540 74s03            [12]  981 	mov	a,#(___str_21 >> 8)
      000542 C0 E0            [24]  982 	push	acc
      000544 74 80            [12]  983 	mov	a,#0x80
      000546 C0 E0            [24]  984 	push	acc
      000548 12r00r00         [24]  985 	lcall	_printf
      00054B 15 81            [12]  986 	dec	sp
      00054D 15 81            [12]  987 	dec	sp
      00054F 15 81            [12]  988 	dec	sp
                                    989 ;	src/command_handlers.c:136: printf(" P       : Pause the Timer\r\n");
      000551 74r19            [12]  990 	mov	a,#___str_22
      000553 C0 E0            [24]  991 	push	acc
      000555 74s04            [12]  992 	mov	a,#(___str_22 >> 8)
      000557 C0 E0            [24]  993 	push	acc
      000559 74 80            [12]  994 	mov	a,#0x80
      00055B C0 E0            [24]  995 	push	acc
      00055D 12r00r00         [24]  996 	lcall	_printf
      000560 15 81            [12]  997 	dec	sp
      000562 15 81            [12]  998 	dec	sp
      000564 15 81            [12]  999 	dec	sp
                                   1000 ;	src/command_handlers.c:137: printf(" S       : Start the Timer\r\n");
      000566 74r36            [12] 1001 	mov	a,#___str_23
      000568 C0 E0            [24] 1002 	push	acc
      00056A 74s04            [12] 1003 	mov	a,#(___str_23 >> 8)
      00056C C0 E0            [24] 1004 	push	acc
      00056E 74 80            [12] 1005 	mov	a,#0x80
      000570 C0 E0            [24] 1006 	push	acc
      000572 12r00r00         [24] 1007 	lcall	_printf
      000575 15 81            [12] 1008 	dec	sp
      000577 15 81            [12] 1009 	dec	sp
      000579 15 81            [12] 1010 	dec	sp
                                   1011 ;	src/command_handlers.c:138: printf(" R       : Stop and reset the Timer\r\n");
      00057B 74r53            [12] 1012 	mov	a,#___str_24
      00057D C0 E0            [24] 1013 	push	acc
      00057F 74s04            [12] 1014 	mov	a,#(___str_24 >> 8)
      000581 C0 E0            [24] 1015 	push	acc
      000583 74 80            [12] 1016 	mov	a,#0x80
      000585 C0 E0            [24] 1017 	push	acc
      000587 12r00r00         [24] 1018 	lcall	_printf
      00058A 15 81            [12] 1019 	dec	sp
      00058C 15 81            [12] 1020 	dec	sp
      00058E 15 81            [12] 1021 	dec	sp
                                   1022 ;	src/command_handlers.c:139: printf(" H       : Hexdump of DDRAM contents\r\n");
      000590 74r79            [12] 1023 	mov	a,#___str_25
      000592 C0 E0            [24] 1024 	push	acc
      000594 74s04            [12] 1025 	mov	a,#(___str_25 >> 8)
      000596 C0 E0            [24] 1026 	push	acc
      000598 74 80            [12] 1027 	mov	a,#0x80
      00059A C0 E0            [24] 1028 	push	acc
      00059C 12r00r00         [24] 1029 	lcall	_printf
      00059F 15 81            [12] 1030 	dec	sp
      0005A1 15 81            [12] 1031 	dec	sp
      0005A3 15 81            [12] 1032 	dec	sp
                                   1033 ;	src/command_handlers.c:140: printf(" C       : Hexdump of CGRAM contents\r\n");
      0005A5 74rA0            [12] 1034 	mov	a,#___str_26
      0005A7 C0 E0            [24] 1035 	push	acc
      0005A9 74s04            [12] 1036 	mov	a,#(___str_26 >> 8)
      0005AB C0 E0            [24] 1037 	push	acc
      0005AD 74 80            [12] 1038 	mov	a,#0x80
      0005AF C0 E0            [24] 1039 	push	acc
      0005B1 12r00r00         [24] 1040 	lcall	_printf
      0005B4 15 81            [12] 1041 	dec	sp
      0005B6 15 81            [12] 1042 	dec	sp
      0005B8 15 81            [12] 1043 	dec	sp
                                   1044 ;	src/command_handlers.c:141: printf(" A       : Create a CGRAM character\r\n");
      0005BA 74rC7            [12] 1045 	mov	a,#___str_27
      0005BC C0 E0            [24] 1046 	push	acc
      0005BE 74s04            [12] 1047 	mov	a,#(___str_27 >> 8)
      0005C0 C0 E0            [24] 1048 	push	acc
      0005C2 74 80            [12] 1049 	mov	a,#0x80
      0005C4 C0 E0            [24] 1050 	push	acc
      0005C6 12r00r00         [24] 1051 	lcall	_printf
      0005C9 15 81            [12] 1052 	dec	sp
      0005CB 15 81            [12] 1053 	dec	sp
      0005CD 15 81            [12] 1054 	dec	sp
                                   1055 ;	src/command_handlers.c:142: printf(" D       : Display a CGRAM character\r\n");
      0005CF 74rED            [12] 1056 	mov	a,#___str_28
      0005D1 C0 E0            [24] 1057 	push	acc
      0005D3 74s04            [12] 1058 	mov	a,#(___str_28 >> 8)
      0005D5 C0 E0            [24] 1059 	push	acc
      0005D7 74 80            [12] 1060 	mov	a,#0x80
      0005D9 C0 E0            [24] 1061 	push	acc
      0005DB 12r00r00         [24] 1062 	lcall	_printf
      0005DE 15 81            [12] 1063 	dec	sp
      0005E0 15 81            [12] 1064 	dec	sp
      0005E2 15 81            [12] 1065 	dec	sp
                                   1066 ;	src/command_handlers.c:143: printf(" ?       : Help menu\r\n");
      0005E4 74r14            [12] 1067 	mov	a,#___str_29
      0005E6 C0 E0            [24] 1068 	push	acc
      0005E8 74s05            [12] 1069 	mov	a,#(___str_29 >> 8)
      0005EA C0 E0            [24] 1070 	push	acc
      0005EC 74 80            [12] 1071 	mov	a,#0x80
      0005EE C0 E0            [24] 1072 	push	acc
      0005F0 12r00r00         [24] 1073 	lcall	_printf
      0005F3 15 81            [12] 1074 	dec	sp
      0005F5 15 81            [12] 1075 	dec	sp
      0005F7 15 81            [12] 1076 	dec	sp
                                   1077 ;	src/command_handlers.c:144: printf("--------------------------------------------------------------------------------------------\r\n");
      0005F9 74r2B            [12] 1078 	mov	a,#___str_30
      0005FB C0 E0            [24] 1079 	push	acc
      0005FD 74s05            [12] 1080 	mov	a,#(___str_30 >> 8)
      0005FF C0 E0            [24] 1081 	push	acc
      000601 74 80            [12] 1082 	mov	a,#0x80
      000603 C0 E0            [24] 1083 	push	acc
      000605 12r00r00         [24] 1084 	lcall	_printf
      000608 15 81            [12] 1085 	dec	sp
      00060A 15 81            [12] 1086 	dec	sp
      00060C 15 81            [12] 1087 	dec	sp
                                   1088 ;	src/command_handlers.c:146: }
                                   1089 ;	src/command_handlers.c:147: }
      00060E 22               [24] 1090 	ret
                                   1091 ;------------------------------------------------------------
                                   1092 ;Allocation info for local variables in function 'is_digit'
                                   1093 ;------------------------------------------------------------
                                   1094 ;c                         Allocated with name '_is_digit_c_65536_62'
                                   1095 ;------------------------------------------------------------
                                   1096 ;	src/command_handlers.c:155: bool is_digit(char c)
                                   1097 ;	-----------------------------------------
                                   1098 ;	 function is_digit
                                   1099 ;	-----------------------------------------
      00060F                       1100 _is_digit:
      00060F E5 82            [12] 1101 	mov	a,dpl
      000611 90r00r01         [24] 1102 	mov	dptr,#_is_digit_c_65536_62
      000614 F0               [24] 1103 	movx	@dptr,a
                                   1104 ;	src/command_handlers.c:158: return (c >= '0' && c <= '9');
      000615 E0               [24] 1105 	movx	a,@dptr
      000616 FF               [12] 1106 	mov	r7,a
      000617 BF 30 00         [24] 1107 	cjne	r7,#0x30,00110$
      00061A                       1108 00110$:
      00061A 40 05            [24] 1109 	jc	00103$
      00061C EF               [12] 1110 	mov	a,r7
      00061D 24 C6            [12] 1111 	add	a,#0xff - 0x39
      00061F 50 04            [24] 1112 	jnc	00104$
      000621                       1113 00103$:
      000621 7F 00            [12] 1114 	mov	r7,#0x00
      000623 80 02            [24] 1115 	sjmp	00105$
      000625                       1116 00104$:
      000625 7F 01            [12] 1117 	mov	r7,#0x01
      000627                       1118 00105$:
      000627 8F 82            [24] 1119 	mov	dpl,r7
                                   1120 ;	src/command_handlers.c:159: }
      000629 22               [24] 1121 	ret
                                   1122 ;------------------------------------------------------------
                                   1123 ;Allocation info for local variables in function 'action_for_write_command'
                                   1124 ;------------------------------------------------------------
                                   1125 ;input_buffer              Allocated with name '_action_for_write_command_input_buffer_65536_65'
                                   1126 ;error_message             Allocated with name '_action_for_write_command_error_message_65536_65'
                                   1127 ;address_location          Allocated with name '_action_for_write_command_address_location_65536_65'
                                   1128 ;write_data                Allocated with name '_action_for_write_command_write_data_65536_65'
                                   1129 ;current_state             Allocated with name '_action_for_write_command_current_state_65536_65'
                                   1130 ;wait_for_input            Allocated with name '_action_for_write_command_wait_for_input_65536_65'
                                   1131 ;------------------------------------------------------------
                                   1132 ;	src/command_handlers.c:169: void action_for_write_command(void)
                                   1133 ;	-----------------------------------------
                                   1134 ;	 function action_for_write_command
                                   1135 ;	-----------------------------------------
      00062A                       1136 _action_for_write_command:
                                   1137 ;	src/command_handlers.c:173: char *error_message = "\r\nOut of range\r\n";
                                   1138 ;	src/command_handlers.c:176: get_in_mem_state current_state = GET_STRING_INPUT_FROM_USER;
      00062A 90r00r66         [24] 1139 	mov	dptr,#_action_for_write_command_current_state_65536_65
      00062D E4               [12] 1140 	clr	a
      00062E F0               [24] 1141 	movx	@dptr,a
                                   1142 ;	src/command_handlers.c:177: bool wait_for_input = true;
      00062F 90r00r67         [24] 1143 	mov	dptr,#_action_for_write_command_wait_for_input_65536_65
      000632 04               [12] 1144 	inc	a
      000633 F0               [24] 1145 	movx	@dptr,a
                                   1146 ;	src/command_handlers.c:180: while (wait_for_input)
      000634                       1147 00108$:
      000634 90r00r67         [24] 1148 	mov	dptr,#_action_for_write_command_wait_for_input_65536_65
      000637 E0               [24] 1149 	movx	a,@dptr
      000638 70 01            [24] 1150 	jnz	00137$
      00063A 22               [24] 1151 	ret
      00063B                       1152 00137$:
                                   1153 ;	src/command_handlers.c:182: switch (current_state)
      00063B 90r00r66         [24] 1154 	mov	dptr,#_action_for_write_command_current_state_65536_65
      00063E E0               [24] 1155 	movx	a,@dptr
      00063F FF               [12] 1156 	mov	r7,a
      000640 60 0A            [24] 1157 	jz	00101$
      000642 BF 01 02         [24] 1158 	cjne	r7,#0x01,00139$
      000645 80 46            [24] 1159 	sjmp	00104$
      000647                       1160 00139$:
                                   1161 ;	src/command_handlers.c:184: case GET_STRING_INPUT_FROM_USER:
      000647 BF 0B EA         [24] 1162 	cjne	r7,#0x0b,00108$
      00064A 80 71            [24] 1163 	sjmp	00105$
      00064C                       1164 00101$:
                                   1165 ;	src/command_handlers.c:185: printf("\r\nEnter the string and press enter:");
      00064C 74rE2            [12] 1166 	mov	a,#___str_33
      00064E C0 E0            [24] 1167 	push	acc
      000650 74s05            [12] 1168 	mov	a,#(___str_33 >> 8)
      000652 C0 E0            [24] 1169 	push	acc
      000654 74 80            [12] 1170 	mov	a,#0x80
      000656 C0 E0            [24] 1171 	push	acc
      000658 12r00r00         [24] 1172 	lcall	_printf
      00065B 15 81            [12] 1173 	dec	sp
      00065D 15 81            [12] 1174 	dec	sp
      00065F 15 81            [12] 1175 	dec	sp
                                   1176 ;	src/command_handlers.c:186: if (!getstr(input_buffer, sizeof(input_buffer), error_message))
      000661 90r00r00         [24] 1177 	mov	dptr,#_getstr_PARM_2
      000664 74 64            [12] 1178 	mov	a,#0x64
      000666 F0               [24] 1179 	movx	@dptr,a
      000667 E4               [12] 1180 	clr	a
      000668 A3               [24] 1181 	inc	dptr
      000669 F0               [24] 1182 	movx	@dptr,a
      00066A 90r00r00         [24] 1183 	mov	dptr,#_getstr_PARM_3
      00066D 74rD1            [12] 1184 	mov	a,#___str_32
      00066F F0               [24] 1185 	movx	@dptr,a
      000670 74s05            [12] 1186 	mov	a,#(___str_32 >> 8)
      000672 A3               [24] 1187 	inc	dptr
      000673 F0               [24] 1188 	movx	@dptr,a
      000674 74 80            [12] 1189 	mov	a,#0x80
      000676 A3               [24] 1190 	inc	dptr
      000677 F0               [24] 1191 	movx	@dptr,a
      000678 90r00r02         [24] 1192 	mov	dptr,#_action_for_write_command_input_buffer_65536_65
      00067B 75 F0 00         [24] 1193 	mov	b,#0x00
      00067E 12r00r00         [24] 1194 	lcall	_getstr
      000681 E5 82            [12] 1195 	mov	a,dpl
      000683 70 AF            [24] 1196 	jnz	00108$
                                   1197 ;	src/command_handlers.c:188: current_state = PUT_DATA_TO_LCD;
      000685 90r00r66         [24] 1198 	mov	dptr,#_action_for_write_command_current_state_65536_65
      000688 74 01            [12] 1199 	mov	a,#0x01
      00068A F0               [24] 1200 	movx	@dptr,a
                                   1201 ;	src/command_handlers.c:190: break;
                                   1202 ;	src/command_handlers.c:191: case PUT_DATA_TO_LCD:
      00068B 80 A7            [24] 1203 	sjmp	00108$
      00068D                       1204 00104$:
                                   1205 ;	src/command_handlers.c:197: }
      00068D 7F 01            [12] 1206 	mov	r7,#0x01
      00068F 10 AF 02         [24] 1207 	jbc	ea,00142$
      000692 7F 00            [12] 1208 	mov	r7,#0x00
      000694                       1209 00142$:
                                   1210 ;	src/command_handlers.c:194: lcd_clear();
      000694 C0 07            [24] 1211 	push	ar7
      000696 12r00r00         [24] 1212 	lcall	_lcd_clear
                                   1213 ;	src/command_handlers.c:195: lcd_put_string(input_buffer,0,0);
      000699 90r00r00         [24] 1214 	mov	dptr,#_lcd_put_string_PARM_2
      00069C E4               [12] 1215 	clr	a
      00069D F0               [24] 1216 	movx	@dptr,a
      00069E 90r00r00         [24] 1217 	mov	dptr,#_lcd_put_string_PARM_3
      0006A1 F0               [24] 1218 	movx	@dptr,a
      0006A2 90r00r02         [24] 1219 	mov	dptr,#_action_for_write_command_input_buffer_65536_65
      0006A5 75 F0 00         [24] 1220 	mov	b,#0x00
      0006A8 12r00r00         [24] 1221 	lcall	_lcd_put_string
                                   1222 ;	src/command_handlers.c:196: current_time_display();
      0006AB 12r00r00         [24] 1223 	lcall	_current_time_display
      0006AE D0 07            [24] 1224 	pop	ar7
      0006B0 EF               [12] 1225 	mov	a,r7
      0006B1 13               [12] 1226 	rrc	a
      0006B2 92 AF            [24] 1227 	mov	ea,c
                                   1228 ;	src/command_handlers.c:198: current_state = EXIT;
      0006B4 90r00r66         [24] 1229 	mov	dptr,#_action_for_write_command_current_state_65536_65
      0006B7 74 0B            [12] 1230 	mov	a,#0x0b
      0006B9 F0               [24] 1231 	movx	@dptr,a
                                   1232 ;	src/command_handlers.c:199: break;
      0006BA 02r06r34         [24] 1233 	ljmp	00108$
                                   1234 ;	src/command_handlers.c:200: case EXIT:
      0006BD                       1235 00105$:
                                   1236 ;	src/command_handlers.c:201: wait_for_input = false;
      0006BD 90r00r67         [24] 1237 	mov	dptr,#_action_for_write_command_wait_for_input_65536_65
      0006C0 E4               [12] 1238 	clr	a
      0006C1 F0               [24] 1239 	movx	@dptr,a
                                   1240 ;	src/command_handlers.c:202: break;
                                   1241 ;	src/command_handlers.c:205: }
                                   1242 ;	src/command_handlers.c:207: }
      0006C2 02r06r34         [24] 1243 	ljmp	00108$
                                   1244 ;------------------------------------------------------------
                                   1245 ;Allocation info for local variables in function 'check_input_buffer_and_extract_number'
                                   1246 ;------------------------------------------------------------
                                   1247 ;sloc0                     Allocated with name '_check_input_buffer_and_extract_number_sloc0_1_0'
                                   1248 ;sloc1                     Allocated with name '_check_input_buffer_and_extract_number_sloc1_1_0'
                                   1249 ;sloc2                     Allocated with name '_check_input_buffer_and_extract_number_sloc2_1_0'
                                   1250 ;sloc3                     Allocated with name '_check_input_buffer_and_extract_number_sloc3_1_0'
                                   1251 ;sloc4                     Allocated with name '_check_input_buffer_and_extract_number_sloc4_1_0'
                                   1252 ;sloc5                     Allocated with name '_check_input_buffer_and_extract_number_sloc5_1_0'
                                   1253 ;buffer_len                Allocated with name '_check_input_buffer_and_extract_number_PARM_2'
                                   1254 ;current_state             Allocated with name '_check_input_buffer_and_extract_number_PARM_3'
                                   1255 ;input_number              Allocated with name '_check_input_buffer_and_extract_number_PARM_4'
                                   1256 ;next_state_on_error       Allocated with name '_check_input_buffer_and_extract_number_PARM_5'
                                   1257 ;input_buffer              Allocated with name '_check_input_buffer_and_extract_number_input_buffer_65536_70'
                                   1258 ;temp_current_state        Allocated with name '_check_input_buffer_and_extract_number_temp_current_state_65537_72'
                                   1259 ;i                         Allocated with name '_check_input_buffer_and_extract_number_i_131073_74'
                                   1260 ;------------------------------------------------------------
                                   1261 ;	src/command_handlers.c:219: void check_input_buffer_and_extract_number(char *input_buffer, uint16_t buffer_len,get_in_mem_state *current_state,uint8_t *input_number,get_in_mem_state *next_state_on_error)
                                   1262 ;	-----------------------------------------
                                   1263 ;	 function check_input_buffer_and_extract_number
                                   1264 ;	-----------------------------------------
      0006C5                       1265 _check_input_buffer_and_extract_number:
      0006C5 AF F0            [24] 1266 	mov	r7,b
      0006C7 AE 83            [24] 1267 	mov	r6,dph
      0006C9 E5 82            [12] 1268 	mov	a,dpl
      0006CB 90r00r73         [24] 1269 	mov	dptr,#_check_input_buffer_and_extract_number_input_buffer_65536_70
      0006CE F0               [24] 1270 	movx	@dptr,a
      0006CF EE               [12] 1271 	mov	a,r6
      0006D0 A3               [24] 1272 	inc	dptr
      0006D1 F0               [24] 1273 	movx	@dptr,a
      0006D2 EF               [12] 1274 	mov	a,r7
      0006D3 A3               [24] 1275 	inc	dptr
      0006D4 F0               [24] 1276 	movx	@dptr,a
                                   1277 ;	src/command_handlers.c:222: *input_number=0;
      0006D5 90r00r6D         [24] 1278 	mov	dptr,#_check_input_buffer_and_extract_number_PARM_4
      0006D8 E0               [24] 1279 	movx	a,@dptr
      0006D9 FD               [12] 1280 	mov	r5,a
      0006DA A3               [24] 1281 	inc	dptr
      0006DB E0               [24] 1282 	movx	a,@dptr
      0006DC FE               [12] 1283 	mov	r6,a
      0006DD A3               [24] 1284 	inc	dptr
      0006DE E0               [24] 1285 	movx	a,@dptr
      0006DF FF               [12] 1286 	mov	r7,a
      0006E0 8D 82            [24] 1287 	mov	dpl,r5
      0006E2 8E 83            [24] 1288 	mov	dph,r6
      0006E4 8F F0            [24] 1289 	mov	b,r7
      0006E6 E4               [12] 1290 	clr	a
      0006E7 12r00r00         [24] 1291 	lcall	__gptrput
                                   1292 ;	src/command_handlers.c:223: get_in_mem_state temp_current_state = *current_state;
      0006EA 90r00r6A         [24] 1293 	mov	dptr,#_check_input_buffer_and_extract_number_PARM_3
      0006ED E0               [24] 1294 	movx	a,@dptr
      0006EE F5*0B            [12] 1295 	mov	_check_input_buffer_and_extract_number_sloc5_1_0,a
      0006F0 A3               [24] 1296 	inc	dptr
      0006F1 E0               [24] 1297 	movx	a,@dptr
      0006F2 F5*0C            [12] 1298 	mov	(_check_input_buffer_and_extract_number_sloc5_1_0 + 1),a
      0006F4 A3               [24] 1299 	inc	dptr
      0006F5 E0               [24] 1300 	movx	a,@dptr
      0006F6 F5*0D            [12] 1301 	mov	(_check_input_buffer_and_extract_number_sloc5_1_0 + 2),a
      0006F8 85*0B 82         [24] 1302 	mov	dpl,_check_input_buffer_and_extract_number_sloc5_1_0
      0006FB 85*0C 83         [24] 1303 	mov	dph,(_check_input_buffer_and_extract_number_sloc5_1_0 + 1)
      0006FE 85*0D F0         [24] 1304 	mov	b,(_check_input_buffer_and_extract_number_sloc5_1_0 + 2)
      000701 12r00r00         [24] 1305 	lcall	__gptrget
      000704 F9               [12] 1306 	mov	r1,a
                                   1307 ;	src/command_handlers.c:225: if (*input_buffer == 'q' || *input_buffer == 'Q')
      000705 90r00r73         [24] 1308 	mov	dptr,#_check_input_buffer_and_extract_number_input_buffer_65536_70
      000708 E0               [24] 1309 	movx	a,@dptr
      000709 F5*00            [12] 1310 	mov	_check_input_buffer_and_extract_number_sloc0_1_0,a
      00070B A3               [24] 1311 	inc	dptr
      00070C E0               [24] 1312 	movx	a,@dptr
      00070D F5*01            [12] 1313 	mov	(_check_input_buffer_and_extract_number_sloc0_1_0 + 1),a
      00070F A3               [24] 1314 	inc	dptr
      000710 E0               [24] 1315 	movx	a,@dptr
      000711 F5*02            [12] 1316 	mov	(_check_input_buffer_and_extract_number_sloc0_1_0 + 2),a
      000713 85*00 82         [24] 1317 	mov	dpl,_check_input_buffer_and_extract_number_sloc0_1_0
      000716 85*01 83         [24] 1318 	mov	dph,(_check_input_buffer_and_extract_number_sloc0_1_0 + 1)
      000719 85*02 F0         [24] 1319 	mov	b,(_check_input_buffer_and_extract_number_sloc0_1_0 + 2)
      00071C 12r00r00         [24] 1320 	lcall	__gptrget
      00071F F8               [12] 1321 	mov	r0,a
      000720 B8 71 02         [24] 1322 	cjne	r0,#0x71,00139$
      000723 80 03            [24] 1323 	sjmp	00101$
      000725                       1324 00139$:
      000725 B8 51 0E         [24] 1325 	cjne	r0,#0x51,00120$
      000728                       1326 00101$:
                                   1327 ;	src/command_handlers.c:227: *current_state = EXIT;
      000728 85*0B 82         [24] 1328 	mov	dpl,_check_input_buffer_and_extract_number_sloc5_1_0
      00072B 85*0C 83         [24] 1329 	mov	dph,(_check_input_buffer_and_extract_number_sloc5_1_0 + 1)
      00072E 85*0D F0         [24] 1330 	mov	b,(_check_input_buffer_and_extract_number_sloc5_1_0 + 2)
      000731 74 0B            [12] 1331 	mov	a,#0x0b
                                   1332 ;	src/command_handlers.c:228: return;
      000733 02r00r00         [24] 1333 	ljmp	__gptrput
                                   1334 ;	src/command_handlers.c:232: for (int i = 0; input_buffer[i] != '\0' && i < buffer_len && (*current_state == temp_current_state); i++)
      000736                       1335 00120$:
      000736 90r00r68         [24] 1336 	mov	dptr,#_check_input_buffer_and_extract_number_PARM_2
      000739 E0               [24] 1337 	movx	a,@dptr
      00073A F5*03            [12] 1338 	mov	_check_input_buffer_and_extract_number_sloc1_1_0,a
      00073C A3               [24] 1339 	inc	dptr
      00073D E0               [24] 1340 	movx	a,@dptr
      00073E F5*04            [12] 1341 	mov	(_check_input_buffer_and_extract_number_sloc1_1_0 + 1),a
      000740 E4               [12] 1342 	clr	a
      000741 F5*05            [12] 1343 	mov	_check_input_buffer_and_extract_number_sloc2_1_0,a
      000743 F5*06            [12] 1344 	mov	(_check_input_buffer_and_extract_number_sloc2_1_0 + 1),a
      000745                       1345 00111$:
      000745 E5*05            [12] 1346 	mov	a,_check_input_buffer_and_extract_number_sloc2_1_0
      000747 25*00            [12] 1347 	add	a,_check_input_buffer_and_extract_number_sloc0_1_0
      000749 F5*07            [12] 1348 	mov	_check_input_buffer_and_extract_number_sloc3_1_0,a
      00074B E5*06            [12] 1349 	mov	a,(_check_input_buffer_and_extract_number_sloc2_1_0 + 1)
      00074D 35*01            [12] 1350 	addc	a,(_check_input_buffer_and_extract_number_sloc0_1_0 + 1)
      00074F F5*08            [12] 1351 	mov	(_check_input_buffer_and_extract_number_sloc3_1_0 + 1),a
      000751 85*02*09         [24] 1352 	mov	(_check_input_buffer_and_extract_number_sloc3_1_0 + 2),(_check_input_buffer_and_extract_number_sloc0_1_0 + 2)
      000754 85*07 82         [24] 1353 	mov	dpl,_check_input_buffer_and_extract_number_sloc3_1_0
      000757 85*08 83         [24] 1354 	mov	dph,(_check_input_buffer_and_extract_number_sloc3_1_0 + 1)
      00075A 85*09 F0         [24] 1355 	mov	b,(_check_input_buffer_and_extract_number_sloc3_1_0 + 2)
      00075D 12r00r00         [24] 1356 	lcall	__gptrget
      000760 F5*0A            [12] 1357 	mov	_check_input_buffer_and_extract_number_sloc4_1_0,a
      000762 70 01            [24] 1358 	jnz	00142$
      000764 22               [24] 1359 	ret
      000765                       1360 00142$:
      000765 C0 01            [24] 1361 	push	ar1
      000767 A8*05            [24] 1362 	mov	r0,_check_input_buffer_and_extract_number_sloc2_1_0
      000769 A9*06            [24] 1363 	mov	r1,(_check_input_buffer_and_extract_number_sloc2_1_0 + 1)
      00076B C3               [12] 1364 	clr	c
      00076C E8               [12] 1365 	mov	a,r0
      00076D 95*03            [12] 1366 	subb	a,_check_input_buffer_and_extract_number_sloc1_1_0
      00076F E9               [12] 1367 	mov	a,r1
      000770 95*04            [12] 1368 	subb	a,(_check_input_buffer_and_extract_number_sloc1_1_0 + 1)
      000772 D0 01            [24] 1369 	pop	ar1
      000774 40 01            [24] 1370 	jc	00143$
      000776 22               [24] 1371 	ret
      000777                       1372 00143$:
      000777 85*0B 82         [24] 1373 	mov	dpl,_check_input_buffer_and_extract_number_sloc5_1_0
      00077A 85*0C 83         [24] 1374 	mov	dph,(_check_input_buffer_and_extract_number_sloc5_1_0 + 1)
      00077D 85*0D F0         [24] 1375 	mov	b,(_check_input_buffer_and_extract_number_sloc5_1_0 + 2)
      000780 12r00r00         [24] 1376 	lcall	__gptrget
      000783 F8               [12] 1377 	mov	r0,a
      000784 B5 01 02         [24] 1378 	cjne	a,ar1,00144$
      000787 80 01            [24] 1379 	sjmp	00145$
      000789                       1380 00144$:
      000789 22               [24] 1381 	ret
      00078A                       1382 00145$:
                                   1383 ;	src/command_handlers.c:234: if (is_digit(input_buffer[i]))
      00078A 85*0A 82         [24] 1384 	mov	dpl,_check_input_buffer_and_extract_number_sloc4_1_0
      00078D C0 07            [24] 1385 	push	ar7
      00078F C0 06            [24] 1386 	push	ar6
      000791 C0 05            [24] 1387 	push	ar5
      000793 C0 01            [24] 1388 	push	ar1
      000795 12r06r0F         [24] 1389 	lcall	_is_digit
      000798 E5 82            [12] 1390 	mov	a,dpl
      00079A D0 01            [24] 1391 	pop	ar1
      00079C D0 05            [24] 1392 	pop	ar5
      00079E D0 06            [24] 1393 	pop	ar6
      0007A0 D0 07            [24] 1394 	pop	ar7
      0007A2 60 2D            [24] 1395 	jz	00105$
                                   1396 ;	src/command_handlers.c:237: *input_number = (*input_number) * 10 + (input_buffer[i] - '0'); // Build the number
      0007A4 C0 01            [24] 1397 	push	ar1
      0007A6 8D 82            [24] 1398 	mov	dpl,r5
      0007A8 8E 83            [24] 1399 	mov	dph,r6
      0007AA 8F F0            [24] 1400 	mov	b,r7
      0007AC 12r00r00         [24] 1401 	lcall	__gptrget
      0007AF 75 F0 0A         [24] 1402 	mov	b,#0x0a
      0007B2 A4               [48] 1403 	mul	ab
      0007B3 F8               [12] 1404 	mov	r0,a
      0007B4 85*07 82         [24] 1405 	mov	dpl,_check_input_buffer_and_extract_number_sloc3_1_0
      0007B7 85*08 83         [24] 1406 	mov	dph,(_check_input_buffer_and_extract_number_sloc3_1_0 + 1)
      0007BA 85*09 F0         [24] 1407 	mov	b,(_check_input_buffer_and_extract_number_sloc3_1_0 + 2)
      0007BD 12r00r00         [24] 1408 	lcall	__gptrget
      0007C0 24 D0            [12] 1409 	add	a,#0xd0
      0007C2 28               [12] 1410 	add	a,r0
      0007C3 F8               [12] 1411 	mov	r0,a
      0007C4 8D 82            [24] 1412 	mov	dpl,r5
      0007C6 8E 83            [24] 1413 	mov	dph,r6
      0007C8 8F F0            [24] 1414 	mov	b,r7
      0007CA 12r00r00         [24] 1415 	lcall	__gptrput
      0007CD D0 01            [24] 1416 	pop	ar1
      0007CF 80 35            [24] 1417 	sjmp	00112$
      0007D1                       1418 00105$:
                                   1419 ;	src/command_handlers.c:241: printf("\r\nInvalid input");
      0007D1 74r06            [12] 1420 	mov	a,#___str_34
      0007D3 C0 E0            [24] 1421 	push	acc
      0007D5 74s06            [12] 1422 	mov	a,#(___str_34 >> 8)
      0007D7 C0 E0            [24] 1423 	push	acc
      0007D9 74 80            [12] 1424 	mov	a,#0x80
      0007DB C0 E0            [24] 1425 	push	acc
      0007DD 12r00r00         [24] 1426 	lcall	_printf
      0007E0 15 81            [12] 1427 	dec	sp
      0007E2 15 81            [12] 1428 	dec	sp
      0007E4 15 81            [12] 1429 	dec	sp
                                   1430 ;	src/command_handlers.c:242: *current_state = *next_state_on_error;
      0007E6 90r00r70         [24] 1431 	mov	dptr,#_check_input_buffer_and_extract_number_PARM_5
      0007E9 E0               [24] 1432 	movx	a,@dptr
      0007EA F8               [12] 1433 	mov	r0,a
      0007EB A3               [24] 1434 	inc	dptr
      0007EC E0               [24] 1435 	movx	a,@dptr
      0007ED FB               [12] 1436 	mov	r3,a
      0007EE A3               [24] 1437 	inc	dptr
      0007EF E0               [24] 1438 	movx	a,@dptr
      0007F0 FC               [12] 1439 	mov	r4,a
      0007F1 88 82            [24] 1440 	mov	dpl,r0
      0007F3 8B 83            [24] 1441 	mov	dph,r3
      0007F5 8C F0            [24] 1442 	mov	b,r4
      0007F7 12r00r00         [24] 1443 	lcall	__gptrget
      0007FA 85*0B 82         [24] 1444 	mov	dpl,_check_input_buffer_and_extract_number_sloc5_1_0
      0007FD 85*0C 83         [24] 1445 	mov	dph,(_check_input_buffer_and_extract_number_sloc5_1_0 + 1)
      000800 85*0D F0         [24] 1446 	mov	b,(_check_input_buffer_and_extract_number_sloc5_1_0 + 2)
                                   1447 ;	src/command_handlers.c:243: break;
      000803 02r00r00         [24] 1448 	ljmp	__gptrput
      000806                       1449 00112$:
                                   1450 ;	src/command_handlers.c:232: for (int i = 0; input_buffer[i] != '\0' && i < buffer_len && (*current_state == temp_current_state); i++)
      000806 05*05            [12] 1451 	inc	_check_input_buffer_and_extract_number_sloc2_1_0
      000808 E4               [12] 1452 	clr	a
      000809 B5*05 02         [24] 1453 	cjne	a,_check_input_buffer_and_extract_number_sloc2_1_0,00147$
      00080C 05*06            [12] 1454 	inc	(_check_input_buffer_and_extract_number_sloc2_1_0 + 1)
      00080E                       1455 00147$:
      00080E 02r07r45         [24] 1456 	ljmp	00111$
                                   1457 ;	src/command_handlers.c:246: return;
                                   1458 ;	src/command_handlers.c:247: }
      000811 22               [24] 1459 	ret
                                   1460 ;------------------------------------------------------------
                                   1461 ;Allocation info for local variables in function 'is_valid_hex'
                                   1462 ;------------------------------------------------------------
                                   1463 ;str                       Allocated with name '_is_valid_hex_str_65536_78'
                                   1464 ;------------------------------------------------------------
                                   1465 ;	src/command_handlers.c:249: bool is_valid_hex(const char *str) {
                                   1466 ;	-----------------------------------------
                                   1467 ;	 function is_valid_hex
                                   1468 ;	-----------------------------------------
      000812                       1469 _is_valid_hex:
      000812 AF F0            [24] 1470 	mov	r7,b
      000814 AE 83            [24] 1471 	mov	r6,dph
      000816 E5 82            [12] 1472 	mov	a,dpl
      000818 90r00r76         [24] 1473 	mov	dptr,#_is_valid_hex_str_65536_78
      00081B F0               [24] 1474 	movx	@dptr,a
      00081C EE               [12] 1475 	mov	a,r6
      00081D A3               [24] 1476 	inc	dptr
      00081E F0               [24] 1477 	movx	@dptr,a
      00081F EF               [12] 1478 	mov	a,r7
      000820 A3               [24] 1479 	inc	dptr
      000821 F0               [24] 1480 	movx	@dptr,a
                                   1481 ;	src/command_handlers.c:251: if (*str == '\0') {
      000822 90r00r76         [24] 1482 	mov	dptr,#_is_valid_hex_str_65536_78
      000825 E0               [24] 1483 	movx	a,@dptr
      000826 FD               [12] 1484 	mov	r5,a
      000827 A3               [24] 1485 	inc	dptr
      000828 E0               [24] 1486 	movx	a,@dptr
      000829 FE               [12] 1487 	mov	r6,a
      00082A A3               [24] 1488 	inc	dptr
      00082B E0               [24] 1489 	movx	a,@dptr
      00082C FF               [12] 1490 	mov	r7,a
      00082D 8D 82            [24] 1491 	mov	dpl,r5
      00082F 8E 83            [24] 1492 	mov	dph,r6
      000831 8F F0            [24] 1493 	mov	b,r7
      000833 12r00r00         [24] 1494 	lcall	__gptrget
      000836 FC               [12] 1495 	mov	r4,a
                                   1496 ;	src/command_handlers.c:252: return false;
      000837 70 03            [24] 1497 	jnz	00102$
      000839 F5 82            [12] 1498 	mov	dpl,a
      00083B 22               [24] 1499 	ret
      00083C                       1500 00102$:
                                   1501 ;	src/command_handlers.c:256: if (str[0] == '0' && (str[1] == 'x' || str[1] == 'X')) {
      00083C BC 30 30         [24] 1502 	cjne	r4,#0x30,00119$
      00083F 0D               [12] 1503 	inc	r5
      000840 BD 00 01         [24] 1504 	cjne	r5,#0x00,00141$
      000843 0E               [12] 1505 	inc	r6
      000844                       1506 00141$:
      000844 8D 82            [24] 1507 	mov	dpl,r5
      000846 8E 83            [24] 1508 	mov	dph,r6
      000848 8F F0            [24] 1509 	mov	b,r7
      00084A 12r00r00         [24] 1510 	lcall	__gptrget
      00084D FF               [12] 1511 	mov	r7,a
      00084E BF 78 02         [24] 1512 	cjne	r7,#0x78,00142$
      000851 80 03            [24] 1513 	sjmp	00103$
      000853                       1514 00142$:
      000853 BF 58 19         [24] 1515 	cjne	r7,#0x58,00119$
      000856                       1516 00103$:
                                   1517 ;	src/command_handlers.c:257: str += 2;
      000856 90r00r76         [24] 1518 	mov	dptr,#_is_valid_hex_str_65536_78
      000859 E0               [24] 1519 	movx	a,@dptr
      00085A FD               [12] 1520 	mov	r5,a
      00085B A3               [24] 1521 	inc	dptr
      00085C E0               [24] 1522 	movx	a,@dptr
      00085D FE               [12] 1523 	mov	r6,a
      00085E A3               [24] 1524 	inc	dptr
      00085F E0               [24] 1525 	movx	a,@dptr
      000860 FF               [12] 1526 	mov	r7,a
      000861 90r00r76         [24] 1527 	mov	dptr,#_is_valid_hex_str_65536_78
      000864 74 02            [12] 1528 	mov	a,#0x02
      000866 2D               [12] 1529 	add	a,r5
      000867 F0               [24] 1530 	movx	@dptr,a
      000868 E4               [12] 1531 	clr	a
      000869 3E               [12] 1532 	addc	a,r6
      00086A A3               [24] 1533 	inc	dptr
      00086B F0               [24] 1534 	movx	@dptr,a
      00086C EF               [12] 1535 	mov	a,r7
      00086D A3               [24] 1536 	inc	dptr
      00086E F0               [24] 1537 	movx	@dptr,a
                                   1538 ;	src/command_handlers.c:261: while (*str) {
      00086F                       1539 00119$:
      00086F 90r00r76         [24] 1540 	mov	dptr,#_is_valid_hex_str_65536_78
      000872 E0               [24] 1541 	movx	a,@dptr
      000873 FD               [12] 1542 	mov	r5,a
      000874 A3               [24] 1543 	inc	dptr
      000875 E0               [24] 1544 	movx	a,@dptr
      000876 FE               [12] 1545 	mov	r6,a
      000877 A3               [24] 1546 	inc	dptr
      000878 E0               [24] 1547 	movx	a,@dptr
      000879 FF               [12] 1548 	mov	r7,a
      00087A                       1549 00109$:
      00087A 8D 82            [24] 1550 	mov	dpl,r5
      00087C 8E 83            [24] 1551 	mov	dph,r6
      00087E 8F F0            [24] 1552 	mov	b,r7
      000880 12r00r00         [24] 1553 	lcall	__gptrget
      000883 FC               [12] 1554 	mov	r4,a
      000884 60 33            [24] 1555 	jz	00111$
                                   1556 ;	src/command_handlers.c:262: if (!isxdigit((unsigned char)*str)) {
      000886 7B 00            [12] 1557 	mov	r3,#0x00
      000888 8C 82            [24] 1558 	mov	dpl,r4
      00088A 8B 83            [24] 1559 	mov	dph,r3
      00088C C0 07            [24] 1560 	push	ar7
      00088E C0 06            [24] 1561 	push	ar6
      000890 C0 05            [24] 1562 	push	ar5
      000892 12r00r00         [24] 1563 	lcall	_isxdigit
      000895 E5 82            [12] 1564 	mov	a,dpl
      000897 85 83 F0         [24] 1565 	mov	b,dph
      00089A D0 05            [24] 1566 	pop	ar5
      00089C D0 06            [24] 1567 	pop	ar6
      00089E D0 07            [24] 1568 	pop	ar7
      0008A0 45 F0            [12] 1569 	orl	a,b
                                   1570 ;	src/command_handlers.c:263: return false; // Invalid character found
      0008A2 70 03            [24] 1571 	jnz	00108$
      0008A4 F5 82            [12] 1572 	mov	dpl,a
      0008A6 22               [24] 1573 	ret
      0008A7                       1574 00108$:
                                   1575 ;	src/command_handlers.c:265: str++;
      0008A7 0D               [12] 1576 	inc	r5
      0008A8 BD 00 01         [24] 1577 	cjne	r5,#0x00,00147$
      0008AB 0E               [12] 1578 	inc	r6
      0008AC                       1579 00147$:
      0008AC 90r00r76         [24] 1580 	mov	dptr,#_is_valid_hex_str_65536_78
      0008AF ED               [12] 1581 	mov	a,r5
      0008B0 F0               [24] 1582 	movx	@dptr,a
      0008B1 EE               [12] 1583 	mov	a,r6
      0008B2 A3               [24] 1584 	inc	dptr
      0008B3 F0               [24] 1585 	movx	@dptr,a
      0008B4 EF               [12] 1586 	mov	a,r7
      0008B5 A3               [24] 1587 	inc	dptr
      0008B6 F0               [24] 1588 	movx	@dptr,a
      0008B7 80 C1            [24] 1589 	sjmp	00109$
      0008B9                       1590 00111$:
                                   1591 ;	src/command_handlers.c:268: return true; // All characters are valid hex digits
      0008B9 75 82 01         [24] 1592 	mov	dpl,#0x01
                                   1593 ;	src/command_handlers.c:269: }
      0008BC 22               [24] 1594 	ret
                                   1595 ;------------------------------------------------------------
                                   1596 ;Allocation info for local variables in function 'hex_to_uint16'
                                   1597 ;------------------------------------------------------------
                                   1598 ;hex_str                   Allocated with name '_hex_to_uint16_hex_str_65536_84'
                                   1599 ;result                    Allocated with name '_hex_to_uint16_result_65536_85'
                                   1600 ;------------------------------------------------------------
                                   1601 ;	src/command_handlers.c:271: uint16_t hex_to_uint16(const char *hex_str) {
                                   1602 ;	-----------------------------------------
                                   1603 ;	 function hex_to_uint16
                                   1604 ;	-----------------------------------------
      0008BD                       1605 _hex_to_uint16:
      0008BD AF F0            [24] 1606 	mov	r7,b
      0008BF AE 83            [24] 1607 	mov	r6,dph
      0008C1 E5 82            [12] 1608 	mov	a,dpl
      0008C3 90r00r79         [24] 1609 	mov	dptr,#_hex_to_uint16_hex_str_65536_84
      0008C6 F0               [24] 1610 	movx	@dptr,a
      0008C7 EE               [12] 1611 	mov	a,r6
      0008C8 A3               [24] 1612 	inc	dptr
      0008C9 F0               [24] 1613 	movx	@dptr,a
      0008CA EF               [12] 1614 	mov	a,r7
      0008CB A3               [24] 1615 	inc	dptr
      0008CC F0               [24] 1616 	movx	@dptr,a
                                   1617 ;	src/command_handlers.c:272: uint16_t result = 0;
      0008CD 90r00r7C         [24] 1618 	mov	dptr,#_hex_to_uint16_result_65536_85
      0008D0 E4               [12] 1619 	clr	a
      0008D1 F0               [24] 1620 	movx	@dptr,a
      0008D2 A3               [24] 1621 	inc	dptr
      0008D3 F0               [24] 1622 	movx	@dptr,a
                                   1623 ;	src/command_handlers.c:275: if (hex_str[0] == '0' && (hex_str[1] == 'x' || hex_str[1] == 'X')) {
      0008D4 90r00r79         [24] 1624 	mov	dptr,#_hex_to_uint16_hex_str_65536_84
      0008D7 E0               [24] 1625 	movx	a,@dptr
      0008D8 FD               [12] 1626 	mov	r5,a
      0008D9 A3               [24] 1627 	inc	dptr
      0008DA E0               [24] 1628 	movx	a,@dptr
      0008DB FE               [12] 1629 	mov	r6,a
      0008DC A3               [24] 1630 	inc	dptr
      0008DD E0               [24] 1631 	movx	a,@dptr
      0008DE FF               [12] 1632 	mov	r7,a
      0008DF 8D 82            [24] 1633 	mov	dpl,r5
      0008E1 8E 83            [24] 1634 	mov	dph,r6
      0008E3 8F F0            [24] 1635 	mov	b,r7
      0008E5 12r00r00         [24] 1636 	lcall	__gptrget
      0008E8 FC               [12] 1637 	mov	r4,a
      0008E9 BC 30 30         [24] 1638 	cjne	r4,#0x30,00130$
      0008EC 0D               [12] 1639 	inc	r5
      0008ED BD 00 01         [24] 1640 	cjne	r5,#0x00,00164$
      0008F0 0E               [12] 1641 	inc	r6
      0008F1                       1642 00164$:
      0008F1 8D 82            [24] 1643 	mov	dpl,r5
      0008F3 8E 83            [24] 1644 	mov	dph,r6
      0008F5 8F F0            [24] 1645 	mov	b,r7
      0008F7 12r00r00         [24] 1646 	lcall	__gptrget
      0008FA FF               [12] 1647 	mov	r7,a
      0008FB BF 78 02         [24] 1648 	cjne	r7,#0x78,00165$
      0008FE 80 03            [24] 1649 	sjmp	00101$
      000900                       1650 00165$:
      000900 BF 58 19         [24] 1651 	cjne	r7,#0x58,00130$
      000903                       1652 00101$:
                                   1653 ;	src/command_handlers.c:276: hex_str += 2;
      000903 90r00r79         [24] 1654 	mov	dptr,#_hex_to_uint16_hex_str_65536_84
      000906 E0               [24] 1655 	movx	a,@dptr
      000907 FD               [12] 1656 	mov	r5,a
      000908 A3               [24] 1657 	inc	dptr
      000909 E0               [24] 1658 	movx	a,@dptr
      00090A FE               [12] 1659 	mov	r6,a
      00090B A3               [24] 1660 	inc	dptr
      00090C E0               [24] 1661 	movx	a,@dptr
      00090D FF               [12] 1662 	mov	r7,a
      00090E 90r00r79         [24] 1663 	mov	dptr,#_hex_to_uint16_hex_str_65536_84
      000911 74 02            [12] 1664 	mov	a,#0x02
      000913 2D               [12] 1665 	add	a,r5
      000914 F0               [24] 1666 	movx	@dptr,a
      000915 E4               [12] 1667 	clr	a
      000916 3E               [12] 1668 	addc	a,r6
      000917 A3               [24] 1669 	inc	dptr
      000918 F0               [24] 1670 	movx	@dptr,a
      000919 EF               [12] 1671 	mov	a,r7
      00091A A3               [24] 1672 	inc	dptr
      00091B F0               [24] 1673 	movx	@dptr,a
                                   1674 ;	src/command_handlers.c:280: while (*hex_str) {
      00091C                       1675 00130$:
      00091C 90r00r79         [24] 1676 	mov	dptr,#_hex_to_uint16_hex_str_65536_84
      00091F E0               [24] 1677 	movx	a,@dptr
      000920 FD               [12] 1678 	mov	r5,a
      000921 A3               [24] 1679 	inc	dptr
      000922 E0               [24] 1680 	movx	a,@dptr
      000923 FE               [12] 1681 	mov	r6,a
      000924 A3               [24] 1682 	inc	dptr
      000925 E0               [24] 1683 	movx	a,@dptr
      000926 FF               [12] 1684 	mov	r7,a
      000927                       1685 00116$:
      000927 8D 82            [24] 1686 	mov	dpl,r5
      000929 8E 83            [24] 1687 	mov	dph,r6
      00092B 8F F0            [24] 1688 	mov	b,r7
      00092D 12r00r00         [24] 1689 	lcall	__gptrget
      000930 FC               [12] 1690 	mov	r4,a
      000931 70 03            [24] 1691 	jnz	00168$
      000933 02r09rFB         [24] 1692 	ljmp	00131$
      000936                       1693 00168$:
                                   1694 ;	src/command_handlers.c:281: result <<= 4; // Shift result left by 4 bits to make room for the next hex digit
      000936 90r00r7C         [24] 1695 	mov	dptr,#_hex_to_uint16_result_65536_85
      000939 E0               [24] 1696 	movx	a,@dptr
      00093A FA               [12] 1697 	mov	r2,a
      00093B A3               [24] 1698 	inc	dptr
      00093C E0               [24] 1699 	movx	a,@dptr
      00093D C4               [12] 1700 	swap	a
      00093E 54 F0            [12] 1701 	anl	a,#0xf0
      000940 CA               [12] 1702 	xch	a,r2
      000941 C4               [12] 1703 	swap	a
      000942 CA               [12] 1704 	xch	a,r2
      000943 6A               [12] 1705 	xrl	a,r2
      000944 CA               [12] 1706 	xch	a,r2
      000945 54 F0            [12] 1707 	anl	a,#0xf0
      000947 CA               [12] 1708 	xch	a,r2
      000948 6A               [12] 1709 	xrl	a,r2
      000949 FB               [12] 1710 	mov	r3,a
      00094A 90r00r7C         [24] 1711 	mov	dptr,#_hex_to_uint16_result_65536_85
      00094D EA               [12] 1712 	mov	a,r2
      00094E F0               [24] 1713 	movx	@dptr,a
      00094F EB               [12] 1714 	mov	a,r3
      000950 A3               [24] 1715 	inc	dptr
      000951 F0               [24] 1716 	movx	@dptr,a
                                   1717 ;	src/command_handlers.c:284: if (*hex_str >= '0' && *hex_str <= '9') {
      000952 BC 30 00         [24] 1718 	cjne	r4,#0x30,00169$
      000955                       1719 00169$:
      000955 40 27            [24] 1720 	jc	00113$
      000957 EC               [12] 1721 	mov	a,r4
      000958 24 C6            [12] 1722 	add	a,#0xff - 0x39
      00095A 40 22            [24] 1723 	jc	00113$
                                   1724 ;	src/command_handlers.c:285: result += *hex_str - '0';
      00095C 7B 00            [12] 1725 	mov	r3,#0x00
      00095E EC               [12] 1726 	mov	a,r4
      00095F 24 D0            [12] 1727 	add	a,#0xd0
      000961 FC               [12] 1728 	mov	r4,a
      000962 EB               [12] 1729 	mov	a,r3
      000963 34 FF            [12] 1730 	addc	a,#0xff
      000965 FB               [12] 1731 	mov	r3,a
      000966 90r00r7C         [24] 1732 	mov	dptr,#_hex_to_uint16_result_65536_85
      000969 E0               [24] 1733 	movx	a,@dptr
      00096A F9               [12] 1734 	mov	r1,a
      00096B A3               [24] 1735 	inc	dptr
      00096C E0               [24] 1736 	movx	a,@dptr
      00096D FA               [12] 1737 	mov	r2,a
      00096E EC               [12] 1738 	mov	a,r4
      00096F 29               [12] 1739 	add	a,r1
      000970 F9               [12] 1740 	mov	r1,a
      000971 EB               [12] 1741 	mov	a,r3
      000972 3A               [12] 1742 	addc	a,r2
      000973 FA               [12] 1743 	mov	r2,a
      000974 90r00r7C         [24] 1744 	mov	dptr,#_hex_to_uint16_result_65536_85
      000977 E9               [12] 1745 	mov	a,r1
      000978 F0               [24] 1746 	movx	@dptr,a
      000979 EA               [12] 1747 	mov	a,r2
      00097A A3               [24] 1748 	inc	dptr
      00097B F0               [24] 1749 	movx	@dptr,a
      00097C 80 6A            [24] 1750 	sjmp	00114$
      00097E                       1751 00113$:
                                   1752 ;	src/command_handlers.c:286: } else if (*hex_str >= 'A' && *hex_str <= 'F') {
      00097E 8D 82            [24] 1753 	mov	dpl,r5
      000980 8E 83            [24] 1754 	mov	dph,r6
      000982 8F F0            [24] 1755 	mov	b,r7
      000984 12r00r00         [24] 1756 	lcall	__gptrget
      000987 FC               [12] 1757 	mov	r4,a
      000988 BC 41 00         [24] 1758 	cjne	r4,#0x41,00172$
      00098B                       1759 00172$:
      00098B 40 27            [24] 1760 	jc	00109$
      00098D EC               [12] 1761 	mov	a,r4
      00098E 24 B9            [12] 1762 	add	a,#0xff - 0x46
      000990 40 22            [24] 1763 	jc	00109$
                                   1764 ;	src/command_handlers.c:287: result += *hex_str - 'A' + 10;
      000992 7B 00            [12] 1765 	mov	r3,#0x00
      000994 74 C9            [12] 1766 	mov	a,#0xc9
      000996 2C               [12] 1767 	add	a,r4
      000997 FC               [12] 1768 	mov	r4,a
      000998 74 FF            [12] 1769 	mov	a,#0xff
      00099A 3B               [12] 1770 	addc	a,r3
      00099B FB               [12] 1771 	mov	r3,a
      00099C 90r00r7C         [24] 1772 	mov	dptr,#_hex_to_uint16_result_65536_85
      00099F E0               [24] 1773 	movx	a,@dptr
      0009A0 F9               [12] 1774 	mov	r1,a
      0009A1 A3               [24] 1775 	inc	dptr
      0009A2 E0               [24] 1776 	movx	a,@dptr
      0009A3 FA               [12] 1777 	mov	r2,a
      0009A4 EC               [12] 1778 	mov	a,r4
      0009A5 29               [12] 1779 	add	a,r1
      0009A6 F9               [12] 1780 	mov	r1,a
      0009A7 EB               [12] 1781 	mov	a,r3
      0009A8 3A               [12] 1782 	addc	a,r2
      0009A9 FA               [12] 1783 	mov	r2,a
      0009AA 90r00r7C         [24] 1784 	mov	dptr,#_hex_to_uint16_result_65536_85
      0009AD E9               [12] 1785 	mov	a,r1
      0009AE F0               [24] 1786 	movx	@dptr,a
      0009AF EA               [12] 1787 	mov	a,r2
      0009B0 A3               [24] 1788 	inc	dptr
      0009B1 F0               [24] 1789 	movx	@dptr,a
      0009B2 80 34            [24] 1790 	sjmp	00114$
      0009B4                       1791 00109$:
                                   1792 ;	src/command_handlers.c:288: } else if (*hex_str >= 'a' && *hex_str <= 'f') {
      0009B4 8D 82            [24] 1793 	mov	dpl,r5
      0009B6 8E 83            [24] 1794 	mov	dph,r6
      0009B8 8F F0            [24] 1795 	mov	b,r7
      0009BA 12r00r00         [24] 1796 	lcall	__gptrget
      0009BD FC               [12] 1797 	mov	r4,a
      0009BE BC 61 00         [24] 1798 	cjne	r4,#0x61,00175$
      0009C1                       1799 00175$:
      0009C1 40 25            [24] 1800 	jc	00114$
      0009C3 EC               [12] 1801 	mov	a,r4
      0009C4 24 99            [12] 1802 	add	a,#0xff - 0x66
      0009C6 40 20            [24] 1803 	jc	00114$
                                   1804 ;	src/command_handlers.c:289: result += *hex_str - 'a' + 10;
      0009C8 7B 00            [12] 1805 	mov	r3,#0x00
      0009CA 74 A9            [12] 1806 	mov	a,#0xa9
      0009CC 2C               [12] 1807 	add	a,r4
      0009CD FC               [12] 1808 	mov	r4,a
      0009CE 74 FF            [12] 1809 	mov	a,#0xff
      0009D0 3B               [12] 1810 	addc	a,r3
      0009D1 FB               [12] 1811 	mov	r3,a
      0009D2 90r00r7C         [24] 1812 	mov	dptr,#_hex_to_uint16_result_65536_85
      0009D5 E0               [24] 1813 	movx	a,@dptr
      0009D6 F9               [12] 1814 	mov	r1,a
      0009D7 A3               [24] 1815 	inc	dptr
      0009D8 E0               [24] 1816 	movx	a,@dptr
      0009D9 FA               [12] 1817 	mov	r2,a
      0009DA EC               [12] 1818 	mov	a,r4
      0009DB 29               [12] 1819 	add	a,r1
      0009DC F9               [12] 1820 	mov	r1,a
      0009DD EB               [12] 1821 	mov	a,r3
      0009DE 3A               [12] 1822 	addc	a,r2
      0009DF FA               [12] 1823 	mov	r2,a
      0009E0 90r00r7C         [24] 1824 	mov	dptr,#_hex_to_uint16_result_65536_85
      0009E3 E9               [12] 1825 	mov	a,r1
      0009E4 F0               [24] 1826 	movx	@dptr,a
      0009E5 EA               [12] 1827 	mov	a,r2
      0009E6 A3               [24] 1828 	inc	dptr
      0009E7 F0               [24] 1829 	movx	@dptr,a
      0009E8                       1830 00114$:
                                   1831 ;	src/command_handlers.c:292: hex_str++; // Move to the next character
      0009E8 0D               [12] 1832 	inc	r5
      0009E9 BD 00 01         [24] 1833 	cjne	r5,#0x00,00178$
      0009EC 0E               [12] 1834 	inc	r6
      0009ED                       1835 00178$:
      0009ED 90r00r79         [24] 1836 	mov	dptr,#_hex_to_uint16_hex_str_65536_84
      0009F0 ED               [12] 1837 	mov	a,r5
      0009F1 F0               [24] 1838 	movx	@dptr,a
      0009F2 EE               [12] 1839 	mov	a,r6
      0009F3 A3               [24] 1840 	inc	dptr
      0009F4 F0               [24] 1841 	movx	@dptr,a
      0009F5 EF               [12] 1842 	mov	a,r7
      0009F6 A3               [24] 1843 	inc	dptr
      0009F7 F0               [24] 1844 	movx	@dptr,a
      0009F8 02r09r27         [24] 1845 	ljmp	00116$
      0009FB                       1846 00131$:
      0009FB 90r00r79         [24] 1847 	mov	dptr,#_hex_to_uint16_hex_str_65536_84
      0009FE ED               [12] 1848 	mov	a,r5
      0009FF F0               [24] 1849 	movx	@dptr,a
      000A00 EE               [12] 1850 	mov	a,r6
      000A01 A3               [24] 1851 	inc	dptr
      000A02 F0               [24] 1852 	movx	@dptr,a
      000A03 EF               [12] 1853 	mov	a,r7
      000A04 A3               [24] 1854 	inc	dptr
      000A05 F0               [24] 1855 	movx	@dptr,a
                                   1856 ;	src/command_handlers.c:295: return result;
      000A06 90r00r7C         [24] 1857 	mov	dptr,#_hex_to_uint16_result_65536_85
      000A09 E0               [24] 1858 	movx	a,@dptr
      000A0A FE               [12] 1859 	mov	r6,a
      000A0B A3               [24] 1860 	inc	dptr
      000A0C E0               [24] 1861 	movx	a,@dptr
                                   1862 ;	src/command_handlers.c:296: }
      000A0D 8E 82            [24] 1863 	mov	dpl,r6
      000A0F F5 83            [12] 1864 	mov	dph,a
      000A11 22               [24] 1865 	ret
                                   1866 ;------------------------------------------------------------
                                   1867 ;Allocation info for local variables in function 'check_input_buffer_and_extract_hex_number'
                                   1868 ;------------------------------------------------------------
                                   1869 ;sloc0                     Allocated with name '_check_input_buffer_and_extract_hex_number_sloc0_1_0'
                                   1870 ;buffer_len                Allocated with name '_check_input_buffer_and_extract_hex_number_PARM_2'
                                   1871 ;current_state             Allocated with name '_check_input_buffer_and_extract_hex_number_PARM_3'
                                   1872 ;input_number              Allocated with name '_check_input_buffer_and_extract_hex_number_PARM_4'
                                   1873 ;next_state_on_error       Allocated with name '_check_input_buffer_and_extract_hex_number_PARM_5'
                                   1874 ;input_buffer              Allocated with name '_check_input_buffer_and_extract_hex_number_input_buffer_65536_91'
                                   1875 ;value                     Allocated with name '_check_input_buffer_and_extract_hex_number_value_65537_93'
                                   1876 ;endptr                    Allocated with name '_check_input_buffer_and_extract_hex_number_endptr_65537_93'
                                   1877 ;temp_current_state        Allocated with name '_check_input_buffer_and_extract_hex_number_temp_current_state_65537_93'
                                   1878 ;------------------------------------------------------------
                                   1879 ;	src/command_handlers.c:309: void check_input_buffer_and_extract_hex_number(char *input_buffer, uint16_t buffer_len,get_in_mem_state *current_state,uint16_t *input_number,get_in_mem_state *next_state_on_error)
                                   1880 ;	-----------------------------------------
                                   1881 ;	 function check_input_buffer_and_extract_hex_number
                                   1882 ;	-----------------------------------------
      000A12                       1883 _check_input_buffer_and_extract_hex_number:
      000A12 AF F0            [24] 1884 	mov	r7,b
      000A14 AE 83            [24] 1885 	mov	r6,dph
      000A16 E5 82            [12] 1886 	mov	a,dpl
      000A18 90r00r89         [24] 1887 	mov	dptr,#_check_input_buffer_and_extract_hex_number_input_buffer_65536_91
      000A1B F0               [24] 1888 	movx	@dptr,a
      000A1C EE               [12] 1889 	mov	a,r6
      000A1D A3               [24] 1890 	inc	dptr
      000A1E F0               [24] 1891 	movx	@dptr,a
      000A1F EF               [12] 1892 	mov	a,r7
      000A20 A3               [24] 1893 	inc	dptr
      000A21 F0               [24] 1894 	movx	@dptr,a
                                   1895 ;	src/command_handlers.c:312: *input_number=0;
      000A22 90r00r83         [24] 1896 	mov	dptr,#_check_input_buffer_and_extract_hex_number_PARM_4
      000A25 E0               [24] 1897 	movx	a,@dptr
      000A26 FD               [12] 1898 	mov	r5,a
      000A27 A3               [24] 1899 	inc	dptr
      000A28 E0               [24] 1900 	movx	a,@dptr
      000A29 FE               [12] 1901 	mov	r6,a
      000A2A A3               [24] 1902 	inc	dptr
      000A2B E0               [24] 1903 	movx	a,@dptr
      000A2C FF               [12] 1904 	mov	r7,a
      000A2D 8D 82            [24] 1905 	mov	dpl,r5
      000A2F 8E 83            [24] 1906 	mov	dph,r6
      000A31 8F F0            [24] 1907 	mov	b,r7
      000A33 E4               [12] 1908 	clr	a
      000A34 12r00r00         [24] 1909 	lcall	__gptrput
      000A37 A3               [24] 1910 	inc	dptr
      000A38 12r00r00         [24] 1911 	lcall	__gptrput
                                   1912 ;	src/command_handlers.c:317: if (*input_buffer == 'q' || *input_buffer == 'Q')
      000A3B 90r00r89         [24] 1913 	mov	dptr,#_check_input_buffer_and_extract_hex_number_input_buffer_65536_91
      000A3E E0               [24] 1914 	movx	a,@dptr
      000A3F FA               [12] 1915 	mov	r2,a
      000A40 A3               [24] 1916 	inc	dptr
      000A41 E0               [24] 1917 	movx	a,@dptr
      000A42 FB               [12] 1918 	mov	r3,a
      000A43 A3               [24] 1919 	inc	dptr
      000A44 E0               [24] 1920 	movx	a,@dptr
      000A45 FC               [12] 1921 	mov	r4,a
      000A46 8A 82            [24] 1922 	mov	dpl,r2
      000A48 8B 83            [24] 1923 	mov	dph,r3
      000A4A 8C F0            [24] 1924 	mov	b,r4
      000A4C 12r00r00         [24] 1925 	lcall	__gptrget
      000A4F F9               [12] 1926 	mov	r1,a
      000A50 B9 71 02         [24] 1927 	cjne	r1,#0x71,00117$
      000A53 80 03            [24] 1928 	sjmp	00101$
      000A55                       1929 00117$:
      000A55 B9 51 1C         [24] 1930 	cjne	r1,#0x51,00102$
      000A58                       1931 00101$:
                                   1932 ;	src/command_handlers.c:319: *current_state = EXIT;
      000A58 90r00r80         [24] 1933 	mov	dptr,#_check_input_buffer_and_extract_hex_number_PARM_3
      000A5B E0               [24] 1934 	movx	a,@dptr
      000A5C F5*0E            [12] 1935 	mov	_check_input_buffer_and_extract_hex_number_sloc0_1_0,a
      000A5E A3               [24] 1936 	inc	dptr
      000A5F E0               [24] 1937 	movx	a,@dptr
      000A60 F5*0F            [12] 1938 	mov	(_check_input_buffer_and_extract_hex_number_sloc0_1_0 + 1),a
      000A62 A3               [24] 1939 	inc	dptr
      000A63 E0               [24] 1940 	movx	a,@dptr
      000A64 F5*10            [12] 1941 	mov	(_check_input_buffer_and_extract_hex_number_sloc0_1_0 + 2),a
      000A66 85*0E 82         [24] 1942 	mov	dpl,_check_input_buffer_and_extract_hex_number_sloc0_1_0
      000A69 85*0F 83         [24] 1943 	mov	dph,(_check_input_buffer_and_extract_hex_number_sloc0_1_0 + 1)
      000A6C 85*10 F0         [24] 1944 	mov	b,(_check_input_buffer_and_extract_hex_number_sloc0_1_0 + 2)
      000A6F 74 0B            [12] 1945 	mov	a,#0x0b
                                   1946 ;	src/command_handlers.c:320: return;
      000A71 02r00r00         [24] 1947 	ljmp	__gptrput
      000A74                       1948 00102$:
                                   1949 ;	src/command_handlers.c:323: if(is_valid_hex(input_buffer))
      000A74 8A 82            [24] 1950 	mov	dpl,r2
      000A76 8B 83            [24] 1951 	mov	dph,r3
      000A78 8C F0            [24] 1952 	mov	b,r4
      000A7A C0 07            [24] 1953 	push	ar7
      000A7C C0 06            [24] 1954 	push	ar6
      000A7E C0 05            [24] 1955 	push	ar5
      000A80 C0 04            [24] 1956 	push	ar4
      000A82 C0 03            [24] 1957 	push	ar3
      000A84 C0 02            [24] 1958 	push	ar2
      000A86 12r08r12         [24] 1959 	lcall	_is_valid_hex
      000A89 E5 82            [12] 1960 	mov	a,dpl
      000A8B D0 02            [24] 1961 	pop	ar2
      000A8D D0 03            [24] 1962 	pop	ar3
      000A8F D0 04            [24] 1963 	pop	ar4
      000A91 D0 05            [24] 1964 	pop	ar5
      000A93 D0 06            [24] 1965 	pop	ar6
      000A95 D0 07            [24] 1966 	pop	ar7
      000A97 60 28            [24] 1967 	jz	00105$
                                   1968 ;	src/command_handlers.c:326: value = hex_to_uint16(input_buffer);
      000A99 8A 82            [24] 1969 	mov	dpl,r2
      000A9B 8B 83            [24] 1970 	mov	dph,r3
      000A9D 8C F0            [24] 1971 	mov	b,r4
      000A9F C0 07            [24] 1972 	push	ar7
      000AA1 C0 06            [24] 1973 	push	ar6
      000AA3 C0 05            [24] 1974 	push	ar5
      000AA5 12r08rBD         [24] 1975 	lcall	_hex_to_uint16
      000AA8 AB 82            [24] 1976 	mov	r3,dpl
      000AAA AC 83            [24] 1977 	mov	r4,dph
      000AAC D0 05            [24] 1978 	pop	ar5
      000AAE D0 06            [24] 1979 	pop	ar6
      000AB0 D0 07            [24] 1980 	pop	ar7
                                   1981 ;	src/command_handlers.c:327: *input_number = value;
      000AB2 8D 82            [24] 1982 	mov	dpl,r5
      000AB4 8E 83            [24] 1983 	mov	dph,r6
      000AB6 8F F0            [24] 1984 	mov	b,r7
      000AB8 EB               [12] 1985 	mov	a,r3
      000AB9 12r00r00         [24] 1986 	lcall	__gptrput
      000ABC A3               [24] 1987 	inc	dptr
      000ABD EC               [12] 1988 	mov	a,r4
      000ABE 02r00r00         [24] 1989 	ljmp	__gptrput
      000AC1                       1990 00105$:
                                   1991 ;	src/command_handlers.c:331: *current_state = *next_state_on_error;
      000AC1 90r00r80         [24] 1992 	mov	dptr,#_check_input_buffer_and_extract_hex_number_PARM_3
      000AC4 E0               [24] 1993 	movx	a,@dptr
      000AC5 FD               [12] 1994 	mov	r5,a
      000AC6 A3               [24] 1995 	inc	dptr
      000AC7 E0               [24] 1996 	movx	a,@dptr
      000AC8 FE               [12] 1997 	mov	r6,a
      000AC9 A3               [24] 1998 	inc	dptr
      000ACA E0               [24] 1999 	movx	a,@dptr
      000ACB FF               [12] 2000 	mov	r7,a
      000ACC 90r00r86         [24] 2001 	mov	dptr,#_check_input_buffer_and_extract_hex_number_PARM_5
      000ACF E0               [24] 2002 	movx	a,@dptr
      000AD0 FA               [12] 2003 	mov	r2,a
      000AD1 A3               [24] 2004 	inc	dptr
      000AD2 E0               [24] 2005 	movx	a,@dptr
      000AD3 FB               [12] 2006 	mov	r3,a
      000AD4 A3               [24] 2007 	inc	dptr
      000AD5 E0               [24] 2008 	movx	a,@dptr
      000AD6 FC               [12] 2009 	mov	r4,a
      000AD7 8A 82            [24] 2010 	mov	dpl,r2
      000AD9 8B 83            [24] 2011 	mov	dph,r3
      000ADB 8C F0            [24] 2012 	mov	b,r4
      000ADD 12r00r00         [24] 2013 	lcall	__gptrget
      000AE0 8D 82            [24] 2014 	mov	dpl,r5
      000AE2 8E 83            [24] 2015 	mov	dph,r6
      000AE4 8F F0            [24] 2016 	mov	b,r7
      000AE6 12r00r00         [24] 2017 	lcall	__gptrput
                                   2018 ;	src/command_handlers.c:334: return;
                                   2019 ;	src/command_handlers.c:335: }
      000AE9 22               [24] 2020 	ret
                                   2021 ;------------------------------------------------------------
                                   2022 ;Allocation info for local variables in function 'action_for_write_to_specific_position'
                                   2023 ;------------------------------------------------------------
                                   2024 ;input_buffer              Allocated with name '_action_for_write_to_specific_position_input_buffer_65536_98'
                                   2025 ;input_buffer_string       Allocated with name '_action_for_write_to_specific_position_input_buffer_string_65536_98'
                                   2026 ;error_message             Allocated with name '_action_for_write_to_specific_position_error_message_65536_98'
                                   2027 ;row_number                Allocated with name '_action_for_write_to_specific_position_row_number_65536_98'
                                   2028 ;column_number             Allocated with name '_action_for_write_to_specific_position_column_number_65536_98'
                                   2029 ;current_state             Allocated with name '_action_for_write_to_specific_position_current_state_65536_98'
                                   2030 ;wait_for_input            Allocated with name '_action_for_write_to_specific_position_wait_for_input_65536_98'
                                   2031 ;state_on_error            Allocated with name '_action_for_write_to_specific_position_state_on_error_65536_98'
                                   2032 ;------------------------------------------------------------
                                   2033 ;	src/command_handlers.c:337: void action_for_write_to_specific_position(void)
                                   2034 ;	-----------------------------------------
                                   2035 ;	 function action_for_write_to_specific_position
                                   2036 ;	-----------------------------------------
      000AEA                       2037 _action_for_write_to_specific_position:
                                   2038 ;	src/command_handlers.c:342: char *error_message = "\r\nOut of range\r\n";
                                   2039 ;	src/command_handlers.c:343: uint8_t row_number = 0;
      000AEA 90r00rF3         [24] 2040 	mov	dptr,#_action_for_write_to_specific_position_row_number_65536_98
      000AED E4               [12] 2041 	clr	a
      000AEE F0               [24] 2042 	movx	@dptr,a
                                   2043 ;	src/command_handlers.c:344: uint8_t column_number = 0;
      000AEF 90r00rF4         [24] 2044 	mov	dptr,#_action_for_write_to_specific_position_column_number_65536_98
      000AF2 F0               [24] 2045 	movx	@dptr,a
                                   2046 ;	src/command_handlers.c:345: get_in_mem_state current_state = GET_ROW_INPUT_FROM_USER;
      000AF3 90r00rF5         [24] 2047 	mov	dptr,#_action_for_write_to_specific_position_current_state_65536_98
      000AF6 74 02            [12] 2048 	mov	a,#0x02
      000AF8 F0               [24] 2049 	movx	@dptr,a
                                   2050 ;	src/command_handlers.c:346: bool wait_for_input = true;
      000AF9 90r00rF6         [24] 2051 	mov	dptr,#_action_for_write_to_specific_position_wait_for_input_65536_98
      000AFC 14               [12] 2052 	dec	a
      000AFD F0               [24] 2053 	movx	@dptr,a
                                   2054 ;	src/command_handlers.c:349: get_in_mem_state state_on_error = GET_ROW_INPUT_FROM_USER;
      000AFE 90r00rF7         [24] 2055 	mov	dptr,#_action_for_write_to_specific_position_state_on_error_65536_98
      000B01 04               [12] 2056 	inc	a
      000B02 F0               [24] 2057 	movx	@dptr,a
                                   2058 ;	src/command_handlers.c:350: while (wait_for_input)
      000B03                       2059 00126$:
      000B03 90r00rF6         [24] 2060 	mov	dptr,#_action_for_write_to_specific_position_wait_for_input_65536_98
      000B06 E0               [24] 2061 	movx	a,@dptr
      000B07 70 01            [24] 2062 	jnz	00171$
      000B09 22               [24] 2063 	ret
      000B0A                       2064 00171$:
                                   2065 ;	src/command_handlers.c:352: switch (current_state)
      000B0A 90r00rF5         [24] 2066 	mov	dptr,#_action_for_write_to_specific_position_current_state_65536_98
      000B0D E0               [24] 2067 	movx	a,@dptr
      000B0E FF               [12] 2068 	mov  r7,a
      000B0F 24 F4            [12] 2069 	add	a,#0xff - 0x0b
      000B11 40 F0            [24] 2070 	jc	00126$
      000B13 EF               [12] 2071 	mov	a,r7
      000B14 24 0A            [12] 2072 	add	a,#(00173$-3-.)
      000B16 83               [24] 2073 	movc	a,@a+pc
      000B17 F5 82            [12] 2074 	mov	dpl,a
      000B19 EF               [12] 2075 	mov	a,r7
      000B1A 24 10            [12] 2076 	add	a,#(00174$-3-.)
      000B1C 83               [24] 2077 	movc	a,@a+pc
      000B1D F5 83            [12] 2078 	mov	dph,a
      000B1F E4               [12] 2079 	clr	a
      000B20 73               [24] 2080 	jmp	@a+dptr
      000B21                       2081 00173$:
      000B21rC3                    2082 	.db	00119$
      000B22r08                    2083 	.db	00122$
      000B23r39                    2084 	.db	00101$
      000B24rFF                    2085 	.db	00110$
      000B25r7E                    2086 	.db	00104$
      000B26r44                    2087 	.db	00113$
      000B27r03                    2088 	.db	00126$
      000B28r03                    2089 	.db	00126$
      000B29r03                    2090 	.db	00126$
      000B2Ar03                    2091 	.db	00126$
      000B2Br03                    2092 	.db	00126$
      000B2Cr47                    2093 	.db	00123$
      000B2D                       2094 00174$:
      000B2Ds0C                    2095 	.db	00119$>>8
      000B2Es0D                    2096 	.db	00122$>>8
      000B2Fs0B                    2097 	.db	00101$>>8
      000B30s0B                    2098 	.db	00110$>>8
      000B31s0B                    2099 	.db	00104$>>8
      000B32s0C                    2100 	.db	00113$>>8
      000B33s0B                    2101 	.db	00126$>>8
      000B34s0B                    2102 	.db	00126$>>8
      000B35s0B                    2103 	.db	00126$>>8
      000B36s0B                    2104 	.db	00126$>>8
      000B37s0B                    2105 	.db	00126$>>8
      000B38s0D                    2106 	.db	00123$>>8
                                   2107 ;	src/command_handlers.c:354: case GET_ROW_INPUT_FROM_USER:
      000B39                       2108 00101$:
                                   2109 ;	src/command_handlers.c:355: printf("\r\nEnter the row number(between 1 and 4):");
      000B39 74r16            [12] 2110 	mov	a,#___str_35
      000B3B C0 E0            [24] 2111 	push	acc
      000B3D 74s06            [12] 2112 	mov	a,#(___str_35 >> 8)
      000B3F C0 E0            [24] 2113 	push	acc
      000B41 74 80            [12] 2114 	mov	a,#0x80
      000B43 C0 E0            [24] 2115 	push	acc
      000B45 12r00r00         [24] 2116 	lcall	_printf
      000B48 15 81            [12] 2117 	dec	sp
      000B4A 15 81            [12] 2118 	dec	sp
      000B4C 15 81            [12] 2119 	dec	sp
                                   2120 ;	src/command_handlers.c:356: if (!getstr(input_buffer, sizeof(input_buffer), error_message))
      000B4E 90r00r00         [24] 2121 	mov	dptr,#_getstr_PARM_2
      000B51 74 03            [12] 2122 	mov	a,#0x03
      000B53 F0               [24] 2123 	movx	@dptr,a
      000B54 E4               [12] 2124 	clr	a
      000B55 A3               [24] 2125 	inc	dptr
      000B56 F0               [24] 2126 	movx	@dptr,a
      000B57 90r00r00         [24] 2127 	mov	dptr,#_getstr_PARM_3
      000B5A 74rD1            [12] 2128 	mov	a,#___str_32
      000B5C F0               [24] 2129 	movx	@dptr,a
      000B5D 74s05            [12] 2130 	mov	a,#(___str_32 >> 8)
      000B5F A3               [24] 2131 	inc	dptr
      000B60 F0               [24] 2132 	movx	@dptr,a
      000B61 74 80            [12] 2133 	mov	a,#0x80
      000B63 A3               [24] 2134 	inc	dptr
      000B64 F0               [24] 2135 	movx	@dptr,a
      000B65 90r00r8C         [24] 2136 	mov	dptr,#_action_for_write_to_specific_position_input_buffer_65536_98
      000B68 75 F0 00         [24] 2137 	mov	b,#0x00
      000B6B 12r00r00         [24] 2138 	lcall	_getstr
      000B6E E5 82            [12] 2139 	mov	a,dpl
      000B70 60 03            [24] 2140 	jz	00175$
      000B72 02r0Br03         [24] 2141 	ljmp	00126$
      000B75                       2142 00175$:
                                   2143 ;	src/command_handlers.c:358: current_state = PARSE_ROW_INPUT;
      000B75 90r00rF5         [24] 2144 	mov	dptr,#_action_for_write_to_specific_position_current_state_65536_98
      000B78 74 04            [12] 2145 	mov	a,#0x04
      000B7A F0               [24] 2146 	movx	@dptr,a
                                   2147 ;	src/command_handlers.c:360: break;
      000B7B 02r0Br03         [24] 2148 	ljmp	00126$
                                   2149 ;	src/command_handlers.c:361: case PARSE_ROW_INPUT:
      000B7E                       2150 00104$:
                                   2151 ;	src/command_handlers.c:362: state_on_error = GET_ROW_INPUT_FROM_USER;
      000B7E 90r00rF7         [24] 2152 	mov	dptr,#_action_for_write_to_specific_position_state_on_error_65536_98
      000B81 74 02            [12] 2153 	mov	a,#0x02
      000B83 F0               [24] 2154 	movx	@dptr,a
                                   2155 ;	src/command_handlers.c:363: check_input_buffer_and_extract_number(input_buffer,sizeof(input_buffer),&current_state,&row_number,&state_on_error);
      000B84 90r00r68         [24] 2156 	mov	dptr,#_check_input_buffer_and_extract_number_PARM_2
      000B87 04               [12] 2157 	inc	a
      000B88 F0               [24] 2158 	movx	@dptr,a
      000B89 E4               [12] 2159 	clr	a
      000B8A A3               [24] 2160 	inc	dptr
      000B8B F0               [24] 2161 	movx	@dptr,a
      000B8C 90r00r6A         [24] 2162 	mov	dptr,#_check_input_buffer_and_extract_number_PARM_3
      000B8F 74rF5            [12] 2163 	mov	a,#_action_for_write_to_specific_position_current_state_65536_98
      000B91 F0               [24] 2164 	movx	@dptr,a
      000B92 74s00            [12] 2165 	mov	a,#(_action_for_write_to_specific_position_current_state_65536_98 >> 8)
      000B94 A3               [24] 2166 	inc	dptr
      000B95 F0               [24] 2167 	movx	@dptr,a
      000B96 E4               [12] 2168 	clr	a
      000B97 A3               [24] 2169 	inc	dptr
      000B98 F0               [24] 2170 	movx	@dptr,a
      000B99 90r00r6D         [24] 2171 	mov	dptr,#_check_input_buffer_and_extract_number_PARM_4
      000B9C 74rF3            [12] 2172 	mov	a,#_action_for_write_to_specific_position_row_number_65536_98
      000B9E F0               [24] 2173 	movx	@dptr,a
      000B9F 74s00            [12] 2174 	mov	a,#(_action_for_write_to_specific_position_row_number_65536_98 >> 8)
      000BA1 A3               [24] 2175 	inc	dptr
      000BA2 F0               [24] 2176 	movx	@dptr,a
      000BA3 E4               [12] 2177 	clr	a
      000BA4 A3               [24] 2178 	inc	dptr
      000BA5 F0               [24] 2179 	movx	@dptr,a
      000BA6 90r00r70         [24] 2180 	mov	dptr,#_check_input_buffer_and_extract_number_PARM_5
      000BA9 74rF7            [12] 2181 	mov	a,#_action_for_write_to_specific_position_state_on_error_65536_98
      000BAB F0               [24] 2182 	movx	@dptr,a
      000BAC 74s00            [12] 2183 	mov	a,#(_action_for_write_to_specific_position_state_on_error_65536_98 >> 8)
      000BAE A3               [24] 2184 	inc	dptr
      000BAF F0               [24] 2185 	movx	@dptr,a
      000BB0 E4               [12] 2186 	clr	a
      000BB1 A3               [24] 2187 	inc	dptr
      000BB2 F0               [24] 2188 	movx	@dptr,a
      000BB3 90r00r8C         [24] 2189 	mov	dptr,#_action_for_write_to_specific_position_input_buffer_65536_98
      000BB6 75 F0 00         [24] 2190 	mov	b,#0x00
      000BB9 12r06rC5         [24] 2191 	lcall	_check_input_buffer_and_extract_number
                                   2192 ;	src/command_handlers.c:364: if(current_state==PARSE_ROW_INPUT)
      000BBC 90r00rF5         [24] 2193 	mov	dptr,#_action_for_write_to_specific_position_current_state_65536_98
      000BBF E0               [24] 2194 	movx	a,@dptr
      000BC0 FF               [12] 2195 	mov	r7,a
      000BC1 BF 04 02         [24] 2196 	cjne	r7,#0x04,00176$
      000BC4 80 03            [24] 2197 	sjmp	00177$
      000BC6                       2198 00176$:
      000BC6 02r0Br03         [24] 2199 	ljmp	00126$
      000BC9                       2200 00177$:
                                   2201 ;	src/command_handlers.c:366: if(row_number<=4)
      000BC9 90r00rF3         [24] 2202 	mov	dptr,#_action_for_write_to_specific_position_row_number_65536_98
      000BCC E0               [24] 2203 	movx	a,@dptr
      000BCD FF               [12] 2204 	mov  r7,a
      000BCE 24 FB            [12] 2205 	add	a,#0xff - 0x04
      000BD0 40 0F            [24] 2206 	jc	00106$
                                   2207 ;	src/command_handlers.c:368: row_number-=1;
      000BD2 EF               [12] 2208 	mov	a,r7
      000BD3 14               [12] 2209 	dec	a
      000BD4 90r00rF3         [24] 2210 	mov	dptr,#_action_for_write_to_specific_position_row_number_65536_98
      000BD7 F0               [24] 2211 	movx	@dptr,a
                                   2212 ;	src/command_handlers.c:369: current_state=GET_COLUMN_INPUT_FROM_USER;
      000BD8 90r00rF5         [24] 2213 	mov	dptr,#_action_for_write_to_specific_position_current_state_65536_98
      000BDB 74 03            [12] 2214 	mov	a,#0x03
      000BDD F0               [24] 2215 	movx	@dptr,a
      000BDE 02r0Br03         [24] 2216 	ljmp	00126$
      000BE1                       2217 00106$:
                                   2218 ;	src/command_handlers.c:373: printf("\r\nInvalid Input:");
      000BE1 74r3F            [12] 2219 	mov	a,#___str_36
      000BE3 C0 E0            [24] 2220 	push	acc
      000BE5 74s06            [12] 2221 	mov	a,#(___str_36 >> 8)
      000BE7 C0 E0            [24] 2222 	push	acc
      000BE9 74 80            [12] 2223 	mov	a,#0x80
      000BEB C0 E0            [24] 2224 	push	acc
      000BED 12r00r00         [24] 2225 	lcall	_printf
      000BF0 15 81            [12] 2226 	dec	sp
      000BF2 15 81            [12] 2227 	dec	sp
      000BF4 15 81            [12] 2228 	dec	sp
                                   2229 ;	src/command_handlers.c:374: current_state = GET_ROW_INPUT_FROM_USER;
      000BF6 90r00rF5         [24] 2230 	mov	dptr,#_action_for_write_to_specific_position_current_state_65536_98
      000BF9 74 02            [12] 2231 	mov	a,#0x02
      000BFB F0               [24] 2232 	movx	@dptr,a
                                   2233 ;	src/command_handlers.c:378: break;
      000BFC 02r0Br03         [24] 2234 	ljmp	00126$
                                   2235 ;	src/command_handlers.c:379: case GET_COLUMN_INPUT_FROM_USER:
      000BFF                       2236 00110$:
                                   2237 ;	src/command_handlers.c:381: printf("\r\nEnter the column number(between 1 and 16):");
      000BFF 74r50            [12] 2238 	mov	a,#___str_37
      000C01 C0 E0            [24] 2239 	push	acc
      000C03 74s06            [12] 2240 	mov	a,#(___str_37 >> 8)
      000C05 C0 E0            [24] 2241 	push	acc
      000C07 74 80            [12] 2242 	mov	a,#0x80
      000C09 C0 E0            [24] 2243 	push	acc
      000C0B 12r00r00         [24] 2244 	lcall	_printf
      000C0E 15 81            [12] 2245 	dec	sp
      000C10 15 81            [12] 2246 	dec	sp
      000C12 15 81            [12] 2247 	dec	sp
                                   2248 ;	src/command_handlers.c:382: if (!getstr(input_buffer, sizeof(input_buffer), error_message))
      000C14 90r00r00         [24] 2249 	mov	dptr,#_getstr_PARM_2
      000C17 74 03            [12] 2250 	mov	a,#0x03
      000C19 F0               [24] 2251 	movx	@dptr,a
      000C1A E4               [12] 2252 	clr	a
      000C1B A3               [24] 2253 	inc	dptr
      000C1C F0               [24] 2254 	movx	@dptr,a
      000C1D 90r00r00         [24] 2255 	mov	dptr,#_getstr_PARM_3
      000C20 74rD1            [12] 2256 	mov	a,#___str_32
      000C22 F0               [24] 2257 	movx	@dptr,a
      000C23 74s05            [12] 2258 	mov	a,#(___str_32 >> 8)
      000C25 A3               [24] 2259 	inc	dptr
      000C26 F0               [24] 2260 	movx	@dptr,a
      000C27 74 80            [12] 2261 	mov	a,#0x80
      000C29 A3               [24] 2262 	inc	dptr
      000C2A F0               [24] 2263 	movx	@dptr,a
      000C2B 90r00r8C         [24] 2264 	mov	dptr,#_action_for_write_to_specific_position_input_buffer_65536_98
      000C2E 75 F0 00         [24] 2265 	mov	b,#0x00
      000C31 12r00r00         [24] 2266 	lcall	_getstr
      000C34 E5 82            [12] 2267 	mov	a,dpl
      000C36 60 03            [24] 2268 	jz	00179$
      000C38 02r0Br03         [24] 2269 	ljmp	00126$
      000C3B                       2270 00179$:
                                   2271 ;	src/command_handlers.c:384: current_state = PARSE_COLUMN_INPUT;
      000C3B 90r00rF5         [24] 2272 	mov	dptr,#_action_for_write_to_specific_position_current_state_65536_98
      000C3E 74 05            [12] 2273 	mov	a,#0x05
      000C40 F0               [24] 2274 	movx	@dptr,a
                                   2275 ;	src/command_handlers.c:386: break;
      000C41 02r0Br03         [24] 2276 	ljmp	00126$
                                   2277 ;	src/command_handlers.c:387: case PARSE_COLUMN_INPUT:
      000C44                       2278 00113$:
                                   2279 ;	src/command_handlers.c:388: state_on_error = GET_COLUMN_INPUT_FROM_USER;
      000C44 90r00rF7         [24] 2280 	mov	dptr,#_action_for_write_to_specific_position_state_on_error_65536_98
      000C47 74 03            [12] 2281 	mov	a,#0x03
      000C49 F0               [24] 2282 	movx	@dptr,a
                                   2283 ;	src/command_handlers.c:389: check_input_buffer_and_extract_number(input_buffer,sizeof(input_buffer),&current_state,&column_number,&state_on_error);
      000C4A 90r00r68         [24] 2284 	mov	dptr,#_check_input_buffer_and_extract_number_PARM_2
      000C4D F0               [24] 2285 	movx	@dptr,a
      000C4E E4               [12] 2286 	clr	a
      000C4F A3               [24] 2287 	inc	dptr
      000C50 F0               [24] 2288 	movx	@dptr,a
      000C51 90r00r6A         [24] 2289 	mov	dptr,#_check_input_buffer_and_extract_number_PARM_3
      000C54 74rF5            [12] 2290 	mov	a,#_action_for_write_to_specific_position_current_state_65536_98
      000C56 F0               [24] 2291 	movx	@dptr,a
      000C57 74s00            [12] 2292 	mov	a,#(_action_for_write_to_specific_position_current_state_65536_98 >> 8)
      000C59 A3               [24] 2293 	inc	dptr
      000C5A F0               [24] 2294 	movx	@dptr,a
      000C5B E4               [12] 2295 	clr	a
      000C5C A3               [24] 2296 	inc	dptr
      000C5D F0               [24] 2297 	movx	@dptr,a
      000C5E 90r00r6D         [24] 2298 	mov	dptr,#_check_input_buffer_and_extract_number_PARM_4
      000C61 74rF4            [12] 2299 	mov	a,#_action_for_write_to_specific_position_column_number_65536_98
      000C63 F0               [24] 2300 	movx	@dptr,a
      000C64 74s00            [12] 2301 	mov	a,#(_action_for_write_to_specific_position_column_number_65536_98 >> 8)
      000C66 A3               [24] 2302 	inc	dptr
      000C67 F0               [24] 2303 	movx	@dptr,a
      000C68 E4               [12] 2304 	clr	a
      000C69 A3               [24] 2305 	inc	dptr
      000C6A F0               [24] 2306 	movx	@dptr,a
      000C6B 90r00r70         [24] 2307 	mov	dptr,#_check_input_buffer_and_extract_number_PARM_5
      000C6E 74rF7            [12] 2308 	mov	a,#_action_for_write_to_specific_position_state_on_error_65536_98
      000C70 F0               [24] 2309 	movx	@dptr,a
      000C71 74s00            [12] 2310 	mov	a,#(_action_for_write_to_specific_position_state_on_error_65536_98 >> 8)
      000C73 A3               [24] 2311 	inc	dptr
      000C74 F0               [24] 2312 	movx	@dptr,a
      000C75 E4               [12] 2313 	clr	a
      000C76 A3               [24] 2314 	inc	dptr
      000C77 F0               [24] 2315 	movx	@dptr,a
      000C78 90r00r8C         [24] 2316 	mov	dptr,#_action_for_write_to_specific_position_input_buffer_65536_98
      000C7B 75 F0 00         [24] 2317 	mov	b,#0x00
      000C7E 12r06rC5         [24] 2318 	lcall	_check_input_buffer_and_extract_number
                                   2319 ;	src/command_handlers.c:390: if(current_state==PARSE_COLUMN_INPUT)
      000C81 90r00rF5         [24] 2320 	mov	dptr,#_action_for_write_to_specific_position_current_state_65536_98
      000C84 E0               [24] 2321 	movx	a,@dptr
      000C85 FF               [12] 2322 	mov	r7,a
      000C86 BF 05 02         [24] 2323 	cjne	r7,#0x05,00180$
      000C89 80 03            [24] 2324 	sjmp	00181$
      000C8B                       2325 00180$:
      000C8B 02r0Br03         [24] 2326 	ljmp	00126$
      000C8E                       2327 00181$:
                                   2328 ;	src/command_handlers.c:392: if(row_number<=16)
      000C8E 90r00rF3         [24] 2329 	mov	dptr,#_action_for_write_to_specific_position_row_number_65536_98
      000C91 E0               [24] 2330 	movx	a,@dptr
      000C92 24 EF            [12] 2331 	add	a,#0xff - 0x10
      000C94 40 0F            [24] 2332 	jc	00115$
                                   2333 ;	src/command_handlers.c:394: column_number-=1;
      000C96 90r00rF4         [24] 2334 	mov	dptr,#_action_for_write_to_specific_position_column_number_65536_98
      000C99 E0               [24] 2335 	movx	a,@dptr
      000C9A FF               [12] 2336 	mov	r7,a
      000C9B 14               [12] 2337 	dec	a
      000C9C F0               [24] 2338 	movx	@dptr,a
                                   2339 ;	src/command_handlers.c:395: current_state = GET_STRING_INPUT_FROM_USER;
      000C9D 90r00rF5         [24] 2340 	mov	dptr,#_action_for_write_to_specific_position_current_state_65536_98
      000CA0 E4               [12] 2341 	clr	a
      000CA1 F0               [24] 2342 	movx	@dptr,a
      000CA2 02r0Br03         [24] 2343 	ljmp	00126$
      000CA5                       2344 00115$:
                                   2345 ;	src/command_handlers.c:399: printf("\r\nInvalid Input:");
      000CA5 74r3F            [12] 2346 	mov	a,#___str_36
      000CA7 C0 E0            [24] 2347 	push	acc
      000CA9 74s06            [12] 2348 	mov	a,#(___str_36 >> 8)
      000CAB C0 E0            [24] 2349 	push	acc
      000CAD 74 80            [12] 2350 	mov	a,#0x80
      000CAF C0 E0            [24] 2351 	push	acc
      000CB1 12r00r00         [24] 2352 	lcall	_printf
      000CB4 15 81            [12] 2353 	dec	sp
      000CB6 15 81            [12] 2354 	dec	sp
      000CB8 15 81            [12] 2355 	dec	sp
                                   2356 ;	src/command_handlers.c:400: current_state = GET_COLUMN_INPUT_FROM_USER;
      000CBA 90r00rF5         [24] 2357 	mov	dptr,#_action_for_write_to_specific_position_current_state_65536_98
      000CBD 74 03            [12] 2358 	mov	a,#0x03
      000CBF F0               [24] 2359 	movx	@dptr,a
                                   2360 ;	src/command_handlers.c:404: break;
      000CC0 02r0Br03         [24] 2361 	ljmp	00126$
                                   2362 ;	src/command_handlers.c:405: case GET_STRING_INPUT_FROM_USER:
      000CC3                       2363 00119$:
                                   2364 ;	src/command_handlers.c:406: printf("\r\nEnter the string and press enter:");
      000CC3 74rE2            [12] 2365 	mov	a,#___str_33
      000CC5 C0 E0            [24] 2366 	push	acc
      000CC7 74s05            [12] 2367 	mov	a,#(___str_33 >> 8)
      000CC9 C0 E0            [24] 2368 	push	acc
      000CCB 74 80            [12] 2369 	mov	a,#0x80
      000CCD C0 E0            [24] 2370 	push	acc
      000CCF 12r00r00         [24] 2371 	lcall	_printf
      000CD2 15 81            [12] 2372 	dec	sp
      000CD4 15 81            [12] 2373 	dec	sp
      000CD6 15 81            [12] 2374 	dec	sp
                                   2375 ;	src/command_handlers.c:407: if (!getstr(input_buffer_string, sizeof(input_buffer_string), error_message))
      000CD8 90r00r00         [24] 2376 	mov	dptr,#_getstr_PARM_2
      000CDB 74 64            [12] 2377 	mov	a,#0x64
      000CDD F0               [24] 2378 	movx	@dptr,a
      000CDE E4               [12] 2379 	clr	a
      000CDF A3               [24] 2380 	inc	dptr
      000CE0 F0               [24] 2381 	movx	@dptr,a
      000CE1 90r00r00         [24] 2382 	mov	dptr,#_getstr_PARM_3
      000CE4 74rD1            [12] 2383 	mov	a,#___str_32
      000CE6 F0               [24] 2384 	movx	@dptr,a
      000CE7 74s05            [12] 2385 	mov	a,#(___str_32 >> 8)
      000CE9 A3               [24] 2386 	inc	dptr
      000CEA F0               [24] 2387 	movx	@dptr,a
      000CEB 74 80            [12] 2388 	mov	a,#0x80
      000CED A3               [24] 2389 	inc	dptr
      000CEE F0               [24] 2390 	movx	@dptr,a
      000CEF 90r00r8F         [24] 2391 	mov	dptr,#_action_for_write_to_specific_position_input_buffer_string_65536_98
      000CF2 75 F0 00         [24] 2392 	mov	b,#0x00
      000CF5 12r00r00         [24] 2393 	lcall	_getstr
      000CF8 E5 82            [12] 2394 	mov	a,dpl
      000CFA 60 03            [24] 2395 	jz	00183$
      000CFC 02r0Br03         [24] 2396 	ljmp	00126$
      000CFF                       2397 00183$:
                                   2398 ;	src/command_handlers.c:409: current_state = PUT_DATA_TO_LCD;
      000CFF 90r00rF5         [24] 2399 	mov	dptr,#_action_for_write_to_specific_position_current_state_65536_98
      000D02 74 01            [12] 2400 	mov	a,#0x01
      000D04 F0               [24] 2401 	movx	@dptr,a
                                   2402 ;	src/command_handlers.c:411: break;
      000D05 02r0Br03         [24] 2403 	ljmp	00126$
                                   2404 ;	src/command_handlers.c:412: case PUT_DATA_TO_LCD:
      000D08                       2405 00122$:
                                   2406 ;	src/command_handlers.c:418: }
      000D08 7F 01            [12] 2407 	mov	r7,#0x01
      000D0A 10 AF 02         [24] 2408 	jbc	ea,00184$
      000D0D 7F 00            [12] 2409 	mov	r7,#0x00
      000D0F                       2410 00184$:
                                   2411 ;	src/command_handlers.c:415: lcd_clear();
      000D0F C0 07            [24] 2412 	push	ar7
      000D11 12r00r00         [24] 2413 	lcall	_lcd_clear
      000D14 D0 07            [24] 2414 	pop	ar7
                                   2415 ;	src/command_handlers.c:416: lcd_put_string(input_buffer_string,row_number,column_number);
      000D16 90r00rF3         [24] 2416 	mov	dptr,#_action_for_write_to_specific_position_row_number_65536_98
      000D19 E0               [24] 2417 	movx	a,@dptr
      000D1A FE               [12] 2418 	mov	r6,a
      000D1B 90r00rF4         [24] 2419 	mov	dptr,#_action_for_write_to_specific_position_column_number_65536_98
      000D1E E0               [24] 2420 	movx	a,@dptr
      000D1F FD               [12] 2421 	mov	r5,a
      000D20 90r00r00         [24] 2422 	mov	dptr,#_lcd_put_string_PARM_2
      000D23 EE               [12] 2423 	mov	a,r6
      000D24 F0               [24] 2424 	movx	@dptr,a
      000D25 90r00r00         [24] 2425 	mov	dptr,#_lcd_put_string_PARM_3
      000D28 ED               [12] 2426 	mov	a,r5
      000D29 F0               [24] 2427 	movx	@dptr,a
      000D2A 90r00r8F         [24] 2428 	mov	dptr,#_action_for_write_to_specific_position_input_buffer_string_65536_98
      000D2D 75 F0 00         [24] 2429 	mov	b,#0x00
      000D30 C0 07            [24] 2430 	push	ar7
      000D32 12r00r00         [24] 2431 	lcall	_lcd_put_string
                                   2432 ;	src/command_handlers.c:417: current_time_display();
      000D35 12r00r00         [24] 2433 	lcall	_current_time_display
      000D38 D0 07            [24] 2434 	pop	ar7
      000D3A EF               [12] 2435 	mov	a,r7
      000D3B 13               [12] 2436 	rrc	a
      000D3C 92 AF            [24] 2437 	mov	ea,c
                                   2438 ;	src/command_handlers.c:420: current_state = EXIT;
      000D3E 90r00rF5         [24] 2439 	mov	dptr,#_action_for_write_to_specific_position_current_state_65536_98
      000D41 74 0B            [12] 2440 	mov	a,#0x0b
      000D43 F0               [24] 2441 	movx	@dptr,a
                                   2442 ;	src/command_handlers.c:421: break;
      000D44 02r0Br03         [24] 2443 	ljmp	00126$
                                   2444 ;	src/command_handlers.c:422: case EXIT:
      000D47                       2445 00123$:
                                   2446 ;	src/command_handlers.c:423: wait_for_input = false;
      000D47 90r00rF6         [24] 2447 	mov	dptr,#_action_for_write_to_specific_position_wait_for_input_65536_98
      000D4A E4               [12] 2448 	clr	a
      000D4B F0               [24] 2449 	movx	@dptr,a
                                   2450 ;	src/command_handlers.c:424: break;
                                   2451 ;	src/command_handlers.c:427: }
                                   2452 ;	src/command_handlers.c:429: }
      000D4C 02r0Br03         [24] 2453 	ljmp	00126$
                                   2454 ;------------------------------------------------------------
                                   2455 ;Allocation info for local variables in function 'action_for_display_custom_char'
                                   2456 ;------------------------------------------------------------
                                   2457 ;input_buffer              Allocated with name '_action_for_display_custom_char_input_buffer_65536_112'
                                   2458 ;error_message             Allocated with name '_action_for_display_custom_char_error_message_65536_112'
                                   2459 ;char_code_row_value       Allocated with name '_action_for_display_custom_char_char_code_row_value_65536_112'
                                   2460 ;char_code_number          Allocated with name '_action_for_display_custom_char_char_code_number_65536_112'
                                   2461 ;current_state             Allocated with name '_action_for_display_custom_char_current_state_65536_112'
                                   2462 ;wait_for_input            Allocated with name '_action_for_display_custom_char_wait_for_input_65536_112'
                                   2463 ;char_code_row_values      Allocated with name '_action_for_display_custom_char_char_code_row_values_65536_112'
                                   2464 ;state_on_error            Allocated with name '_action_for_display_custom_char_state_on_error_65536_112'
                                   2465 ;------------------------------------------------------------
                                   2466 ;	src/command_handlers.c:430: void action_for_display_custom_char(void)
                                   2467 ;	-----------------------------------------
                                   2468 ;	 function action_for_display_custom_char
                                   2469 ;	-----------------------------------------
      000D4F                       2470 _action_for_display_custom_char:
                                   2471 ;	src/command_handlers.c:433: char *error_message = "\r\nOut of range\r\n";
                                   2472 ;	src/command_handlers.c:435: uint8_t char_code_number = 0;
      000D4F 90r00rFB         [24] 2473 	mov	dptr,#_action_for_display_custom_char_char_code_number_65536_112
      000D52 E4               [12] 2474 	clr	a
      000D53 F0               [24] 2475 	movx	@dptr,a
                                   2476 ;	src/command_handlers.c:436: get_in_mem_state current_state = GET_CHAR_CODE_INPUT_FROM_USER;
      000D54 90r00rFC         [24] 2477 	mov	dptr,#_action_for_display_custom_char_current_state_65536_112
      000D57 74 06            [12] 2478 	mov	a,#0x06
      000D59 F0               [24] 2479 	movx	@dptr,a
                                   2480 ;	src/command_handlers.c:437: bool wait_for_input = true;
      000D5A 90r00rFD         [24] 2481 	mov	dptr,#_action_for_display_custom_char_wait_for_input_65536_112
      000D5D 74 01            [12] 2482 	mov	a,#0x01
      000D5F F0               [24] 2483 	movx	@dptr,a
                                   2484 ;	src/command_handlers.c:441: get_in_mem_state state_on_error = GET_ROW_INPUT_FROM_USER;
      000D60 90r01r06         [24] 2485 	mov	dptr,#_action_for_display_custom_char_state_on_error_65536_112
      000D63 04               [12] 2486 	inc	a
      000D64 F0               [24] 2487 	movx	@dptr,a
                                   2488 ;	src/command_handlers.c:442: while (wait_for_input)
      000D65                       2489 00115$:
      000D65 90r00rFD         [24] 2490 	mov	dptr,#_action_for_display_custom_char_wait_for_input_65536_112
      000D68 E0               [24] 2491 	movx	a,@dptr
      000D69 70 01            [24] 2492 	jnz	00160$
      000D6B 22               [24] 2493 	ret
      000D6C                       2494 00160$:
                                   2495 ;	src/command_handlers.c:444: switch (current_state)
      000D6C 90r00rFC         [24] 2496 	mov	dptr,#_action_for_display_custom_char_current_state_65536_112
      000D6F E0               [24] 2497 	movx	a,@dptr
      000D70 FF               [12] 2498 	mov	r7,a
      000D71 BF 06 02         [24] 2499 	cjne	r7,#0x06,00161$
      000D74 80 13            [24] 2500 	sjmp	00101$
      000D76                       2501 00161$:
      000D76 BF 07 02         [24] 2502 	cjne	r7,#0x07,00162$
      000D79 80 4F            [24] 2503 	sjmp	00104$
      000D7B                       2504 00162$:
      000D7B BF 0A 03         [24] 2505 	cjne	r7,#0x0a,00163$
      000D7E 02r0Er6E         [24] 2506 	ljmp	00111$
      000D81                       2507 00163$:
      000D81 BF 0B 03         [24] 2508 	cjne	r7,#0x0b,00164$
      000D84 02r0ErAE         [24] 2509 	ljmp	00112$
      000D87                       2510 00164$:
                                   2511 ;	src/command_handlers.c:446: case GET_CHAR_CODE_INPUT_FROM_USER:
      000D87 80 DC            [24] 2512 	sjmp	00115$
      000D89                       2513 00101$:
                                   2514 ;	src/command_handlers.c:447: printf("\r\nEnter the char code to display (between 1 and 8):");
      000D89 74r7D            [12] 2515 	mov	a,#___str_38
      000D8B C0 E0            [24] 2516 	push	acc
      000D8D 74s06            [12] 2517 	mov	a,#(___str_38 >> 8)
      000D8F C0 E0            [24] 2518 	push	acc
      000D91 74 80            [12] 2519 	mov	a,#0x80
      000D93 C0 E0            [24] 2520 	push	acc
      000D95 12r00r00         [24] 2521 	lcall	_printf
      000D98 15 81            [12] 2522 	dec	sp
      000D9A 15 81            [12] 2523 	dec	sp
      000D9C 15 81            [12] 2524 	dec	sp
                                   2525 ;	src/command_handlers.c:448: if (!getstr(input_buffer, sizeof(input_buffer), error_message))
      000D9E 90r00r00         [24] 2526 	mov	dptr,#_getstr_PARM_2
      000DA1 74 03            [12] 2527 	mov	a,#0x03
      000DA3 F0               [24] 2528 	movx	@dptr,a
      000DA4 E4               [12] 2529 	clr	a
      000DA5 A3               [24] 2530 	inc	dptr
      000DA6 F0               [24] 2531 	movx	@dptr,a
      000DA7 90r00r00         [24] 2532 	mov	dptr,#_getstr_PARM_3
      000DAA 74rD1            [12] 2533 	mov	a,#___str_32
      000DAC F0               [24] 2534 	movx	@dptr,a
      000DAD 74s05            [12] 2535 	mov	a,#(___str_32 >> 8)
      000DAF A3               [24] 2536 	inc	dptr
      000DB0 F0               [24] 2537 	movx	@dptr,a
      000DB1 74 80            [12] 2538 	mov	a,#0x80
      000DB3 A3               [24] 2539 	inc	dptr
      000DB4 F0               [24] 2540 	movx	@dptr,a
      000DB5 90r00rF8         [24] 2541 	mov	dptr,#_action_for_display_custom_char_input_buffer_65536_112
      000DB8 75 F0 00         [24] 2542 	mov	b,#0x00
      000DBB 12r00r00         [24] 2543 	lcall	_getstr
      000DBE E5 82            [12] 2544 	mov	a,dpl
      000DC0 70 A3            [24] 2545 	jnz	00115$
                                   2546 ;	src/command_handlers.c:450: current_state = PARSE_CHAR_CODE_INPUT;
      000DC2 90r00rFC         [24] 2547 	mov	dptr,#_action_for_display_custom_char_current_state_65536_112
      000DC5 74 07            [12] 2548 	mov	a,#0x07
      000DC7 F0               [24] 2549 	movx	@dptr,a
                                   2550 ;	src/command_handlers.c:452: break;
                                   2551 ;	src/command_handlers.c:453: case PARSE_CHAR_CODE_INPUT:
      000DC8 80 9B            [24] 2552 	sjmp	00115$
      000DCA                       2553 00104$:
                                   2554 ;	src/command_handlers.c:454: state_on_error = GET_CHAR_CODE_INPUT_FROM_USER;
      000DCA 90r01r06         [24] 2555 	mov	dptr,#_action_for_display_custom_char_state_on_error_65536_112
      000DCD 74 06            [12] 2556 	mov	a,#0x06
      000DCF F0               [24] 2557 	movx	@dptr,a
                                   2558 ;	src/command_handlers.c:455: check_input_buffer_and_extract_number(input_buffer,sizeof(input_buffer),&current_state,&char_code_number,&state_on_error);
      000DD0 90r00r68         [24] 2559 	mov	dptr,#_check_input_buffer_and_extract_number_PARM_2
      000DD3 03               [12] 2560 	rr	a
      000DD4 F0               [24] 2561 	movx	@dptr,a
      000DD5 E4               [12] 2562 	clr	a
      000DD6 A3               [24] 2563 	inc	dptr
      000DD7 F0               [24] 2564 	movx	@dptr,a
      000DD8 90r00r6A         [24] 2565 	mov	dptr,#_check_input_buffer_and_extract_number_PARM_3
      000DDB 74rFC            [12] 2566 	mov	a,#_action_for_display_custom_char_current_state_65536_112
      000DDD F0               [24] 2567 	movx	@dptr,a
      000DDE 74s00            [12] 2568 	mov	a,#(_action_for_display_custom_char_current_state_65536_112 >> 8)
      000DE0 A3               [24] 2569 	inc	dptr
      000DE1 F0               [24] 2570 	movx	@dptr,a
      000DE2 E4               [12] 2571 	clr	a
      000DE3 A3               [24] 2572 	inc	dptr
      000DE4 F0               [24] 2573 	movx	@dptr,a
      000DE5 90r00r6D         [24] 2574 	mov	dptr,#_check_input_buffer_and_extract_number_PARM_4
      000DE8 74rFB            [12] 2575 	mov	a,#_action_for_display_custom_char_char_code_number_65536_112
      000DEA F0               [24] 2576 	movx	@dptr,a
      000DEB 74s00            [12] 2577 	mov	a,#(_action_for_display_custom_char_char_code_number_65536_112 >> 8)
      000DED A3               [24] 2578 	inc	dptr
      000DEE F0               [24] 2579 	movx	@dptr,a
      000DEF E4               [12] 2580 	clr	a
      000DF0 A3               [24] 2581 	inc	dptr
      000DF1 F0               [24] 2582 	movx	@dptr,a
      000DF2 90r00r70         [24] 2583 	mov	dptr,#_check_input_buffer_and_extract_number_PARM_5
      000DF5 74r06            [12] 2584 	mov	a,#_action_for_display_custom_char_state_on_error_65536_112
      000DF7 F0               [24] 2585 	movx	@dptr,a
      000DF8 74s01            [12] 2586 	mov	a,#(_action_for_display_custom_char_state_on_error_65536_112 >> 8)
      000DFA A3               [24] 2587 	inc	dptr
      000DFB F0               [24] 2588 	movx	@dptr,a
      000DFC E4               [12] 2589 	clr	a
      000DFD A3               [24] 2590 	inc	dptr
      000DFE F0               [24] 2591 	movx	@dptr,a
      000DFF 90r00rF8         [24] 2592 	mov	dptr,#_action_for_display_custom_char_input_buffer_65536_112
      000E02 75 F0 00         [24] 2593 	mov	b,#0x00
      000E05 12r06rC5         [24] 2594 	lcall	_check_input_buffer_and_extract_number
                                   2595 ;	src/command_handlers.c:456: if(current_state==PARSE_CHAR_CODE_INPUT)
      000E08 90r00rFC         [24] 2596 	mov	dptr,#_action_for_display_custom_char_current_state_65536_112
      000E0B E0               [24] 2597 	movx	a,@dptr
      000E0C FF               [12] 2598 	mov	r7,a
      000E0D BF 07 02         [24] 2599 	cjne	r7,#0x07,00166$
      000E10 80 03            [24] 2600 	sjmp	00167$
      000E12                       2601 00166$:
      000E12 02r0Dr65         [24] 2602 	ljmp	00115$
      000E15                       2603 00167$:
                                   2604 ;	src/command_handlers.c:458: printf("\r\nCharcode to display is %d:",char_code_number);
      000E15 90r00rFB         [24] 2605 	mov	dptr,#_action_for_display_custom_char_char_code_number_65536_112
      000E18 E0               [24] 2606 	movx	a,@dptr
      000E19 FF               [12] 2607 	mov	r7,a
      000E1A 7E 00            [12] 2608 	mov	r6,#0x00
      000E1C C0 07            [24] 2609 	push	ar7
      000E1E C0 06            [24] 2610 	push	ar6
      000E20 74rB1            [12] 2611 	mov	a,#___str_39
      000E22 C0 E0            [24] 2612 	push	acc
      000E24 74s06            [12] 2613 	mov	a,#(___str_39 >> 8)
      000E26 C0 E0            [24] 2614 	push	acc
      000E28 74 80            [12] 2615 	mov	a,#0x80
      000E2A C0 E0            [24] 2616 	push	acc
      000E2C 12r00r00         [24] 2617 	lcall	_printf
      000E2F E5 81            [12] 2618 	mov	a,sp
      000E31 24 FB            [12] 2619 	add	a,#0xfb
      000E33 F5 81            [12] 2620 	mov	sp,a
                                   2621 ;	src/command_handlers.c:459: if(char_code_number>0 && char_code_number<=8)
      000E35 90r00rFB         [24] 2622 	mov	dptr,#_action_for_display_custom_char_char_code_number_65536_112
      000E38 E0               [24] 2623 	movx	a,@dptr
      000E39 FF               [12] 2624 	mov	r7,a
      000E3A 60 14            [24] 2625 	jz	00106$
      000E3C EF               [12] 2626 	mov	a,r7
      000E3D 24 F7            [12] 2627 	add	a,#0xff - 0x08
      000E3F 40 0F            [24] 2628 	jc	00106$
                                   2629 ;	src/command_handlers.c:461: char_code_number-=1;
      000E41 EF               [12] 2630 	mov	a,r7
      000E42 14               [12] 2631 	dec	a
      000E43 90r00rFB         [24] 2632 	mov	dptr,#_action_for_display_custom_char_char_code_number_65536_112
      000E46 F0               [24] 2633 	movx	@dptr,a
                                   2634 ;	src/command_handlers.c:462: current_state=DISPLAY_CGRAM_CHAR;
      000E47 90r00rFC         [24] 2635 	mov	dptr,#_action_for_display_custom_char_current_state_65536_112
      000E4A 74 0A            [12] 2636 	mov	a,#0x0a
      000E4C F0               [24] 2637 	movx	@dptr,a
      000E4D 02r0Dr65         [24] 2638 	ljmp	00115$
      000E50                       2639 00106$:
                                   2640 ;	src/command_handlers.c:466: printf("\r\nInvalid Input:");
      000E50 74r3F            [12] 2641 	mov	a,#___str_36
      000E52 C0 E0            [24] 2642 	push	acc
      000E54 74s06            [12] 2643 	mov	a,#(___str_36 >> 8)
      000E56 C0 E0            [24] 2644 	push	acc
      000E58 74 80            [12] 2645 	mov	a,#0x80
      000E5A C0 E0            [24] 2646 	push	acc
      000E5C 12r00r00         [24] 2647 	lcall	_printf
      000E5F 15 81            [12] 2648 	dec	sp
      000E61 15 81            [12] 2649 	dec	sp
      000E63 15 81            [12] 2650 	dec	sp
                                   2651 ;	src/command_handlers.c:467: current_state = GET_CHAR_CODE_INPUT_FROM_USER;
      000E65 90r00rFC         [24] 2652 	mov	dptr,#_action_for_display_custom_char_current_state_65536_112
      000E68 74 06            [12] 2653 	mov	a,#0x06
      000E6A F0               [24] 2654 	movx	@dptr,a
                                   2655 ;	src/command_handlers.c:471: break;
      000E6B 02r0Dr65         [24] 2656 	ljmp	00115$
                                   2657 ;	src/command_handlers.c:472: case DISPLAY_CGRAM_CHAR:
      000E6E                       2658 00111$:
                                   2659 ;	src/command_handlers.c:473: printf("\r\nDisplay custom char:");
      000E6E 74rCE            [12] 2660 	mov	a,#___str_40
      000E70 C0 E0            [24] 2661 	push	acc
      000E72 74s06            [12] 2662 	mov	a,#(___str_40 >> 8)
      000E74 C0 E0            [24] 2663 	push	acc
      000E76 74 80            [12] 2664 	mov	a,#0x80
      000E78 C0 E0            [24] 2665 	push	acc
      000E7A 12r00r00         [24] 2666 	lcall	_printf
      000E7D 15 81            [12] 2667 	dec	sp
      000E7F 15 81            [12] 2668 	dec	sp
      000E81 15 81            [12] 2669 	dec	sp
                                   2670 ;	src/command_handlers.c:479: }
      000E83 7F 01            [12] 2671 	mov	r7,#0x01
      000E85 10 AF 02         [24] 2672 	jbc	ea,00170$
      000E88 7F 00            [12] 2673 	mov	r7,#0x00
      000E8A                       2674 00170$:
                                   2675 ;	src/command_handlers.c:476: lcd_clear();
      000E8A C0 07            [24] 2676 	push	ar7
      000E8C 12r00r00         [24] 2677 	lcall	_lcd_clear
      000E8F D0 07            [24] 2678 	pop	ar7
                                   2679 ;	src/command_handlers.c:477: display_custom_char(char_code_number);
      000E91 90r00rFB         [24] 2680 	mov	dptr,#_action_for_display_custom_char_char_code_number_65536_112
      000E94 E0               [24] 2681 	movx	a,@dptr
      000E95 F5 82            [12] 2682 	mov	dpl,a
      000E97 C0 07            [24] 2683 	push	ar7
      000E99 12r00r00         [24] 2684 	lcall	_display_custom_char
                                   2685 ;	src/command_handlers.c:478: current_time_display();
      000E9C 12r00r00         [24] 2686 	lcall	_current_time_display
      000E9F D0 07            [24] 2687 	pop	ar7
      000EA1 EF               [12] 2688 	mov	a,r7
      000EA2 13               [12] 2689 	rrc	a
      000EA3 92 AF            [24] 2690 	mov	ea,c
                                   2691 ;	src/command_handlers.c:480: current_state = EXIT;
      000EA5 90r00rFC         [24] 2692 	mov	dptr,#_action_for_display_custom_char_current_state_65536_112
      000EA8 74 0B            [12] 2693 	mov	a,#0x0b
      000EAA F0               [24] 2694 	movx	@dptr,a
                                   2695 ;	src/command_handlers.c:481: break;
      000EAB 02r0Dr65         [24] 2696 	ljmp	00115$
                                   2697 ;	src/command_handlers.c:482: case EXIT:
      000EAE                       2698 00112$:
                                   2699 ;	src/command_handlers.c:483: wait_for_input = false;
      000EAE 90r00rFD         [24] 2700 	mov	dptr,#_action_for_display_custom_char_wait_for_input_65536_112
      000EB1 E4               [12] 2701 	clr	a
      000EB2 F0               [24] 2702 	movx	@dptr,a
                                   2703 ;	src/command_handlers.c:484: break;
                                   2704 ;	src/command_handlers.c:487: }
                                   2705 ;	src/command_handlers.c:490: }
      000EB3 02r0Dr65         [24] 2706 	ljmp	00115$
                                   2707 ;------------------------------------------------------------
                                   2708 ;Allocation info for local variables in function 'action_for_character_creation'
                                   2709 ;------------------------------------------------------------
                                   2710 ;input_buffer              Allocated with name '_action_for_character_creation_input_buffer_65536_121'
                                   2711 ;error_message             Allocated with name '_action_for_character_creation_error_message_65536_121'
                                   2712 ;char_code_row_value       Allocated with name '_action_for_character_creation_char_code_row_value_65536_121'
                                   2713 ;char_code_number          Allocated with name '_action_for_character_creation_char_code_number_65536_121'
                                   2714 ;current_state             Allocated with name '_action_for_character_creation_current_state_65536_121'
                                   2715 ;wait_for_input            Allocated with name '_action_for_character_creation_wait_for_input_65536_121'
                                   2716 ;char_code_row_values      Allocated with name '_action_for_character_creation_char_code_row_values_65536_121'
                                   2717 ;state_on_error            Allocated with name '_action_for_character_creation_state_on_error_65536_121'
                                   2718 ;i                         Allocated with name '_action_for_character_creation_i_262144_128'
                                   2719 ;------------------------------------------------------------
                                   2720 ;	src/command_handlers.c:492: void action_for_character_creation(void)
                                   2721 ;	-----------------------------------------
                                   2722 ;	 function action_for_character_creation
                                   2723 ;	-----------------------------------------
      000EB6                       2724 _action_for_character_creation:
                                   2725 ;	src/command_handlers.c:496: char *error_message = "\r\nOut of range\r\n";
                                   2726 ;	src/command_handlers.c:497: uint8_t char_code_row_value = 0;
      000EB6 90r01r0A         [24] 2727 	mov	dptr,#_action_for_character_creation_char_code_row_value_65536_121
      000EB9 E4               [12] 2728 	clr	a
      000EBA F0               [24] 2729 	movx	@dptr,a
                                   2730 ;	src/command_handlers.c:498: uint8_t char_code_number = 0;
      000EBB 90r01r0B         [24] 2731 	mov	dptr,#_action_for_character_creation_char_code_number_65536_121
      000EBE F0               [24] 2732 	movx	@dptr,a
                                   2733 ;	src/command_handlers.c:499: get_in_mem_state current_state = GET_CHAR_CODE_INPUT_FROM_USER;
      000EBF 90r01r0C         [24] 2734 	mov	dptr,#_action_for_character_creation_current_state_65536_121
      000EC2 74 06            [12] 2735 	mov	a,#0x06
      000EC4 F0               [24] 2736 	movx	@dptr,a
                                   2737 ;	src/command_handlers.c:500: bool wait_for_input = true;
      000EC5 90r01r0D         [24] 2738 	mov	dptr,#_action_for_character_creation_wait_for_input_65536_121
      000EC8 74 01            [12] 2739 	mov	a,#0x01
      000ECA F0               [24] 2740 	movx	@dptr,a
                                   2741 ;	src/command_handlers.c:504: get_in_mem_state state_on_error = GET_ROW_INPUT_FROM_USER;
      000ECB 90r01r16         [24] 2742 	mov	dptr,#_action_for_character_creation_state_on_error_65536_121
      000ECE 04               [12] 2743 	inc	a
      000ECF F0               [24] 2744 	movx	@dptr,a
                                   2745 ;	src/command_handlers.c:505: while (wait_for_input)
      000ED0                       2746 00125$:
      000ED0 90r01r0D         [24] 2747 	mov	dptr,#_action_for_character_creation_wait_for_input_65536_121
      000ED3 E0               [24] 2748 	movx	a,@dptr
      000ED4 70 01            [24] 2749 	jnz	00197$
      000ED6 22               [24] 2750 	ret
      000ED7                       2751 00197$:
                                   2752 ;	src/command_handlers.c:507: switch (current_state)
      000ED7 90r01r0C         [24] 2753 	mov	dptr,#_action_for_character_creation_current_state_65536_121
      000EDA E0               [24] 2754 	movx	a,@dptr
      000EDB FF               [12] 2755 	mov	r7,a
      000EDC BF 06 02         [24] 2756 	cjne	r7,#0x06,00198$
      000EDF 80 19            [24] 2757 	sjmp	00101$
      000EE1                       2758 00198$:
      000EE1 BF 07 02         [24] 2759 	cjne	r7,#0x07,00199$
      000EE4 80 55            [24] 2760 	sjmp	00104$
      000EE6                       2761 00199$:
      000EE6 BF 08 03         [24] 2762 	cjne	r7,#0x08,00200$
      000EE9 02r0FrBF         [24] 2763 	ljmp	00111$
      000EEC                       2764 00200$:
      000EEC BF 09 03         [24] 2765 	cjne	r7,#0x09,00201$
      000EEF 02r10rD8         [24] 2766 	ljmp	00121$
      000EF2                       2767 00201$:
      000EF2 BF 0B 03         [24] 2768 	cjne	r7,#0x0b,00202$
      000EF5 02r11r0D         [24] 2769 	ljmp	00122$
      000EF8                       2770 00202$:
                                   2771 ;	src/command_handlers.c:509: case GET_CHAR_CODE_INPUT_FROM_USER:
      000EF8 80 D6            [24] 2772 	sjmp	00125$
      000EFA                       2773 00101$:
                                   2774 ;	src/command_handlers.c:510: printf("\r\nEnter the char code to create (between 1 and 8):");
      000EFA 74rE5            [12] 2775 	mov	a,#___str_41
      000EFC C0 E0            [24] 2776 	push	acc
      000EFE 74s06            [12] 2777 	mov	a,#(___str_41 >> 8)
      000F00 C0 E0            [24] 2778 	push	acc
      000F02 74 80            [12] 2779 	mov	a,#0x80
      000F04 C0 E0            [24] 2780 	push	acc
      000F06 12r00r00         [24] 2781 	lcall	_printf
      000F09 15 81            [12] 2782 	dec	sp
      000F0B 15 81            [12] 2783 	dec	sp
      000F0D 15 81            [12] 2784 	dec	sp
                                   2785 ;	src/command_handlers.c:511: if (!getstr(input_buffer, sizeof(input_buffer), error_message))
      000F0F 90r00r00         [24] 2786 	mov	dptr,#_getstr_PARM_2
      000F12 74 03            [12] 2787 	mov	a,#0x03
      000F14 F0               [24] 2788 	movx	@dptr,a
      000F15 E4               [12] 2789 	clr	a
      000F16 A3               [24] 2790 	inc	dptr
      000F17 F0               [24] 2791 	movx	@dptr,a
      000F18 90r00r00         [24] 2792 	mov	dptr,#_getstr_PARM_3
      000F1B 74rD1            [12] 2793 	mov	a,#___str_32
      000F1D F0               [24] 2794 	movx	@dptr,a
      000F1E 74s05            [12] 2795 	mov	a,#(___str_32 >> 8)
      000F20 A3               [24] 2796 	inc	dptr
      000F21 F0               [24] 2797 	movx	@dptr,a
      000F22 74 80            [12] 2798 	mov	a,#0x80
      000F24 A3               [24] 2799 	inc	dptr
      000F25 F0               [24] 2800 	movx	@dptr,a
      000F26 90r01r07         [24] 2801 	mov	dptr,#_action_for_character_creation_input_buffer_65536_121
      000F29 75 F0 00         [24] 2802 	mov	b,#0x00
      000F2C 12r00r00         [24] 2803 	lcall	_getstr
      000F2F E5 82            [12] 2804 	mov	a,dpl
      000F31 70 9D            [24] 2805 	jnz	00125$
                                   2806 ;	src/command_handlers.c:513: current_state = PARSE_CHAR_CODE_INPUT;
      000F33 90r01r0C         [24] 2807 	mov	dptr,#_action_for_character_creation_current_state_65536_121
      000F36 74 07            [12] 2808 	mov	a,#0x07
      000F38 F0               [24] 2809 	movx	@dptr,a
                                   2810 ;	src/command_handlers.c:515: break;
                                   2811 ;	src/command_handlers.c:516: case PARSE_CHAR_CODE_INPUT:
      000F39 80 95            [24] 2812 	sjmp	00125$
      000F3B                       2813 00104$:
                                   2814 ;	src/command_handlers.c:517: state_on_error = GET_CHAR_CODE_INPUT_FROM_USER;
      000F3B 90r01r16         [24] 2815 	mov	dptr,#_action_for_character_creation_state_on_error_65536_121
      000F3E 74 06            [12] 2816 	mov	a,#0x06
      000F40 F0               [24] 2817 	movx	@dptr,a
                                   2818 ;	src/command_handlers.c:518: check_input_buffer_and_extract_number(input_buffer,sizeof(input_buffer),&current_state,&char_code_number,&state_on_error);
      000F41 90r00r68         [24] 2819 	mov	dptr,#_check_input_buffer_and_extract_number_PARM_2
      000F44 03               [12] 2820 	rr	a
      000F45 F0               [24] 2821 	movx	@dptr,a
      000F46 E4               [12] 2822 	clr	a
      000F47 A3               [24] 2823 	inc	dptr
      000F48 F0               [24] 2824 	movx	@dptr,a
      000F49 90r00r6A         [24] 2825 	mov	dptr,#_check_input_buffer_and_extract_number_PARM_3
      000F4C 74r0C            [12] 2826 	mov	a,#_action_for_character_creation_current_state_65536_121
      000F4E F0               [24] 2827 	movx	@dptr,a
      000F4F 74s01            [12] 2828 	mov	a,#(_action_for_character_creation_current_state_65536_121 >> 8)
      000F51 A3               [24] 2829 	inc	dptr
      000F52 F0               [24] 2830 	movx	@dptr,a
      000F53 E4               [12] 2831 	clr	a
      000F54 A3               [24] 2832 	inc	dptr
      000F55 F0               [24] 2833 	movx	@dptr,a
      000F56 90r00r6D         [24] 2834 	mov	dptr,#_check_input_buffer_and_extract_number_PARM_4
      000F59 74r0B            [12] 2835 	mov	a,#_action_for_character_creation_char_code_number_65536_121
      000F5B F0               [24] 2836 	movx	@dptr,a
      000F5C 74s01            [12] 2837 	mov	a,#(_action_for_character_creation_char_code_number_65536_121 >> 8)
      000F5E A3               [24] 2838 	inc	dptr
      000F5F F0               [24] 2839 	movx	@dptr,a
      000F60 E4               [12] 2840 	clr	a
      000F61 A3               [24] 2841 	inc	dptr
      000F62 F0               [24] 2842 	movx	@dptr,a
      000F63 90r00r70         [24] 2843 	mov	dptr,#_check_input_buffer_and_extract_number_PARM_5
      000F66 74r16            [12] 2844 	mov	a,#_action_for_character_creation_state_on_error_65536_121
      000F68 F0               [24] 2845 	movx	@dptr,a
      000F69 74s01            [12] 2846 	mov	a,#(_action_for_character_creation_state_on_error_65536_121 >> 8)
      000F6B A3               [24] 2847 	inc	dptr
      000F6C F0               [24] 2848 	movx	@dptr,a
      000F6D E4               [12] 2849 	clr	a
      000F6E A3               [24] 2850 	inc	dptr
      000F6F F0               [24] 2851 	movx	@dptr,a
      000F70 90r01r07         [24] 2852 	mov	dptr,#_action_for_character_creation_input_buffer_65536_121
      000F73 75 F0 00         [24] 2853 	mov	b,#0x00
      000F76 12r06rC5         [24] 2854 	lcall	_check_input_buffer_and_extract_number
                                   2855 ;	src/command_handlers.c:519: if(current_state==PARSE_CHAR_CODE_INPUT)
      000F79 90r01r0C         [24] 2856 	mov	dptr,#_action_for_character_creation_current_state_65536_121
      000F7C E0               [24] 2857 	movx	a,@dptr
      000F7D FF               [12] 2858 	mov	r7,a
      000F7E BF 07 02         [24] 2859 	cjne	r7,#0x07,00204$
      000F81 80 03            [24] 2860 	sjmp	00205$
      000F83                       2861 00204$:
      000F83 02r0ErD0         [24] 2862 	ljmp	00125$
      000F86                       2863 00205$:
                                   2864 ;	src/command_handlers.c:521: if(char_code_number>0 && char_code_number<=8)
      000F86 90r01r0B         [24] 2865 	mov	dptr,#_action_for_character_creation_char_code_number_65536_121
      000F89 E0               [24] 2866 	movx	a,@dptr
      000F8A FF               [12] 2867 	mov	r7,a
      000F8B 60 14            [24] 2868 	jz	00106$
      000F8D EF               [12] 2869 	mov	a,r7
      000F8E 24 F7            [12] 2870 	add	a,#0xff - 0x08
      000F90 40 0F            [24] 2871 	jc	00106$
                                   2872 ;	src/command_handlers.c:523: char_code_number-=1;
      000F92 EF               [12] 2873 	mov	a,r7
      000F93 14               [12] 2874 	dec	a
      000F94 90r01r0B         [24] 2875 	mov	dptr,#_action_for_character_creation_char_code_number_65536_121
      000F97 F0               [24] 2876 	movx	@dptr,a
                                   2877 ;	src/command_handlers.c:524: current_state=GET_ROW_VALUE_AND_PARSE;
      000F98 90r01r0C         [24] 2878 	mov	dptr,#_action_for_character_creation_current_state_65536_121
      000F9B 74 08            [12] 2879 	mov	a,#0x08
      000F9D F0               [24] 2880 	movx	@dptr,a
      000F9E 02r0ErD0         [24] 2881 	ljmp	00125$
      000FA1                       2882 00106$:
                                   2883 ;	src/command_handlers.c:528: printf("\r\nInvalid Input:");
      000FA1 74r3F            [12] 2884 	mov	a,#___str_36
      000FA3 C0 E0            [24] 2885 	push	acc
      000FA5 74s06            [12] 2886 	mov	a,#(___str_36 >> 8)
      000FA7 C0 E0            [24] 2887 	push	acc
      000FA9 74 80            [12] 2888 	mov	a,#0x80
      000FAB C0 E0            [24] 2889 	push	acc
      000FAD 12r00r00         [24] 2890 	lcall	_printf
      000FB0 15 81            [12] 2891 	dec	sp
      000FB2 15 81            [12] 2892 	dec	sp
      000FB4 15 81            [12] 2893 	dec	sp
                                   2894 ;	src/command_handlers.c:529: current_state = GET_CHAR_CODE_INPUT_FROM_USER;
      000FB6 90r01r0C         [24] 2895 	mov	dptr,#_action_for_character_creation_current_state_65536_121
      000FB9 74 06            [12] 2896 	mov	a,#0x06
      000FBB F0               [24] 2897 	movx	@dptr,a
                                   2898 ;	src/command_handlers.c:533: break;
      000FBC 02r0ErD0         [24] 2899 	ljmp	00125$
                                   2900 ;	src/command_handlers.c:534: case GET_ROW_VALUE_AND_PARSE:
      000FBF                       2901 00111$:
                                   2902 ;	src/command_handlers.c:536: for(int8_t i=0;i<8;i++)
      000FBF 90r01r17         [24] 2903 	mov	dptr,#_action_for_character_creation_i_262144_128
      000FC2 E4               [12] 2904 	clr	a
      000FC3 F0               [24] 2905 	movx	@dptr,a
      000FC4                       2906 00129$:
      000FC4 90r01r17         [24] 2907 	mov	dptr,#_action_for_character_creation_i_262144_128
      000FC7 E0               [24] 2908 	movx	a,@dptr
      000FC8 FF               [12] 2909 	mov	r7,a
      000FC9 C3               [12] 2910 	clr	c
      000FCA 64 80            [12] 2911 	xrl	a,#0x80
      000FCC 94 88            [12] 2912 	subb	a,#0x88
      000FCE 40 03            [24] 2913 	jc	00208$
      000FD0 02r10rCF         [24] 2914 	ljmp	00120$
      000FD3                       2915 00208$:
                                   2916 ;	src/command_handlers.c:538: printf("\r\nEnter the value for row %d in hex without 0x prefix:",i+1);
      000FD3 EF               [12] 2917 	mov	a,r7
      000FD4 FD               [12] 2918 	mov	r5,a
      000FD5 33               [12] 2919 	rlc	a
      000FD6 95 E0            [12] 2920 	subb	a,acc
      000FD8 FE               [12] 2921 	mov	r6,a
      000FD9 74 01            [12] 2922 	mov	a,#0x01
      000FDB 2D               [12] 2923 	add	a,r5
      000FDC FB               [12] 2924 	mov	r3,a
      000FDD E4               [12] 2925 	clr	a
      000FDE 3E               [12] 2926 	addc	a,r6
      000FDF FC               [12] 2927 	mov	r4,a
      000FE0 C0 07            [24] 2928 	push	ar7
      000FE2 C0 06            [24] 2929 	push	ar6
      000FE4 C0 05            [24] 2930 	push	ar5
      000FE6 C0 03            [24] 2931 	push	ar3
      000FE8 C0 04            [24] 2932 	push	ar4
      000FEA 74r18            [12] 2933 	mov	a,#___str_42
      000FEC C0 E0            [24] 2934 	push	acc
      000FEE 74s07            [12] 2935 	mov	a,#(___str_42 >> 8)
      000FF0 C0 E0            [24] 2936 	push	acc
      000FF2 74 80            [12] 2937 	mov	a,#0x80
      000FF4 C0 E0            [24] 2938 	push	acc
      000FF6 12r00r00         [24] 2939 	lcall	_printf
      000FF9 E5 81            [12] 2940 	mov	a,sp
      000FFB 24 FB            [12] 2941 	add	a,#0xfb
      000FFD F5 81            [12] 2942 	mov	sp,a
                                   2943 ;	src/command_handlers.c:539: if (!getstr(input_buffer, sizeof(input_buffer), error_message))
      000FFF 90r00r00         [24] 2944 	mov	dptr,#_getstr_PARM_2
      001002 74 03            [12] 2945 	mov	a,#0x03
      001004 F0               [24] 2946 	movx	@dptr,a
      001005 E4               [12] 2947 	clr	a
      001006 A3               [24] 2948 	inc	dptr
      001007 F0               [24] 2949 	movx	@dptr,a
      001008 90r00r00         [24] 2950 	mov	dptr,#_getstr_PARM_3
      00100B 74rD1            [12] 2951 	mov	a,#___str_32
      00100D F0               [24] 2952 	movx	@dptr,a
      00100E 74s05            [12] 2953 	mov	a,#(___str_32 >> 8)
      001010 A3               [24] 2954 	inc	dptr
      001011 F0               [24] 2955 	movx	@dptr,a
      001012 74 80            [12] 2956 	mov	a,#0x80
      001014 A3               [24] 2957 	inc	dptr
      001015 F0               [24] 2958 	movx	@dptr,a
      001016 90r01r07         [24] 2959 	mov	dptr,#_action_for_character_creation_input_buffer_65536_121
      001019 75 F0 00         [24] 2960 	mov	b,#0x00
      00101C 12r00r00         [24] 2961 	lcall	_getstr
      00101F E5 82            [12] 2962 	mov	a,dpl
      001021 D0 05            [24] 2963 	pop	ar5
      001023 D0 06            [24] 2964 	pop	ar6
      001025 D0 07            [24] 2965 	pop	ar7
      001027 60 03            [24] 2966 	jz	00209$
      001029 02r10rC5         [24] 2967 	ljmp	00130$
      00102C                       2968 00209$:
                                   2969 ;	src/command_handlers.c:541: check_input_buffer_and_extract_hex_number(input_buffer,sizeof(input_buffer),&current_state,&char_code_row_value,&state_on_error);
      00102C 90r00r7E         [24] 2970 	mov	dptr,#_check_input_buffer_and_extract_hex_number_PARM_2
      00102F 74 03            [12] 2971 	mov	a,#0x03
      001031 F0               [24] 2972 	movx	@dptr,a
      001032 E4               [12] 2973 	clr	a
      001033 A3               [24] 2974 	inc	dptr
      001034 F0               [24] 2975 	movx	@dptr,a
      001035 90r00r80         [24] 2976 	mov	dptr,#_check_input_buffer_and_extract_hex_number_PARM_3
      001038 74r0C            [12] 2977 	mov	a,#_action_for_character_creation_current_state_65536_121
      00103A F0               [24] 2978 	movx	@dptr,a
      00103B 74s01            [12] 2979 	mov	a,#(_action_for_character_creation_current_state_65536_121 >> 8)
      00103D A3               [24] 2980 	inc	dptr
      00103E F0               [24] 2981 	movx	@dptr,a
      00103F E4               [12] 2982 	clr	a
      001040 A3               [24] 2983 	inc	dptr
      001041 F0               [24] 2984 	movx	@dptr,a
      001042 90r00r83         [24] 2985 	mov	dptr,#_check_input_buffer_and_extract_hex_number_PARM_4
      001045 74r0A            [12] 2986 	mov	a,#_action_for_character_creation_char_code_row_value_65536_121
      001047 F0               [24] 2987 	movx	@dptr,a
      001048 74s01            [12] 2988 	mov	a,#(_action_for_character_creation_char_code_row_value_65536_121 >> 8)
      00104A A3               [24] 2989 	inc	dptr
      00104B F0               [24] 2990 	movx	@dptr,a
      00104C E4               [12] 2991 	clr	a
      00104D A3               [24] 2992 	inc	dptr
      00104E F0               [24] 2993 	movx	@dptr,a
      00104F 90r00r86         [24] 2994 	mov	dptr,#_check_input_buffer_and_extract_hex_number_PARM_5
      001052 74r16            [12] 2995 	mov	a,#_action_for_character_creation_state_on_error_65536_121
      001054 F0               [24] 2996 	movx	@dptr,a
      001055 74s01            [12] 2997 	mov	a,#(_action_for_character_creation_state_on_error_65536_121 >> 8)
      001057 A3               [24] 2998 	inc	dptr
      001058 F0               [24] 2999 	movx	@dptr,a
      001059 E4               [12] 3000 	clr	a
      00105A A3               [24] 3001 	inc	dptr
      00105B F0               [24] 3002 	movx	@dptr,a
      00105C 90r01r07         [24] 3003 	mov	dptr,#_action_for_character_creation_input_buffer_65536_121
      00105F 75 F0 00         [24] 3004 	mov	b,#0x00
      001062 C0 07            [24] 3005 	push	ar7
      001064 C0 06            [24] 3006 	push	ar6
      001066 C0 05            [24] 3007 	push	ar5
      001068 12r0Ar12         [24] 3008 	lcall	_check_input_buffer_and_extract_hex_number
      00106B D0 05            [24] 3009 	pop	ar5
      00106D D0 06            [24] 3010 	pop	ar6
      00106F D0 07            [24] 3011 	pop	ar7
                                   3012 ;	src/command_handlers.c:542: if(current_state!=GET_ROW_VALUE_AND_PARSE )
      001071 90r01r0C         [24] 3013 	mov	dptr,#_action_for_character_creation_current_state_65536_121
      001074 E0               [24] 3014 	movx	a,@dptr
      001075 FC               [12] 3015 	mov	r4,a
      001076 BC 08 02         [24] 3016 	cjne	r4,#0x08,00210$
      001079 80 0E            [24] 3017 	sjmp	00116$
      00107B                       3018 00210$:
                                   3019 ;	src/command_handlers.c:544: current_state = GET_ROW_VALUE_AND_PARSE;
      00107B 90r01r0C         [24] 3020 	mov	dptr,#_action_for_character_creation_current_state_65536_121
      00107E 74 08            [12] 3021 	mov	a,#0x08
      001080 F0               [24] 3022 	movx	@dptr,a
                                   3023 ;	src/command_handlers.c:545: i--;
      001081 EF               [12] 3024 	mov	a,r7
      001082 14               [12] 3025 	dec	a
      001083 90r01r17         [24] 3026 	mov	dptr,#_action_for_character_creation_i_262144_128
      001086 F0               [24] 3027 	movx	@dptr,a
      001087 80 3C            [24] 3028 	sjmp	00130$
      001089                       3029 00116$:
                                   3030 ;	src/command_handlers.c:547: else if(char_code_row_value > 0x1F)
      001089 90r01r0A         [24] 3031 	mov	dptr,#_action_for_character_creation_char_code_row_value_65536_121
      00108C E0               [24] 3032 	movx	a,@dptr
      00108D FC               [12] 3033 	mov  r4,a
      00108E 24 E0            [12] 3034 	add	a,#0xff - 0x1f
      001090 50 27            [24] 3035 	jnc	00113$
                                   3036 ;	src/command_handlers.c:549: printf("\r\nRow value out of range. Must be between 0x00 and 0x1F.\r\n");
      001092 C0 07            [24] 3037 	push	ar7
      001094 74r4F            [12] 3038 	mov	a,#___str_43
      001096 C0 E0            [24] 3039 	push	acc
      001098 74s07            [12] 3040 	mov	a,#(___str_43 >> 8)
      00109A C0 E0            [24] 3041 	push	acc
      00109C 74 80            [12] 3042 	mov	a,#0x80
      00109E C0 E0            [24] 3043 	push	acc
      0010A0 12r00r00         [24] 3044 	lcall	_printf
      0010A3 15 81            [12] 3045 	dec	sp
      0010A5 15 81            [12] 3046 	dec	sp
      0010A7 15 81            [12] 3047 	dec	sp
      0010A9 D0 07            [24] 3048 	pop	ar7
                                   3049 ;	src/command_handlers.c:550: current_state = GET_ROW_VALUE_AND_PARSE;
      0010AB 90r01r0C         [24] 3050 	mov	dptr,#_action_for_character_creation_current_state_65536_121
      0010AE 74 08            [12] 3051 	mov	a,#0x08
      0010B0 F0               [24] 3052 	movx	@dptr,a
                                   3053 ;	src/command_handlers.c:551: i--;
      0010B1 EF               [12] 3054 	mov	a,r7
      0010B2 14               [12] 3055 	dec	a
      0010B3 90r01r17         [24] 3056 	mov	dptr,#_action_for_character_creation_i_262144_128
      0010B6 F0               [24] 3057 	movx	@dptr,a
      0010B7 80 0C            [24] 3058 	sjmp	00130$
      0010B9                       3059 00113$:
                                   3060 ;	src/command_handlers.c:555: char_code_row_values[i]=char_code_row_value;
      0010B9 ED               [12] 3061 	mov	a,r5
      0010BA 24r0E            [12] 3062 	add	a,#_action_for_character_creation_char_code_row_values_65536_121
      0010BC F5 82            [12] 3063 	mov	dpl,a
      0010BE EE               [12] 3064 	mov	a,r6
      0010BF 34s01            [12] 3065 	addc	a,#(_action_for_character_creation_char_code_row_values_65536_121 >> 8)
      0010C1 F5 83            [12] 3066 	mov	dph,a
      0010C3 EC               [12] 3067 	mov	a,r4
      0010C4 F0               [24] 3068 	movx	@dptr,a
      0010C5                       3069 00130$:
                                   3070 ;	src/command_handlers.c:536: for(int8_t i=0;i<8;i++)
      0010C5 90r01r17         [24] 3071 	mov	dptr,#_action_for_character_creation_i_262144_128
      0010C8 E0               [24] 3072 	movx	a,@dptr
      0010C9 24 01            [12] 3073 	add	a,#0x01
      0010CB F0               [24] 3074 	movx	@dptr,a
      0010CC 02r0FrC4         [24] 3075 	ljmp	00129$
      0010CF                       3076 00120$:
                                   3077 ;	src/command_handlers.c:559: current_state = CREATE_CGRAM_CHAR;
      0010CF 90r01r0C         [24] 3078 	mov	dptr,#_action_for_character_creation_current_state_65536_121
      0010D2 74 09            [12] 3079 	mov	a,#0x09
      0010D4 F0               [24] 3080 	movx	@dptr,a
                                   3081 ;	src/command_handlers.c:560: break;
      0010D5 02r0ErD0         [24] 3082 	ljmp	00125$
                                   3083 ;	src/command_handlers.c:561: case CREATE_CGRAM_CHAR:
      0010D8                       3084 00121$:
                                   3085 ;	src/command_handlers.c:567: }
      0010D8 7F 01            [12] 3086 	mov	r7,#0x01
      0010DA 10 AF 02         [24] 3087 	jbc	ea,00212$
      0010DD 7F 00            [12] 3088 	mov	r7,#0x00
      0010DF                       3089 00212$:
                                   3090 ;	src/command_handlers.c:564: lcd_clear();
      0010DF C0 07            [24] 3091 	push	ar7
      0010E1 12r00r00         [24] 3092 	lcall	_lcd_clear
                                   3093 ;	src/command_handlers.c:565: lcd_create_char(char_code_number,char_code_row_values);
      0010E4 90r01r0B         [24] 3094 	mov	dptr,#_action_for_character_creation_char_code_number_65536_121
      0010E7 E0               [24] 3095 	movx	a,@dptr
      0010E8 FE               [12] 3096 	mov	r6,a
      0010E9 90r00r00         [24] 3097 	mov	dptr,#_lcd_create_char_PARM_2
      0010EC 74r0E            [12] 3098 	mov	a,#_action_for_character_creation_char_code_row_values_65536_121
      0010EE F0               [24] 3099 	movx	@dptr,a
      0010EF 74s01            [12] 3100 	mov	a,#(_action_for_character_creation_char_code_row_values_65536_121 >> 8)
      0010F1 A3               [24] 3101 	inc	dptr
      0010F2 F0               [24] 3102 	movx	@dptr,a
      0010F3 E4               [12] 3103 	clr	a
      0010F4 A3               [24] 3104 	inc	dptr
      0010F5 F0               [24] 3105 	movx	@dptr,a
      0010F6 8E 82            [24] 3106 	mov	dpl,r6
      0010F8 12r00r00         [24] 3107 	lcall	_lcd_create_char
                                   3108 ;	src/command_handlers.c:566: current_time_display();
      0010FB 12r00r00         [24] 3109 	lcall	_current_time_display
      0010FE D0 07            [24] 3110 	pop	ar7
      001100 EF               [12] 3111 	mov	a,r7
      001101 13               [12] 3112 	rrc	a
      001102 92 AF            [24] 3113 	mov	ea,c
                                   3114 ;	src/command_handlers.c:569: current_state = EXIT;
      001104 90r01r0C         [24] 3115 	mov	dptr,#_action_for_character_creation_current_state_65536_121
      001107 74 0B            [12] 3116 	mov	a,#0x0b
      001109 F0               [24] 3117 	movx	@dptr,a
                                   3118 ;	src/command_handlers.c:570: break;
      00110A 02r0ErD0         [24] 3119 	ljmp	00125$
                                   3120 ;	src/command_handlers.c:571: case EXIT:
      00110D                       3121 00122$:
                                   3122 ;	src/command_handlers.c:572: wait_for_input = false;
      00110D 90r01r0D         [24] 3123 	mov	dptr,#_action_for_character_creation_wait_for_input_65536_121
      001110 E4               [12] 3124 	clr	a
      001111 F0               [24] 3125 	movx	@dptr,a
                                   3126 ;	src/command_handlers.c:573: break;
                                   3127 ;	src/command_handlers.c:576: }
                                   3128 ;	src/command_handlers.c:578: }
      001112 02r0ErD0         [24] 3129 	ljmp	00125$
                                   3130 	.area CSEG    (CODE)
                                   3131 	.area CONST   (CODE)
                                   3132 	.area CONST   (CODE)
      000000                       3133 ___str_0:
      000000 0D                    3134 	.db 0x0d
      000001 0A                    3135 	.db 0x0a
      000002 2D 2D 2D 2D 2D 2D 2D  3136 	.ascii "------------------------------------------------------------"
             2D 2D 2D 2D 2D 2D 2D
             2D 2D 2D 2D 2D 2D 2D
             2D 2D 2D 2D 2D 2D 2D
             2D 2D 2D 2D 2D 2D 2D
             2D 2D 2D 2D 2D 2D 2D
             2D 2D 2D 2D 2D 2D 2D
             2D 2D 2D 2D 2D 2D 2D
             2D 2D 2D 2D
      00003E 2D 2D 2D 2D 2D 2D 2D  3137 	.ascii "-------"
      000045 00                    3138 	.db 0x00
                                   3139 	.area CSEG    (CODE)
                                   3140 	.area CONST   (CODE)
      000046                       3141 ___str_1:
      000046 0D                    3142 	.db 0x0d
      000047 0A                    3143 	.db 0x0a
      000048 20 20 20 20 20 20 20  3144 	.ascii "                             WRITE  MENU           "
             20 20 20 20 20 20 20
             20 20 20 20 20 20 20
             20 20 20 20 20 20 20
             20 57 52 49 54 45 20
             20 4D 45 4E 55 20 20
             20 20 20 20 20 20 20
             20 20
      00007B 00                    3145 	.db 0x00
                                   3146 	.area CSEG    (CODE)
                                   3147 	.area CONST   (CODE)
      00007C                       3148 ___str_2:
      00007C 0D                    3149 	.db 0x0d
      00007D 0A                    3150 	.db 0x0a
      00007E 45 78 69 74 69 6E 67  3151 	.ascii "Exiting add menu..."
             20 61 64 64 20 6D 65
             6E 75 2E 2E 2E
      000091 00                    3152 	.db 0x00
                                   3153 	.area CSEG    (CODE)
                                   3154 	.area CONST   (CODE)
      000092                       3155 ___str_3:
      000092 0D                    3156 	.db 0x0d
      000093 0A                    3157 	.db 0x0a
      000094 20 20 20 20 20 20 20  3158 	.ascii "                             Clearing the display        "
             20 20 20 20 20 20 20
             20 20 20 20 20 20 20
             20 20 20 20 20 20 20
             20 43 6C 65 61 72 69
             6E 67 20 74 68 65 20
             64 69 73 70 6C 61 79
             20 20 20 20 20 20 20
             20
      0000CD 00                    3159 	.db 0x00
                                   3160 	.area CSEG    (CODE)
                                   3161 	.area CONST   (CODE)
      0000CE                       3162 ___str_4:
      0000CE 0D                    3163 	.db 0x0d
      0000CF 0A                    3164 	.db 0x0a
      0000D0 45 78 69 74 69 6E 67  3165 	.ascii "Exiting clear menu..."
             20 63 6C 65 61 72 20
             6D 65 6E 75 2E 2E 2E
      0000E5 00                    3166 	.db 0x00
                                   3167 	.area CSEG    (CODE)
                                   3168 	.area CONST   (CODE)
      0000E6                       3169 ___str_5:
      0000E6 0D                    3170 	.db 0x0d
      0000E7 0A                    3171 	.db 0x0a
      0000E8 20 20 20 20 20 20 20  3172 	.ascii "                             Pausing the timer        "
             20 20 20 20 20 20 20
             20 20 20 20 20 20 20
             20 20 20 20 20 20 20
             20 50 61 75 73 69 6E
             67 20 74 68 65 20 74
             69 6D 65 72 20 20 20
             20 20 20 20 20
      00011E 00                    3173 	.db 0x00
                                   3174 	.area CSEG    (CODE)
                                   3175 	.area CONST   (CODE)
      00011F                       3176 ___str_6:
      00011F 0D                    3177 	.db 0x0d
      000120 0A                    3178 	.db 0x0a
      000121 45 78 69 74 69 6E 67  3179 	.ascii "Exiting pause menu..."
             20 70 61 75 73 65 20
             6D 65 6E 75 2E 2E 2E
      000136 00                    3180 	.db 0x00
                                   3181 	.area CSEG    (CODE)
                                   3182 	.area CONST   (CODE)
      000137                       3183 ___str_7:
      000137 0D                    3184 	.db 0x0d
      000138 0A                    3185 	.db 0x0a
      000139 20 20 20 20 20 20 20  3186 	.ascii "                             Start the Timer        "
             20 20 20 20 20 20 20
             20 20 20 20 20 20 20
             20 20 20 20 20 20 20
             20 53 74 61 72 74 20
             74 68 65 20 54 69 6D
             65 72 20 20 20 20 20
             20 20 20
      00016D 00                    3187 	.db 0x00
                                   3188 	.area CSEG    (CODE)
                                   3189 	.area CONST   (CODE)
      00016E                       3190 ___str_8:
      00016E 0D                    3191 	.db 0x0d
      00016F 0A                    3192 	.db 0x0a
      000170 45 78 69 74 69 6E 67  3193 	.ascii "Exiting start timer menu..."
             20 73 74 61 72 74 20
             74 69 6D 65 72 20 6D
             65 6E 75 2E 2E 2E
      00018B 00                    3194 	.db 0x00
                                   3195 	.area CSEG    (CODE)
                                   3196 	.area CONST   (CODE)
      00018C                       3197 ___str_9:
      00018C 0D                    3198 	.db 0x0d
      00018D 0A                    3199 	.db 0x0a
      00018E 20 20 20 20 20 20 20  3200 	.ascii "                             Stop the Timer        "
             20 20 20 20 20 20 20
             20 20 20 20 20 20 20
             20 20 20 20 20 20 20
             20 53 74 6F 70 20 74
             68 65 20 54 69 6D 65
             72 20 20 20 20 20 20
             20 20
      0001C1 00                    3201 	.db 0x00
                                   3202 	.area CSEG    (CODE)
                                   3203 	.area CONST   (CODE)
      0001C2                       3204 ___str_10:
      0001C2 0D                    3205 	.db 0x0d
      0001C3 0A                    3206 	.db 0x0a
      0001C4 45 78 69 74 69 6E 67  3207 	.ascii "Exiting stop timer menu..."
             20 73 74 6F 70 20 74
             69 6D 65 72 20 6D 65
             6E 75 2E 2E 2E
      0001DE 00                    3208 	.db 0x00
                                   3209 	.area CSEG    (CODE)
                                   3210 	.area CONST   (CODE)
      0001DF                       3211 ___str_11:
      0001DF 0D                    3212 	.db 0x0d
      0001E0 0A                    3213 	.db 0x0a
      0001E1 20 20 20 20 20 20 20  3214 	.ascii "                             Write to specific position     "
             20 20 20 20 20 20 20
             20 20 20 20 20 20 20
             20 20 20 20 20 20 20
             20 57 72 69 74 65 20
             74 6F 20 73 70 65 63
             69 66 69 63 20 70 6F
             73 69 74 69 6F 6E 20
             20 20 20 20
      00021D 20 20 20              3215 	.ascii "   "
      000220 00                    3216 	.db 0x00
                                   3217 	.area CSEG    (CODE)
                                   3218 	.area CONST   (CODE)
      000221                       3219 ___str_12:
      000221 0D                    3220 	.db 0x0d
      000222 0A                    3221 	.db 0x0a
      000223 45 78 69 74 69 6E 67  3222 	.ascii "Exiting write menu..."
             20 77 72 69 74 65 20
             6D 65 6E 75 2E 2E 2E
      000238 00                    3223 	.db 0x00
                                   3224 	.area CSEG    (CODE)
                                   3225 	.area CONST   (CODE)
      000239                       3226 ___str_13:
      000239 0D                    3227 	.db 0x0d
      00023A 0A                    3228 	.db 0x0a
      00023B 20 20 20 20 20 20 20  3229 	.ascii "                             Hexdump of DDRAM contents      "
             20 20 20 20 20 20 20
             20 20 20 20 20 20 20
             20 20 20 20 20 20 20
             20 48 65 78 64 75 6D
             70 20 6F 66 20 44 44
             52 41 4D 20 63 6F 6E
             74 65 6E 74 73 20 20
             20 20 20 20
      000277 20 20                 3230 	.ascii "  "
      000279 00                    3231 	.db 0x00
                                   3232 	.area CSEG    (CODE)
                                   3233 	.area CONST   (CODE)
      00027A                       3234 ___str_14:
      00027A 0D                    3235 	.db 0x0d
      00027B 0A                    3236 	.db 0x0a
      00027C 45 78 69 74 69 6E 67  3237 	.ascii "Exiting hexdump menu..."
             20 68 65 78 64 75 6D
             70 20 6D 65 6E 75 2E
             2E 2E
      000293 00                    3238 	.db 0x00
                                   3239 	.area CSEG    (CODE)
                                   3240 	.area CONST   (CODE)
      000294                       3241 ___str_15:
      000294 0D                    3242 	.db 0x0d
      000295 0A                    3243 	.db 0x0a
      000296 20 20 20 20 20 20 20  3244 	.ascii "                             Hexdump of CGRAM contents      "
             20 20 20 20 20 20 20
             20 20 20 20 20 20 20
             20 20 20 20 20 20 20
             20 48 65 78 64 75 6D
             70 20 6F 66 20 43 47
             52 41 4D 20 63 6F 6E
             74 65 6E 74 73 20 20
             20 20 20 20
      0002D2 20 20                 3245 	.ascii "  "
      0002D4 00                    3246 	.db 0x00
                                   3247 	.area CSEG    (CODE)
                                   3248 	.area CONST   (CODE)
      0002D5                       3249 ___str_16:
      0002D5 0D                    3250 	.db 0x0d
      0002D6 0A                    3251 	.db 0x0a
      0002D7 20 20 20 20 20 20 20  3252 	.ascii "                             Create a chaacter        "
             20 20 20 20 20 20 20
             20 20 20 20 20 20 20
             20 20 20 20 20 20 20
             20 43 72 65 61 74 65
             20 61 20 63 68 61 61
             63 74 65 72 20 20 20
             20 20 20 20 20
      00030D 00                    3253 	.db 0x00
                                   3254 	.area CSEG    (CODE)
                                   3255 	.area CONST   (CODE)
      00030E                       3256 ___str_17:
      00030E 0D                    3257 	.db 0x0d
      00030F 0A                    3258 	.db 0x0a
      000310 20 20 20 20 20 20 20  3259 	.ascii "                             Display custom char       "
             20 20 20 20 20 20 20
             20 20 20 20 20 20 20
             20 20 20 20 20 20 20
             20 44 69 73 70 6C 61
             79 20 63 75 73 74 6F
             6D 20 63 68 61 72 20
             20 20 20 20 20 20
      000347 00                    3260 	.db 0x00
                                   3261 	.area CSEG    (CODE)
                                   3262 	.area CONST   (CODE)
      000348                       3263 ___str_18:
      000348 0D                    3264 	.db 0x0d
      000349 0A                    3265 	.db 0x0a
      00034A 2D 2D 2D 2D 2D 2D 2D  3266 	.ascii "----------------------------     Usage          ------------"
             2D 2D 2D 2D 2D 2D 2D
             2D 2D 2D 2D 2D 2D 2D
             2D 2D 2D 2D 2D 2D 2D
             20 20 20 20 20 55 73
             61 67 65 20 20 20 20
             20 20 20 20 20 20 2D
             2D 2D 2D 2D 2D 2D 2D
             2D 2D 2D 2D
      000386 2D 2D 2D 2D 2D 2D 2D  3267 	.ascii "--------------------------------"
             2D 2D 2D 2D 2D 2D 2D
             2D 2D 2D 2D 2D 2D 2D
             2D 2D 2D 2D 2D 2D 2D
             2D 2D 2D 2D
      0003A6 0D                    3268 	.db 0x0d
      0003A7 0A                    3269 	.db 0x0a
      0003A8 00                    3270 	.db 0x00
                                   3271 	.area CSEG    (CODE)
                                   3272 	.area CONST   (CODE)
      0003A9                       3273 ___str_19:
      0003A9 20 57 20 20 20 20 20  3274 	.ascii " W       : Write a string"
             20 20 3A 20 57 72 69
             74 65 20 61 20 73 74
             72 69 6E 67
      0003C2 0D                    3275 	.db 0x0d
      0003C3 0A                    3276 	.db 0x0a
      0003C4 00                    3277 	.db 0x00
                                   3278 	.area CSEG    (CODE)
                                   3279 	.area CONST   (CODE)
      0003C5                       3280 ___str_20:
      0003C5 20 54 20 20 20 20 20  3281 	.ascii " T       : Write to a specific position in the LCD"
             20 20 3A 20 57 72 69
             74 65 20 74 6F 20 61
             20 73 70 65 63 69 66
             69 63 20 70 6F 73 69
             74 69 6F 6E 20 69 6E
             20 74 68 65 20 4C 43
             44
      0003F7 0D                    3282 	.db 0x0d
      0003F8 0A                    3283 	.db 0x0a
      0003F9 00                    3284 	.db 0x00
                                   3285 	.area CSEG    (CODE)
                                   3286 	.area CONST   (CODE)
      0003FA                       3287 ___str_21:
      0003FA 20 45 20 20 20 20 20  3288 	.ascii " E       : Clear the display"
             20 20 3A 20 43 6C 65
             61 72 20 74 68 65 20
             64 69 73 70 6C 61 79
      000416 0D                    3289 	.db 0x0d
      000417 0A                    3290 	.db 0x0a
      000418 00                    3291 	.db 0x00
                                   3292 	.area CSEG    (CODE)
                                   3293 	.area CONST   (CODE)
      000419                       3294 ___str_22:
      000419 20 50 20 20 20 20 20  3295 	.ascii " P       : Pause the Timer"
             20 20 3A 20 50 61 75
             73 65 20 74 68 65 20
             54 69 6D 65 72
      000433 0D                    3296 	.db 0x0d
      000434 0A                    3297 	.db 0x0a
      000435 00                    3298 	.db 0x00
                                   3299 	.area CSEG    (CODE)
                                   3300 	.area CONST   (CODE)
      000436                       3301 ___str_23:
      000436 20 53 20 20 20 20 20  3302 	.ascii " S       : Start the Timer"
             20 20 3A 20 53 74 61
             72 74 20 74 68 65 20
             54 69 6D 65 72
      000450 0D                    3303 	.db 0x0d
      000451 0A                    3304 	.db 0x0a
      000452 00                    3305 	.db 0x00
                                   3306 	.area CSEG    (CODE)
                                   3307 	.area CONST   (CODE)
      000453                       3308 ___str_24:
      000453 20 52 20 20 20 20 20  3309 	.ascii " R       : Stop and reset the Timer"
             20 20 3A 20 53 74 6F
             70 20 61 6E 64 20 72
             65 73 65 74 20 74 68
             65 20 54 69 6D 65 72
      000476 0D                    3310 	.db 0x0d
      000477 0A                    3311 	.db 0x0a
      000478 00                    3312 	.db 0x00
                                   3313 	.area CSEG    (CODE)
                                   3314 	.area CONST   (CODE)
      000479                       3315 ___str_25:
      000479 20 48 20 20 20 20 20  3316 	.ascii " H       : Hexdump of DDRAM contents"
             20 20 3A 20 48 65 78
             64 75 6D 70 20 6F 66
             20 44 44 52 41 4D 20
             63 6F 6E 74 65 6E 74
             73
      00049D 0D                    3317 	.db 0x0d
      00049E 0A                    3318 	.db 0x0a
      00049F 00                    3319 	.db 0x00
                                   3320 	.area CSEG    (CODE)
                                   3321 	.area CONST   (CODE)
      0004A0                       3322 ___str_26:
      0004A0 20 43 20 20 20 20 20  3323 	.ascii " C       : Hexdump of CGRAM contents"
             20 20 3A 20 48 65 78
             64 75 6D 70 20 6F 66
             20 43 47 52 41 4D 20
             63 6F 6E 74 65 6E 74
             73
      0004C4 0D                    3324 	.db 0x0d
      0004C5 0A                    3325 	.db 0x0a
      0004C6 00                    3326 	.db 0x00
                                   3327 	.area CSEG    (CODE)
                                   3328 	.area CONST   (CODE)
      0004C7                       3329 ___str_27:
      0004C7 20 41 20 20 20 20 20  3330 	.ascii " A       : Create a CGRAM character"
             20 20 3A 20 43 72 65
             61 74 65 20 61 20 43
             47 52 41 4D 20 63 68
             61 72 61 63 74 65 72
      0004EA 0D                    3331 	.db 0x0d
      0004EB 0A                    3332 	.db 0x0a
      0004EC 00                    3333 	.db 0x00
                                   3334 	.area CSEG    (CODE)
                                   3335 	.area CONST   (CODE)
      0004ED                       3336 ___str_28:
      0004ED 20 44 20 20 20 20 20  3337 	.ascii " D       : Display a CGRAM character"
             20 20 3A 20 44 69 73
             70 6C 61 79 20 61 20
             43 47 52 41 4D 20 63
             68 61 72 61 63 74 65
             72
      000511 0D                    3338 	.db 0x0d
      000512 0A                    3339 	.db 0x0a
      000513 00                    3340 	.db 0x00
                                   3341 	.area CSEG    (CODE)
                                   3342 	.area CONST   (CODE)
      000514                       3343 ___str_29:
      000514 20 3F 20 20 20 20 20  3344 	.ascii " ?       : Help menu"
             20 20 3A 20 48 65 6C
             70 20 6D 65 6E 75
      000528 0D                    3345 	.db 0x0d
      000529 0A                    3346 	.db 0x0a
      00052A 00                    3347 	.db 0x00
                                   3348 	.area CSEG    (CODE)
                                   3349 	.area CONST   (CODE)
      00052B                       3350 ___str_30:
      00052B 2D 2D 2D 2D 2D 2D 2D  3351 	.ascii "------------------------------------------------------------"
             2D 2D 2D 2D 2D 2D 2D
             2D 2D 2D 2D 2D 2D 2D
             2D 2D 2D 2D 2D 2D 2D
             2D 2D 2D 2D 2D 2D 2D
             2D 2D 2D 2D 2D 2D 2D
             2D 2D 2D 2D 2D 2D 2D
             2D 2D 2D 2D 2D 2D 2D
             2D 2D 2D 2D
      000567 2D 2D 2D 2D 2D 2D 2D  3352 	.ascii "--------------------------------"
             2D 2D 2D 2D 2D 2D 2D
             2D 2D 2D 2D 2D 2D 2D
             2D 2D 2D 2D 2D 2D 2D
             2D 2D 2D 2D
      000587 0D                    3353 	.db 0x0d
      000588 0A                    3354 	.db 0x0a
      000589 00                    3355 	.db 0x00
                                   3356 	.area CSEG    (CODE)
                                   3357 	.area CONST   (CODE)
      00058A                       3358 ___str_31:
      00058A 0D                    3359 	.db 0x0d
      00058B 0A                    3360 	.db 0x0a
      00058C 20 20 20 20 20 20 20  3361 	.ascii "                         Invalid Input                      "
             20 20 20 20 20 20 20
             20 20 20 20 20 20 20
             20 20 20 20 49 6E 76
             61 6C 69 64 20 49 6E
             70 75 74 20 20 20 20
             20 20 20 20 20 20 20
             20 20 20 20 20 20 20
             20 20 20 20
      0005C8 20 20 20 20 20 20 20  3362 	.ascii "        "
             20
      0005D0 00                    3363 	.db 0x00
                                   3364 	.area CSEG    (CODE)
                                   3365 	.area CONST   (CODE)
      0005D1                       3366 ___str_32:
      0005D1 0D                    3367 	.db 0x0d
      0005D2 0A                    3368 	.db 0x0a
      0005D3 4F 75 74 20 6F 66 20  3369 	.ascii "Out of range"
             72 61 6E 67 65
      0005DF 0D                    3370 	.db 0x0d
      0005E0 0A                    3371 	.db 0x0a
      0005E1 00                    3372 	.db 0x00
                                   3373 	.area CSEG    (CODE)
                                   3374 	.area CONST   (CODE)
      0005E2                       3375 ___str_33:
      0005E2 0D                    3376 	.db 0x0d
      0005E3 0A                    3377 	.db 0x0a
      0005E4 45 6E 74 65 72 20 74  3378 	.ascii "Enter the string and press enter:"
             68 65 20 73 74 72 69
             6E 67 20 61 6E 64 20
             70 72 65 73 73 20 65
             6E 74 65 72 3A
      000605 00                    3379 	.db 0x00
                                   3380 	.area CSEG    (CODE)
                                   3381 	.area CONST   (CODE)
      000606                       3382 ___str_34:
      000606 0D                    3383 	.db 0x0d
      000607 0A                    3384 	.db 0x0a
      000608 49 6E 76 61 6C 69 64  3385 	.ascii "Invalid input"
             20 69 6E 70 75 74
      000615 00                    3386 	.db 0x00
                                   3387 	.area CSEG    (CODE)
                                   3388 	.area CONST   (CODE)
      000616                       3389 ___str_35:
      000616 0D                    3390 	.db 0x0d
      000617 0A                    3391 	.db 0x0a
      000618 45 6E 74 65 72 20 74  3392 	.ascii "Enter the row number(between 1 and 4):"
             68 65 20 72 6F 77 20
             6E 75 6D 62 65 72 28
             62 65 74 77 65 65 6E
             20 31 20 61 6E 64 20
             34 29 3A
      00063E 00                    3393 	.db 0x00
                                   3394 	.area CSEG    (CODE)
                                   3395 	.area CONST   (CODE)
      00063F                       3396 ___str_36:
      00063F 0D                    3397 	.db 0x0d
      000640 0A                    3398 	.db 0x0a
      000641 49 6E 76 61 6C 69 64  3399 	.ascii "Invalid Input:"
             20 49 6E 70 75 74 3A
      00064F 00                    3400 	.db 0x00
                                   3401 	.area CSEG    (CODE)
                                   3402 	.area CONST   (CODE)
      000650                       3403 ___str_37:
      000650 0D                    3404 	.db 0x0d
      000651 0A                    3405 	.db 0x0a
      000652 45 6E 74 65 72 20 74  3406 	.ascii "Enter the column number(between 1 and 16):"
             68 65 20 63 6F 6C 75
             6D 6E 20 6E 75 6D 62
             65 72 28 62 65 74 77
             65 65 6E 20 31 20 61
             6E 64 20 31 36 29 3A
      00067C 00                    3407 	.db 0x00
                                   3408 	.area CSEG    (CODE)
                                   3409 	.area CONST   (CODE)
      00067D                       3410 ___str_38:
      00067D 0D                    3411 	.db 0x0d
      00067E 0A                    3412 	.db 0x0a
      00067F 45 6E 74 65 72 20 74  3413 	.ascii "Enter the char code to display (between 1 and 8):"
             68 65 20 63 68 61 72
             20 63 6F 64 65 20 74
             6F 20 64 69 73 70 6C
             61 79 20 28 62 65 74
             77 65 65 6E 20 31 20
             61 6E 64 20 38 29 3A
      0006B0 00                    3414 	.db 0x00
                                   3415 	.area CSEG    (CODE)
                                   3416 	.area CONST   (CODE)
      0006B1                       3417 ___str_39:
      0006B1 0D                    3418 	.db 0x0d
      0006B2 0A                    3419 	.db 0x0a
      0006B3 43 68 61 72 63 6F 64  3420 	.ascii "Charcode to display is %d:"
             65 20 74 6F 20 64 69
             73 70 6C 61 79 20 69
             73 20 25 64 3A
      0006CD 00                    3421 	.db 0x00
                                   3422 	.area CSEG    (CODE)
                                   3423 	.area CONST   (CODE)
      0006CE                       3424 ___str_40:
      0006CE 0D                    3425 	.db 0x0d
      0006CF 0A                    3426 	.db 0x0a
      0006D0 44 69 73 70 6C 61 79  3427 	.ascii "Display custom char:"
             20 63 75 73 74 6F 6D
             20 63 68 61 72 3A
      0006E4 00                    3428 	.db 0x00
                                   3429 	.area CSEG    (CODE)
                                   3430 	.area CONST   (CODE)
      0006E5                       3431 ___str_41:
      0006E5 0D                    3432 	.db 0x0d
      0006E6 0A                    3433 	.db 0x0a
      0006E7 45 6E 74 65 72 20 74  3434 	.ascii "Enter the char code to create (between 1 and 8):"
             68 65 20 63 68 61 72
             20 63 6F 64 65 20 74
             6F 20 63 72 65 61 74
             65 20 28 62 65 74 77
             65 65 6E 20 31 20 61
             6E 64 20 38 29 3A
      000717 00                    3435 	.db 0x00
                                   3436 	.area CSEG    (CODE)
                                   3437 	.area CONST   (CODE)
      000718                       3438 ___str_42:
      000718 0D                    3439 	.db 0x0d
      000719 0A                    3440 	.db 0x0a
      00071A 45 6E 74 65 72 20 74  3441 	.ascii "Enter the value for row %d in hex without 0x prefix:"
             68 65 20 76 61 6C 75
             65 20 66 6F 72 20 72
             6F 77 20 25 64 20 69
             6E 20 68 65 78 20 77
             69 74 68 6F 75 74 20
             30 78 20 70 72 65 66
             69 78 3A
      00074E 00                    3442 	.db 0x00
                                   3443 	.area CSEG    (CODE)
                                   3444 	.area CONST   (CODE)
      00074F                       3445 ___str_43:
      00074F 0D                    3446 	.db 0x0d
      000750 0A                    3447 	.db 0x0a
      000751 52 6F 77 20 76 61 6C  3448 	.ascii "Row value out of range. Must be between 0x00 and 0x1F."
             75 65 20 6F 75 74 20
             6F 66 20 72 61 6E 67
             65 2E 20 4D 75 73 74
             20 62 65 20 62 65 74
             77 65 65 6E 20 30 78
             30 30 20 61 6E 64 20
             30 78 31 46 2E
      000787 0D                    3449 	.db 0x0d
      000788 0A                    3450 	.db 0x0a
      000789 00                    3451 	.db 0x00
                                   3452 	.area CSEG    (CODE)
                                   3453 	.area XINIT   (CODE)
                                   3454 	.area CABS    (ABS,CODE)
