                                      1 ;--------------------------------------------------------
                                      2 ; File Created by SDCC : free open source ANSI-C Compiler
                                      3 ; Version 4.0.0 #11528 (Linux)
                                      4 ;--------------------------------------------------------
                                      5 	.module main
                                      6 	.optsdcc -mmcs51 --model-large
                                      7 	
                                      8 ;--------------------------------------------------------
                                      9 ; Public variables in this module
                                     10 ;--------------------------------------------------------
                                     11 	.globl _main
                                     12 	.globl _timer0_isr
                                     13 	.globl _command_parser
                                     14 	.globl _current_time_display
                                     15 	.globl _timer0_init
                                     16 	.globl _lcd_init
                                     17 	.globl _putchar
                                     18 	.globl _getchar
                                     19 	.globl _printf
                                     20 	.globl _CY
                                     21 	.globl _AC
                                     22 	.globl _F0
                                     23 	.globl _RS1
                                     24 	.globl _RS0
                                     25 	.globl _OV
                                     26 	.globl _F1
                                     27 	.globl _P
                                     28 	.globl _PS
                                     29 	.globl _PT1
                                     30 	.globl _PX1
                                     31 	.globl _PT0
                                     32 	.globl _PX0
                                     33 	.globl _RD
                                     34 	.globl _WR
                                     35 	.globl _T1
                                     36 	.globl _T0
                                     37 	.globl _INT1
                                     38 	.globl _INT0
                                     39 	.globl _TXD
                                     40 	.globl _RXD
                                     41 	.globl _P3_7
                                     42 	.globl _P3_6
                                     43 	.globl _P3_5
                                     44 	.globl _P3_4
                                     45 	.globl _P3_3
                                     46 	.globl _P3_2
                                     47 	.globl _P3_1
                                     48 	.globl _P3_0
                                     49 	.globl _EA
                                     50 	.globl _ES
                                     51 	.globl _ET1
                                     52 	.globl _EX1
                                     53 	.globl _ET0
                                     54 	.globl _EX0
                                     55 	.globl _P2_7
                                     56 	.globl _P2_6
                                     57 	.globl _P2_5
                                     58 	.globl _P2_4
                                     59 	.globl _P2_3
                                     60 	.globl _P2_2
                                     61 	.globl _P2_1
                                     62 	.globl _P2_0
                                     63 	.globl _SM0
                                     64 	.globl _SM1
                                     65 	.globl _SM2
                                     66 	.globl _REN
                                     67 	.globl _TB8
                                     68 	.globl _RB8
                                     69 	.globl _TI
                                     70 	.globl _RI
                                     71 	.globl _P1_7
                                     72 	.globl _P1_6
                                     73 	.globl _P1_5
                                     74 	.globl _P1_4
                                     75 	.globl _P1_3
                                     76 	.globl _P1_2
                                     77 	.globl _P1_1
                                     78 	.globl _P1_0
                                     79 	.globl _TF1
                                     80 	.globl _TR1
                                     81 	.globl _TF0
                                     82 	.globl _TR0
                                     83 	.globl _IE1
                                     84 	.globl _IT1
                                     85 	.globl _IE0
                                     86 	.globl _IT0
                                     87 	.globl _P0_7
                                     88 	.globl _P0_6
                                     89 	.globl _P0_5
                                     90 	.globl _P0_4
                                     91 	.globl _P0_3
                                     92 	.globl _P0_2
                                     93 	.globl _P0_1
                                     94 	.globl _P0_0
                                     95 	.globl _TXD0
                                     96 	.globl _RXD0
                                     97 	.globl _BREG_F7
                                     98 	.globl _BREG_F6
                                     99 	.globl _BREG_F5
                                    100 	.globl _BREG_F4
                                    101 	.globl _BREG_F3
                                    102 	.globl _BREG_F2
                                    103 	.globl _BREG_F1
                                    104 	.globl _BREG_F0
                                    105 	.globl _P5_7
                                    106 	.globl _P5_6
                                    107 	.globl _P5_5
                                    108 	.globl _P5_4
                                    109 	.globl _P5_3
                                    110 	.globl _P5_2
                                    111 	.globl _P5_1
                                    112 	.globl _P5_0
                                    113 	.globl _P4_7
                                    114 	.globl _P4_6
                                    115 	.globl _P4_5
                                    116 	.globl _P4_4
                                    117 	.globl _P4_3
                                    118 	.globl _P4_2
                                    119 	.globl _P4_1
                                    120 	.globl _P4_0
                                    121 	.globl _PX0L
                                    122 	.globl _PT0L
                                    123 	.globl _PX1L
                                    124 	.globl _PT1L
                                    125 	.globl _PSL
                                    126 	.globl _PT2L
                                    127 	.globl _PPCL
                                    128 	.globl _EC
                                    129 	.globl _CCF0
                                    130 	.globl _CCF1
                                    131 	.globl _CCF2
                                    132 	.globl _CCF3
                                    133 	.globl _CCF4
                                    134 	.globl _CR
                                    135 	.globl _CF
                                    136 	.globl _TF2
                                    137 	.globl _EXF2
                                    138 	.globl _RCLK
                                    139 	.globl _TCLK
                                    140 	.globl _EXEN2
                                    141 	.globl _TR2
                                    142 	.globl _C_T2
                                    143 	.globl _CP_RL2
                                    144 	.globl _T2CON_7
                                    145 	.globl _T2CON_6
                                    146 	.globl _T2CON_5
                                    147 	.globl _T2CON_4
                                    148 	.globl _T2CON_3
                                    149 	.globl _T2CON_2
                                    150 	.globl _T2CON_1
                                    151 	.globl _T2CON_0
                                    152 	.globl _PT2
                                    153 	.globl _ET2
                                    154 	.globl _B
                                    155 	.globl _ACC
                                    156 	.globl _PSW
                                    157 	.globl _IP
                                    158 	.globl _P3
                                    159 	.globl _IE
                                    160 	.globl _P2
                                    161 	.globl _SBUF
                                    162 	.globl _SCON
                                    163 	.globl _P1
                                    164 	.globl _TH1
                                    165 	.globl _TH0
                                    166 	.globl _TL1
                                    167 	.globl _TL0
                                    168 	.globl _TMOD
                                    169 	.globl _TCON
                                    170 	.globl _PCON
                                    171 	.globl _DPH
                                    172 	.globl _DPL
                                    173 	.globl _SP
                                    174 	.globl _P0
                                    175 	.globl _SBUF0
                                    176 	.globl _DP0L
                                    177 	.globl _DP0H
                                    178 	.globl _EECON
                                    179 	.globl _KBF
                                    180 	.globl _KBE
                                    181 	.globl _KBLS
                                    182 	.globl _BRL
                                    183 	.globl _BDRCON
                                    184 	.globl _T2MOD
                                    185 	.globl _SPDAT
                                    186 	.globl _SPSTA
                                    187 	.globl _SPCON
                                    188 	.globl _SADEN
                                    189 	.globl _SADDR
                                    190 	.globl _WDTPRG
                                    191 	.globl _WDTRST
                                    192 	.globl _P5
                                    193 	.globl _P4
                                    194 	.globl _IPH1
                                    195 	.globl _IPL1
                                    196 	.globl _IPH0
                                    197 	.globl _IPL0
                                    198 	.globl _IEN1
                                    199 	.globl _IEN0
                                    200 	.globl _CMOD
                                    201 	.globl _CL
                                    202 	.globl _CH
                                    203 	.globl _CCON
                                    204 	.globl _CCAPM4
                                    205 	.globl _CCAPM3
                                    206 	.globl _CCAPM2
                                    207 	.globl _CCAPM1
                                    208 	.globl _CCAPM0
                                    209 	.globl _CCAP4L
                                    210 	.globl _CCAP3L
                                    211 	.globl _CCAP2L
                                    212 	.globl _CCAP1L
                                    213 	.globl _CCAP0L
                                    214 	.globl _CCAP4H
                                    215 	.globl _CCAP3H
                                    216 	.globl _CCAP2H
                                    217 	.globl _CCAP1H
                                    218 	.globl _CCAP0H
                                    219 	.globl _CKCON1
                                    220 	.globl _CKCON0
                                    221 	.globl _CKRL
                                    222 	.globl _AUXR1
                                    223 	.globl _AUXR
                                    224 	.globl _TH2
                                    225 	.globl _TL2
                                    226 	.globl _RCAP2H
                                    227 	.globl _RCAP2L
                                    228 	.globl _T2CON
                                    229 	.globl _minutes
                                    230 	.globl _seconds
                                    231 	.globl _one_tenth_of_second
                                    232 	.globl _one_twentyth_of_Second
                                    233 ;--------------------------------------------------------
                                    234 ; special function registers
                                    235 ;--------------------------------------------------------
                                    236 	.area RSEG    (ABS,DATA)
      000000                        237 	.org 0x0000
                           0000C8   238 _T2CON	=	0x00c8
                           0000CA   239 _RCAP2L	=	0x00ca
                           0000CB   240 _RCAP2H	=	0x00cb
                           0000CC   241 _TL2	=	0x00cc
                           0000CD   242 _TH2	=	0x00cd
                           00008E   243 _AUXR	=	0x008e
                           0000A2   244 _AUXR1	=	0x00a2
                           000097   245 _CKRL	=	0x0097
                           00008F   246 _CKCON0	=	0x008f
                           0000AF   247 _CKCON1	=	0x00af
                           0000FA   248 _CCAP0H	=	0x00fa
                           0000FB   249 _CCAP1H	=	0x00fb
                           0000FC   250 _CCAP2H	=	0x00fc
                           0000FD   251 _CCAP3H	=	0x00fd
                           0000FE   252 _CCAP4H	=	0x00fe
                           0000EA   253 _CCAP0L	=	0x00ea
                           0000EB   254 _CCAP1L	=	0x00eb
                           0000EC   255 _CCAP2L	=	0x00ec
                           0000ED   256 _CCAP3L	=	0x00ed
                           0000EE   257 _CCAP4L	=	0x00ee
                           0000DA   258 _CCAPM0	=	0x00da
                           0000DB   259 _CCAPM1	=	0x00db
                           0000DC   260 _CCAPM2	=	0x00dc
                           0000DD   261 _CCAPM3	=	0x00dd
                           0000DE   262 _CCAPM4	=	0x00de
                           0000D8   263 _CCON	=	0x00d8
                           0000F9   264 _CH	=	0x00f9
                           0000E9   265 _CL	=	0x00e9
                           0000D9   266 _CMOD	=	0x00d9
                           0000A8   267 _IEN0	=	0x00a8
                           0000B1   268 _IEN1	=	0x00b1
                           0000B8   269 _IPL0	=	0x00b8
                           0000B7   270 _IPH0	=	0x00b7
                           0000B2   271 _IPL1	=	0x00b2
                           0000B3   272 _IPH1	=	0x00b3
                           0000C0   273 _P4	=	0x00c0
                           0000E8   274 _P5	=	0x00e8
                           0000A6   275 _WDTRST	=	0x00a6
                           0000A7   276 _WDTPRG	=	0x00a7
                           0000A9   277 _SADDR	=	0x00a9
                           0000B9   278 _SADEN	=	0x00b9
                           0000C3   279 _SPCON	=	0x00c3
                           0000C4   280 _SPSTA	=	0x00c4
                           0000C5   281 _SPDAT	=	0x00c5
                           0000C9   282 _T2MOD	=	0x00c9
                           00009B   283 _BDRCON	=	0x009b
                           00009A   284 _BRL	=	0x009a
                           00009C   285 _KBLS	=	0x009c
                           00009D   286 _KBE	=	0x009d
                           00009E   287 _KBF	=	0x009e
                           0000D2   288 _EECON	=	0x00d2
                           000083   289 _DP0H	=	0x0083
                           000082   290 _DP0L	=	0x0082
                           000099   291 _SBUF0	=	0x0099
                           000080   292 _P0	=	0x0080
                           000081   293 _SP	=	0x0081
                           000082   294 _DPL	=	0x0082
                           000083   295 _DPH	=	0x0083
                           000087   296 _PCON	=	0x0087
                           000088   297 _TCON	=	0x0088
                           000089   298 _TMOD	=	0x0089
                           00008A   299 _TL0	=	0x008a
                           00008B   300 _TL1	=	0x008b
                           00008C   301 _TH0	=	0x008c
                           00008D   302 _TH1	=	0x008d
                           000090   303 _P1	=	0x0090
                           000098   304 _SCON	=	0x0098
                           000099   305 _SBUF	=	0x0099
                           0000A0   306 _P2	=	0x00a0
                           0000A8   307 _IE	=	0x00a8
                           0000B0   308 _P3	=	0x00b0
                           0000B8   309 _IP	=	0x00b8
                           0000D0   310 _PSW	=	0x00d0
                           0000E0   311 _ACC	=	0x00e0
                           0000F0   312 _B	=	0x00f0
                                    313 ;--------------------------------------------------------
                                    314 ; special function bits
                                    315 ;--------------------------------------------------------
                                    316 	.area RSEG    (ABS,DATA)
      000000                        317 	.org 0x0000
                           0000AD   318 _ET2	=	0x00ad
                           0000BD   319 _PT2	=	0x00bd
                           0000C8   320 _T2CON_0	=	0x00c8
                           0000C9   321 _T2CON_1	=	0x00c9
                           0000CA   322 _T2CON_2	=	0x00ca
                           0000CB   323 _T2CON_3	=	0x00cb
                           0000CC   324 _T2CON_4	=	0x00cc
                           0000CD   325 _T2CON_5	=	0x00cd
                           0000CE   326 _T2CON_6	=	0x00ce
                           0000CF   327 _T2CON_7	=	0x00cf
                           0000C8   328 _CP_RL2	=	0x00c8
                           0000C9   329 _C_T2	=	0x00c9
                           0000CA   330 _TR2	=	0x00ca
                           0000CB   331 _EXEN2	=	0x00cb
                           0000CC   332 _TCLK	=	0x00cc
                           0000CD   333 _RCLK	=	0x00cd
                           0000CE   334 _EXF2	=	0x00ce
                           0000CF   335 _TF2	=	0x00cf
                           0000DF   336 _CF	=	0x00df
                           0000DE   337 _CR	=	0x00de
                           0000DC   338 _CCF4	=	0x00dc
                           0000DB   339 _CCF3	=	0x00db
                           0000DA   340 _CCF2	=	0x00da
                           0000D9   341 _CCF1	=	0x00d9
                           0000D8   342 _CCF0	=	0x00d8
                           0000AE   343 _EC	=	0x00ae
                           0000BE   344 _PPCL	=	0x00be
                           0000BD   345 _PT2L	=	0x00bd
                           0000BC   346 _PSL	=	0x00bc
                           0000BB   347 _PT1L	=	0x00bb
                           0000BA   348 _PX1L	=	0x00ba
                           0000B9   349 _PT0L	=	0x00b9
                           0000B8   350 _PX0L	=	0x00b8
                           0000C0   351 _P4_0	=	0x00c0
                           0000C1   352 _P4_1	=	0x00c1
                           0000C2   353 _P4_2	=	0x00c2
                           0000C3   354 _P4_3	=	0x00c3
                           0000C4   355 _P4_4	=	0x00c4
                           0000C5   356 _P4_5	=	0x00c5
                           0000C6   357 _P4_6	=	0x00c6
                           0000C7   358 _P4_7	=	0x00c7
                           0000E8   359 _P5_0	=	0x00e8
                           0000E9   360 _P5_1	=	0x00e9
                           0000EA   361 _P5_2	=	0x00ea
                           0000EB   362 _P5_3	=	0x00eb
                           0000EC   363 _P5_4	=	0x00ec
                           0000ED   364 _P5_5	=	0x00ed
                           0000EE   365 _P5_6	=	0x00ee
                           0000EF   366 _P5_7	=	0x00ef
                           0000F0   367 _BREG_F0	=	0x00f0
                           0000F1   368 _BREG_F1	=	0x00f1
                           0000F2   369 _BREG_F2	=	0x00f2
                           0000F3   370 _BREG_F3	=	0x00f3
                           0000F4   371 _BREG_F4	=	0x00f4
                           0000F5   372 _BREG_F5	=	0x00f5
                           0000F6   373 _BREG_F6	=	0x00f6
                           0000F7   374 _BREG_F7	=	0x00f7
                           0000B0   375 _RXD0	=	0x00b0
                           0000B1   376 _TXD0	=	0x00b1
                           000080   377 _P0_0	=	0x0080
                           000081   378 _P0_1	=	0x0081
                           000082   379 _P0_2	=	0x0082
                           000083   380 _P0_3	=	0x0083
                           000084   381 _P0_4	=	0x0084
                           000085   382 _P0_5	=	0x0085
                           000086   383 _P0_6	=	0x0086
                           000087   384 _P0_7	=	0x0087
                           000088   385 _IT0	=	0x0088
                           000089   386 _IE0	=	0x0089
                           00008A   387 _IT1	=	0x008a
                           00008B   388 _IE1	=	0x008b
                           00008C   389 _TR0	=	0x008c
                           00008D   390 _TF0	=	0x008d
                           00008E   391 _TR1	=	0x008e
                           00008F   392 _TF1	=	0x008f
                           000090   393 _P1_0	=	0x0090
                           000091   394 _P1_1	=	0x0091
                           000092   395 _P1_2	=	0x0092
                           000093   396 _P1_3	=	0x0093
                           000094   397 _P1_4	=	0x0094
                           000095   398 _P1_5	=	0x0095
                           000096   399 _P1_6	=	0x0096
                           000097   400 _P1_7	=	0x0097
                           000098   401 _RI	=	0x0098
                           000099   402 _TI	=	0x0099
                           00009A   403 _RB8	=	0x009a
                           00009B   404 _TB8	=	0x009b
                           00009C   405 _REN	=	0x009c
                           00009D   406 _SM2	=	0x009d
                           00009E   407 _SM1	=	0x009e
                           00009F   408 _SM0	=	0x009f
                           0000A0   409 _P2_0	=	0x00a0
                           0000A1   410 _P2_1	=	0x00a1
                           0000A2   411 _P2_2	=	0x00a2
                           0000A3   412 _P2_3	=	0x00a3
                           0000A4   413 _P2_4	=	0x00a4
                           0000A5   414 _P2_5	=	0x00a5
                           0000A6   415 _P2_6	=	0x00a6
                           0000A7   416 _P2_7	=	0x00a7
                           0000A8   417 _EX0	=	0x00a8
                           0000A9   418 _ET0	=	0x00a9
                           0000AA   419 _EX1	=	0x00aa
                           0000AB   420 _ET1	=	0x00ab
                           0000AC   421 _ES	=	0x00ac
                           0000AF   422 _EA	=	0x00af
                           0000B0   423 _P3_0	=	0x00b0
                           0000B1   424 _P3_1	=	0x00b1
                           0000B2   425 _P3_2	=	0x00b2
                           0000B3   426 _P3_3	=	0x00b3
                           0000B4   427 _P3_4	=	0x00b4
                           0000B5   428 _P3_5	=	0x00b5
                           0000B6   429 _P3_6	=	0x00b6
                           0000B7   430 _P3_7	=	0x00b7
                           0000B0   431 _RXD	=	0x00b0
                           0000B1   432 _TXD	=	0x00b1
                           0000B2   433 _INT0	=	0x00b2
                           0000B3   434 _INT1	=	0x00b3
                           0000B4   435 _T0	=	0x00b4
                           0000B5   436 _T1	=	0x00b5
                           0000B6   437 _WR	=	0x00b6
                           0000B7   438 _RD	=	0x00b7
                           0000B8   439 _PX0	=	0x00b8
                           0000B9   440 _PT0	=	0x00b9
                           0000BA   441 _PX1	=	0x00ba
                           0000BB   442 _PT1	=	0x00bb
                           0000BC   443 _PS	=	0x00bc
                           0000D0   444 _P	=	0x00d0
                           0000D1   445 _F1	=	0x00d1
                           0000D2   446 _OV	=	0x00d2
                           0000D3   447 _RS0	=	0x00d3
                           0000D4   448 _RS1	=	0x00d4
                           0000D5   449 _F0	=	0x00d5
                           0000D6   450 _AC	=	0x00d6
                           0000D7   451 _CY	=	0x00d7
                                    452 ;--------------------------------------------------------
                                    453 ; overlayable register banks
                                    454 ;--------------------------------------------------------
                                    455 	.area REG_BANK_0	(REL,OVR,DATA)
      000000                        456 	.ds 8
                                    457 ;--------------------------------------------------------
                                    458 ; overlayable bit register bank
                                    459 ;--------------------------------------------------------
                                    460 	.area BIT_BANK	(REL,OVR,DATA)
      000000                        461 bits:
      000000                        462 	.ds 1
                           008000   463 	b0 = bits[0]
                           008100   464 	b1 = bits[1]
                           008200   465 	b2 = bits[2]
                           008300   466 	b3 = bits[3]
                           008400   467 	b4 = bits[4]
                           008500   468 	b5 = bits[5]
                           008600   469 	b6 = bits[6]
                           008700   470 	b7 = bits[7]
                                    471 ;--------------------------------------------------------
                                    472 ; internal ram data
                                    473 ;--------------------------------------------------------
                                    474 	.area DSEG    (DATA)
                                    475 ;--------------------------------------------------------
                                    476 ; overlayable items in internal ram 
                                    477 ;--------------------------------------------------------
                                    478 ;--------------------------------------------------------
                                    479 ; Stack segment in internal ram 
                                    480 ;--------------------------------------------------------
                                    481 	.area	SSEG
      000000                        482 __start__stack:
      000000                        483 	.ds	1
                                    484 
                                    485 ;--------------------------------------------------------
                                    486 ; indirectly addressable internal ram data
                                    487 ;--------------------------------------------------------
                                    488 	.area ISEG    (DATA)
                                    489 ;--------------------------------------------------------
                                    490 ; absolute internal ram data
                                    491 ;--------------------------------------------------------
                                    492 	.area IABS    (ABS,DATA)
                                    493 	.area IABS    (ABS,DATA)
                                    494 ;--------------------------------------------------------
                                    495 ; bit data
                                    496 ;--------------------------------------------------------
                                    497 	.area BSEG    (BIT)
                                    498 ;--------------------------------------------------------
                                    499 ; paged external ram data
                                    500 ;--------------------------------------------------------
                                    501 	.area PSEG    (PAG,XDATA)
                                    502 ;--------------------------------------------------------
                                    503 ; external ram data
                                    504 ;--------------------------------------------------------
                                    505 	.area XSEG    (XDATA)
                                    506 ;--------------------------------------------------------
                                    507 ; absolute external ram data
                                    508 ;--------------------------------------------------------
                                    509 	.area XABS    (ABS,XDATA)
                                    510 ;--------------------------------------------------------
                                    511 ; external initialized ram data
                                    512 ;--------------------------------------------------------
                                    513 	.area XISEG   (XDATA)
      000000                        514 _one_twentyth_of_Second::
      000000                        515 	.ds 1
      000001                        516 _one_tenth_of_second::
      000001                        517 	.ds 1
      000002                        518 _seconds::
      000002                        519 	.ds 1
      000003                        520 _minutes::
      000003                        521 	.ds 1
                                    522 	.area HOME    (CODE)
                                    523 	.area GSINIT0 (CODE)
                                    524 	.area GSINIT1 (CODE)
                                    525 	.area GSINIT2 (CODE)
                                    526 	.area GSINIT3 (CODE)
                                    527 	.area GSINIT4 (CODE)
                                    528 	.area GSINIT5 (CODE)
                                    529 	.area GSINIT  (CODE)
                                    530 	.area GSFINAL (CODE)
                                    531 	.area CSEG    (CODE)
                                    532 ;--------------------------------------------------------
                                    533 ; interrupt vector 
                                    534 ;--------------------------------------------------------
                                    535 	.area HOME    (CODE)
      000000                        536 __interrupt_vect:
      000000 02r00r00         [24]  537 	ljmp	__sdcc_gsinit_startup
      000003 32               [24]  538 	reti
      000004                        539 	.ds	7
      00000B 02r00r00         [24]  540 	ljmp	_timer0_isr
                                    541 ;--------------------------------------------------------
                                    542 ; global & static initialisations
                                    543 ;--------------------------------------------------------
                                    544 	.area HOME    (CODE)
                                    545 	.area GSINIT  (CODE)
                                    546 	.area GSFINAL (CODE)
                                    547 	.area GSINIT  (CODE)
                                    548 	.globl __sdcc_gsinit_startup
                                    549 	.globl __sdcc_program_startup
                                    550 	.globl __start__stack
                                    551 	.globl __mcs51_genXINIT
                                    552 	.globl __mcs51_genXRAMCLEAR
                                    553 	.globl __mcs51_genRAMCLEAR
                                    554 	.area GSFINAL (CODE)
      000000 02r00r0E         [24]  555 	ljmp	__sdcc_program_startup
                                    556 ;--------------------------------------------------------
                                    557 ; Home
                                    558 ;--------------------------------------------------------
                                    559 	.area HOME    (CODE)
                                    560 	.area HOME    (CODE)
      00000E                        561 __sdcc_program_startup:
      00000E 02r00r95         [24]  562 	ljmp	_main
                                    563 ;	return from main will return to caller
                                    564 ;--------------------------------------------------------
                                    565 ; code
                                    566 ;--------------------------------------------------------
                                    567 	.area CSEG    (CODE)
                                    568 ;------------------------------------------------------------
                                    569 ;Allocation info for local variables in function 'timer0_isr'
                                    570 ;------------------------------------------------------------
                                    571 ;	src/main.c:60: void timer0_isr(void) __interrupt (1) {
                                    572 ;	-----------------------------------------
                                    573 ;	 function timer0_isr
                                    574 ;	-----------------------------------------
      000000                        575 _timer0_isr:
                           000007   576 	ar7 = 0x07
                           000006   577 	ar6 = 0x06
                           000005   578 	ar5 = 0x05
                           000004   579 	ar4 = 0x04
                           000003   580 	ar3 = 0x03
                           000002   581 	ar2 = 0x02
                           000001   582 	ar1 = 0x01
                           000000   583 	ar0 = 0x00
      000000 C0*00            [24]  584 	push	bits
      000002 C0 E0            [24]  585 	push	acc
      000004 C0 F0            [24]  586 	push	b
      000006 C0 82            [24]  587 	push	dpl
      000008 C0 83            [24]  588 	push	dph
      00000A C0 07            [24]  589 	push	(0+7)
      00000C C0 06            [24]  590 	push	(0+6)
      00000E C0 05            [24]  591 	push	(0+5)
      000010 C0 04            [24]  592 	push	(0+4)
      000012 C0 03            [24]  593 	push	(0+3)
      000014 C0 02            [24]  594 	push	(0+2)
      000016 C0 01            [24]  595 	push	(0+1)
      000018 C0 00            [24]  596 	push	(0+0)
      00001A C0 D0            [24]  597 	push	psw
      00001C 75 D0 00         [24]  598 	mov	psw,#0x00
                                    599 ;	src/main.c:61: TH0 = TH0_FOR_50MS;       // High byte for 50ms delay
      00001F 75 8C 4B         [24]  600 	mov	_TH0,#0x4b
                                    601 ;	src/main.c:62: TL0 = TL0_FOR_50MS;       // Low byte for 50ms delay
      000022 75 8A 1C         [24]  602 	mov	_TL0,#0x1c
                                    603 ;	src/main.c:63: one_twentyth_of_Second++; // Increment 1/20th of a second counter
      000025 90r00r00         [24]  604 	mov	dptr,#_one_twentyth_of_Second
      000028 E0               [24]  605 	movx	a,@dptr
      000029 04               [12]  606 	inc	a
      00002A F0               [24]  607 	movx	@dptr,a
                                    608 ;	src/main.c:64: TR0 = 1;                  // Restart the timer
                                    609 ;	assignBit
      00002B D2 8C            [12]  610 	setb	_TR0
                                    611 ;	src/main.c:67: if (one_twentyth_of_Second == 20) {
      00002D 90r00r00         [24]  612 	mov	dptr,#_one_twentyth_of_Second
      000030 E0               [24]  613 	movx	a,@dptr
      000031 FF               [12]  614 	mov	r7,a
      000032 BF 14 1B         [24]  615 	cjne	r7,#0x14,00104$
                                    616 ;	src/main.c:68: one_twentyth_of_Second = 0;
      000035 90r00r00         [24]  617 	mov	dptr,#_one_twentyth_of_Second
      000038 E4               [12]  618 	clr	a
      000039 F0               [24]  619 	movx	@dptr,a
                                    620 ;	src/main.c:69: seconds++;
      00003A 90r00r02         [24]  621 	mov	dptr,#_seconds
      00003D E0               [24]  622 	movx	a,@dptr
      00003E 04               [12]  623 	inc	a
      00003F F0               [24]  624 	movx	@dptr,a
                                    625 ;	src/main.c:72: if (seconds == 60) {
      000040 E0               [24]  626 	movx	a,@dptr
      000041 FF               [12]  627 	mov	r7,a
      000042 BF 3C 0B         [24]  628 	cjne	r7,#0x3c,00104$
                                    629 ;	src/main.c:73: seconds = 0;
      000045 90r00r02         [24]  630 	mov	dptr,#_seconds
      000048 E4               [12]  631 	clr	a
      000049 F0               [24]  632 	movx	@dptr,a
                                    633 ;	src/main.c:74: minutes++;
      00004A 90r00r03         [24]  634 	mov	dptr,#_minutes
      00004D E0               [24]  635 	movx	a,@dptr
      00004E 04               [12]  636 	inc	a
      00004F F0               [24]  637 	movx	@dptr,a
      000050                        638 00104$:
                                    639 ;	src/main.c:79: if (one_twentyth_of_Second % 2 == 0) {
      000050 90r00r00         [24]  640 	mov	dptr,#_one_twentyth_of_Second
      000053 E0               [24]  641 	movx	a,@dptr
      000054 20 E0 21         [24]  642 	jb	acc.0,00107$
                                    643 ;	src/main.c:80: one_tenth_of_second = one_twentyth_of_Second / 2;
      000057 90r00r00         [24]  644 	mov	dptr,#_one_twentyth_of_Second
      00005A E0               [24]  645 	movx	a,@dptr
      00005B FF               [12]  646 	mov	r7,a
      00005C 7E 00            [12]  647 	mov	r6,#0x00
      00005E 90r00r00         [24]  648 	mov	dptr,#__divsint_PARM_2
      000061 74 02            [12]  649 	mov	a,#0x02
      000063 F0               [24]  650 	movx	@dptr,a
      000064 E4               [12]  651 	clr	a
      000065 A3               [24]  652 	inc	dptr
      000066 F0               [24]  653 	movx	@dptr,a
      000067 8F 82            [24]  654 	mov	dpl,r7
      000069 8E 83            [24]  655 	mov	dph,r6
      00006B 12r00r00         [24]  656 	lcall	__divsint
      00006E AE 82            [24]  657 	mov	r6,dpl
      000070 90r00r01         [24]  658 	mov	dptr,#_one_tenth_of_second
      000073 EE               [12]  659 	mov	a,r6
      000074 F0               [24]  660 	movx	@dptr,a
                                    661 ;	src/main.c:81: current_time_display(); // Update time display on LCD
      000075 12r00r00         [24]  662 	lcall	_current_time_display
      000078                        663 00107$:
                                    664 ;	src/main.c:83: }
      000078 D0 D0            [24]  665 	pop	psw
      00007A D0 00            [24]  666 	pop	(0+0)
      00007C D0 01            [24]  667 	pop	(0+1)
      00007E D0 02            [24]  668 	pop	(0+2)
      000080 D0 03            [24]  669 	pop	(0+3)
      000082 D0 04            [24]  670 	pop	(0+4)
      000084 D0 05            [24]  671 	pop	(0+5)
      000086 D0 06            [24]  672 	pop	(0+6)
      000088 D0 07            [24]  673 	pop	(0+7)
      00008A D0 83            [24]  674 	pop	dph
      00008C D0 82            [24]  675 	pop	dpl
      00008E D0 F0            [24]  676 	pop	b
      000090 D0 E0            [24]  677 	pop	acc
      000092 D0*00            [24]  678 	pop	bits
      000094 32               [24]  679 	reti
                                    680 ;------------------------------------------------------------
                                    681 ;Allocation info for local variables in function 'main'
                                    682 ;------------------------------------------------------------
                                    683 ;char_received             Allocated with name '_main_char_received_65536_63'
                                    684 ;------------------------------------------------------------
                                    685 ;	src/main.c:95: void main() {
                                    686 ;	-----------------------------------------
                                    687 ;	 function main
                                    688 ;	-----------------------------------------
      000095                        689 _main:
                                    690 ;	src/main.c:99: lcd_init();
      000095 12r00r00         [24]  691 	lcall	_lcd_init
                                    692 ;	src/main.c:100: one_twentyth_of_Second = 0;
      000098 90r00r00         [24]  693 	mov	dptr,#_one_twentyth_of_Second
      00009B E4               [12]  694 	clr	a
      00009C F0               [24]  695 	movx	@dptr,a
                                    696 ;	src/main.c:101: seconds = 0;
      00009D 90r00r02         [24]  697 	mov	dptr,#_seconds
      0000A0 F0               [24]  698 	movx	@dptr,a
                                    699 ;	src/main.c:102: minutes = 0;
      0000A1 90r00r03         [24]  700 	mov	dptr,#_minutes
      0000A4 F0               [24]  701 	movx	@dptr,a
                                    702 ;	src/main.c:103: timer0_init();
      0000A5 12r00r00         [24]  703 	lcall	_timer0_init
                                    704 ;	src/main.c:106: printf("╔════════════════════════════════════════════════════════════════╗\n\r");
      0000A8 74r00            [12]  705 	mov	a,#___str_0
      0000AA C0 E0            [24]  706 	push	acc
      0000AC 74s00            [12]  707 	mov	a,#(___str_0 >> 8)
      0000AE C0 E0            [24]  708 	push	acc
      0000B0 74 80            [12]  709 	mov	a,#0x80
      0000B2 C0 E0            [24]  710 	push	acc
      0000B4 12r00r00         [24]  711 	lcall	_printf
      0000B7 15 81            [12]  712 	dec	sp
      0000B9 15 81            [12]  713 	dec	sp
      0000BB 15 81            [12]  714 	dec	sp
                                    715 ;	src/main.c:107: printf("║                     Welcome to LCD Demo                         ║\n\r");
      0000BD 74rC9            [12]  716 	mov	a,#___str_1
      0000BF C0 E0            [24]  717 	push	acc
      0000C1 74s00            [12]  718 	mov	a,#(___str_1 >> 8)
      0000C3 C0 E0            [24]  719 	push	acc
      0000C5 74 80            [12]  720 	mov	a,#0x80
      0000C7 C0 E0            [24]  721 	push	acc
      0000C9 12r00r00         [24]  722 	lcall	_printf
      0000CC 15 81            [12]  723 	dec	sp
      0000CE 15 81            [12]  724 	dec	sp
      0000D0 15 81            [12]  725 	dec	sp
                                    726 ;	src/main.c:108: printf("╠═══════════╦════════════════════════════════════════════════════╣\n\r");
      0000D2 74r13            [12]  727 	mov	a,#___str_2
      0000D4 C0 E0            [24]  728 	push	acc
      0000D6 74s01            [12]  729 	mov	a,#(___str_2 >> 8)
      0000D8 C0 E0            [24]  730 	push	acc
      0000DA 74 80            [12]  731 	mov	a,#0x80
      0000DC C0 E0            [24]  732 	push	acc
      0000DE 12r00r00         [24]  733 	lcall	_printf
      0000E1 15 81            [12]  734 	dec	sp
      0000E3 15 81            [12]  735 	dec	sp
      0000E5 15 81            [12]  736 	dec	sp
                                    737 ;	src/main.c:109: printf("║ Command   ║                    Description                      ║\n\r");
      0000E7 74rDC            [12]  738 	mov	a,#___str_3
      0000E9 C0 E0            [24]  739 	push	acc
      0000EB 74s01            [12]  740 	mov	a,#(___str_3 >> 8)
      0000ED C0 E0            [24]  741 	push	acc
      0000EF 74 80            [12]  742 	mov	a,#0x80
      0000F1 C0 E0            [24]  743 	push	acc
      0000F3 12r00r00         [24]  744 	lcall	_printf
      0000F6 15 81            [12]  745 	dec	sp
      0000F8 15 81            [12]  746 	dec	sp
      0000FA 15 81            [12]  747 	dec	sp
                                    748 ;	src/main.c:110: printf("╠═══════════╬════════════════════════════════════════════════════╣\n\r");
      0000FC 74r28            [12]  749 	mov	a,#___str_4
      0000FE C0 E0            [24]  750 	push	acc
      000100 74s02            [12]  751 	mov	a,#(___str_4 >> 8)
      000102 C0 E0            [24]  752 	push	acc
      000104 74 80            [12]  753 	mov	a,#0x80
      000106 C0 E0            [24]  754 	push	acc
      000108 12r00r00         [24]  755 	lcall	_printf
      00010B 15 81            [12]  756 	dec	sp
      00010D 15 81            [12]  757 	dec	sp
      00010F 15 81            [12]  758 	dec	sp
                                    759 ;	src/main.c:111: printf("║    W      ║ Write a string                                     ║\n\r");
      000111 74rF1            [12]  760 	mov	a,#___str_5
      000113 C0 E0            [24]  761 	push	acc
      000115 74s02            [12]  762 	mov	a,#(___str_5 >> 8)
      000117 C0 E0            [24]  763 	push	acc
      000119 74 80            [12]  764 	mov	a,#0x80
      00011B C0 E0            [24]  765 	push	acc
      00011D 12r00r00         [24]  766 	lcall	_printf
      000120 15 81            [12]  767 	dec	sp
      000122 15 81            [12]  768 	dec	sp
      000124 15 81            [12]  769 	dec	sp
                                    770 ;	src/main.c:112: printf("║    T      ║ Write to a specific position in the LCD           ║\n\r");
      000126 74r3C            [12]  771 	mov	a,#___str_6
      000128 C0 E0            [24]  772 	push	acc
      00012A 74s03            [12]  773 	mov	a,#(___str_6 >> 8)
      00012C C0 E0            [24]  774 	push	acc
      00012E 74 80            [12]  775 	mov	a,#0x80
      000130 C0 E0            [24]  776 	push	acc
      000132 12r00r00         [24]  777 	lcall	_printf
      000135 15 81            [12]  778 	dec	sp
      000137 15 81            [12]  779 	dec	sp
      000139 15 81            [12]  780 	dec	sp
                                    781 ;	src/main.c:113: printf("║    E      ║ Clear the display                                 ║\n\r");
      00013B 74r86            [12]  782 	mov	a,#___str_7
      00013D C0 E0            [24]  783 	push	acc
      00013F 74s03            [12]  784 	mov	a,#(___str_7 >> 8)
      000141 C0 E0            [24]  785 	push	acc
      000143 74 80            [12]  786 	mov	a,#0x80
      000145 C0 E0            [24]  787 	push	acc
      000147 12r00r00         [24]  788 	lcall	_printf
      00014A 15 81            [12]  789 	dec	sp
      00014C 15 81            [12]  790 	dec	sp
      00014E 15 81            [12]  791 	dec	sp
                                    792 ;	src/main.c:114: printf("║    P      ║ Pause the Timer                                   ║\n\r\r");
      000150 74rD0            [12]  793 	mov	a,#___str_8
      000152 C0 E0            [24]  794 	push	acc
      000154 74s03            [12]  795 	mov	a,#(___str_8 >> 8)
      000156 C0 E0            [24]  796 	push	acc
      000158 74 80            [12]  797 	mov	a,#0x80
      00015A C0 E0            [24]  798 	push	acc
      00015C 12r00r00         [24]  799 	lcall	_printf
      00015F 15 81            [12]  800 	dec	sp
      000161 15 81            [12]  801 	dec	sp
      000163 15 81            [12]  802 	dec	sp
                                    803 ;	src/main.c:115: printf("║    S      ║ Start the Timer                                   ║\n\r\r");
      000165 74r1B            [12]  804 	mov	a,#___str_9
      000167 C0 E0            [24]  805 	push	acc
      000169 74s04            [12]  806 	mov	a,#(___str_9 >> 8)
      00016B C0 E0            [24]  807 	push	acc
      00016D 74 80            [12]  808 	mov	a,#0x80
      00016F C0 E0            [24]  809 	push	acc
      000171 12r00r00         [24]  810 	lcall	_printf
      000174 15 81            [12]  811 	dec	sp
      000176 15 81            [12]  812 	dec	sp
      000178 15 81            [12]  813 	dec	sp
                                    814 ;	src/main.c:116: printf("║    R      ║ Stop and reset the Timer                          ║\n\r\r");
      00017A 74r66            [12]  815 	mov	a,#___str_10
      00017C C0 E0            [24]  816 	push	acc
      00017E 74s04            [12]  817 	mov	a,#(___str_10 >> 8)
      000180 C0 E0            [24]  818 	push	acc
      000182 74 80            [12]  819 	mov	a,#0x80
      000184 C0 E0            [24]  820 	push	acc
      000186 12r00r00         [24]  821 	lcall	_printf
      000189 15 81            [12]  822 	dec	sp
      00018B 15 81            [12]  823 	dec	sp
      00018D 15 81            [12]  824 	dec	sp
                                    825 ;	src/main.c:117: printf("║    H      ║ Hexdump of DDRAM contents                         ║\n\r\r");
      00018F 74rB1            [12]  826 	mov	a,#___str_11
      000191 C0 E0            [24]  827 	push	acc
      000193 74s04            [12]  828 	mov	a,#(___str_11 >> 8)
      000195 C0 E0            [24]  829 	push	acc
      000197 74 80            [12]  830 	mov	a,#0x80
      000199 C0 E0            [24]  831 	push	acc
      00019B 12r00r00         [24]  832 	lcall	_printf
      00019E 15 81            [12]  833 	dec	sp
      0001A0 15 81            [12]  834 	dec	sp
      0001A2 15 81            [12]  835 	dec	sp
                                    836 ;	src/main.c:118: printf("║    C      ║ Hexdump of CGRAM contents                         ║\n\r\r");
      0001A4 74rFC            [12]  837 	mov	a,#___str_12
      0001A6 C0 E0            [24]  838 	push	acc
      0001A8 74s04            [12]  839 	mov	a,#(___str_12 >> 8)
      0001AA C0 E0            [24]  840 	push	acc
      0001AC 74 80            [12]  841 	mov	a,#0x80
      0001AE C0 E0            [24]  842 	push	acc
      0001B0 12r00r00         [24]  843 	lcall	_printf
      0001B3 15 81            [12]  844 	dec	sp
      0001B5 15 81            [12]  845 	dec	sp
      0001B7 15 81            [12]  846 	dec	sp
                                    847 ;	src/main.c:119: printf("║    A      ║ Create a CGRAM character                          ║\n\r\r");
      0001B9 74r47            [12]  848 	mov	a,#___str_13
      0001BB C0 E0            [24]  849 	push	acc
      0001BD 74s05            [12]  850 	mov	a,#(___str_13 >> 8)
      0001BF C0 E0            [24]  851 	push	acc
      0001C1 74 80            [12]  852 	mov	a,#0x80
      0001C3 C0 E0            [24]  853 	push	acc
      0001C5 12r00r00         [24]  854 	lcall	_printf
      0001C8 15 81            [12]  855 	dec	sp
      0001CA 15 81            [12]  856 	dec	sp
      0001CC 15 81            [12]  857 	dec	sp
                                    858 ;	src/main.c:120: printf("║    D      ║ Display a CGRAM character                         ║\n\r\r");
      0001CE 74r92            [12]  859 	mov	a,#___str_14
      0001D0 C0 E0            [24]  860 	push	acc
      0001D2 74s05            [12]  861 	mov	a,#(___str_14 >> 8)
      0001D4 C0 E0            [24]  862 	push	acc
      0001D6 74 80            [12]  863 	mov	a,#0x80
      0001D8 C0 E0            [24]  864 	push	acc
      0001DA 12r00r00         [24]  865 	lcall	_printf
      0001DD 15 81            [12]  866 	dec	sp
      0001DF 15 81            [12]  867 	dec	sp
      0001E1 15 81            [12]  868 	dec	sp
                                    869 ;	src/main.c:121: printf("║    ?      ║ Help menu                                         ║\n\r");
      0001E3 74rDD            [12]  870 	mov	a,#___str_15
      0001E5 C0 E0            [24]  871 	push	acc
      0001E7 74s05            [12]  872 	mov	a,#(___str_15 >> 8)
      0001E9 C0 E0            [24]  873 	push	acc
      0001EB 74 80            [12]  874 	mov	a,#0x80
      0001ED C0 E0            [24]  875 	push	acc
      0001EF 12r00r00         [24]  876 	lcall	_printf
      0001F2 15 81            [12]  877 	dec	sp
      0001F4 15 81            [12]  878 	dec	sp
      0001F6 15 81            [12]  879 	dec	sp
                                    880 ;	src/main.c:122: printf("╚═══════════╩════════════════════════════════════════════════════╝\n\r");
      0001F8 74r27            [12]  881 	mov	a,#___str_16
      0001FA C0 E0            [24]  882 	push	acc
      0001FC 74s06            [12]  883 	mov	a,#(___str_16 >> 8)
      0001FE C0 E0            [24]  884 	push	acc
      000200 74 80            [12]  885 	mov	a,#0x80
      000202 C0 E0            [24]  886 	push	acc
      000204 12r00r00         [24]  887 	lcall	_printf
      000207 15 81            [12]  888 	dec	sp
      000209 15 81            [12]  889 	dec	sp
      00020B 15 81            [12]  890 	dec	sp
                                    891 ;	src/main.c:124: while(1) {
      00020D                        892 00102$:
                                    893 ;	src/main.c:126: printf("\r\n\r >> Enter Command:");
      00020D 74rF0            [12]  894 	mov	a,#___str_17
      00020F C0 E0            [24]  895 	push	acc
      000211 74s06            [12]  896 	mov	a,#(___str_17 >> 8)
      000213 C0 E0            [24]  897 	push	acc
      000215 74 80            [12]  898 	mov	a,#0x80
      000217 C0 E0            [24]  899 	push	acc
      000219 12r00r00         [24]  900 	lcall	_printf
      00021C 15 81            [12]  901 	dec	sp
      00021E 15 81            [12]  902 	dec	sp
      000220 15 81            [12]  903 	dec	sp
                                    904 ;	src/main.c:127: printf("\n\r");
      000222 74r06            [12]  905 	mov	a,#___str_18
      000224 C0 E0            [24]  906 	push	acc
      000226 74s07            [12]  907 	mov	a,#(___str_18 >> 8)
      000228 C0 E0            [24]  908 	push	acc
      00022A 74 80            [12]  909 	mov	a,#0x80
      00022C C0 E0            [24]  910 	push	acc
      00022E 12r00r00         [24]  911 	lcall	_printf
      000231 15 81            [12]  912 	dec	sp
      000233 15 81            [12]  913 	dec	sp
      000235 15 81            [12]  914 	dec	sp
                                    915 ;	src/main.c:128: char_received = getchar();  // Get user input
      000237 12r00r00         [24]  916 	lcall	_getchar
      00023A AE 82            [24]  917 	mov	r6,dpl
                                    918 ;	src/main.c:129: printf(" $$ ");
      00023C C0 06            [24]  919 	push	ar6
      00023E 74r09            [12]  920 	mov	a,#___str_19
      000240 C0 E0            [24]  921 	push	acc
      000242 74s07            [12]  922 	mov	a,#(___str_19 >> 8)
      000244 C0 E0            [24]  923 	push	acc
      000246 74 80            [12]  924 	mov	a,#0x80
      000248 C0 E0            [24]  925 	push	acc
      00024A 12r00r00         [24]  926 	lcall	_printf
      00024D 15 81            [12]  927 	dec	sp
      00024F 15 81            [12]  928 	dec	sp
      000251 15 81            [12]  929 	dec	sp
      000253 D0 06            [24]  930 	pop	ar6
                                    931 ;	src/main.c:130: putchar(char_received);     // Echo the received character
      000255 8E 05            [24]  932 	mov	ar5,r6
      000257 7F 00            [12]  933 	mov	r7,#0x00
      000259 8D 82            [24]  934 	mov	dpl,r5
      00025B 8F 83            [24]  935 	mov	dph,r7
      00025D C0 06            [24]  936 	push	ar6
      00025F 12r00r00         [24]  937 	lcall	_putchar
      000262 D0 06            [24]  938 	pop	ar6
                                    939 ;	src/main.c:131: command_parser(char_received);  // Parse the command and take appropriate action
      000264 8E 82            [24]  940 	mov	dpl,r6
      000266 12r00r00         [24]  941 	lcall	_command_parser
                                    942 ;	src/main.c:133: }
      000269 80 A2            [24]  943 	sjmp	00102$
                                    944 	.area CSEG    (CODE)
                                    945 	.area CONST   (CODE)
                                    946 	.area CONST   (CODE)
      000000                        947 ___str_0:
      000000 E2                     948 	.db 0xe2
      000001 95                     949 	.db 0x95
      000002 94                     950 	.db 0x94
      000003 E2                     951 	.db 0xe2
      000004 95                     952 	.db 0x95
      000005 90                     953 	.db 0x90
      000006 E2                     954 	.db 0xe2
      000007 95                     955 	.db 0x95
      000008 90                     956 	.db 0x90
      000009 E2                     957 	.db 0xe2
      00000A 95                     958 	.db 0x95
      00000B 90                     959 	.db 0x90
      00000C E2                     960 	.db 0xe2
      00000D 95                     961 	.db 0x95
      00000E 90                     962 	.db 0x90
      00000F E2                     963 	.db 0xe2
      000010 95                     964 	.db 0x95
      000011 90                     965 	.db 0x90
      000012 E2                     966 	.db 0xe2
      000013 95                     967 	.db 0x95
      000014 90                     968 	.db 0x90
      000015 E2                     969 	.db 0xe2
      000016 95                     970 	.db 0x95
      000017 90                     971 	.db 0x90
      000018 E2                     972 	.db 0xe2
      000019 95                     973 	.db 0x95
      00001A 90                     974 	.db 0x90
      00001B E2                     975 	.db 0xe2
      00001C 95                     976 	.db 0x95
      00001D 90                     977 	.db 0x90
      00001E E2                     978 	.db 0xe2
      00001F 95                     979 	.db 0x95
      000020 90                     980 	.db 0x90
      000021 E2                     981 	.db 0xe2
      000022 95                     982 	.db 0x95
      000023 90                     983 	.db 0x90
      000024 E2                     984 	.db 0xe2
      000025 95                     985 	.db 0x95
      000026 90                     986 	.db 0x90
      000027 E2                     987 	.db 0xe2
      000028 95                     988 	.db 0x95
      000029 90                     989 	.db 0x90
      00002A E2                     990 	.db 0xe2
      00002B 95                     991 	.db 0x95
      00002C 90                     992 	.db 0x90
      00002D E2                     993 	.db 0xe2
      00002E 95                     994 	.db 0x95
      00002F 90                     995 	.db 0x90
      000030 E2                     996 	.db 0xe2
      000031 95                     997 	.db 0x95
      000032 90                     998 	.db 0x90
      000033 E2                     999 	.db 0xe2
      000034 95                    1000 	.db 0x95
      000035 90                    1001 	.db 0x90
      000036 E2                    1002 	.db 0xe2
      000037 95                    1003 	.db 0x95
      000038 90                    1004 	.db 0x90
      000039 E2                    1005 	.db 0xe2
      00003A 95                    1006 	.db 0x95
      00003B 90                    1007 	.db 0x90
      00003C E2                    1008 	.db 0xe2
      00003D 95                    1009 	.db 0x95
      00003E 90                    1010 	.db 0x90
      00003F E2                    1011 	.db 0xe2
      000040 95                    1012 	.db 0x95
      000041 90                    1013 	.db 0x90
      000042 E2                    1014 	.db 0xe2
      000043 95                    1015 	.db 0x95
      000044 90                    1016 	.db 0x90
      000045 E2                    1017 	.db 0xe2
      000046 95                    1018 	.db 0x95
      000047 90                    1019 	.db 0x90
      000048 E2                    1020 	.db 0xe2
      000049 95                    1021 	.db 0x95
      00004A 90                    1022 	.db 0x90
      00004B E2                    1023 	.db 0xe2
      00004C 95                    1024 	.db 0x95
      00004D 90                    1025 	.db 0x90
      00004E E2                    1026 	.db 0xe2
      00004F 95                    1027 	.db 0x95
      000050 90                    1028 	.db 0x90
      000051 E2                    1029 	.db 0xe2
      000052 95                    1030 	.db 0x95
      000053 90                    1031 	.db 0x90
      000054 E2                    1032 	.db 0xe2
      000055 95                    1033 	.db 0x95
      000056 90                    1034 	.db 0x90
      000057 E2                    1035 	.db 0xe2
      000058 95                    1036 	.db 0x95
      000059 90                    1037 	.db 0x90
      00005A E2                    1038 	.db 0xe2
      00005B 95                    1039 	.db 0x95
      00005C 90                    1040 	.db 0x90
      00005D E2                    1041 	.db 0xe2
      00005E 95                    1042 	.db 0x95
      00005F 90                    1043 	.db 0x90
      000060 E2                    1044 	.db 0xe2
      000061 95                    1045 	.db 0x95
      000062 90                    1046 	.db 0x90
      000063 E2                    1047 	.db 0xe2
      000064 95                    1048 	.db 0x95
      000065 90                    1049 	.db 0x90
      000066 E2                    1050 	.db 0xe2
      000067 95                    1051 	.db 0x95
      000068 90                    1052 	.db 0x90
      000069 E2                    1053 	.db 0xe2
      00006A 95                    1054 	.db 0x95
      00006B 90                    1055 	.db 0x90
      00006C E2                    1056 	.db 0xe2
      00006D 95                    1057 	.db 0x95
      00006E 90                    1058 	.db 0x90
      00006F E2                    1059 	.db 0xe2
      000070 95                    1060 	.db 0x95
      000071 90                    1061 	.db 0x90
      000072 E2                    1062 	.db 0xe2
      000073 95                    1063 	.db 0x95
      000074 90                    1064 	.db 0x90
      000075 E2                    1065 	.db 0xe2
      000076 95                    1066 	.db 0x95
      000077 90                    1067 	.db 0x90
      000078 E2                    1068 	.db 0xe2
      000079 95                    1069 	.db 0x95
      00007A 90                    1070 	.db 0x90
      00007B E2                    1071 	.db 0xe2
      00007C 95                    1072 	.db 0x95
      00007D 90                    1073 	.db 0x90
      00007E E2                    1074 	.db 0xe2
      00007F 95                    1075 	.db 0x95
      000080 90                    1076 	.db 0x90
      000081 E2                    1077 	.db 0xe2
      000082 95                    1078 	.db 0x95
      000083 90                    1079 	.db 0x90
      000084 E2                    1080 	.db 0xe2
      000085 95                    1081 	.db 0x95
      000086 90                    1082 	.db 0x90
      000087 E2                    1083 	.db 0xe2
      000088 95                    1084 	.db 0x95
      000089 90                    1085 	.db 0x90
      00008A E2                    1086 	.db 0xe2
      00008B 95                    1087 	.db 0x95
      00008C 90                    1088 	.db 0x90
      00008D E2                    1089 	.db 0xe2
      00008E 95                    1090 	.db 0x95
      00008F 90                    1091 	.db 0x90
      000090 E2                    1092 	.db 0xe2
      000091 95                    1093 	.db 0x95
      000092 90                    1094 	.db 0x90
      000093 E2                    1095 	.db 0xe2
      000094 95                    1096 	.db 0x95
      000095 90                    1097 	.db 0x90
      000096 E2                    1098 	.db 0xe2
      000097 95                    1099 	.db 0x95
      000098 90                    1100 	.db 0x90
      000099 E2                    1101 	.db 0xe2
      00009A 95                    1102 	.db 0x95
      00009B 90                    1103 	.db 0x90
      00009C E2                    1104 	.db 0xe2
      00009D 95                    1105 	.db 0x95
      00009E 90                    1106 	.db 0x90
      00009F E2                    1107 	.db 0xe2
      0000A0 95                    1108 	.db 0x95
      0000A1 90                    1109 	.db 0x90
      0000A2 E2                    1110 	.db 0xe2
      0000A3 95                    1111 	.db 0x95
      0000A4 90                    1112 	.db 0x90
      0000A5 E2                    1113 	.db 0xe2
      0000A6 95                    1114 	.db 0x95
      0000A7 90                    1115 	.db 0x90
      0000A8 E2                    1116 	.db 0xe2
      0000A9 95                    1117 	.db 0x95
      0000AA 90                    1118 	.db 0x90
      0000AB E2                    1119 	.db 0xe2
      0000AC 95                    1120 	.db 0x95
      0000AD 90                    1121 	.db 0x90
      0000AE E2                    1122 	.db 0xe2
      0000AF 95                    1123 	.db 0x95
      0000B0 90                    1124 	.db 0x90
      0000B1 E2                    1125 	.db 0xe2
      0000B2 95                    1126 	.db 0x95
      0000B3 90                    1127 	.db 0x90
      0000B4 E2                    1128 	.db 0xe2
      0000B5 95                    1129 	.db 0x95
      0000B6 90                    1130 	.db 0x90
      0000B7 E2                    1131 	.db 0xe2
      0000B8 95                    1132 	.db 0x95
      0000B9 90                    1133 	.db 0x90
      0000BA E2                    1134 	.db 0xe2
      0000BB 95                    1135 	.db 0x95
      0000BC 90                    1136 	.db 0x90
      0000BD E2                    1137 	.db 0xe2
      0000BE 95                    1138 	.db 0x95
      0000BF 90                    1139 	.db 0x90
      0000C0 E2                    1140 	.db 0xe2
      0000C1 95                    1141 	.db 0x95
      0000C2 90                    1142 	.db 0x90
      0000C3 E2                    1143 	.db 0xe2
      0000C4 95                    1144 	.db 0x95
      0000C5 97                    1145 	.db 0x97
      0000C6 0A                    1146 	.db 0x0a
      0000C7 0D                    1147 	.db 0x0d
      0000C8 00                    1148 	.db 0x00
                                   1149 	.area CSEG    (CODE)
                                   1150 	.area CONST   (CODE)
      0000C9                       1151 ___str_1:
      0000C9 E2                    1152 	.db 0xe2
      0000CA 95                    1153 	.db 0x95
      0000CB 91                    1154 	.db 0x91
      0000CC 20 20 20 20 20 20 20  1155 	.ascii "                     Welcome to LCD Demo                    "
             20 20 20 20 20 20 20
             20 20 20 20 20 20 20
             57 65 6C 63 6F 6D 65
             20 74 6F 20 4C 43 44
             20 44 65 6D 6F 20 20
             20 20 20 20 20 20 20
             20 20 20 20 20 20 20
             20 20 20 20
      000108 20 20 20 20 20        1156 	.ascii "     "
      00010D E2                    1157 	.db 0xe2
      00010E 95                    1158 	.db 0x95
      00010F 91                    1159 	.db 0x91
      000110 0A                    1160 	.db 0x0a
      000111 0D                    1161 	.db 0x0d
      000112 00                    1162 	.db 0x00
                                   1163 	.area CSEG    (CODE)
                                   1164 	.area CONST   (CODE)
      000113                       1165 ___str_2:
      000113 E2                    1166 	.db 0xe2
      000114 95                    1167 	.db 0x95
      000115 A0                    1168 	.db 0xa0
      000116 E2                    1169 	.db 0xe2
      000117 95                    1170 	.db 0x95
      000118 90                    1171 	.db 0x90
      000119 E2                    1172 	.db 0xe2
      00011A 95                    1173 	.db 0x95
      00011B 90                    1174 	.db 0x90
      00011C E2                    1175 	.db 0xe2
      00011D 95                    1176 	.db 0x95
      00011E 90                    1177 	.db 0x90
      00011F E2                    1178 	.db 0xe2
      000120 95                    1179 	.db 0x95
      000121 90                    1180 	.db 0x90
      000122 E2                    1181 	.db 0xe2
      000123 95                    1182 	.db 0x95
      000124 90                    1183 	.db 0x90
      000125 E2                    1184 	.db 0xe2
      000126 95                    1185 	.db 0x95
      000127 90                    1186 	.db 0x90
      000128 E2                    1187 	.db 0xe2
      000129 95                    1188 	.db 0x95
      00012A 90                    1189 	.db 0x90
      00012B E2                    1190 	.db 0xe2
      00012C 95                    1191 	.db 0x95
      00012D 90                    1192 	.db 0x90
      00012E E2                    1193 	.db 0xe2
      00012F 95                    1194 	.db 0x95
      000130 90                    1195 	.db 0x90
      000131 E2                    1196 	.db 0xe2
      000132 95                    1197 	.db 0x95
      000133 90                    1198 	.db 0x90
      000134 E2                    1199 	.db 0xe2
      000135 95                    1200 	.db 0x95
      000136 90                    1201 	.db 0x90
      000137 E2                    1202 	.db 0xe2
      000138 95                    1203 	.db 0x95
      000139 A6                    1204 	.db 0xa6
      00013A E2                    1205 	.db 0xe2
      00013B 95                    1206 	.db 0x95
      00013C 90                    1207 	.db 0x90
      00013D E2                    1208 	.db 0xe2
      00013E 95                    1209 	.db 0x95
      00013F 90                    1210 	.db 0x90
      000140 E2                    1211 	.db 0xe2
      000141 95                    1212 	.db 0x95
      000142 90                    1213 	.db 0x90
      000143 E2                    1214 	.db 0xe2
      000144 95                    1215 	.db 0x95
      000145 90                    1216 	.db 0x90
      000146 E2                    1217 	.db 0xe2
      000147 95                    1218 	.db 0x95
      000148 90                    1219 	.db 0x90
      000149 E2                    1220 	.db 0xe2
      00014A 95                    1221 	.db 0x95
      00014B 90                    1222 	.db 0x90
      00014C E2                    1223 	.db 0xe2
      00014D 95                    1224 	.db 0x95
      00014E 90                    1225 	.db 0x90
      00014F E2                    1226 	.db 0xe2
      000150 95                    1227 	.db 0x95
      000151 90                    1228 	.db 0x90
      000152 E2                    1229 	.db 0xe2
      000153 95                    1230 	.db 0x95
      000154 90                    1231 	.db 0x90
      000155 E2                    1232 	.db 0xe2
      000156 95                    1233 	.db 0x95
      000157 90                    1234 	.db 0x90
      000158 E2                    1235 	.db 0xe2
      000159 95                    1236 	.db 0x95
      00015A 90                    1237 	.db 0x90
      00015B E2                    1238 	.db 0xe2
      00015C 95                    1239 	.db 0x95
      00015D 90                    1240 	.db 0x90
      00015E E2                    1241 	.db 0xe2
      00015F 95                    1242 	.db 0x95
      000160 90                    1243 	.db 0x90
      000161 E2                    1244 	.db 0xe2
      000162 95                    1245 	.db 0x95
      000163 90                    1246 	.db 0x90
      000164 E2                    1247 	.db 0xe2
      000165 95                    1248 	.db 0x95
      000166 90                    1249 	.db 0x90
      000167 E2                    1250 	.db 0xe2
      000168 95                    1251 	.db 0x95
      000169 90                    1252 	.db 0x90
      00016A E2                    1253 	.db 0xe2
      00016B 95                    1254 	.db 0x95
      00016C 90                    1255 	.db 0x90
      00016D E2                    1256 	.db 0xe2
      00016E 95                    1257 	.db 0x95
      00016F 90                    1258 	.db 0x90
      000170 E2                    1259 	.db 0xe2
      000171 95                    1260 	.db 0x95
      000172 90                    1261 	.db 0x90
      000173 E2                    1262 	.db 0xe2
      000174 95                    1263 	.db 0x95
      000175 90                    1264 	.db 0x90
      000176 E2                    1265 	.db 0xe2
      000177 95                    1266 	.db 0x95
      000178 90                    1267 	.db 0x90
      000179 E2                    1268 	.db 0xe2
      00017A 95                    1269 	.db 0x95
      00017B 90                    1270 	.db 0x90
      00017C E2                    1271 	.db 0xe2
      00017D 95                    1272 	.db 0x95
      00017E 90                    1273 	.db 0x90
      00017F E2                    1274 	.db 0xe2
      000180 95                    1275 	.db 0x95
      000181 90                    1276 	.db 0x90
      000182 E2                    1277 	.db 0xe2
      000183 95                    1278 	.db 0x95
      000184 90                    1279 	.db 0x90
      000185 E2                    1280 	.db 0xe2
      000186 95                    1281 	.db 0x95
      000187 90                    1282 	.db 0x90
      000188 E2                    1283 	.db 0xe2
      000189 95                    1284 	.db 0x95
      00018A 90                    1285 	.db 0x90
      00018B E2                    1286 	.db 0xe2
      00018C 95                    1287 	.db 0x95
      00018D 90                    1288 	.db 0x90
      00018E E2                    1289 	.db 0xe2
      00018F 95                    1290 	.db 0x95
      000190 90                    1291 	.db 0x90
      000191 E2                    1292 	.db 0xe2
      000192 95                    1293 	.db 0x95
      000193 90                    1294 	.db 0x90
      000194 E2                    1295 	.db 0xe2
      000195 95                    1296 	.db 0x95
      000196 90                    1297 	.db 0x90
      000197 E2                    1298 	.db 0xe2
      000198 95                    1299 	.db 0x95
      000199 90                    1300 	.db 0x90
      00019A E2                    1301 	.db 0xe2
      00019B 95                    1302 	.db 0x95
      00019C 90                    1303 	.db 0x90
      00019D E2                    1304 	.db 0xe2
      00019E 95                    1305 	.db 0x95
      00019F 90                    1306 	.db 0x90
      0001A0 E2                    1307 	.db 0xe2
      0001A1 95                    1308 	.db 0x95
      0001A2 90                    1309 	.db 0x90
      0001A3 E2                    1310 	.db 0xe2
      0001A4 95                    1311 	.db 0x95
      0001A5 90                    1312 	.db 0x90
      0001A6 E2                    1313 	.db 0xe2
      0001A7 95                    1314 	.db 0x95
      0001A8 90                    1315 	.db 0x90
      0001A9 E2                    1316 	.db 0xe2
      0001AA 95                    1317 	.db 0x95
      0001AB 90                    1318 	.db 0x90
      0001AC E2                    1319 	.db 0xe2
      0001AD 95                    1320 	.db 0x95
      0001AE 90                    1321 	.db 0x90
      0001AF E2                    1322 	.db 0xe2
      0001B0 95                    1323 	.db 0x95
      0001B1 90                    1324 	.db 0x90
      0001B2 E2                    1325 	.db 0xe2
      0001B3 95                    1326 	.db 0x95
      0001B4 90                    1327 	.db 0x90
      0001B5 E2                    1328 	.db 0xe2
      0001B6 95                    1329 	.db 0x95
      0001B7 90                    1330 	.db 0x90
      0001B8 E2                    1331 	.db 0xe2
      0001B9 95                    1332 	.db 0x95
      0001BA 90                    1333 	.db 0x90
      0001BB E2                    1334 	.db 0xe2
      0001BC 95                    1335 	.db 0x95
      0001BD 90                    1336 	.db 0x90
      0001BE E2                    1337 	.db 0xe2
      0001BF 95                    1338 	.db 0x95
      0001C0 90                    1339 	.db 0x90
      0001C1 E2                    1340 	.db 0xe2
      0001C2 95                    1341 	.db 0x95
      0001C3 90                    1342 	.db 0x90
      0001C4 E2                    1343 	.db 0xe2
      0001C5 95                    1344 	.db 0x95
      0001C6 90                    1345 	.db 0x90
      0001C7 E2                    1346 	.db 0xe2
      0001C8 95                    1347 	.db 0x95
      0001C9 90                    1348 	.db 0x90
      0001CA E2                    1349 	.db 0xe2
      0001CB 95                    1350 	.db 0x95
      0001CC 90                    1351 	.db 0x90
      0001CD E2                    1352 	.db 0xe2
      0001CE 95                    1353 	.db 0x95
      0001CF 90                    1354 	.db 0x90
      0001D0 E2                    1355 	.db 0xe2
      0001D1 95                    1356 	.db 0x95
      0001D2 90                    1357 	.db 0x90
      0001D3 E2                    1358 	.db 0xe2
      0001D4 95                    1359 	.db 0x95
      0001D5 90                    1360 	.db 0x90
      0001D6 E2                    1361 	.db 0xe2
      0001D7 95                    1362 	.db 0x95
      0001D8 A3                    1363 	.db 0xa3
      0001D9 0A                    1364 	.db 0x0a
      0001DA 0D                    1365 	.db 0x0d
      0001DB 00                    1366 	.db 0x00
                                   1367 	.area CSEG    (CODE)
                                   1368 	.area CONST   (CODE)
      0001DC                       1369 ___str_3:
      0001DC E2                    1370 	.db 0xe2
      0001DD 95                    1371 	.db 0x95
      0001DE 91                    1372 	.db 0x91
      0001DF 20 43 6F 6D 6D 61 6E  1373 	.ascii " Command   "
             64 20 20 20
      0001EA E2                    1374 	.db 0xe2
      0001EB 95                    1375 	.db 0x95
      0001EC 91                    1376 	.db 0x91
      0001ED 20 20 20 20 20 20 20  1377 	.ascii "                    Description                      "
             20 20 20 20 20 20 20
             20 20 20 20 20 20 44
             65 73 63 72 69 70 74
             69 6F 6E 20 20 20 20
             20 20 20 20 20 20 20
             20 20 20 20 20 20 20
             20 20 20 20
      000222 E2                    1378 	.db 0xe2
      000223 95                    1379 	.db 0x95
      000224 91                    1380 	.db 0x91
      000225 0A                    1381 	.db 0x0a
      000226 0D                    1382 	.db 0x0d
      000227 00                    1383 	.db 0x00
                                   1384 	.area CSEG    (CODE)
                                   1385 	.area CONST   (CODE)
      000228                       1386 ___str_4:
      000228 E2                    1387 	.db 0xe2
      000229 95                    1388 	.db 0x95
      00022A A0                    1389 	.db 0xa0
      00022B E2                    1390 	.db 0xe2
      00022C 95                    1391 	.db 0x95
      00022D 90                    1392 	.db 0x90
      00022E E2                    1393 	.db 0xe2
      00022F 95                    1394 	.db 0x95
      000230 90                    1395 	.db 0x90
      000231 E2                    1396 	.db 0xe2
      000232 95                    1397 	.db 0x95
      000233 90                    1398 	.db 0x90
      000234 E2                    1399 	.db 0xe2
      000235 95                    1400 	.db 0x95
      000236 90                    1401 	.db 0x90
      000237 E2                    1402 	.db 0xe2
      000238 95                    1403 	.db 0x95
      000239 90                    1404 	.db 0x90
      00023A E2                    1405 	.db 0xe2
      00023B 95                    1406 	.db 0x95
      00023C 90                    1407 	.db 0x90
      00023D E2                    1408 	.db 0xe2
      00023E 95                    1409 	.db 0x95
      00023F 90                    1410 	.db 0x90
      000240 E2                    1411 	.db 0xe2
      000241 95                    1412 	.db 0x95
      000242 90                    1413 	.db 0x90
      000243 E2                    1414 	.db 0xe2
      000244 95                    1415 	.db 0x95
      000245 90                    1416 	.db 0x90
      000246 E2                    1417 	.db 0xe2
      000247 95                    1418 	.db 0x95
      000248 90                    1419 	.db 0x90
      000249 E2                    1420 	.db 0xe2
      00024A 95                    1421 	.db 0x95
      00024B 90                    1422 	.db 0x90
      00024C E2                    1423 	.db 0xe2
      00024D 95                    1424 	.db 0x95
      00024E AC                    1425 	.db 0xac
      00024F E2                    1426 	.db 0xe2
      000250 95                    1427 	.db 0x95
      000251 90                    1428 	.db 0x90
      000252 E2                    1429 	.db 0xe2
      000253 95                    1430 	.db 0x95
      000254 90                    1431 	.db 0x90
      000255 E2                    1432 	.db 0xe2
      000256 95                    1433 	.db 0x95
      000257 90                    1434 	.db 0x90
      000258 E2                    1435 	.db 0xe2
      000259 95                    1436 	.db 0x95
      00025A 90                    1437 	.db 0x90
      00025B E2                    1438 	.db 0xe2
      00025C 95                    1439 	.db 0x95
      00025D 90                    1440 	.db 0x90
      00025E E2                    1441 	.db 0xe2
      00025F 95                    1442 	.db 0x95
      000260 90                    1443 	.db 0x90
      000261 E2                    1444 	.db 0xe2
      000262 95                    1445 	.db 0x95
      000263 90                    1446 	.db 0x90
      000264 E2                    1447 	.db 0xe2
      000265 95                    1448 	.db 0x95
      000266 90                    1449 	.db 0x90
      000267 E2                    1450 	.db 0xe2
      000268 95                    1451 	.db 0x95
      000269 90                    1452 	.db 0x90
      00026A E2                    1453 	.db 0xe2
      00026B 95                    1454 	.db 0x95
      00026C 90                    1455 	.db 0x90
      00026D E2                    1456 	.db 0xe2
      00026E 95                    1457 	.db 0x95
      00026F 90                    1458 	.db 0x90
      000270 E2                    1459 	.db 0xe2
      000271 95                    1460 	.db 0x95
      000272 90                    1461 	.db 0x90
      000273 E2                    1462 	.db 0xe2
      000274 95                    1463 	.db 0x95
      000275 90                    1464 	.db 0x90
      000276 E2                    1465 	.db 0xe2
      000277 95                    1466 	.db 0x95
      000278 90                    1467 	.db 0x90
      000279 E2                    1468 	.db 0xe2
      00027A 95                    1469 	.db 0x95
      00027B 90                    1470 	.db 0x90
      00027C E2                    1471 	.db 0xe2
      00027D 95                    1472 	.db 0x95
      00027E 90                    1473 	.db 0x90
      00027F E2                    1474 	.db 0xe2
      000280 95                    1475 	.db 0x95
      000281 90                    1476 	.db 0x90
      000282 E2                    1477 	.db 0xe2
      000283 95                    1478 	.db 0x95
      000284 90                    1479 	.db 0x90
      000285 E2                    1480 	.db 0xe2
      000286 95                    1481 	.db 0x95
      000287 90                    1482 	.db 0x90
      000288 E2                    1483 	.db 0xe2
      000289 95                    1484 	.db 0x95
      00028A 90                    1485 	.db 0x90
      00028B E2                    1486 	.db 0xe2
      00028C 95                    1487 	.db 0x95
      00028D 90                    1488 	.db 0x90
      00028E E2                    1489 	.db 0xe2
      00028F 95                    1490 	.db 0x95
      000290 90                    1491 	.db 0x90
      000291 E2                    1492 	.db 0xe2
      000292 95                    1493 	.db 0x95
      000293 90                    1494 	.db 0x90
      000294 E2                    1495 	.db 0xe2
      000295 95                    1496 	.db 0x95
      000296 90                    1497 	.db 0x90
      000297 E2                    1498 	.db 0xe2
      000298 95                    1499 	.db 0x95
      000299 90                    1500 	.db 0x90
      00029A E2                    1501 	.db 0xe2
      00029B 95                    1502 	.db 0x95
      00029C 90                    1503 	.db 0x90
      00029D E2                    1504 	.db 0xe2
      00029E 95                    1505 	.db 0x95
      00029F 90                    1506 	.db 0x90
      0002A0 E2                    1507 	.db 0xe2
      0002A1 95                    1508 	.db 0x95
      0002A2 90                    1509 	.db 0x90
      0002A3 E2                    1510 	.db 0xe2
      0002A4 95                    1511 	.db 0x95
      0002A5 90                    1512 	.db 0x90
      0002A6 E2                    1513 	.db 0xe2
      0002A7 95                    1514 	.db 0x95
      0002A8 90                    1515 	.db 0x90
      0002A9 E2                    1516 	.db 0xe2
      0002AA 95                    1517 	.db 0x95
      0002AB 90                    1518 	.db 0x90
      0002AC E2                    1519 	.db 0xe2
      0002AD 95                    1520 	.db 0x95
      0002AE 90                    1521 	.db 0x90
      0002AF E2                    1522 	.db 0xe2
      0002B0 95                    1523 	.db 0x95
      0002B1 90                    1524 	.db 0x90
      0002B2 E2                    1525 	.db 0xe2
      0002B3 95                    1526 	.db 0x95
      0002B4 90                    1527 	.db 0x90
      0002B5 E2                    1528 	.db 0xe2
      0002B6 95                    1529 	.db 0x95
      0002B7 90                    1530 	.db 0x90
      0002B8 E2                    1531 	.db 0xe2
      0002B9 95                    1532 	.db 0x95
      0002BA 90                    1533 	.db 0x90
      0002BB E2                    1534 	.db 0xe2
      0002BC 95                    1535 	.db 0x95
      0002BD 90                    1536 	.db 0x90
      0002BE E2                    1537 	.db 0xe2
      0002BF 95                    1538 	.db 0x95
      0002C0 90                    1539 	.db 0x90
      0002C1 E2                    1540 	.db 0xe2
      0002C2 95                    1541 	.db 0x95
      0002C3 90                    1542 	.db 0x90
      0002C4 E2                    1543 	.db 0xe2
      0002C5 95                    1544 	.db 0x95
      0002C6 90                    1545 	.db 0x90
      0002C7 E2                    1546 	.db 0xe2
      0002C8 95                    1547 	.db 0x95
      0002C9 90                    1548 	.db 0x90
      0002CA E2                    1549 	.db 0xe2
      0002CB 95                    1550 	.db 0x95
      0002CC 90                    1551 	.db 0x90
      0002CD E2                    1552 	.db 0xe2
      0002CE 95                    1553 	.db 0x95
      0002CF 90                    1554 	.db 0x90
      0002D0 E2                    1555 	.db 0xe2
      0002D1 95                    1556 	.db 0x95
      0002D2 90                    1557 	.db 0x90
      0002D3 E2                    1558 	.db 0xe2
      0002D4 95                    1559 	.db 0x95
      0002D5 90                    1560 	.db 0x90
      0002D6 E2                    1561 	.db 0xe2
      0002D7 95                    1562 	.db 0x95
      0002D8 90                    1563 	.db 0x90
      0002D9 E2                    1564 	.db 0xe2
      0002DA 95                    1565 	.db 0x95
      0002DB 90                    1566 	.db 0x90
      0002DC E2                    1567 	.db 0xe2
      0002DD 95                    1568 	.db 0x95
      0002DE 90                    1569 	.db 0x90
      0002DF E2                    1570 	.db 0xe2
      0002E0 95                    1571 	.db 0x95
      0002E1 90                    1572 	.db 0x90
      0002E2 E2                    1573 	.db 0xe2
      0002E3 95                    1574 	.db 0x95
      0002E4 90                    1575 	.db 0x90
      0002E5 E2                    1576 	.db 0xe2
      0002E6 95                    1577 	.db 0x95
      0002E7 90                    1578 	.db 0x90
      0002E8 E2                    1579 	.db 0xe2
      0002E9 95                    1580 	.db 0x95
      0002EA 90                    1581 	.db 0x90
      0002EB E2                    1582 	.db 0xe2
      0002EC 95                    1583 	.db 0x95
      0002ED A3                    1584 	.db 0xa3
      0002EE 0A                    1585 	.db 0x0a
      0002EF 0D                    1586 	.db 0x0d
      0002F0 00                    1587 	.db 0x00
                                   1588 	.area CSEG    (CODE)
                                   1589 	.area CONST   (CODE)
      0002F1                       1590 ___str_5:
      0002F1 E2                    1591 	.db 0xe2
      0002F2 95                    1592 	.db 0x95
      0002F3 91                    1593 	.db 0x91
      0002F4 20 20 20 20 57 20 20  1594 	.ascii "    W      "
             20 20 20 20
      0002FF E2                    1595 	.db 0xe2
      000300 95                    1596 	.db 0x95
      000301 91                    1597 	.db 0x91
      000302 20 57 72 69 74 65 20  1598 	.ascii " Write a string                                     "
             61 20 73 74 72 69 6E
             67 20 20 20 20 20 20
             20 20 20 20 20 20 20
             20 20 20 20 20 20 20
             20 20 20 20 20 20 20
             20 20 20 20 20 20 20
             20 20 20
      000336 E2                    1599 	.db 0xe2
      000337 95                    1600 	.db 0x95
      000338 91                    1601 	.db 0x91
      000339 0A                    1602 	.db 0x0a
      00033A 0D                    1603 	.db 0x0d
      00033B 00                    1604 	.db 0x00
                                   1605 	.area CSEG    (CODE)
                                   1606 	.area CONST   (CODE)
      00033C                       1607 ___str_6:
      00033C E2                    1608 	.db 0xe2
      00033D 95                    1609 	.db 0x95
      00033E 91                    1610 	.db 0x91
      00033F 20 20 20 20 54 20 20  1611 	.ascii "    T      "
             20 20 20 20
      00034A E2                    1612 	.db 0xe2
      00034B 95                    1613 	.db 0x95
      00034C 91                    1614 	.db 0x91
      00034D 20 57 72 69 74 65 20  1615 	.ascii " Write to a specific position in the LCD           "
             74 6F 20 61 20 73 70
             65 63 69 66 69 63 20
             70 6F 73 69 74 69 6F
             6E 20 69 6E 20 74 68
             65 20 4C 43 44 20 20
             20 20 20 20 20 20 20
             20 20
      000380 E2                    1616 	.db 0xe2
      000381 95                    1617 	.db 0x95
      000382 91                    1618 	.db 0x91
      000383 0A                    1619 	.db 0x0a
      000384 0D                    1620 	.db 0x0d
      000385 00                    1621 	.db 0x00
                                   1622 	.area CSEG    (CODE)
                                   1623 	.area CONST   (CODE)
      000386                       1624 ___str_7:
      000386 E2                    1625 	.db 0xe2
      000387 95                    1626 	.db 0x95
      000388 91                    1627 	.db 0x91
      000389 20 20 20 20 45 20 20  1628 	.ascii "    E      "
             20 20 20 20
      000394 E2                    1629 	.db 0xe2
      000395 95                    1630 	.db 0x95
      000396 91                    1631 	.db 0x91
      000397 20 43 6C 65 61 72 20  1632 	.ascii " Clear the display                                 "
             74 68 65 20 64 69 73
             70 6C 61 79 20 20 20
             20 20 20 20 20 20 20
             20 20 20 20 20 20 20
             20 20 20 20 20 20 20
             20 20 20 20 20 20 20
             20 20
      0003CA E2                    1633 	.db 0xe2
      0003CB 95                    1634 	.db 0x95
      0003CC 91                    1635 	.db 0x91
      0003CD 0A                    1636 	.db 0x0a
      0003CE 0D                    1637 	.db 0x0d
      0003CF 00                    1638 	.db 0x00
                                   1639 	.area CSEG    (CODE)
                                   1640 	.area CONST   (CODE)
      0003D0                       1641 ___str_8:
      0003D0 E2                    1642 	.db 0xe2
      0003D1 95                    1643 	.db 0x95
      0003D2 91                    1644 	.db 0x91
      0003D3 20 20 20 20 50 20 20  1645 	.ascii "    P      "
             20 20 20 20
      0003DE E2                    1646 	.db 0xe2
      0003DF 95                    1647 	.db 0x95
      0003E0 91                    1648 	.db 0x91
      0003E1 20 50 61 75 73 65 20  1649 	.ascii " Pause the Timer                                   "
             74 68 65 20 54 69 6D
             65 72 20 20 20 20 20
             20 20 20 20 20 20 20
             20 20 20 20 20 20 20
             20 20 20 20 20 20 20
             20 20 20 20 20 20 20
             20 20
      000414 E2                    1650 	.db 0xe2
      000415 95                    1651 	.db 0x95
      000416 91                    1652 	.db 0x91
      000417 0A                    1653 	.db 0x0a
      000418 0D                    1654 	.db 0x0d
      000419 0D                    1655 	.db 0x0d
      00041A 00                    1656 	.db 0x00
                                   1657 	.area CSEG    (CODE)
                                   1658 	.area CONST   (CODE)
      00041B                       1659 ___str_9:
      00041B E2                    1660 	.db 0xe2
      00041C 95                    1661 	.db 0x95
      00041D 91                    1662 	.db 0x91
      00041E 20 20 20 20 53 20 20  1663 	.ascii "    S      "
             20 20 20 20
      000429 E2                    1664 	.db 0xe2
      00042A 95                    1665 	.db 0x95
      00042B 91                    1666 	.db 0x91
      00042C 20 53 74 61 72 74 20  1667 	.ascii " Start the Timer                                   "
             74 68 65 20 54 69 6D
             65 72 20 20 20 20 20
             20 20 20 20 20 20 20
             20 20 20 20 20 20 20
             20 20 20 20 20 20 20
             20 20 20 20 20 20 20
             20 20
      00045F E2                    1668 	.db 0xe2
      000460 95                    1669 	.db 0x95
      000461 91                    1670 	.db 0x91
      000462 0A                    1671 	.db 0x0a
      000463 0D                    1672 	.db 0x0d
      000464 0D                    1673 	.db 0x0d
      000465 00                    1674 	.db 0x00
                                   1675 	.area CSEG    (CODE)
                                   1676 	.area CONST   (CODE)
      000466                       1677 ___str_10:
      000466 E2                    1678 	.db 0xe2
      000467 95                    1679 	.db 0x95
      000468 91                    1680 	.db 0x91
      000469 20 20 20 20 52 20 20  1681 	.ascii "    R      "
             20 20 20 20
      000474 E2                    1682 	.db 0xe2
      000475 95                    1683 	.db 0x95
      000476 91                    1684 	.db 0x91
      000477 20 53 74 6F 70 20 61  1685 	.ascii " Stop and reset the Timer                          "
             6E 64 20 72 65 73 65
             74 20 74 68 65 20 54
             69 6D 65 72 20 20 20
             20 20 20 20 20 20 20
             20 20 20 20 20 20 20
             20 20 20 20 20 20 20
             20 20
      0004AA E2                    1686 	.db 0xe2
      0004AB 95                    1687 	.db 0x95
      0004AC 91                    1688 	.db 0x91
      0004AD 0A                    1689 	.db 0x0a
      0004AE 0D                    1690 	.db 0x0d
      0004AF 0D                    1691 	.db 0x0d
      0004B0 00                    1692 	.db 0x00
                                   1693 	.area CSEG    (CODE)
                                   1694 	.area CONST   (CODE)
      0004B1                       1695 ___str_11:
      0004B1 E2                    1696 	.db 0xe2
      0004B2 95                    1697 	.db 0x95
      0004B3 91                    1698 	.db 0x91
      0004B4 20 20 20 20 48 20 20  1699 	.ascii "    H      "
             20 20 20 20
      0004BF E2                    1700 	.db 0xe2
      0004C0 95                    1701 	.db 0x95
      0004C1 91                    1702 	.db 0x91
      0004C2 20 48 65 78 64 75 6D  1703 	.ascii " Hexdump of DDRAM contents                         "
             70 20 6F 66 20 44 44
             52 41 4D 20 63 6F 6E
             74 65 6E 74 73 20 20
             20 20 20 20 20 20 20
             20 20 20 20 20 20 20
             20 20 20 20 20 20 20
             20 20
      0004F5 E2                    1704 	.db 0xe2
      0004F6 95                    1705 	.db 0x95
      0004F7 91                    1706 	.db 0x91
      0004F8 0A                    1707 	.db 0x0a
      0004F9 0D                    1708 	.db 0x0d
      0004FA 0D                    1709 	.db 0x0d
      0004FB 00                    1710 	.db 0x00
                                   1711 	.area CSEG    (CODE)
                                   1712 	.area CONST   (CODE)
      0004FC                       1713 ___str_12:
      0004FC E2                    1714 	.db 0xe2
      0004FD 95                    1715 	.db 0x95
      0004FE 91                    1716 	.db 0x91
      0004FF 20 20 20 20 43 20 20  1717 	.ascii "    C      "
             20 20 20 20
      00050A E2                    1718 	.db 0xe2
      00050B 95                    1719 	.db 0x95
      00050C 91                    1720 	.db 0x91
      00050D 20 48 65 78 64 75 6D  1721 	.ascii " Hexdump of CGRAM contents                         "
             70 20 6F 66 20 43 47
             52 41 4D 20 63 6F 6E
             74 65 6E 74 73 20 20
             20 20 20 20 20 20 20
             20 20 20 20 20 20 20
             20 20 20 20 20 20 20
             20 20
      000540 E2                    1722 	.db 0xe2
      000541 95                    1723 	.db 0x95
      000542 91                    1724 	.db 0x91
      000543 0A                    1725 	.db 0x0a
      000544 0D                    1726 	.db 0x0d
      000545 0D                    1727 	.db 0x0d
      000546 00                    1728 	.db 0x00
                                   1729 	.area CSEG    (CODE)
                                   1730 	.area CONST   (CODE)
      000547                       1731 ___str_13:
      000547 E2                    1732 	.db 0xe2
      000548 95                    1733 	.db 0x95
      000549 91                    1734 	.db 0x91
      00054A 20 20 20 20 41 20 20  1735 	.ascii "    A      "
             20 20 20 20
      000555 E2                    1736 	.db 0xe2
      000556 95                    1737 	.db 0x95
      000557 91                    1738 	.db 0x91
      000558 20 43 72 65 61 74 65  1739 	.ascii " Create a CGRAM character                          "
             20 61 20 43 47 52 41
             4D 20 63 68 61 72 61
             63 74 65 72 20 20 20
             20 20 20 20 20 20 20
             20 20 20 20 20 20 20
             20 20 20 20 20 20 20
             20 20
      00058B E2                    1740 	.db 0xe2
      00058C 95                    1741 	.db 0x95
      00058D 91                    1742 	.db 0x91
      00058E 0A                    1743 	.db 0x0a
      00058F 0D                    1744 	.db 0x0d
      000590 0D                    1745 	.db 0x0d
      000591 00                    1746 	.db 0x00
                                   1747 	.area CSEG    (CODE)
                                   1748 	.area CONST   (CODE)
      000592                       1749 ___str_14:
      000592 E2                    1750 	.db 0xe2
      000593 95                    1751 	.db 0x95
      000594 91                    1752 	.db 0x91
      000595 20 20 20 20 44 20 20  1753 	.ascii "    D      "
             20 20 20 20
      0005A0 E2                    1754 	.db 0xe2
      0005A1 95                    1755 	.db 0x95
      0005A2 91                    1756 	.db 0x91
      0005A3 20 44 69 73 70 6C 61  1757 	.ascii " Display a CGRAM character                         "
             79 20 61 20 43 47 52
             41 4D 20 63 68 61 72
             61 63 74 65 72 20 20
             20 20 20 20 20 20 20
             20 20 20 20 20 20 20
             20 20 20 20 20 20 20
             20 20
      0005D6 E2                    1758 	.db 0xe2
      0005D7 95                    1759 	.db 0x95
      0005D8 91                    1760 	.db 0x91
      0005D9 0A                    1761 	.db 0x0a
      0005DA 0D                    1762 	.db 0x0d
      0005DB 0D                    1763 	.db 0x0d
      0005DC 00                    1764 	.db 0x00
                                   1765 	.area CSEG    (CODE)
                                   1766 	.area CONST   (CODE)
      0005DD                       1767 ___str_15:
      0005DD E2                    1768 	.db 0xe2
      0005DE 95                    1769 	.db 0x95
      0005DF 91                    1770 	.db 0x91
      0005E0 20 20 20 20 3F 20 20  1771 	.ascii "    ?      "
             20 20 20 20
      0005EB E2                    1772 	.db 0xe2
      0005EC 95                    1773 	.db 0x95
      0005ED 91                    1774 	.db 0x91
      0005EE 20 48 65 6C 70 20 6D  1775 	.ascii " Help menu                                         "
             65 6E 75 20 20 20 20
             20 20 20 20 20 20 20
             20 20 20 20 20 20 20
             20 20 20 20 20 20 20
             20 20 20 20 20 20 20
             20 20 20 20 20 20 20
             20 20
      000621 E2                    1776 	.db 0xe2
      000622 95                    1777 	.db 0x95
      000623 91                    1778 	.db 0x91
      000624 0A                    1779 	.db 0x0a
      000625 0D                    1780 	.db 0x0d
      000626 00                    1781 	.db 0x00
                                   1782 	.area CSEG    (CODE)
                                   1783 	.area CONST   (CODE)
      000627                       1784 ___str_16:
      000627 E2                    1785 	.db 0xe2
      000628 95                    1786 	.db 0x95
      000629 9A                    1787 	.db 0x9a
      00062A E2                    1788 	.db 0xe2
      00062B 95                    1789 	.db 0x95
      00062C 90                    1790 	.db 0x90
      00062D E2                    1791 	.db 0xe2
      00062E 95                    1792 	.db 0x95
      00062F 90                    1793 	.db 0x90
      000630 E2                    1794 	.db 0xe2
      000631 95                    1795 	.db 0x95
      000632 90                    1796 	.db 0x90
      000633 E2                    1797 	.db 0xe2
      000634 95                    1798 	.db 0x95
      000635 90                    1799 	.db 0x90
      000636 E2                    1800 	.db 0xe2
      000637 95                    1801 	.db 0x95
      000638 90                    1802 	.db 0x90
      000639 E2                    1803 	.db 0xe2
      00063A 95                    1804 	.db 0x95
      00063B 90                    1805 	.db 0x90
      00063C E2                    1806 	.db 0xe2
      00063D 95                    1807 	.db 0x95
      00063E 90                    1808 	.db 0x90
      00063F E2                    1809 	.db 0xe2
      000640 95                    1810 	.db 0x95
      000641 90                    1811 	.db 0x90
      000642 E2                    1812 	.db 0xe2
      000643 95                    1813 	.db 0x95
      000644 90                    1814 	.db 0x90
      000645 E2                    1815 	.db 0xe2
      000646 95                    1816 	.db 0x95
      000647 90                    1817 	.db 0x90
      000648 E2                    1818 	.db 0xe2
      000649 95                    1819 	.db 0x95
      00064A 90                    1820 	.db 0x90
      00064B E2                    1821 	.db 0xe2
      00064C 95                    1822 	.db 0x95
      00064D A9                    1823 	.db 0xa9
      00064E E2                    1824 	.db 0xe2
      00064F 95                    1825 	.db 0x95
      000650 90                    1826 	.db 0x90
      000651 E2                    1827 	.db 0xe2
      000652 95                    1828 	.db 0x95
      000653 90                    1829 	.db 0x90
      000654 E2                    1830 	.db 0xe2
      000655 95                    1831 	.db 0x95
      000656 90                    1832 	.db 0x90
      000657 E2                    1833 	.db 0xe2
      000658 95                    1834 	.db 0x95
      000659 90                    1835 	.db 0x90
      00065A E2                    1836 	.db 0xe2
      00065B 95                    1837 	.db 0x95
      00065C 90                    1838 	.db 0x90
      00065D E2                    1839 	.db 0xe2
      00065E 95                    1840 	.db 0x95
      00065F 90                    1841 	.db 0x90
      000660 E2                    1842 	.db 0xe2
      000661 95                    1843 	.db 0x95
      000662 90                    1844 	.db 0x90
      000663 E2                    1845 	.db 0xe2
      000664 95                    1846 	.db 0x95
      000665 90                    1847 	.db 0x90
      000666 E2                    1848 	.db 0xe2
      000667 95                    1849 	.db 0x95
      000668 90                    1850 	.db 0x90
      000669 E2                    1851 	.db 0xe2
      00066A 95                    1852 	.db 0x95
      00066B 90                    1853 	.db 0x90
      00066C E2                    1854 	.db 0xe2
      00066D 95                    1855 	.db 0x95
      00066E 90                    1856 	.db 0x90
      00066F E2                    1857 	.db 0xe2
      000670 95                    1858 	.db 0x95
      000671 90                    1859 	.db 0x90
      000672 E2                    1860 	.db 0xe2
      000673 95                    1861 	.db 0x95
      000674 90                    1862 	.db 0x90
      000675 E2                    1863 	.db 0xe2
      000676 95                    1864 	.db 0x95
      000677 90                    1865 	.db 0x90
      000678 E2                    1866 	.db 0xe2
      000679 95                    1867 	.db 0x95
      00067A 90                    1868 	.db 0x90
      00067B E2                    1869 	.db 0xe2
      00067C 95                    1870 	.db 0x95
      00067D 90                    1871 	.db 0x90
      00067E E2                    1872 	.db 0xe2
      00067F 95                    1873 	.db 0x95
      000680 90                    1874 	.db 0x90
      000681 E2                    1875 	.db 0xe2
      000682 95                    1876 	.db 0x95
      000683 90                    1877 	.db 0x90
      000684 E2                    1878 	.db 0xe2
      000685 95                    1879 	.db 0x95
      000686 90                    1880 	.db 0x90
      000687 E2                    1881 	.db 0xe2
      000688 95                    1882 	.db 0x95
      000689 90                    1883 	.db 0x90
      00068A E2                    1884 	.db 0xe2
      00068B 95                    1885 	.db 0x95
      00068C 90                    1886 	.db 0x90
      00068D E2                    1887 	.db 0xe2
      00068E 95                    1888 	.db 0x95
      00068F 90                    1889 	.db 0x90
      000690 E2                    1890 	.db 0xe2
      000691 95                    1891 	.db 0x95
      000692 90                    1892 	.db 0x90
      000693 E2                    1893 	.db 0xe2
      000694 95                    1894 	.db 0x95
      000695 90                    1895 	.db 0x90
      000696 E2                    1896 	.db 0xe2
      000697 95                    1897 	.db 0x95
      000698 90                    1898 	.db 0x90
      000699 E2                    1899 	.db 0xe2
      00069A 95                    1900 	.db 0x95
      00069B 90                    1901 	.db 0x90
      00069C E2                    1902 	.db 0xe2
      00069D 95                    1903 	.db 0x95
      00069E 90                    1904 	.db 0x90
      00069F E2                    1905 	.db 0xe2
      0006A0 95                    1906 	.db 0x95
      0006A1 90                    1907 	.db 0x90
      0006A2 E2                    1908 	.db 0xe2
      0006A3 95                    1909 	.db 0x95
      0006A4 90                    1910 	.db 0x90
      0006A5 E2                    1911 	.db 0xe2
      0006A6 95                    1912 	.db 0x95
      0006A7 90                    1913 	.db 0x90
      0006A8 E2                    1914 	.db 0xe2
      0006A9 95                    1915 	.db 0x95
      0006AA 90                    1916 	.db 0x90
      0006AB E2                    1917 	.db 0xe2
      0006AC 95                    1918 	.db 0x95
      0006AD 90                    1919 	.db 0x90
      0006AE E2                    1920 	.db 0xe2
      0006AF 95                    1921 	.db 0x95
      0006B0 90                    1922 	.db 0x90
      0006B1 E2                    1923 	.db 0xe2
      0006B2 95                    1924 	.db 0x95
      0006B3 90                    1925 	.db 0x90
      0006B4 E2                    1926 	.db 0xe2
      0006B5 95                    1927 	.db 0x95
      0006B6 90                    1928 	.db 0x90
      0006B7 E2                    1929 	.db 0xe2
      0006B8 95                    1930 	.db 0x95
      0006B9 90                    1931 	.db 0x90
      0006BA E2                    1932 	.db 0xe2
      0006BB 95                    1933 	.db 0x95
      0006BC 90                    1934 	.db 0x90
      0006BD E2                    1935 	.db 0xe2
      0006BE 95                    1936 	.db 0x95
      0006BF 90                    1937 	.db 0x90
      0006C0 E2                    1938 	.db 0xe2
      0006C1 95                    1939 	.db 0x95
      0006C2 90                    1940 	.db 0x90
      0006C3 E2                    1941 	.db 0xe2
      0006C4 95                    1942 	.db 0x95
      0006C5 90                    1943 	.db 0x90
      0006C6 E2                    1944 	.db 0xe2
      0006C7 95                    1945 	.db 0x95
      0006C8 90                    1946 	.db 0x90
      0006C9 E2                    1947 	.db 0xe2
      0006CA 95                    1948 	.db 0x95
      0006CB 90                    1949 	.db 0x90
      0006CC E2                    1950 	.db 0xe2
      0006CD 95                    1951 	.db 0x95
      0006CE 90                    1952 	.db 0x90
      0006CF E2                    1953 	.db 0xe2
      0006D0 95                    1954 	.db 0x95
      0006D1 90                    1955 	.db 0x90
      0006D2 E2                    1956 	.db 0xe2
      0006D3 95                    1957 	.db 0x95
      0006D4 90                    1958 	.db 0x90
      0006D5 E2                    1959 	.db 0xe2
      0006D6 95                    1960 	.db 0x95
      0006D7 90                    1961 	.db 0x90
      0006D8 E2                    1962 	.db 0xe2
      0006D9 95                    1963 	.db 0x95
      0006DA 90                    1964 	.db 0x90
      0006DB E2                    1965 	.db 0xe2
      0006DC 95                    1966 	.db 0x95
      0006DD 90                    1967 	.db 0x90
      0006DE E2                    1968 	.db 0xe2
      0006DF 95                    1969 	.db 0x95
      0006E0 90                    1970 	.db 0x90
      0006E1 E2                    1971 	.db 0xe2
      0006E2 95                    1972 	.db 0x95
      0006E3 90                    1973 	.db 0x90
      0006E4 E2                    1974 	.db 0xe2
      0006E5 95                    1975 	.db 0x95
      0006E6 90                    1976 	.db 0x90
      0006E7 E2                    1977 	.db 0xe2
      0006E8 95                    1978 	.db 0x95
      0006E9 90                    1979 	.db 0x90
      0006EA E2                    1980 	.db 0xe2
      0006EB 95                    1981 	.db 0x95
      0006EC 9D                    1982 	.db 0x9d
      0006ED 0A                    1983 	.db 0x0a
      0006EE 0D                    1984 	.db 0x0d
      0006EF 00                    1985 	.db 0x00
                                   1986 	.area CSEG    (CODE)
                                   1987 	.area CONST   (CODE)
      0006F0                       1988 ___str_17:
      0006F0 0D                    1989 	.db 0x0d
      0006F1 0A                    1990 	.db 0x0a
      0006F2 0D                    1991 	.db 0x0d
      0006F3 20 3E 3E 20 45 6E 74  1992 	.ascii " >> Enter Command:"
             65 72 20 43 6F 6D 6D
             61 6E 64 3A
      000705 00                    1993 	.db 0x00
                                   1994 	.area CSEG    (CODE)
                                   1995 	.area CONST   (CODE)
      000706                       1996 ___str_18:
      000706 0A                    1997 	.db 0x0a
      000707 0D                    1998 	.db 0x0d
      000708 00                    1999 	.db 0x00
                                   2000 	.area CSEG    (CODE)
                                   2001 	.area CONST   (CODE)
      000709                       2002 ___str_19:
      000709 20 24 24 20           2003 	.ascii " $$ "
      00070D 00                    2004 	.db 0x00
                                   2005 	.area CSEG    (CODE)
                                   2006 	.area XINIT   (CODE)
      000000                       2007 __xinit__one_twentyth_of_Second:
      000000 00                    2008 	.db #0x00	; 0
      000001                       2009 __xinit__one_tenth_of_second:
      000001 00                    2010 	.db #0x00	; 0
      000002                       2011 __xinit__seconds:
      000002 00                    2012 	.db #0x00	; 0
      000003                       2013 __xinit__minutes:
      000003 00                    2014 	.db #0x00	; 0
                                   2015 	.area CABS    (ABS,CODE)
