                                      1 ;--------------------------------------------------------
                                      2 ; File Created by SDCC : free open source ANSI-C Compiler
                                      3 ; Version 4.0.0 #11528 (Linux)
                                      4 ;--------------------------------------------------------
                                      5 	.module spi_and_bit_banging
                                      6 	.optsdcc -mmcs51 --model-large
                                      7 	
                                      8 ;--------------------------------------------------------
                                      9 ; Public variables in this module
                                     10 ;--------------------------------------------------------
                                     11 	.globl _trig_dac_values
                                     12 	.globl _dac_values
                                     13 	.globl _main
                                     14 	.globl _display_menu
                                     15 	.globl _delay_ms
                                     16 	.globl _getchar
                                     17 	.globl _putchar
                                     18 	.globl _printf
                                     19 	.globl _P5_7
                                     20 	.globl _P5_6
                                     21 	.globl _P5_5
                                     22 	.globl _P5_4
                                     23 	.globl _P5_3
                                     24 	.globl _P5_2
                                     25 	.globl _P5_1
                                     26 	.globl _P5_0
                                     27 	.globl _P4_7
                                     28 	.globl _P4_6
                                     29 	.globl _P4_5
                                     30 	.globl _P4_4
                                     31 	.globl _P4_3
                                     32 	.globl _P4_2
                                     33 	.globl _P4_1
                                     34 	.globl _P4_0
                                     35 	.globl _PX0L
                                     36 	.globl _PT0L
                                     37 	.globl _PX1L
                                     38 	.globl _PT1L
                                     39 	.globl _PSL
                                     40 	.globl _PT2L
                                     41 	.globl _PPCL
                                     42 	.globl _EC
                                     43 	.globl _CCF0
                                     44 	.globl _CCF1
                                     45 	.globl _CCF2
                                     46 	.globl _CCF3
                                     47 	.globl _CCF4
                                     48 	.globl _CR
                                     49 	.globl _CF
                                     50 	.globl _TF2
                                     51 	.globl _EXF2
                                     52 	.globl _RCLK
                                     53 	.globl _TCLK
                                     54 	.globl _EXEN2
                                     55 	.globl _TR2
                                     56 	.globl _C_T2
                                     57 	.globl _CP_RL2
                                     58 	.globl _T2CON_7
                                     59 	.globl _T2CON_6
                                     60 	.globl _T2CON_5
                                     61 	.globl _T2CON_4
                                     62 	.globl _T2CON_3
                                     63 	.globl _T2CON_2
                                     64 	.globl _T2CON_1
                                     65 	.globl _T2CON_0
                                     66 	.globl _PT2
                                     67 	.globl _ET2
                                     68 	.globl _CY
                                     69 	.globl _AC
                                     70 	.globl _F0
                                     71 	.globl _RS1
                                     72 	.globl _RS0
                                     73 	.globl _OV
                                     74 	.globl _F1
                                     75 	.globl _P
                                     76 	.globl _PS
                                     77 	.globl _PT1
                                     78 	.globl _PX1
                                     79 	.globl _PT0
                                     80 	.globl _PX0
                                     81 	.globl _RD
                                     82 	.globl _WR
                                     83 	.globl _T1
                                     84 	.globl _T0
                                     85 	.globl _INT1
                                     86 	.globl _INT0
                                     87 	.globl _TXD
                                     88 	.globl _RXD
                                     89 	.globl _P3_7
                                     90 	.globl _P3_6
                                     91 	.globl _P3_5
                                     92 	.globl _P3_4
                                     93 	.globl _P3_3
                                     94 	.globl _P3_2
                                     95 	.globl _P3_1
                                     96 	.globl _P3_0
                                     97 	.globl _EA
                                     98 	.globl _ES
                                     99 	.globl _ET1
                                    100 	.globl _EX1
                                    101 	.globl _ET0
                                    102 	.globl _EX0
                                    103 	.globl _P2_7
                                    104 	.globl _P2_6
                                    105 	.globl _P2_5
                                    106 	.globl _P2_4
                                    107 	.globl _P2_3
                                    108 	.globl _P2_2
                                    109 	.globl _P2_1
                                    110 	.globl _P2_0
                                    111 	.globl _SM0
                                    112 	.globl _SM1
                                    113 	.globl _SM2
                                    114 	.globl _REN
                                    115 	.globl _TB8
                                    116 	.globl _RB8
                                    117 	.globl _TI
                                    118 	.globl _RI
                                    119 	.globl _P1_7
                                    120 	.globl _P1_6
                                    121 	.globl _P1_5
                                    122 	.globl _P1_4
                                    123 	.globl _P1_3
                                    124 	.globl _P1_2
                                    125 	.globl _P1_1
                                    126 	.globl _P1_0
                                    127 	.globl _TF1
                                    128 	.globl _TR1
                                    129 	.globl _TF0
                                    130 	.globl _TR0
                                    131 	.globl _IE1
                                    132 	.globl _IT1
                                    133 	.globl _IE0
                                    134 	.globl _IT0
                                    135 	.globl _P0_7
                                    136 	.globl _P0_6
                                    137 	.globl _P0_5
                                    138 	.globl _P0_4
                                    139 	.globl _P0_3
                                    140 	.globl _P0_2
                                    141 	.globl _P0_1
                                    142 	.globl _P0_0
                                    143 	.globl _EECON
                                    144 	.globl _KBF
                                    145 	.globl _KBE
                                    146 	.globl _KBLS
                                    147 	.globl _BRL
                                    148 	.globl _BDRCON
                                    149 	.globl _T2MOD
                                    150 	.globl _SPDAT
                                    151 	.globl _SPSTA
                                    152 	.globl _SPCON
                                    153 	.globl _SADEN
                                    154 	.globl _SADDR
                                    155 	.globl _WDTPRG
                                    156 	.globl _WDTRST
                                    157 	.globl _P5
                                    158 	.globl _P4
                                    159 	.globl _IPH1
                                    160 	.globl _IPL1
                                    161 	.globl _IPH0
                                    162 	.globl _IPL0
                                    163 	.globl _IEN1
                                    164 	.globl _IEN0
                                    165 	.globl _CMOD
                                    166 	.globl _CL
                                    167 	.globl _CH
                                    168 	.globl _CCON
                                    169 	.globl _CCAPM4
                                    170 	.globl _CCAPM3
                                    171 	.globl _CCAPM2
                                    172 	.globl _CCAPM1
                                    173 	.globl _CCAPM0
                                    174 	.globl _CCAP4L
                                    175 	.globl _CCAP3L
                                    176 	.globl _CCAP2L
                                    177 	.globl _CCAP1L
                                    178 	.globl _CCAP0L
                                    179 	.globl _CCAP4H
                                    180 	.globl _CCAP3H
                                    181 	.globl _CCAP2H
                                    182 	.globl _CCAP1H
                                    183 	.globl _CCAP0H
                                    184 	.globl _CKCON1
                                    185 	.globl _CKCON0
                                    186 	.globl _CKRL
                                    187 	.globl _AUXR1
                                    188 	.globl _AUXR
                                    189 	.globl _TH2
                                    190 	.globl _TL2
                                    191 	.globl _RCAP2H
                                    192 	.globl _RCAP2L
                                    193 	.globl _T2CON
                                    194 	.globl _B
                                    195 	.globl _ACC
                                    196 	.globl _PSW
                                    197 	.globl _IP
                                    198 	.globl _P3
                                    199 	.globl _IE
                                    200 	.globl _P2
                                    201 	.globl _SBUF
                                    202 	.globl _SCON
                                    203 	.globl _P1
                                    204 	.globl _TH1
                                    205 	.globl _TH0
                                    206 	.globl _TL1
                                    207 	.globl _TL0
                                    208 	.globl _TMOD
                                    209 	.globl _TCON
                                    210 	.globl _PCON
                                    211 	.globl _DPH
                                    212 	.globl _DPL
                                    213 	.globl _SP
                                    214 	.globl _P0
                                    215 	.globl _transmission_complete
                                    216 	.globl _ms_flag
                                    217 	.globl _spi_transmission_stop
                                    218 	.globl _demo_mode
                                    219 	.globl _bit_bang_spi
                                    220 	.globl _take_data
                                    221 	.globl _mannual_spi
                                    222 	.globl _spi_init
                                    223 	.globl _bit_bang_spi_init
                                    224 	.globl _bit_bang_spi_write
                                    225 	.globl _spi_transmission_start
                                    226 	.globl _spi_triangular_wave
                                    227 	.globl _spi_ramp_signal
                                    228 ;--------------------------------------------------------
                                    229 ; special function registers
                                    230 ;--------------------------------------------------------
                                    231 	.area RSEG    (ABS,DATA)
      000000                        232 	.org 0x0000
                           000080   233 _P0	=	0x0080
                           000081   234 _SP	=	0x0081
                           000082   235 _DPL	=	0x0082
                           000083   236 _DPH	=	0x0083
                           000087   237 _PCON	=	0x0087
                           000088   238 _TCON	=	0x0088
                           000089   239 _TMOD	=	0x0089
                           00008A   240 _TL0	=	0x008a
                           00008B   241 _TL1	=	0x008b
                           00008C   242 _TH0	=	0x008c
                           00008D   243 _TH1	=	0x008d
                           000090   244 _P1	=	0x0090
                           000098   245 _SCON	=	0x0098
                           000099   246 _SBUF	=	0x0099
                           0000A0   247 _P2	=	0x00a0
                           0000A8   248 _IE	=	0x00a8
                           0000B0   249 _P3	=	0x00b0
                           0000B8   250 _IP	=	0x00b8
                           0000D0   251 _PSW	=	0x00d0
                           0000E0   252 _ACC	=	0x00e0
                           0000F0   253 _B	=	0x00f0
                           0000C8   254 _T2CON	=	0x00c8
                           0000CA   255 _RCAP2L	=	0x00ca
                           0000CB   256 _RCAP2H	=	0x00cb
                           0000CC   257 _TL2	=	0x00cc
                           0000CD   258 _TH2	=	0x00cd
                           00008E   259 _AUXR	=	0x008e
                           0000A2   260 _AUXR1	=	0x00a2
                           000097   261 _CKRL	=	0x0097
                           00008F   262 _CKCON0	=	0x008f
                           0000AF   263 _CKCON1	=	0x00af
                           0000FA   264 _CCAP0H	=	0x00fa
                           0000FB   265 _CCAP1H	=	0x00fb
                           0000FC   266 _CCAP2H	=	0x00fc
                           0000FD   267 _CCAP3H	=	0x00fd
                           0000FE   268 _CCAP4H	=	0x00fe
                           0000EA   269 _CCAP0L	=	0x00ea
                           0000EB   270 _CCAP1L	=	0x00eb
                           0000EC   271 _CCAP2L	=	0x00ec
                           0000ED   272 _CCAP3L	=	0x00ed
                           0000EE   273 _CCAP4L	=	0x00ee
                           0000DA   274 _CCAPM0	=	0x00da
                           0000DB   275 _CCAPM1	=	0x00db
                           0000DC   276 _CCAPM2	=	0x00dc
                           0000DD   277 _CCAPM3	=	0x00dd
                           0000DE   278 _CCAPM4	=	0x00de
                           0000D8   279 _CCON	=	0x00d8
                           0000F9   280 _CH	=	0x00f9
                           0000E9   281 _CL	=	0x00e9
                           0000D9   282 _CMOD	=	0x00d9
                           0000A8   283 _IEN0	=	0x00a8
                           0000B1   284 _IEN1	=	0x00b1
                           0000B8   285 _IPL0	=	0x00b8
                           0000B7   286 _IPH0	=	0x00b7
                           0000B2   287 _IPL1	=	0x00b2
                           0000B3   288 _IPH1	=	0x00b3
                           0000C0   289 _P4	=	0x00c0
                           0000E8   290 _P5	=	0x00e8
                           0000A6   291 _WDTRST	=	0x00a6
                           0000A7   292 _WDTPRG	=	0x00a7
                           0000A9   293 _SADDR	=	0x00a9
                           0000B9   294 _SADEN	=	0x00b9
                           0000C3   295 _SPCON	=	0x00c3
                           0000C4   296 _SPSTA	=	0x00c4
                           0000C5   297 _SPDAT	=	0x00c5
                           0000C9   298 _T2MOD	=	0x00c9
                           00009B   299 _BDRCON	=	0x009b
                           00009A   300 _BRL	=	0x009a
                           00009C   301 _KBLS	=	0x009c
                           00009D   302 _KBE	=	0x009d
                           00009E   303 _KBF	=	0x009e
                           0000D2   304 _EECON	=	0x00d2
                                    305 ;--------------------------------------------------------
                                    306 ; special function bits
                                    307 ;--------------------------------------------------------
                                    308 	.area RSEG    (ABS,DATA)
      000000                        309 	.org 0x0000
                           000080   310 _P0_0	=	0x0080
                           000081   311 _P0_1	=	0x0081
                           000082   312 _P0_2	=	0x0082
                           000083   313 _P0_3	=	0x0083
                           000084   314 _P0_4	=	0x0084
                           000085   315 _P0_5	=	0x0085
                           000086   316 _P0_6	=	0x0086
                           000087   317 _P0_7	=	0x0087
                           000088   318 _IT0	=	0x0088
                           000089   319 _IE0	=	0x0089
                           00008A   320 _IT1	=	0x008a
                           00008B   321 _IE1	=	0x008b
                           00008C   322 _TR0	=	0x008c
                           00008D   323 _TF0	=	0x008d
                           00008E   324 _TR1	=	0x008e
                           00008F   325 _TF1	=	0x008f
                           000090   326 _P1_0	=	0x0090
                           000091   327 _P1_1	=	0x0091
                           000092   328 _P1_2	=	0x0092
                           000093   329 _P1_3	=	0x0093
                           000094   330 _P1_4	=	0x0094
                           000095   331 _P1_5	=	0x0095
                           000096   332 _P1_6	=	0x0096
                           000097   333 _P1_7	=	0x0097
                           000098   334 _RI	=	0x0098
                           000099   335 _TI	=	0x0099
                           00009A   336 _RB8	=	0x009a
                           00009B   337 _TB8	=	0x009b
                           00009C   338 _REN	=	0x009c
                           00009D   339 _SM2	=	0x009d
                           00009E   340 _SM1	=	0x009e
                           00009F   341 _SM0	=	0x009f
                           0000A0   342 _P2_0	=	0x00a0
                           0000A1   343 _P2_1	=	0x00a1
                           0000A2   344 _P2_2	=	0x00a2
                           0000A3   345 _P2_3	=	0x00a3
                           0000A4   346 _P2_4	=	0x00a4
                           0000A5   347 _P2_5	=	0x00a5
                           0000A6   348 _P2_6	=	0x00a6
                           0000A7   349 _P2_7	=	0x00a7
                           0000A8   350 _EX0	=	0x00a8
                           0000A9   351 _ET0	=	0x00a9
                           0000AA   352 _EX1	=	0x00aa
                           0000AB   353 _ET1	=	0x00ab
                           0000AC   354 _ES	=	0x00ac
                           0000AF   355 _EA	=	0x00af
                           0000B0   356 _P3_0	=	0x00b0
                           0000B1   357 _P3_1	=	0x00b1
                           0000B2   358 _P3_2	=	0x00b2
                           0000B3   359 _P3_3	=	0x00b3
                           0000B4   360 _P3_4	=	0x00b4
                           0000B5   361 _P3_5	=	0x00b5
                           0000B6   362 _P3_6	=	0x00b6
                           0000B7   363 _P3_7	=	0x00b7
                           0000B0   364 _RXD	=	0x00b0
                           0000B1   365 _TXD	=	0x00b1
                           0000B2   366 _INT0	=	0x00b2
                           0000B3   367 _INT1	=	0x00b3
                           0000B4   368 _T0	=	0x00b4
                           0000B5   369 _T1	=	0x00b5
                           0000B6   370 _WR	=	0x00b6
                           0000B7   371 _RD	=	0x00b7
                           0000B8   372 _PX0	=	0x00b8
                           0000B9   373 _PT0	=	0x00b9
                           0000BA   374 _PX1	=	0x00ba
                           0000BB   375 _PT1	=	0x00bb
                           0000BC   376 _PS	=	0x00bc
                           0000D0   377 _P	=	0x00d0
                           0000D1   378 _F1	=	0x00d1
                           0000D2   379 _OV	=	0x00d2
                           0000D3   380 _RS0	=	0x00d3
                           0000D4   381 _RS1	=	0x00d4
                           0000D5   382 _F0	=	0x00d5
                           0000D6   383 _AC	=	0x00d6
                           0000D7   384 _CY	=	0x00d7
                           0000AD   385 _ET2	=	0x00ad
                           0000BD   386 _PT2	=	0x00bd
                           0000C8   387 _T2CON_0	=	0x00c8
                           0000C9   388 _T2CON_1	=	0x00c9
                           0000CA   389 _T2CON_2	=	0x00ca
                           0000CB   390 _T2CON_3	=	0x00cb
                           0000CC   391 _T2CON_4	=	0x00cc
                           0000CD   392 _T2CON_5	=	0x00cd
                           0000CE   393 _T2CON_6	=	0x00ce
                           0000CF   394 _T2CON_7	=	0x00cf
                           0000C8   395 _CP_RL2	=	0x00c8
                           0000C9   396 _C_T2	=	0x00c9
                           0000CA   397 _TR2	=	0x00ca
                           0000CB   398 _EXEN2	=	0x00cb
                           0000CC   399 _TCLK	=	0x00cc
                           0000CD   400 _RCLK	=	0x00cd
                           0000CE   401 _EXF2	=	0x00ce
                           0000CF   402 _TF2	=	0x00cf
                           0000DF   403 _CF	=	0x00df
                           0000DE   404 _CR	=	0x00de
                           0000DC   405 _CCF4	=	0x00dc
                           0000DB   406 _CCF3	=	0x00db
                           0000DA   407 _CCF2	=	0x00da
                           0000D9   408 _CCF1	=	0x00d9
                           0000D8   409 _CCF0	=	0x00d8
                           0000AE   410 _EC	=	0x00ae
                           0000BE   411 _PPCL	=	0x00be
                           0000BD   412 _PT2L	=	0x00bd
                           0000BC   413 _PSL	=	0x00bc
                           0000BB   414 _PT1L	=	0x00bb
                           0000BA   415 _PX1L	=	0x00ba
                           0000B9   416 _PT0L	=	0x00b9
                           0000B8   417 _PX0L	=	0x00b8
                           0000C0   418 _P4_0	=	0x00c0
                           0000C1   419 _P4_1	=	0x00c1
                           0000C2   420 _P4_2	=	0x00c2
                           0000C3   421 _P4_3	=	0x00c3
                           0000C4   422 _P4_4	=	0x00c4
                           0000C5   423 _P4_5	=	0x00c5
                           0000C6   424 _P4_6	=	0x00c6
                           0000C7   425 _P4_7	=	0x00c7
                           0000E8   426 _P5_0	=	0x00e8
                           0000E9   427 _P5_1	=	0x00e9
                           0000EA   428 _P5_2	=	0x00ea
                           0000EB   429 _P5_3	=	0x00eb
                           0000EC   430 _P5_4	=	0x00ec
                           0000ED   431 _P5_5	=	0x00ed
                           0000EE   432 _P5_6	=	0x00ee
                           0000EF   433 _P5_7	=	0x00ef
                                    434 ;--------------------------------------------------------
                                    435 ; overlayable register banks
                                    436 ;--------------------------------------------------------
                                    437 	.area REG_BANK_0	(REL,OVR,DATA)
      000000                        438 	.ds 8
                                    439 ;--------------------------------------------------------
                                    440 ; internal ram data
                                    441 ;--------------------------------------------------------
                                    442 	.area DSEG    (DATA)
                                    443 ;--------------------------------------------------------
                                    444 ; overlayable items in internal ram 
                                    445 ;--------------------------------------------------------
                                    446 ;--------------------------------------------------------
                                    447 ; Stack segment in internal ram 
                                    448 ;--------------------------------------------------------
                                    449 	.area	SSEG
      000000                        450 __start__stack:
      000000                        451 	.ds	1
                                    452 
                                    453 ;--------------------------------------------------------
                                    454 ; indirectly addressable internal ram data
                                    455 ;--------------------------------------------------------
                                    456 	.area ISEG    (DATA)
                                    457 ;--------------------------------------------------------
                                    458 ; absolute internal ram data
                                    459 ;--------------------------------------------------------
                                    460 	.area IABS    (ABS,DATA)
                                    461 	.area IABS    (ABS,DATA)
                                    462 ;--------------------------------------------------------
                                    463 ; bit data
                                    464 ;--------------------------------------------------------
                                    465 	.area BSEG    (BIT)
                                    466 ;--------------------------------------------------------
                                    467 ; paged external ram data
                                    468 ;--------------------------------------------------------
                                    469 	.area PSEG    (PAG,XDATA)
                                    470 ;--------------------------------------------------------
                                    471 ; external ram data
                                    472 ;--------------------------------------------------------
                                    473 	.area XSEG    (XDATA)
      000000                        474 _putchar_charToSend_65536_17:
      000000                        475 	.ds 2
      000002                        476 _delay_ms_ms_65536_21:
      000002                        477 	.ds 2
      000004                        478 _bit_bang_spi_number_65536_49:
      000004                        479 	.ds 1
      000005                        480 _take_data_input_65537_53:
      000005                        481 	.ds 4
      000009                        482 _take_data_data_65538_57:
      000009                        483 	.ds 1
      00000A                        484 _mannual_spi_number_65536_60:
      00000A                        485 	.ds 1
      00000B                        486 _mannual_spi_dac_value_index_65536_61:
      00000B                        487 	.ds 2
      00000D                        488 _mannual_spi_dac_data_65536_61:
      00000D                        489 	.ds 2
      00000F                        490 _bit_bang_spi_write_data_65536_71:
      00000F                        491 	.ds 2
      000011                        492 _spi_triangular_wave_number_65536_77:
      000011                        493 	.ds 2
      000013                        494 _spi_triangular_wave_dac_value_index_65536_78:
      000013                        495 	.ds 2
      000015                        496 _spi_triangular_wave_dac_data_65536_78:
      000015                        497 	.ds 2
      000017                        498 _spi_ramp_signal_number_65536_84:
      000017                        499 	.ds 2
      000019                        500 _spi_ramp_signal_dac_value_index_65536_85:
      000019                        501 	.ds 2
      00001B                        502 _spi_ramp_signal_dac_data_65536_85:
      00001B                        503 	.ds 2
                                    504 ;--------------------------------------------------------
                                    505 ; absolute external ram data
                                    506 ;--------------------------------------------------------
                                    507 	.area XABS    (ABS,XDATA)
                                    508 ;--------------------------------------------------------
                                    509 ; external initialized ram data
                                    510 ;--------------------------------------------------------
                                    511 	.area XISEG   (XDATA)
      000000                        512 _ms_flag::
      000000                        513 	.ds 1
      000001                        514 _transmission_complete::
      000001                        515 	.ds 2
                                    516 	.area HOME    (CODE)
                                    517 	.area GSINIT0 (CODE)
                                    518 	.area GSINIT1 (CODE)
                                    519 	.area GSINIT2 (CODE)
                                    520 	.area GSINIT3 (CODE)
                                    521 	.area GSINIT4 (CODE)
                                    522 	.area GSINIT5 (CODE)
                                    523 	.area GSINIT  (CODE)
                                    524 	.area GSFINAL (CODE)
                                    525 	.area CSEG    (CODE)
                                    526 ;--------------------------------------------------------
                                    527 ; interrupt vector 
                                    528 ;--------------------------------------------------------
                                    529 	.area HOME    (CODE)
      000000                        530 __interrupt_vect:
      000000 02r00r00         [24]  531 	ljmp	__sdcc_gsinit_startup
                                    532 ;--------------------------------------------------------
                                    533 ; global & static initialisations
                                    534 ;--------------------------------------------------------
                                    535 	.area HOME    (CODE)
                                    536 	.area GSINIT  (CODE)
                                    537 	.area GSFINAL (CODE)
                                    538 	.area GSINIT  (CODE)
                                    539 	.globl __sdcc_gsinit_startup
                                    540 	.globl __sdcc_program_startup
                                    541 	.globl __start__stack
                                    542 	.globl __mcs51_genXINIT
                                    543 	.globl __mcs51_genXRAMCLEAR
                                    544 	.globl __mcs51_genRAMCLEAR
                                    545 	.area GSFINAL (CODE)
      000000 02r00r03         [24]  546 	ljmp	__sdcc_program_startup
                                    547 ;--------------------------------------------------------
                                    548 ; Home
                                    549 ;--------------------------------------------------------
                                    550 	.area HOME    (CODE)
                                    551 	.area HOME    (CODE)
      000003                        552 __sdcc_program_startup:
      000003 02r01r76         [24]  553 	ljmp	_main
                                    554 ;	return from main will return to caller
                                    555 ;--------------------------------------------------------
                                    556 ; code
                                    557 ;--------------------------------------------------------
                                    558 	.area CSEG    (CODE)
                                    559 ;------------------------------------------------------------
                                    560 ;Allocation info for local variables in function 'putchar'
                                    561 ;------------------------------------------------------------
                                    562 ;charToSend                Allocated with name '_putchar_charToSend_65536_17'
                                    563 ;------------------------------------------------------------
                                    564 ;	spi_and_bit_banging.c:208: int putchar(int charToSend) {
                                    565 ;	-----------------------------------------
                                    566 ;	 function putchar
                                    567 ;	-----------------------------------------
      000000                        568 _putchar:
                           000007   569 	ar7 = 0x07
                           000006   570 	ar6 = 0x06
                           000005   571 	ar5 = 0x05
                           000004   572 	ar4 = 0x04
                           000003   573 	ar3 = 0x03
                           000002   574 	ar2 = 0x02
                           000001   575 	ar1 = 0x01
                           000000   576 	ar0 = 0x00
      000000 AF 83            [24]  577 	mov	r7,dph
      000002 E5 82            [12]  578 	mov	a,dpl
      000004 90r00r00         [24]  579 	mov	dptr,#_putchar_charToSend_65536_17
      000007 F0               [24]  580 	movx	@dptr,a
      000008 EF               [12]  581 	mov	a,r7
      000009 A3               [24]  582 	inc	dptr
      00000A F0               [24]  583 	movx	@dptr,a
                                    584 ;	spi_and_bit_banging.c:209: SBUF = charToSend;       /* Load character into serial buffer */
      00000B 90r00r00         [24]  585 	mov	dptr,#_putchar_charToSend_65536_17
      00000E E0               [24]  586 	movx	a,@dptr
      00000F FE               [12]  587 	mov	r6,a
      000010 A3               [24]  588 	inc	dptr
      000011 E0               [24]  589 	movx	a,@dptr
      000012 FF               [12]  590 	mov	r7,a
      000013 8E 99            [24]  591 	mov	_SBUF,r6
                                    592 ;	spi_and_bit_banging.c:210: while (!TI);             /* Wait for transmission completion */
      000015                        593 00101$:
                                    594 ;	spi_and_bit_banging.c:211: TI = 0;                  /* Clear transmission flag */
                                    595 ;	assignBit
      000015 10 99 02         [24]  596 	jbc	_TI,00114$
      000018 80 FB            [24]  597 	sjmp	00101$
      00001A                        598 00114$:
                                    599 ;	spi_and_bit_banging.c:212: return charToSend;
      00001A 8E 82            [24]  600 	mov	dpl,r6
      00001C 8F 83            [24]  601 	mov	dph,r7
                                    602 ;	spi_and_bit_banging.c:213: }
      00001E 22               [24]  603 	ret
                                    604 ;------------------------------------------------------------
                                    605 ;Allocation info for local variables in function 'getchar'
                                    606 ;------------------------------------------------------------
                                    607 ;	spi_and_bit_banging.c:219: int getchar(void) {
                                    608 ;	-----------------------------------------
                                    609 ;	 function getchar
                                    610 ;	-----------------------------------------
      00001F                        611 _getchar:
                                    612 ;	spi_and_bit_banging.c:220: while (!RI);             /* Wait for reception completion */
      00001F                        613 00101$:
                                    614 ;	spi_and_bit_banging.c:221: RI = 0;                  /* Clear reception flag */
                                    615 ;	assignBit
      00001F 10 98 02         [24]  616 	jbc	_RI,00114$
      000022 80 FB            [24]  617 	sjmp	00101$
      000024                        618 00114$:
                                    619 ;	spi_and_bit_banging.c:222: return SBUF;             /* Return received character */
      000024 AE 99            [24]  620 	mov	r6,_SBUF
      000026 7F 00            [12]  621 	mov	r7,#0x00
      000028 8E 82            [24]  622 	mov	dpl,r6
      00002A 8F 83            [24]  623 	mov	dph,r7
                                    624 ;	spi_and_bit_banging.c:223: }
      00002C 22               [24]  625 	ret
                                    626 ;------------------------------------------------------------
                                    627 ;Allocation info for local variables in function 'delay_ms'
                                    628 ;------------------------------------------------------------
                                    629 ;ms                        Allocated with name '_delay_ms_ms_65536_21'
                                    630 ;i                         Allocated with name '_delay_ms_i_65536_22'
                                    631 ;j                         Allocated with name '_delay_ms_j_65536_22'
                                    632 ;------------------------------------------------------------
                                    633 ;	spi_and_bit_banging.c:225: void delay_ms(unsigned int ms) {
                                    634 ;	-----------------------------------------
                                    635 ;	 function delay_ms
                                    636 ;	-----------------------------------------
      00002D                        637 _delay_ms:
      00002D AF 83            [24]  638 	mov	r7,dph
      00002F E5 82            [12]  639 	mov	a,dpl
      000031 90r00r02         [24]  640 	mov	dptr,#_delay_ms_ms_65536_21
      000034 F0               [24]  641 	movx	@dptr,a
      000035 EF               [12]  642 	mov	a,r7
      000036 A3               [24]  643 	inc	dptr
      000037 F0               [24]  644 	movx	@dptr,a
                                    645 ;	spi_and_bit_banging.c:227: for (i = 0; i < ms; i++)
      000038 90r00r02         [24]  646 	mov	dptr,#_delay_ms_ms_65536_21
      00003B E0               [24]  647 	movx	a,@dptr
      00003C FE               [12]  648 	mov	r6,a
      00003D A3               [24]  649 	inc	dptr
      00003E E0               [24]  650 	movx	a,@dptr
      00003F FF               [12]  651 	mov	r7,a
      000040 7C 00            [12]  652 	mov	r4,#0x00
      000042 7D 00            [12]  653 	mov	r5,#0x00
      000044                        654 00107$:
      000044 C3               [12]  655 	clr	c
      000045 EC               [12]  656 	mov	a,r4
      000046 9E               [12]  657 	subb	a,r6
      000047 ED               [12]  658 	mov	a,r5
      000048 9F               [12]  659 	subb	a,r7
      000049 50 14            [24]  660 	jnc	00109$
                                    661 ;	spi_and_bit_banging.c:228: for (j = 0; j < 123; j++);  // Delay tuned for 12MHz crystal
      00004B 7A 7B            [12]  662 	mov	r2,#0x7b
      00004D 7B 00            [12]  663 	mov	r3,#0x00
      00004F                        664 00105$:
      00004F 1A               [12]  665 	dec	r2
      000050 BA FF 01         [24]  666 	cjne	r2,#0xff,00130$
      000053 1B               [12]  667 	dec	r3
      000054                        668 00130$:
      000054 EA               [12]  669 	mov	a,r2
      000055 4B               [12]  670 	orl	a,r3
      000056 70 F7            [24]  671 	jnz	00105$
                                    672 ;	spi_and_bit_banging.c:227: for (i = 0; i < ms; i++)
      000058 0C               [12]  673 	inc	r4
      000059 BC 00 E8         [24]  674 	cjne	r4,#0x00,00107$
      00005C 0D               [12]  675 	inc	r5
      00005D 80 E5            [24]  676 	sjmp	00107$
      00005F                        677 00109$:
                                    678 ;	spi_and_bit_banging.c:229: }
      00005F 22               [24]  679 	ret
                                    680 ;------------------------------------------------------------
                                    681 ;Allocation info for local variables in function 'display_menu'
                                    682 ;------------------------------------------------------------
                                    683 ;	spi_and_bit_banging.c:238: void display_menu(void) {
                                    684 ;	-----------------------------------------
                                    685 ;	 function display_menu
                                    686 ;	-----------------------------------------
      000060                        687 _display_menu:
                                    688 ;	spi_and_bit_banging.c:239: printf("\n\r┌──────────────────────────────────────────────────────────────┐\n\r");
      000060 74r00            [12]  689 	mov	a,#___str_0
      000062 C0 E0            [24]  690 	push	acc
      000064 74s06            [12]  691 	mov	a,#(___str_0 >> 8)
      000066 C0 E0            [24]  692 	push	acc
      000068 74 80            [12]  693 	mov	a,#0x80
      00006A C0 E0            [24]  694 	push	acc
      00006C 12r00r00         [24]  695 	lcall	_printf
      00006F 15 81            [12]  696 	dec	sp
      000071 15 81            [12]  697 	dec	sp
      000073 15 81            [12]  698 	dec	sp
                                    699 ;	spi_and_bit_banging.c:240: printf("│                        SPI PROGRAM                           │\n\r");
      000075 74rC5            [12]  700 	mov	a,#___str_1
      000077 C0 E0            [24]  701 	push	acc
      000079 74s06            [12]  702 	mov	a,#(___str_1 >> 8)
      00007B C0 E0            [24]  703 	push	acc
      00007D 74 80            [12]  704 	mov	a,#0x80
      00007F C0 E0            [24]  705 	push	acc
      000081 12r00r00         [24]  706 	lcall	_printf
      000084 15 81            [12]  707 	dec	sp
      000086 15 81            [12]  708 	dec	sp
      000088 15 81            [12]  709 	dec	sp
                                    710 ;	spi_and_bit_banging.c:241: printf("├──────────────────────────────────────────────────────────────┤\n\r");
      00008A 74r0C            [12]  711 	mov	a,#___str_2
      00008C C0 E0            [24]  712 	push	acc
      00008E 74s07            [12]  713 	mov	a,#(___str_2 >> 8)
      000090 C0 E0            [24]  714 	push	acc
      000092 74 80            [12]  715 	mov	a,#0x80
      000094 C0 E0            [24]  716 	push	acc
      000096 12r00r00         [24]  717 	lcall	_printf
      000099 15 81            [12]  718 	dec	sp
      00009B 15 81            [12]  719 	dec	sp
      00009D 15 81            [12]  720 	dec	sp
                                    721 ;	spi_and_bit_banging.c:242: printf("│  Command   │               Description                       │\n\r");
      00009F 74rCF            [12]  722 	mov	a,#___str_3
      0000A1 C0 E0            [24]  723 	push	acc
      0000A3 74s07            [12]  724 	mov	a,#(___str_3 >> 8)
      0000A5 C0 E0            [24]  725 	push	acc
      0000A7 74 80            [12]  726 	mov	a,#0x80
      0000A9 C0 E0            [24]  727 	push	acc
      0000AB 12r00r00         [24]  728 	lcall	_printf
      0000AE 15 81            [12]  729 	dec	sp
      0000B0 15 81            [12]  730 	dec	sp
      0000B2 15 81            [12]  731 	dec	sp
                                    732 ;	spi_and_bit_banging.c:243: printf("├──────────────────────────────────────────────────────────────┤\n\r");
      0000B4 74r0C            [12]  733 	mov	a,#___str_2
      0000B6 C0 E0            [24]  734 	push	acc
      0000B8 74s07            [12]  735 	mov	a,#(___str_2 >> 8)
      0000BA C0 E0            [24]  736 	push	acc
      0000BC 74 80            [12]  737 	mov	a,#0x80
      0000BE C0 E0            [24]  738 	push	acc
      0000C0 12r00r00         [24]  739 	lcall	_printf
      0000C3 15 81            [12]  740 	dec	sp
      0000C5 15 81            [12]  741 	dec	sp
      0000C7 15 81            [12]  742 	dec	sp
                                    743 ;	spi_and_bit_banging.c:244: printf("│    M      │ Manual SPI Mode (Direct Register Control)     │\n\r");
      0000C9 74r18            [12]  744 	mov	a,#___str_4
      0000CB C0 E0            [24]  745 	push	acc
      0000CD 74s08            [12]  746 	mov	a,#(___str_4 >> 8)
      0000CF C0 E0            [24]  747 	push	acc
      0000D1 74 80            [12]  748 	mov	a,#0x80
      0000D3 C0 E0            [24]  749 	push	acc
      0000D5 12r00r00         [24]  750 	lcall	_printf
      0000D8 15 81            [12]  751 	dec	sp
      0000DA 15 81            [12]  752 	dec	sp
      0000DC 15 81            [12]  753 	dec	sp
                                    754 ;	spi_and_bit_banging.c:245: printf("│    S      │ Generate Sine Wave                            │\n\r");
      0000DE 74r5E            [12]  755 	mov	a,#___str_5
      0000E0 C0 E0            [24]  756 	push	acc
      0000E2 74s08            [12]  757 	mov	a,#(___str_5 >> 8)
      0000E4 C0 E0            [24]  758 	push	acc
      0000E6 74 80            [12]  759 	mov	a,#0x80
      0000E8 C0 E0            [24]  760 	push	acc
      0000EA 12r00r00         [24]  761 	lcall	_printf
      0000ED 15 81            [12]  762 	dec	sp
      0000EF 15 81            [12]  763 	dec	sp
      0000F1 15 81            [12]  764 	dec	sp
                                    765 ;	spi_and_bit_banging.c:246: printf("│    T      │ Generate Triangular Wave                      │\n\r");
      0000F3 74rA4            [12]  766 	mov	a,#___str_6
      0000F5 C0 E0            [24]  767 	push	acc
      0000F7 74s08            [12]  768 	mov	a,#(___str_6 >> 8)
      0000F9 C0 E0            [24]  769 	push	acc
      0000FB 74 80            [12]  770 	mov	a,#0x80
      0000FD C0 E0            [24]  771 	push	acc
      0000FF 12r00r00         [24]  772 	lcall	_printf
      000102 15 81            [12]  773 	dec	sp
      000104 15 81            [12]  774 	dec	sp
      000106 15 81            [12]  775 	dec	sp
                                    776 ;	spi_and_bit_banging.c:247: printf("│    D      │ Demo Mode (Cycle through all waveforms)       │\n\r");
      000108 74rEA            [12]  777 	mov	a,#___str_7
      00010A C0 E0            [24]  778 	push	acc
      00010C 74s08            [12]  779 	mov	a,#(___str_7 >> 8)
      00010E C0 E0            [24]  780 	push	acc
      000110 74 80            [12]  781 	mov	a,#0x80
      000112 C0 E0            [24]  782 	push	acc
      000114 12r00r00         [24]  783 	lcall	_printf
      000117 15 81            [12]  784 	dec	sp
      000119 15 81            [12]  785 	dec	sp
      00011B 15 81            [12]  786 	dec	sp
                                    787 ;	spi_and_bit_banging.c:248: printf("│    R      │ Ramp wave                                     │\n\r");
      00011D 74r30            [12]  788 	mov	a,#___str_8
      00011F C0 E0            [24]  789 	push	acc
      000121 74s09            [12]  790 	mov	a,#(___str_8 >> 8)
      000123 C0 E0            [24]  791 	push	acc
      000125 74 80            [12]  792 	mov	a,#0x80
      000127 C0 E0            [24]  793 	push	acc
      000129 12r00r00         [24]  794 	lcall	_printf
      00012C 15 81            [12]  795 	dec	sp
      00012E 15 81            [12]  796 	dec	sp
      000130 15 81            [12]  797 	dec	sp
                                    798 ;	spi_and_bit_banging.c:249: printf("│    ?      │ Display this help menu                        │\n\r");
      000132 74r76            [12]  799 	mov	a,#___str_9
      000134 C0 E0            [24]  800 	push	acc
      000136 74s09            [12]  801 	mov	a,#(___str_9 >> 8)
      000138 C0 E0            [24]  802 	push	acc
      00013A 74 80            [12]  803 	mov	a,#0x80
      00013C C0 E0            [24]  804 	push	acc
      00013E 12r00r00         [24]  805 	lcall	_printf
      000141 15 81            [12]  806 	dec	sp
      000143 15 81            [12]  807 	dec	sp
      000145 15 81            [12]  808 	dec	sp
                                    809 ;	spi_and_bit_banging.c:250: printf("└───────────┴───────────────────────────────────────────────┘\n\r");
      000147 74rBC            [12]  810 	mov	a,#___str_10
      000149 C0 E0            [24]  811 	push	acc
      00014B 74s09            [12]  812 	mov	a,#(___str_10 >> 8)
      00014D C0 E0            [24]  813 	push	acc
      00014F 74 80            [12]  814 	mov	a,#0x80
      000151 C0 E0            [24]  815 	push	acc
      000153 12r00r00         [24]  816 	lcall	_printf
      000156 15 81            [12]  817 	dec	sp
      000158 15 81            [12]  818 	dec	sp
      00015A 15 81            [12]  819 	dec	sp
                                    820 ;	spi_and_bit_banging.c:251: printf("\n\r>> Enter command: ");
      00015C 74r76            [12]  821 	mov	a,#___str_11
      00015E C0 E0            [24]  822 	push	acc
      000160 74s0A            [12]  823 	mov	a,#(___str_11 >> 8)
      000162 C0 E0            [24]  824 	push	acc
      000164 74 80            [12]  825 	mov	a,#0x80
      000166 C0 E0            [24]  826 	push	acc
      000168 12r00r00         [24]  827 	lcall	_printf
      00016B 15 81            [12]  828 	dec	sp
      00016D 15 81            [12]  829 	dec	sp
      00016F 15 81            [12]  830 	dec	sp
                                    831 ;	spi_and_bit_banging.c:252: }
      000171 22               [24]  832 	ret
                                    833 ;------------------------------------------------------------
                                    834 ;Allocation info for local variables in function 'spi_transmission_stop'
                                    835 ;------------------------------------------------------------
                                    836 ;	spi_and_bit_banging.c:255: void spi_transmission_stop(void) 
                                    837 ;	-----------------------------------------
                                    838 ;	 function spi_transmission_stop
                                    839 ;	-----------------------------------------
      000172                        840 _spi_transmission_stop:
                                    841 ;	spi_and_bit_banging.c:257: SPCON &= ~SPI_ENABLE;          // Disable SPI
      000172 53 C3 BF         [24]  842 	anl	_SPCON,#0xbf
                                    843 ;	spi_and_bit_banging.c:258: }
      000175 22               [24]  844 	ret
                                    845 ;------------------------------------------------------------
                                    846 ;Allocation info for local variables in function 'main'
                                    847 ;------------------------------------------------------------
                                    848 ;user_input                Allocated with name '_main_user_input_131072_37'
                                    849 ;result                    Allocated with name '_main_result_262144_39'
                                    850 ;result2                   Allocated with name '_main_result2_262145_41'
                                    851 ;result3                   Allocated with name '_main_result3_262145_43'
                                    852 ;result4                   Allocated with name '_main_result4_262145_45'
                                    853 ;result5                   Allocated with name '_main_result5_262144_46'
                                    854 ;------------------------------------------------------------
                                    855 ;	spi_and_bit_banging.c:259: int main(void)
                                    856 ;	-----------------------------------------
                                    857 ;	 function main
                                    858 ;	-----------------------------------------
      000176                        859 _main:
                                    860 ;	spi_and_bit_banging.c:261: display_menu();
      000176 12r00r60         [24]  861 	lcall	_display_menu
                                    862 ;	spi_and_bit_banging.c:262: spi_init();
      000179 12r05r72         [24]  863 	lcall	_spi_init
                                    864 ;	spi_and_bit_banging.c:263: while(1)
      00017C                        865 00111$:
                                    866 ;	spi_and_bit_banging.c:265: char user_input = getchar();
      00017C 12r00r1F         [24]  867 	lcall	_getchar
      00017F AE 82            [24]  868 	mov	r6,dpl
                                    869 ;	spi_and_bit_banging.c:266: printf("| $ %c\n\r", user_input);
      000181 8E 05            [24]  870 	mov	ar5,r6
      000183 7F 00            [12]  871 	mov	r7,#0x00
      000185 C0 06            [24]  872 	push	ar6
      000187 C0 05            [24]  873 	push	ar5
      000189 C0 07            [24]  874 	push	ar7
      00018B 74r8B            [12]  875 	mov	a,#___str_12
      00018D C0 E0            [24]  876 	push	acc
      00018F 74s0A            [12]  877 	mov	a,#(___str_12 >> 8)
      000191 C0 E0            [24]  878 	push	acc
      000193 74 80            [12]  879 	mov	a,#0x80
      000195 C0 E0            [24]  880 	push	acc
      000197 12r00r00         [24]  881 	lcall	_printf
      00019A E5 81            [12]  882 	mov	a,sp
      00019C 24 FB            [12]  883 	add	a,#0xfb
      00019E F5 81            [12]  884 	mov	sp,a
                                    885 ;	spi_and_bit_banging.c:267: printf("\n\r");
      0001A0 74r94            [12]  886 	mov	a,#___str_13
      0001A2 C0 E0            [24]  887 	push	acc
      0001A4 74s0A            [12]  888 	mov	a,#(___str_13 >> 8)
      0001A6 C0 E0            [24]  889 	push	acc
      0001A8 74 80            [12]  890 	mov	a,#0x80
      0001AA C0 E0            [24]  891 	push	acc
      0001AC 12r00r00         [24]  892 	lcall	_printf
      0001AF 15 81            [12]  893 	dec	sp
      0001B1 15 81            [12]  894 	dec	sp
      0001B3 15 81            [12]  895 	dec	sp
      0001B5 D0 06            [24]  896 	pop	ar6
                                    897 ;	spi_and_bit_banging.c:268: switch(user_input)
      0001B7 BE 3F 03         [24]  898 	cjne	r6,#0x3f,00147$
      0001BA 02r02rA8         [24]  899 	ljmp	00107$
      0001BD                        900 00147$:
      0001BD BE 42 02         [24]  901 	cjne	r6,#0x42,00148$
      0001C0 80 3F            [24]  902 	sjmp	00102$
      0001C2                        903 00148$:
      0001C2 BE 44 03         [24]  904 	cjne	r6,#0x44,00149$
      0001C5 02r02r8D         [24]  905 	ljmp	00106$
      0001C8                        906 00149$:
      0001C8 BE 4D 02         [24]  907 	cjne	r6,#0x4d,00150$
      0001CB 80 13            [24]  908 	sjmp	00101$
      0001CD                        909 00150$:
      0001CD BE 52 03         [24]  910 	cjne	r6,#0x52,00151$
      0001D0 02r02r6B         [24]  911 	ljmp	00105$
      0001D3                        912 00151$:
      0001D3 BE 53 02         [24]  913 	cjne	r6,#0x53,00152$
      0001D6 80 4D            [24]  914 	sjmp	00103$
      0001D8                        915 00152$:
      0001D8 BE 54 02         [24]  916 	cjne	r6,#0x54,00153$
      0001DB 80 69            [24]  917 	sjmp	00104$
      0001DD                        918 00153$:
      0001DD 02r02rAE         [24]  919 	ljmp	00108$
                                    920 ;	spi_and_bit_banging.c:270: case 'M':
      0001E0                        921 00101$:
                                    922 ;	spi_and_bit_banging.c:272: unsigned char result = take_data();
      0001E0 12r03r11         [24]  923 	lcall	_take_data
                                    924 ;	spi_and_bit_banging.c:273: mannual_spi(result);
      0001E3 12r04r65         [24]  925 	lcall	_mannual_spi
                                    926 ;	spi_and_bit_banging.c:274: printf(">> SINE WAVE GENERATION COMPLETE\n\r");
      0001E6 74r97            [12]  927 	mov	a,#___str_14
      0001E8 C0 E0            [24]  928 	push	acc
      0001EA 74s0A            [12]  929 	mov	a,#(___str_14 >> 8)
      0001EC C0 E0            [24]  930 	push	acc
      0001EE 74 80            [12]  931 	mov	a,#0x80
      0001F0 C0 E0            [24]  932 	push	acc
      0001F2 12r00r00         [24]  933 	lcall	_printf
      0001F5 15 81            [12]  934 	dec	sp
      0001F7 15 81            [12]  935 	dec	sp
      0001F9 15 81            [12]  936 	dec	sp
                                    937 ;	spi_and_bit_banging.c:275: spi_transmission_stop();
      0001FB 12r01r72         [24]  938 	lcall	_spi_transmission_stop
                                    939 ;	spi_and_bit_banging.c:276: break;
      0001FE 02r01r7C         [24]  940 	ljmp	00111$
                                    941 ;	spi_and_bit_banging.c:279: case 'B':
      000201                        942 00102$:
                                    943 ;	spi_and_bit_banging.c:281: bit_bang_spi_init();
      000201 12r05r7C         [24]  944 	lcall	_bit_bang_spi_init
                                    945 ;	spi_and_bit_banging.c:282: unsigned char result2 = take_data();
      000204 12r03r11         [24]  946 	lcall	_take_data
                                    947 ;	spi_and_bit_banging.c:283: bit_bang_spi(result2);
      000207 12r02rDE         [24]  948 	lcall	_bit_bang_spi
                                    949 ;	spi_and_bit_banging.c:284: printf(">> SQUARE WAVE GENERATION COMPLETE\n\r");
      00020A 74rBA            [12]  950 	mov	a,#___str_15
      00020C C0 E0            [24]  951 	push	acc
      00020E 74s0A            [12]  952 	mov	a,#(___str_15 >> 8)
      000210 C0 E0            [24]  953 	push	acc
      000212 74 80            [12]  954 	mov	a,#0x80
      000214 C0 E0            [24]  955 	push	acc
      000216 12r00r00         [24]  956 	lcall	_printf
      000219 15 81            [12]  957 	dec	sp
      00021B 15 81            [12]  958 	dec	sp
      00021D 15 81            [12]  959 	dec	sp
                                    960 ;	spi_and_bit_banging.c:285: spi_init();
      00021F 12r05r72         [24]  961 	lcall	_spi_init
                                    962 ;	spi_and_bit_banging.c:286: break;
      000222 02r01r7C         [24]  963 	ljmp	00111$
                                    964 ;	spi_and_bit_banging.c:289: case 'S':
      000225                        965 00103$:
                                    966 ;	spi_and_bit_banging.c:291: spi_init();
      000225 12r05r72         [24]  967 	lcall	_spi_init
                                    968 ;	spi_and_bit_banging.c:292: unsigned char result3 = take_data();
      000228 12r03r11         [24]  969 	lcall	_take_data
                                    970 ;	spi_and_bit_banging.c:293: mannual_spi(result3);
      00022B 12r04r65         [24]  971 	lcall	_mannual_spi
                                    972 ;	spi_and_bit_banging.c:294: printf(">> SIN WAVE GENERATION COMPLETE\n\r");
      00022E 74rDF            [12]  973 	mov	a,#___str_16
      000230 C0 E0            [24]  974 	push	acc
      000232 74s0A            [12]  975 	mov	a,#(___str_16 >> 8)
      000234 C0 E0            [24]  976 	push	acc
      000236 74 80            [12]  977 	mov	a,#0x80
      000238 C0 E0            [24]  978 	push	acc
      00023A 12r00r00         [24]  979 	lcall	_printf
      00023D 15 81            [12]  980 	dec	sp
      00023F 15 81            [12]  981 	dec	sp
      000241 15 81            [12]  982 	dec	sp
                                    983 ;	spi_and_bit_banging.c:295: break;
      000243 02r01r7C         [24]  984 	ljmp	00111$
                                    985 ;	spi_and_bit_banging.c:299: case 'T':
      000246                        986 00104$:
                                    987 ;	spi_and_bit_banging.c:301: spi_init();
      000246 12r05r72         [24]  988 	lcall	_spi_init
                                    989 ;	spi_and_bit_banging.c:302: unsigned char result4 = take_data();
      000249 12r03r11         [24]  990 	lcall	_take_data
                                    991 ;	spi_and_bit_banging.c:303: spi_triangular_wave(result4);
      00024C 7E 00            [12]  992 	mov	r6,#0x00
      00024E 8E 83            [24]  993 	mov	dph,r6
      000250 12r05rD6         [24]  994 	lcall	_spi_triangular_wave
                                    995 ;	spi_and_bit_banging.c:304: printf(">> TRIANGULAR WAVE GENERATION COMPLETE\n\r");
      000253 74r01            [12]  996 	mov	a,#___str_17
      000255 C0 E0            [24]  997 	push	acc
      000257 74s0B            [12]  998 	mov	a,#(___str_17 >> 8)
      000259 C0 E0            [24]  999 	push	acc
      00025B 74 80            [12] 1000 	mov	a,#0x80
      00025D C0 E0            [24] 1001 	push	acc
      00025F 12r00r00         [24] 1002 	lcall	_printf
      000262 15 81            [12] 1003 	dec	sp
      000264 15 81            [12] 1004 	dec	sp
      000266 15 81            [12] 1005 	dec	sp
                                   1006 ;	spi_and_bit_banging.c:305: break;
      000268 02r01r7C         [24] 1007 	ljmp	00111$
                                   1008 ;	spi_and_bit_banging.c:308: case 'R':
      00026B                       1009 00105$:
                                   1010 ;	spi_and_bit_banging.c:310: unsigned char result5 = take_data();
      00026B 12r03r11         [24] 1011 	lcall	_take_data
                                   1012 ;	spi_and_bit_banging.c:311: spi_ramp_signal(result5);
      00026E 7E 00            [12] 1013 	mov	r6,#0x00
      000270 8E 83            [24] 1014 	mov	dph,r6
      000272 12r06rB4         [24] 1015 	lcall	_spi_ramp_signal
                                   1016 ;	spi_and_bit_banging.c:312: printf(">> RAMP WAVE GENERATION COMPLETE\n\r");
      000275 74r2A            [12] 1017 	mov	a,#___str_18
      000277 C0 E0            [24] 1018 	push	acc
      000279 74s0B            [12] 1019 	mov	a,#(___str_18 >> 8)
      00027B C0 E0            [24] 1020 	push	acc
      00027D 74 80            [12] 1021 	mov	a,#0x80
      00027F C0 E0            [24] 1022 	push	acc
      000281 12r00r00         [24] 1023 	lcall	_printf
      000284 15 81            [12] 1024 	dec	sp
      000286 15 81            [12] 1025 	dec	sp
      000288 15 81            [12] 1026 	dec	sp
                                   1027 ;	spi_and_bit_banging.c:313: break;
      00028A 02r01r7C         [24] 1028 	ljmp	00111$
                                   1029 ;	spi_and_bit_banging.c:316: case 'D':
      00028D                       1030 00106$:
                                   1031 ;	spi_and_bit_banging.c:318: demo_mode();
      00028D 12r02rC6         [24] 1032 	lcall	_demo_mode
                                   1033 ;	spi_and_bit_banging.c:319: printf(">> DEMO COMPLETE\n\r");
      000290 74r4D            [12] 1034 	mov	a,#___str_19
      000292 C0 E0            [24] 1035 	push	acc
      000294 74s0B            [12] 1036 	mov	a,#(___str_19 >> 8)
      000296 C0 E0            [24] 1037 	push	acc
      000298 74 80            [12] 1038 	mov	a,#0x80
      00029A C0 E0            [24] 1039 	push	acc
      00029C 12r00r00         [24] 1040 	lcall	_printf
      00029F 15 81            [12] 1041 	dec	sp
      0002A1 15 81            [12] 1042 	dec	sp
      0002A3 15 81            [12] 1043 	dec	sp
                                   1044 ;	spi_and_bit_banging.c:320: break;
      0002A5 02r01r7C         [24] 1045 	ljmp	00111$
                                   1046 ;	spi_and_bit_banging.c:322: case '?':
      0002A8                       1047 00107$:
                                   1048 ;	spi_and_bit_banging.c:323: display_menu();
      0002A8 12r00r60         [24] 1049 	lcall	_display_menu
                                   1050 ;	spi_and_bit_banging.c:324: break;  
      0002AB 02r01r7C         [24] 1051 	ljmp	00111$
                                   1052 ;	spi_and_bit_banging.c:326: default:
      0002AE                       1053 00108$:
                                   1054 ;	spi_and_bit_banging.c:327: printf(">> INVALID INPUT\n\r");
      0002AE 74r60            [12] 1055 	mov	a,#___str_20
      0002B0 C0 E0            [24] 1056 	push	acc
      0002B2 74s0B            [12] 1057 	mov	a,#(___str_20 >> 8)
      0002B4 C0 E0            [24] 1058 	push	acc
      0002B6 74 80            [12] 1059 	mov	a,#0x80
      0002B8 C0 E0            [24] 1060 	push	acc
      0002BA 12r00r00         [24] 1061 	lcall	_printf
      0002BD 15 81            [12] 1062 	dec	sp
      0002BF 15 81            [12] 1063 	dec	sp
      0002C1 15 81            [12] 1064 	dec	sp
                                   1065 ;	spi_and_bit_banging.c:332: }
                                   1066 ;	spi_and_bit_banging.c:334: }
      0002C3 02r01r7C         [24] 1067 	ljmp	00111$
                                   1068 ;------------------------------------------------------------
                                   1069 ;Allocation info for local variables in function 'demo_mode'
                                   1070 ;------------------------------------------------------------
                                   1071 ;	spi_and_bit_banging.c:340: void demo_mode()
                                   1072 ;	-----------------------------------------
                                   1073 ;	 function demo_mode
                                   1074 ;	-----------------------------------------
      0002C6                       1075 _demo_mode:
                                   1076 ;	spi_and_bit_banging.c:342: mannual_spi(7);
      0002C6 75 82 07         [24] 1077 	mov	dpl,#0x07
      0002C9 12r04r65         [24] 1078 	lcall	_mannual_spi
                                   1079 ;	spi_and_bit_banging.c:343: bit_bang_spi(7);
      0002CC 75 82 07         [24] 1080 	mov	dpl,#0x07
      0002CF 12r02rDE         [24] 1081 	lcall	_bit_bang_spi
                                   1082 ;	spi_and_bit_banging.c:344: spi_ramp_signal(7);
      0002D2 90 00 07         [24] 1083 	mov	dptr,#0x0007
      0002D5 12r06rB4         [24] 1084 	lcall	_spi_ramp_signal
                                   1085 ;	spi_and_bit_banging.c:345: spi_triangular_wave(7);
      0002D8 90 00 07         [24] 1086 	mov	dptr,#0x0007
                                   1087 ;	spi_and_bit_banging.c:346: }
      0002DB 02r05rD6         [24] 1088 	ljmp	_spi_triangular_wave
                                   1089 ;------------------------------------------------------------
                                   1090 ;Allocation info for local variables in function 'bit_bang_spi'
                                   1091 ;------------------------------------------------------------
                                   1092 ;number                    Allocated with name '_bit_bang_spi_number_65536_49'
                                   1093 ;------------------------------------------------------------
                                   1094 ;	spi_and_bit_banging.c:350: void bit_bang_spi(unsigned char number)
                                   1095 ;	-----------------------------------------
                                   1096 ;	 function bit_bang_spi
                                   1097 ;	-----------------------------------------
      0002DE                       1098 _bit_bang_spi:
      0002DE E5 82            [12] 1099 	mov	a,dpl
      0002E0 90r00r04         [24] 1100 	mov	dptr,#_bit_bang_spi_number_65536_49
      0002E3 F0               [24] 1101 	movx	@dptr,a
                                   1102 ;	spi_and_bit_banging.c:352: while(number > 0)
      0002E4                       1103 00101$:
      0002E4 90r00r04         [24] 1104 	mov	dptr,#_bit_bang_spi_number_65536_49
      0002E7 E0               [24] 1105 	movx	a,@dptr
      0002E8 FF               [12] 1106 	mov	r7,a
      0002E9 E0               [24] 1107 	movx	a,@dptr
      0002EA 60 24            [24] 1108 	jz	00104$
                                   1109 ;	spi_and_bit_banging.c:354: bit_bang_spi_write(TEST_DATA);
      0002EC 90 1F F0         [24] 1110 	mov	dptr,#0x1ff0
      0002EF C0 07            [24] 1111 	push	ar7
      0002F1 12r05r86         [24] 1112 	lcall	_bit_bang_spi_write
                                   1113 ;	spi_and_bit_banging.c:355: delay_ms(DELAY_PERIOD);
      0002F4 90 01 F4         [24] 1114 	mov	dptr,#0x01f4
      0002F7 12r00r2D         [24] 1115 	lcall	_delay_ms
                                   1116 ;	spi_and_bit_banging.c:356: bit_bang_spi_write(IDLE_DATA);
      0002FA 90 10 00         [24] 1117 	mov	dptr,#0x1000
      0002FD 12r05r86         [24] 1118 	lcall	_bit_bang_spi_write
                                   1119 ;	spi_and_bit_banging.c:357: delay_ms(DELAY_PERIOD);
      000300 90 01 F4         [24] 1120 	mov	dptr,#0x01f4
      000303 12r00r2D         [24] 1121 	lcall	_delay_ms
      000306 D0 07            [24] 1122 	pop	ar7
                                   1123 ;	spi_and_bit_banging.c:358: number = number - 1;
      000308 EF               [12] 1124 	mov	a,r7
      000309 14               [12] 1125 	dec	a
      00030A 90r00r04         [24] 1126 	mov	dptr,#_bit_bang_spi_number_65536_49
      00030D F0               [24] 1127 	movx	@dptr,a
      00030E 80 D4            [24] 1128 	sjmp	00101$
      000310                       1129 00104$:
                                   1130 ;	spi_and_bit_banging.c:360: }
      000310 22               [24] 1131 	ret
                                   1132 ;------------------------------------------------------------
                                   1133 ;Allocation info for local variables in function 'take_data'
                                   1134 ;------------------------------------------------------------
                                   1135 ;input                     Allocated with name '_take_data_input_65537_53'
                                   1136 ;i                         Allocated with name '_take_data_i_65537_53'
                                   1137 ;c                         Allocated with name '_take_data_c_65537_53'
                                   1138 ;data                      Allocated with name '_take_data_data_65538_57'
                                   1139 ;------------------------------------------------------------
                                   1140 ;	spi_and_bit_banging.c:361: unsigned char take_data()
                                   1141 ;	-----------------------------------------
                                   1142 ;	 function take_data
                                   1143 ;	-----------------------------------------
      000311                       1144 _take_data:
                                   1145 ;	spi_and_bit_banging.c:363: printf("│ Enter number (up to 2 characters): \n\r|");
      000311 74r73            [12] 1146 	mov	a,#___str_21
      000313 C0 E0            [24] 1147 	push	acc
      000315 74s0B            [12] 1148 	mov	a,#(___str_21 >> 8)
      000317 C0 E0            [24] 1149 	push	acc
      000319 74 80            [12] 1150 	mov	a,#0x80
      00031B C0 E0            [24] 1151 	push	acc
      00031D 12r00r00         [24] 1152 	lcall	_printf
      000320 15 81            [12] 1153 	dec	sp
      000322 15 81            [12] 1154 	dec	sp
      000324 15 81            [12] 1155 	dec	sp
                                   1156 ;	spi_and_bit_banging.c:364: char input[4] = {0};  // Array for 3 hex chars + null terminator
      000326 90r00r05         [24] 1157 	mov	dptr,#_take_data_input_65537_53
      000329 E4               [12] 1158 	clr	a
      00032A F0               [24] 1159 	movx	@dptr,a
      00032B 90r00r06         [24] 1160 	mov	dptr,#(_take_data_input_65537_53 + 0x0001)
      00032E F0               [24] 1161 	movx	@dptr,a
      00032F 90r00r07         [24] 1162 	mov	dptr,#(_take_data_input_65537_53 + 0x0002)
      000332 F0               [24] 1163 	movx	@dptr,a
      000333 90r00r08         [24] 1164 	mov	dptr,#(_take_data_input_65537_53 + 0x0003)
      000336 F0               [24] 1165 	movx	@dptr,a
                                   1166 ;	spi_and_bit_banging.c:368: printf("$ ");
      000337 74r9E            [12] 1167 	mov	a,#___str_22
      000339 C0 E0            [24] 1168 	push	acc
      00033B 74s0B            [12] 1169 	mov	a,#(___str_22 >> 8)
      00033D C0 E0            [24] 1170 	push	acc
      00033F 74 80            [12] 1171 	mov	a,#0x80
      000341 C0 E0            [24] 1172 	push	acc
      000343 12r00r00         [24] 1173 	lcall	_printf
      000346 15 81            [12] 1174 	dec	sp
      000348 15 81            [12] 1175 	dec	sp
      00034A 15 81            [12] 1176 	dec	sp
                                   1177 ;	spi_and_bit_banging.c:370: while (i < 3) {
      00034C 7E 00            [12] 1178 	mov	r6,#0x00
      00034E 7F 00            [12] 1179 	mov	r7,#0x00
      000350                       1180 00111$:
      000350 C3               [12] 1181 	clr	c
      000351 EE               [12] 1182 	mov	a,r6
      000352 94 03            [12] 1183 	subb	a,#0x03
      000354 EF               [12] 1184 	mov	a,r7
      000355 64 80            [12] 1185 	xrl	a,#0x80
      000357 94 80            [12] 1186 	subb	a,#0x80
      000359 50 5B            [24] 1187 	jnc	00113$
                                   1188 ;	spi_and_bit_banging.c:372: c = getchar();
      00035B C0 07            [24] 1189 	push	ar7
      00035D C0 06            [24] 1190 	push	ar6
      00035F 12r00r1F         [24] 1191 	lcall	_getchar
      000362 AC 82            [24] 1192 	mov	r4,dpl
      000364 AD 83            [24] 1193 	mov	r5,dph
      000366 D0 06            [24] 1194 	pop	ar6
      000368 D0 07            [24] 1195 	pop	ar7
                                   1196 ;	spi_and_bit_banging.c:375: if (c == '\r' || c == '\n') {
      00036A BC 0D 02         [24] 1197 	cjne	r4,#0x0d,00194$
      00036D 80 47            [24] 1198 	sjmp	00113$
      00036F                       1199 00194$:
      00036F BC 0A 02         [24] 1200 	cjne	r4,#0x0a,00195$
      000372 80 42            [24] 1201 	sjmp	00113$
      000374                       1202 00195$:
                                   1203 ;	spi_and_bit_banging.c:380: if ((c >= '0' && c <= '9') ||
      000374 BC 30 00         [24] 1204 	cjne	r4,#0x30,00196$
      000377                       1205 00196$:
      000377 40 05            [24] 1206 	jc	00108$
      000379 EC               [12] 1207 	mov	a,r4
      00037A 24 C6            [12] 1208 	add	a,#0xff - 0x39
      00037C 50 14            [24] 1209 	jnc	00104$
      00037E                       1210 00108$:
                                   1211 ;	spi_and_bit_banging.c:381: (c >= 'a' && c <= 'f') ||
      00037E BC 61 00         [24] 1212 	cjne	r4,#0x61,00199$
      000381                       1213 00199$:
      000381 40 05            [24] 1214 	jc	00110$
      000383 EC               [12] 1215 	mov	a,r4
      000384 24 99            [12] 1216 	add	a,#0xff - 0x66
      000386 50 0A            [24] 1217 	jnc	00104$
      000388                       1218 00110$:
                                   1219 ;	spi_and_bit_banging.c:382: (c >= 'A' && c <= 'F')) {
      000388 BC 41 00         [24] 1220 	cjne	r4,#0x41,00202$
      00038B                       1221 00202$:
      00038B 40 C3            [24] 1222 	jc	00111$
      00038D EC               [12] 1223 	mov	a,r4
      00038E 24 B9            [12] 1224 	add	a,#0xff - 0x46
      000390 40 BE            [24] 1225 	jc	00111$
      000392                       1226 00104$:
                                   1227 ;	spi_and_bit_banging.c:384: input[i] = c;
      000392 EE               [12] 1228 	mov	a,r6
      000393 24r05            [12] 1229 	add	a,#_take_data_input_65537_53
      000395 F5 82            [12] 1230 	mov	dpl,a
      000397 EF               [12] 1231 	mov	a,r7
      000398 34s00            [12] 1232 	addc	a,#(_take_data_input_65537_53 >> 8)
      00039A F5 83            [12] 1233 	mov	dph,a
      00039C EC               [12] 1234 	mov	a,r4
      00039D F0               [24] 1235 	movx	@dptr,a
                                   1236 ;	spi_and_bit_banging.c:385: putchar(c);  // Echo character back
      00039E 7D 00            [12] 1237 	mov	r5,#0x00
      0003A0 8C 82            [24] 1238 	mov	dpl,r4
      0003A2 8D 83            [24] 1239 	mov	dph,r5
      0003A4 C0 07            [24] 1240 	push	ar7
      0003A6 C0 06            [24] 1241 	push	ar6
      0003A8 12r00r00         [24] 1242 	lcall	_putchar
      0003AB D0 06            [24] 1243 	pop	ar6
      0003AD D0 07            [24] 1244 	pop	ar7
                                   1245 ;	spi_and_bit_banging.c:386: i++;
      0003AF 0E               [12] 1246 	inc	r6
      0003B0 BE 00 9D         [24] 1247 	cjne	r6,#0x00,00111$
      0003B3 0F               [12] 1248 	inc	r7
      0003B4 80 9A            [24] 1249 	sjmp	00111$
      0003B6                       1250 00113$:
                                   1251 ;	spi_and_bit_banging.c:390: input[i] = '\0';  // Null-terminate the string
      0003B6 EE               [12] 1252 	mov	a,r6
      0003B7 24r05            [12] 1253 	add	a,#_take_data_input_65537_53
      0003B9 F5 82            [12] 1254 	mov	dpl,a
      0003BB EF               [12] 1255 	mov	a,r7
      0003BC 34s00            [12] 1256 	addc	a,#(_take_data_input_65537_53 >> 8)
      0003BE F5 83            [12] 1257 	mov	dph,a
      0003C0 E4               [12] 1258 	clr	a
      0003C1 F0               [24] 1259 	movx	@dptr,a
                                   1260 ;	spi_and_bit_banging.c:393: unsigned char data = 0;
      0003C2 90r00r09         [24] 1261 	mov	dptr,#_take_data_data_65538_57
      0003C5 F0               [24] 1262 	movx	@dptr,a
                                   1263 ;	spi_and_bit_banging.c:394: for (i = 0; input[i] != '\0'; i++) {
      0003C6 7E 00            [12] 1264 	mov	r6,#0x00
      0003C8 7F 00            [12] 1265 	mov	r7,#0x00
      0003CA                       1266 00127$:
      0003CA EE               [12] 1267 	mov	a,r6
      0003CB 24r05            [12] 1268 	add	a,#_take_data_input_65537_53
      0003CD F5 82            [12] 1269 	mov	dpl,a
      0003CF EF               [12] 1270 	mov	a,r7
      0003D0 34s00            [12] 1271 	addc	a,#(_take_data_input_65537_53 >> 8)
      0003D2 F5 83            [12] 1272 	mov	dph,a
      0003D4 E0               [24] 1273 	movx	a,@dptr
      0003D5 FD               [12] 1274 	mov	r5,a
      0003D6 70 03            [24] 1275 	jnz	00206$
      0003D8 02r04r3D         [24] 1276 	ljmp	00125$
      0003DB                       1277 00206$:
                                   1278 ;	spi_and_bit_banging.c:395: data = data * 16;
      0003DB 90r00r09         [24] 1279 	mov	dptr,#_take_data_data_65538_57
      0003DE E0               [24] 1280 	movx	a,@dptr
      0003DF C4               [12] 1281 	swap	a
      0003E0 54 F0            [12] 1282 	anl	a,#0xf0
      0003E2 FC               [12] 1283 	mov	r4,a
      0003E3 F0               [24] 1284 	movx	@dptr,a
                                   1285 ;	spi_and_bit_banging.c:396: if (input[i] >= '0' && input[i] <= '9')
      0003E4 BD 30 00         [24] 1286 	cjne	r5,#0x30,00207$
      0003E7                       1287 00207$:
      0003E7 40 12            [24] 1288 	jc	00122$
      0003E9 ED               [12] 1289 	mov	a,r5
      0003EA 24 C6            [12] 1290 	add	a,#0xff - 0x39
      0003EC 40 0D            [24] 1291 	jc	00122$
                                   1292 ;	spi_and_bit_banging.c:397: data += input[i] - '0';
      0003EE ED               [12] 1293 	mov	a,r5
      0003EF 24 D0            [12] 1294 	add	a,#0xd0
      0003F1 FD               [12] 1295 	mov	r5,a
      0003F2 90r00r09         [24] 1296 	mov	dptr,#_take_data_data_65538_57
      0003F5 E0               [24] 1297 	movx	a,@dptr
      0003F6 FC               [12] 1298 	mov	r4,a
      0003F7 2D               [12] 1299 	add	a,r5
      0003F8 F0               [24] 1300 	movx	@dptr,a
      0003F9 80 3A            [24] 1301 	sjmp	00128$
      0003FB                       1302 00122$:
                                   1303 ;	spi_and_bit_banging.c:398: else if (input[i] >= 'A' && input[i] <= 'F')
      0003FB EE               [12] 1304 	mov	a,r6
      0003FC 24r05            [12] 1305 	add	a,#_take_data_input_65537_53
      0003FE F5 82            [12] 1306 	mov	dpl,a
      000400 EF               [12] 1307 	mov	a,r7
      000401 34s00            [12] 1308 	addc	a,#(_take_data_input_65537_53 >> 8)
      000403 F5 83            [12] 1309 	mov	dph,a
      000405 E0               [24] 1310 	movx	a,@dptr
      000406 FD               [12] 1311 	mov	r5,a
      000407 BD 41 00         [24] 1312 	cjne	r5,#0x41,00210$
      00040A                       1313 00210$:
      00040A 40 14            [24] 1314 	jc	00118$
      00040C ED               [12] 1315 	mov	a,r5
      00040D 24 B9            [12] 1316 	add	a,#0xff - 0x46
      00040F 40 0F            [24] 1317 	jc	00118$
                                   1318 ;	spi_and_bit_banging.c:399: data += input[i] - 'A' + 10;
      000411 8D 04            [24] 1319 	mov	ar4,r5
      000413 74 C9            [12] 1320 	mov	a,#0xc9
      000415 2C               [12] 1321 	add	a,r4
      000416 FC               [12] 1322 	mov	r4,a
      000417 90r00r09         [24] 1323 	mov	dptr,#_take_data_data_65538_57
      00041A E0               [24] 1324 	movx	a,@dptr
      00041B FB               [12] 1325 	mov	r3,a
      00041C 2C               [12] 1326 	add	a,r4
      00041D F0               [24] 1327 	movx	@dptr,a
      00041E 80 15            [24] 1328 	sjmp	00128$
      000420                       1329 00118$:
                                   1330 ;	spi_and_bit_banging.c:400: else if (input[i] >= 'a' && input[i] <= 'f')
      000420 BD 61 00         [24] 1331 	cjne	r5,#0x61,00213$
      000423                       1332 00213$:
      000423 40 10            [24] 1333 	jc	00128$
      000425 ED               [12] 1334 	mov	a,r5
      000426 24 99            [12] 1335 	add	a,#0xff - 0x66
      000428 40 0B            [24] 1336 	jc	00128$
                                   1337 ;	spi_and_bit_banging.c:401: data += input[i] - 'a' + 10;
      00042A 74 A9            [12] 1338 	mov	a,#0xa9
      00042C 2D               [12] 1339 	add	a,r5
      00042D FD               [12] 1340 	mov	r5,a
      00042E 90r00r09         [24] 1341 	mov	dptr,#_take_data_data_65538_57
      000431 E0               [24] 1342 	movx	a,@dptr
      000432 FC               [12] 1343 	mov	r4,a
      000433 2D               [12] 1344 	add	a,r5
      000434 F0               [24] 1345 	movx	@dptr,a
      000435                       1346 00128$:
                                   1347 ;	spi_and_bit_banging.c:394: for (i = 0; input[i] != '\0'; i++) {
      000435 0E               [12] 1348 	inc	r6
      000436 BE 00 01         [24] 1349 	cjne	r6,#0x00,00216$
      000439 0F               [12] 1350 	inc	r7
      00043A                       1351 00216$:
      00043A 02r03rCA         [24] 1352 	ljmp	00127$
      00043D                       1353 00125$:
                                   1354 ;	spi_and_bit_banging.c:404: printf("\n\r│ Entered data: 0x%02X\n\r", data);
      00043D 90r00r09         [24] 1355 	mov	dptr,#_take_data_data_65538_57
      000440 E0               [24] 1356 	movx	a,@dptr
      000441 FF               [12] 1357 	mov	r7,a
      000442 FD               [12] 1358 	mov	r5,a
      000443 7E 00            [12] 1359 	mov	r6,#0x00
      000445 C0 07            [24] 1360 	push	ar7
      000447 C0 05            [24] 1361 	push	ar5
      000449 C0 06            [24] 1362 	push	ar6
      00044B 74rA1            [12] 1363 	mov	a,#___str_23
      00044D C0 E0            [24] 1364 	push	acc
      00044F 74s0B            [12] 1365 	mov	a,#(___str_23 >> 8)
      000451 C0 E0            [24] 1366 	push	acc
      000453 74 80            [12] 1367 	mov	a,#0x80
      000455 C0 E0            [24] 1368 	push	acc
      000457 12r00r00         [24] 1369 	lcall	_printf
      00045A E5 81            [12] 1370 	mov	a,sp
      00045C 24 FB            [12] 1371 	add	a,#0xfb
      00045E F5 81            [12] 1372 	mov	sp,a
      000460 D0 07            [24] 1373 	pop	ar7
                                   1374 ;	spi_and_bit_banging.c:411: return data;
      000462 8F 82            [24] 1375 	mov	dpl,r7
                                   1376 ;	spi_and_bit_banging.c:413: }
      000464 22               [24] 1377 	ret
                                   1378 ;------------------------------------------------------------
                                   1379 ;Allocation info for local variables in function 'mannual_spi'
                                   1380 ;------------------------------------------------------------
                                   1381 ;number                    Allocated with name '_mannual_spi_number_65536_60'
                                   1382 ;dac_value_index           Allocated with name '_mannual_spi_dac_value_index_65536_61'
                                   1383 ;dac_data                  Allocated with name '_mannual_spi_dac_data_65536_61'
                                   1384 ;high_byte                 Allocated with name '_mannual_spi_high_byte_65536_61'
                                   1385 ;low_byte                  Allocated with name '_mannual_spi_low_byte_65536_61'
                                   1386 ;i                         Allocated with name '_mannual_spi_i_196608_63'
                                   1387 ;------------------------------------------------------------
                                   1388 ;	spi_and_bit_banging.c:415: void mannual_spi(unsigned char number)
                                   1389 ;	-----------------------------------------
                                   1390 ;	 function mannual_spi
                                   1391 ;	-----------------------------------------
      000465                       1392 _mannual_spi:
      000465 E5 82            [12] 1393 	mov	a,dpl
      000467 90r00r0A         [24] 1394 	mov	dptr,#_mannual_spi_number_65536_60
      00046A F0               [24] 1395 	movx	@dptr,a
                                   1396 ;	spi_and_bit_banging.c:417: int dac_value_index = 0;
      00046B 90r00r0B         [24] 1397 	mov	dptr,#_mannual_spi_dac_value_index_65536_61
      00046E E4               [12] 1398 	clr	a
      00046F F0               [24] 1399 	movx	@dptr,a
      000470 A3               [24] 1400 	inc	dptr
      000471 F0               [24] 1401 	movx	@dptr,a
                                   1402 ;	spi_and_bit_banging.c:418: int dac_data = 0;
      000472 90r00r0D         [24] 1403 	mov	dptr,#_mannual_spi_dac_data_65536_61
      000475 F0               [24] 1404 	movx	@dptr,a
      000476 A3               [24] 1405 	inc	dptr
      000477 F0               [24] 1406 	movx	@dptr,a
                                   1407 ;	spi_and_bit_banging.c:420: printf("\r\n Inside Manual SPI");
      000478 74rBE            [12] 1408 	mov	a,#___str_24
      00047A C0 E0            [24] 1409 	push	acc
      00047C 74s0B            [12] 1410 	mov	a,#(___str_24 >> 8)
      00047E C0 E0            [24] 1411 	push	acc
      000480 74 80            [12] 1412 	mov	a,#0x80
      000482 C0 E0            [24] 1413 	push	acc
      000484 12r00r00         [24] 1414 	lcall	_printf
      000487 15 81            [12] 1415 	dec	sp
      000489 15 81            [12] 1416 	dec	sp
      00048B 15 81            [12] 1417 	dec	sp
                                   1418 ;	spi_and_bit_banging.c:421: printf("%d\n\r", number);
      00048D 90r00r0A         [24] 1419 	mov	dptr,#_mannual_spi_number_65536_60
      000490 E0               [24] 1420 	movx	a,@dptr
      000491 FF               [12] 1421 	mov	r7,a
      000492 7E 00            [12] 1422 	mov	r6,#0x00
      000494 C0 07            [24] 1423 	push	ar7
      000496 C0 06            [24] 1424 	push	ar6
      000498 74rD3            [12] 1425 	mov	a,#___str_25
      00049A C0 E0            [24] 1426 	push	acc
      00049C 74s0B            [12] 1427 	mov	a,#(___str_25 >> 8)
      00049E C0 E0            [24] 1428 	push	acc
      0004A0 74 80            [12] 1429 	mov	a,#0x80
      0004A2 C0 E0            [24] 1430 	push	acc
      0004A4 12r00r00         [24] 1431 	lcall	_printf
      0004A7 E5 81            [12] 1432 	mov	a,sp
      0004A9 24 FB            [12] 1433 	add	a,#0xfb
      0004AB F5 81            [12] 1434 	mov	sp,a
                                   1435 ;	spi_and_bit_banging.c:422: while(number > 0)
      0004AD                       1436 00111$:
      0004AD 90r00r0A         [24] 1437 	mov	dptr,#_mannual_spi_number_65536_60
      0004B0 E0               [24] 1438 	movx	a,@dptr
      0004B1 FF               [12] 1439 	mov	r7,a
      0004B2 E0               [24] 1440 	movx	a,@dptr
      0004B3 70 01            [24] 1441 	jnz	00156$
      0004B5 22               [24] 1442 	ret
      0004B6                       1443 00156$:
                                   1444 ;	spi_and_bit_banging.c:424: printf("\r\n Number is %d",number);
      0004B6 7E 00            [12] 1445 	mov	r6,#0x00
      0004B8 C0 07            [24] 1446 	push	ar7
      0004BA C0 06            [24] 1447 	push	ar6
      0004BC 74rD8            [12] 1448 	mov	a,#___str_26
      0004BE C0 E0            [24] 1449 	push	acc
      0004C0 74s0B            [12] 1450 	mov	a,#(___str_26 >> 8)
      0004C2 C0 E0            [24] 1451 	push	acc
      0004C4 74 80            [12] 1452 	mov	a,#0x80
      0004C6 C0 E0            [24] 1453 	push	acc
      0004C8 12r00r00         [24] 1454 	lcall	_printf
      0004CB E5 81            [12] 1455 	mov	a,sp
      0004CD 24 FB            [12] 1456 	add	a,#0xfb
      0004CF F5 81            [12] 1457 	mov	sp,a
                                   1458 ;	spi_and_bit_banging.c:426: for(int i = 0; i<255; i++)
      0004D1 7E 00            [12] 1459 	mov	r6,#0x00
      0004D3 7F 00            [12] 1460 	mov	r7,#0x00
      0004D5                       1461 00115$:
      0004D5 C3               [12] 1462 	clr	c
      0004D6 EE               [12] 1463 	mov	a,r6
      0004D7 94 FF            [12] 1464 	subb	a,#0xff
      0004D9 EF               [12] 1465 	mov	a,r7
      0004DA 64 80            [12] 1466 	xrl	a,#0x80
      0004DC 94 80            [12] 1467 	subb	a,#0x80
      0004DE 40 03            [24] 1468 	jc	00157$
      0004E0 02r05r68         [24] 1469 	ljmp	00110$
      0004E3                       1470 00157$:
                                   1471 ;	spi_and_bit_banging.c:429: if(dac_value_index < SINE_MAX_INDEX)
      0004E3 90r00r0B         [24] 1472 	mov	dptr,#_mannual_spi_dac_value_index_65536_61
      0004E6 E0               [24] 1473 	movx	a,@dptr
      0004E7 FC               [12] 1474 	mov	r4,a
      0004E8 A3               [24] 1475 	inc	dptr
      0004E9 E0               [24] 1476 	movx	a,@dptr
      0004EA FD               [12] 1477 	mov	r5,a
      0004EB C3               [12] 1478 	clr	c
      0004EC 64 80            [12] 1479 	xrl	a,#0x80
      0004EE 94 81            [12] 1480 	subb	a,#0x81
      0004F0 50 21            [24] 1481 	jnc	00102$
                                   1482 ;	spi_and_bit_banging.c:433: dac_data = dac_values[dac_value_index];
      0004F2 EC               [12] 1483 	mov	a,r4
      0004F3 2C               [12] 1484 	add	a,r4
      0004F4 FC               [12] 1485 	mov	r4,a
      0004F5 ED               [12] 1486 	mov	a,r5
      0004F6 33               [12] 1487 	rlc	a
      0004F7 FD               [12] 1488 	mov	r5,a
      0004F8 EC               [12] 1489 	mov	a,r4
      0004F9 24r00            [12] 1490 	add	a,#_dac_values
      0004FB F5 82            [12] 1491 	mov	dpl,a
      0004FD ED               [12] 1492 	mov	a,r5
      0004FE 34s00            [12] 1493 	addc	a,#(_dac_values >> 8)
      000500 F5 83            [12] 1494 	mov	dph,a
      000502 E4               [12] 1495 	clr	a
      000503 93               [24] 1496 	movc	a,@a+dptr
      000504 FC               [12] 1497 	mov	r4,a
      000505 A3               [24] 1498 	inc	dptr
      000506 E4               [12] 1499 	clr	a
      000507 93               [24] 1500 	movc	a,@a+dptr
      000508 FD               [12] 1501 	mov	r5,a
      000509 90r00r0D         [24] 1502 	mov	dptr,#_mannual_spi_dac_data_65536_61
      00050C EC               [12] 1503 	mov	a,r4
      00050D F0               [24] 1504 	movx	@dptr,a
      00050E ED               [12] 1505 	mov	a,r5
      00050F A3               [24] 1506 	inc	dptr
      000510 F0               [24] 1507 	movx	@dptr,a
      000511 80 07            [24] 1508 	sjmp	00103$
      000513                       1509 00102$:
                                   1510 ;	spi_and_bit_banging.c:437: dac_value_index = 0;  // Reset index for next cycle
      000513 90r00r0B         [24] 1511 	mov	dptr,#_mannual_spi_dac_value_index_65536_61
      000516 E4               [12] 1512 	clr	a
      000517 F0               [24] 1513 	movx	@dptr,a
      000518 A3               [24] 1514 	inc	dptr
      000519 F0               [24] 1515 	movx	@dptr,a
      00051A                       1516 00103$:
                                   1517 ;	spi_and_bit_banging.c:444: ((dac_data >> 4) & 0x0F);
      00051A 90r00r0D         [24] 1518 	mov	dptr,#_mannual_spi_dac_data_65536_61
      00051D E0               [24] 1519 	movx	a,@dptr
      00051E FC               [12] 1520 	mov	r4,a
      00051F A3               [24] 1521 	inc	dptr
      000520 E0               [24] 1522 	movx	a,@dptr
      000521 8C 02            [24] 1523 	mov	ar2,r4
      000523 C4               [12] 1524 	swap	a
      000524 CA               [12] 1525 	xch	a,r2
      000525 C4               [12] 1526 	swap	a
      000526 54 0F            [12] 1527 	anl	a,#0x0f
      000528 6A               [12] 1528 	xrl	a,r2
      000529 CA               [12] 1529 	xch	a,r2
      00052A 54 0F            [12] 1530 	anl	a,#0x0f
      00052C CA               [12] 1531 	xch	a,r2
      00052D 6A               [12] 1532 	xrl	a,r2
      00052E CA               [12] 1533 	xch	a,r2
      00052F 30 E3 02         [24] 1534 	jnb	acc.3,00159$
      000532 44 F0            [12] 1535 	orl	a,#0xf0
      000534                       1536 00159$:
      000534 74 0F            [12] 1537 	mov	a,#0x0f
      000536 5A               [12] 1538 	anl	a,r2
      000537 44 10            [12] 1539 	orl	a,#0x10
      000539 FB               [12] 1540 	mov	r3,a
                                   1541 ;	spi_and_bit_banging.c:447: low_byte = (dac_data & 0x0F) << 4;
      00053A 53 04 0F         [24] 1542 	anl	ar4,#0x0f
      00053D EC               [12] 1543 	mov	a,r4
      00053E C4               [12] 1544 	swap	a
      00053F 54 F0            [12] 1545 	anl	a,#0xf0
      000541 FD               [12] 1546 	mov	r5,a
                                   1547 ;	spi_and_bit_banging.c:451: P1_1 = 0;  // Select DAC
                                   1548 ;	assignBit
      000542 C2 91            [12] 1549 	clr	_P1_1
                                   1550 ;	spi_and_bit_banging.c:454: SPDAT = high_byte;
      000544 8B C5            [24] 1551 	mov	_SPDAT,r3
                                   1552 ;	spi_and_bit_banging.c:455: while (!(SPSTA & (1<<7))); 
      000546                       1553 00104$:
      000546 E5 C4            [12] 1554 	mov	a,_SPSTA
      000548 30 E7 FB         [24] 1555 	jnb	acc.7,00104$
                                   1556 ;	spi_and_bit_banging.c:459: SPDAT = low_byte;
      00054B 8D C5            [24] 1557 	mov	_SPDAT,r5
                                   1558 ;	spi_and_bit_banging.c:460: while (!(SPSTA & (1<<7))); 
      00054D                       1559 00107$:
      00054D E5 C4            [12] 1560 	mov	a,_SPSTA
      00054F 30 E7 FB         [24] 1561 	jnb	acc.7,00107$
                                   1562 ;	spi_and_bit_banging.c:462: P1_1 = 1;  // Deselect DAC
                                   1563 ;	assignBit
      000552 D2 91            [12] 1564 	setb	_P1_1
                                   1565 ;	spi_and_bit_banging.c:464: dac_value_index++;
      000554 90r00r0B         [24] 1566 	mov	dptr,#_mannual_spi_dac_value_index_65536_61
      000557 E0               [24] 1567 	movx	a,@dptr
      000558 24 01            [12] 1568 	add	a,#0x01
      00055A F0               [24] 1569 	movx	@dptr,a
      00055B A3               [24] 1570 	inc	dptr
      00055C E0               [24] 1571 	movx	a,@dptr
      00055D 34 00            [12] 1572 	addc	a,#0x00
      00055F F0               [24] 1573 	movx	@dptr,a
                                   1574 ;	spi_and_bit_banging.c:426: for(int i = 0; i<255; i++)
      000560 0E               [12] 1575 	inc	r6
      000561 BE 00 01         [24] 1576 	cjne	r6,#0x00,00162$
      000564 0F               [12] 1577 	inc	r7
      000565                       1578 00162$:
      000565 02r04rD5         [24] 1579 	ljmp	00115$
      000568                       1580 00110$:
                                   1581 ;	spi_and_bit_banging.c:467: number = number - 1;
      000568 90r00r0A         [24] 1582 	mov	dptr,#_mannual_spi_number_65536_60
      00056B E0               [24] 1583 	movx	a,@dptr
      00056C FF               [12] 1584 	mov	r7,a
      00056D 14               [12] 1585 	dec	a
      00056E F0               [24] 1586 	movx	@dptr,a
                                   1587 ;	spi_and_bit_banging.c:469: }
      00056F 02r04rAD         [24] 1588 	ljmp	00111$
                                   1589 ;------------------------------------------------------------
                                   1590 ;Allocation info for local variables in function 'spi_init'
                                   1591 ;------------------------------------------------------------
                                   1592 ;	spi_and_bit_banging.c:480: void spi_init(void) 
                                   1593 ;	-----------------------------------------
                                   1594 ;	 function spi_init
                                   1595 ;	-----------------------------------------
      000572                       1596 _spi_init:
                                   1597 ;	spi_and_bit_banging.c:501: SPCON |= 0x10;
      000572 43 C3 10         [24] 1598 	orl	_SPCON,#0x10
                                   1599 ;	spi_and_bit_banging.c:502: SPCON |= 0x20;
      000575 43 C3 20         [24] 1600 	orl	_SPCON,#0x20
                                   1601 ;	spi_and_bit_banging.c:503: SPCON |= 0x40;
      000578 43 C3 40         [24] 1602 	orl	_SPCON,#0x40
                                   1603 ;	spi_and_bit_banging.c:510: }
      00057B 22               [24] 1604 	ret
                                   1605 ;------------------------------------------------------------
                                   1606 ;Allocation info for local variables in function 'bit_bang_spi_init'
                                   1607 ;------------------------------------------------------------
                                   1608 ;	spi_and_bit_banging.c:512: void bit_bang_spi_init(void) {
                                   1609 ;	-----------------------------------------
                                   1610 ;	 function bit_bang_spi_init
                                   1611 ;	-----------------------------------------
      00057C                       1612 _bit_bang_spi_init:
                                   1613 ;	spi_and_bit_banging.c:513: SPCON = SPI_INIT_VALUE;          /* Clear SPI control register */
      00057C 75 C3 00         [24] 1614 	mov	_SPCON,#0x00
                                   1615 ;	spi_and_bit_banging.c:514: SDA = DATA_HIGH;                 /* Set data line high */
                                   1616 ;	assignBit
      00057F D2 97            [12] 1617 	setb	_P1_7
                                   1618 ;	spi_and_bit_banging.c:515: SCL = CLOCK_LOW;                 /* Set clock line low */
                                   1619 ;	assignBit
      000581 C2 96            [12] 1620 	clr	_P1_6
                                   1621 ;	spi_and_bit_banging.c:516: SS = SLAVE_SELECT_INACTIVE;      /* Set slave select high (inactive) */
                                   1622 ;	assignBit
      000583 D2 91            [12] 1623 	setb	_P1_1
                                   1624 ;	spi_and_bit_banging.c:517: }
      000585 22               [24] 1625 	ret
                                   1626 ;------------------------------------------------------------
                                   1627 ;Allocation info for local variables in function 'bit_bang_spi_write'
                                   1628 ;------------------------------------------------------------
                                   1629 ;data                      Allocated with name '_bit_bang_spi_write_data_65536_71'
                                   1630 ;i                         Allocated with name '_bit_bang_spi_write_i_65536_72'
                                   1631 ;------------------------------------------------------------
                                   1632 ;	spi_and_bit_banging.c:519: int bit_bang_spi_write(uint16_t data) {
                                   1633 ;	-----------------------------------------
                                   1634 ;	 function bit_bang_spi_write
                                   1635 ;	-----------------------------------------
      000586                       1636 _bit_bang_spi_write:
      000586 AF 83            [24] 1637 	mov	r7,dph
      000588 E5 82            [12] 1638 	mov	a,dpl
      00058A 90r00r0F         [24] 1639 	mov	dptr,#_bit_bang_spi_write_data_65536_71
      00058D F0               [24] 1640 	movx	@dptr,a
      00058E EF               [12] 1641 	mov	a,r7
      00058F A3               [24] 1642 	inc	dptr
      000590 F0               [24] 1643 	movx	@dptr,a
                                   1644 ;	spi_and_bit_banging.c:522: SS = SLAVE_SELECT_ACTIVE;        /* Assert slave select (active low) */
                                   1645 ;	assignBit
      000591 C2 91            [12] 1646 	clr	_P1_1
                                   1647 ;	spi_and_bit_banging.c:525: for(i = 0; i < SPI_DATA_WIDTH; i++) {
      000593 7E 00            [12] 1648 	mov	r6,#0x00
      000595 7F 00            [12] 1649 	mov	r7,#0x00
      000597                       1650 00102$:
                                   1651 ;	spi_and_bit_banging.c:526: SDA = (data & MSB_FIRST_MASK) ? DATA_HIGH : DATA_LOW;    /* MSB first */
      000597 90r00r0F         [24] 1652 	mov	dptr,#_bit_bang_spi_write_data_65536_71
      00059A E0               [24] 1653 	movx	a,@dptr
      00059B FC               [12] 1654 	mov	r4,a
      00059C A3               [24] 1655 	inc	dptr
      00059D E0               [24] 1656 	movx	a,@dptr
      00059E FD               [12] 1657 	mov	r5,a
      00059F 23               [12] 1658 	rl	a
      0005A0 54 01            [12] 1659 	anl	a,#0x01
      0005A2 24 FF            [12] 1660 	add	a,#0xff
      0005A4 92 97            [24] 1661 	mov	_P1_7,c
                                   1662 ;	spi_and_bit_banging.c:527: SCL = CLOCK_HIGH;            /* Clock high */
                                   1663 ;	assignBit
      0005A6 D2 96            [12] 1664 	setb	_P1_6
                                   1665 ;	spi_and_bit_banging.c:528: SCL = CLOCK_LOW;             /* Clock low */
                                   1666 ;	assignBit
      0005A8 C2 96            [12] 1667 	clr	_P1_6
                                   1668 ;	spi_and_bit_banging.c:529: data <<= 1;                  /* Shift to next bit */
      0005AA EC               [12] 1669 	mov	a,r4
      0005AB 2C               [12] 1670 	add	a,r4
      0005AC FC               [12] 1671 	mov	r4,a
      0005AD ED               [12] 1672 	mov	a,r5
      0005AE 33               [12] 1673 	rlc	a
      0005AF FD               [12] 1674 	mov	r5,a
      0005B0 90r00r0F         [24] 1675 	mov	dptr,#_bit_bang_spi_write_data_65536_71
      0005B3 EC               [12] 1676 	mov	a,r4
      0005B4 F0               [24] 1677 	movx	@dptr,a
      0005B5 ED               [12] 1678 	mov	a,r5
      0005B6 A3               [24] 1679 	inc	dptr
      0005B7 F0               [24] 1680 	movx	@dptr,a
                                   1681 ;	spi_and_bit_banging.c:525: for(i = 0; i < SPI_DATA_WIDTH; i++) {
      0005B8 0E               [12] 1682 	inc	r6
      0005B9 BE 00 01         [24] 1683 	cjne	r6,#0x00,00115$
      0005BC 0F               [12] 1684 	inc	r7
      0005BD                       1685 00115$:
      0005BD C3               [12] 1686 	clr	c
      0005BE EE               [12] 1687 	mov	a,r6
      0005BF 94 10            [12] 1688 	subb	a,#0x10
      0005C1 EF               [12] 1689 	mov	a,r7
      0005C2 94 00            [12] 1690 	subb	a,#0x00
      0005C4 40 D1            [24] 1691 	jc	00102$
                                   1692 ;	spi_and_bit_banging.c:533: SS = SLAVE_SELECT_INACTIVE;      /* Deassert slave select */
                                   1693 ;	assignBit
      0005C6 D2 91            [12] 1694 	setb	_P1_1
                                   1695 ;	spi_and_bit_banging.c:534: SCL = CLOCK_LOW;                 /* Clock low */
                                   1696 ;	assignBit
      0005C8 C2 96            [12] 1697 	clr	_P1_6
                                   1698 ;	spi_and_bit_banging.c:535: SDA = DATA_HIGH;                 /* Data high */
                                   1699 ;	assignBit
      0005CA D2 97            [12] 1700 	setb	_P1_7
                                   1701 ;	spi_and_bit_banging.c:537: return 0;
      0005CC 90 00 00         [24] 1702 	mov	dptr,#0x0000
                                   1703 ;	spi_and_bit_banging.c:538: }
      0005CF 22               [24] 1704 	ret
                                   1705 ;------------------------------------------------------------
                                   1706 ;Allocation info for local variables in function 'spi_transmission_start'
                                   1707 ;------------------------------------------------------------
                                   1708 ;	spi_and_bit_banging.c:545: void spi_transmission_start(void)
                                   1709 ;	-----------------------------------------
                                   1710 ;	 function spi_transmission_start
                                   1711 ;	-----------------------------------------
      0005D0                       1712 _spi_transmission_start:
                                   1713 ;	spi_and_bit_banging.c:547: SPCON |= SPI_ENABLE;           // Enable SPI
      0005D0 43 C3 40         [24] 1714 	orl	_SPCON,#0x40
                                   1715 ;	spi_and_bit_banging.c:548: P1_1 = 0;
                                   1716 ;	assignBit
      0005D3 C2 91            [12] 1717 	clr	_P1_1
                                   1718 ;	spi_and_bit_banging.c:549: }
      0005D5 22               [24] 1719 	ret
                                   1720 ;------------------------------------------------------------
                                   1721 ;Allocation info for local variables in function 'spi_triangular_wave'
                                   1722 ;------------------------------------------------------------
                                   1723 ;number                    Allocated with name '_spi_triangular_wave_number_65536_77'
                                   1724 ;dac_value_index           Allocated with name '_spi_triangular_wave_dac_value_index_65536_78'
                                   1725 ;dac_data                  Allocated with name '_spi_triangular_wave_dac_data_65536_78'
                                   1726 ;high_byte                 Allocated with name '_spi_triangular_wave_high_byte_65536_78'
                                   1727 ;low_byte                  Allocated with name '_spi_triangular_wave_low_byte_65536_78'
                                   1728 ;i                         Allocated with name '_spi_triangular_wave_i_196608_80'
                                   1729 ;------------------------------------------------------------
                                   1730 ;	spi_and_bit_banging.c:551: void spi_triangular_wave(int number)
                                   1731 ;	-----------------------------------------
                                   1732 ;	 function spi_triangular_wave
                                   1733 ;	-----------------------------------------
      0005D6                       1734 _spi_triangular_wave:
      0005D6 AF 83            [24] 1735 	mov	r7,dph
      0005D8 E5 82            [12] 1736 	mov	a,dpl
      0005DA 90r00r11         [24] 1737 	mov	dptr,#_spi_triangular_wave_number_65536_77
      0005DD F0               [24] 1738 	movx	@dptr,a
      0005DE EF               [12] 1739 	mov	a,r7
      0005DF A3               [24] 1740 	inc	dptr
      0005E0 F0               [24] 1741 	movx	@dptr,a
                                   1742 ;	spi_and_bit_banging.c:553: int dac_value_index = 0;
      0005E1 90r00r13         [24] 1743 	mov	dptr,#_spi_triangular_wave_dac_value_index_65536_78
      0005E4 E4               [12] 1744 	clr	a
      0005E5 F0               [24] 1745 	movx	@dptr,a
      0005E6 A3               [24] 1746 	inc	dptr
      0005E7 F0               [24] 1747 	movx	@dptr,a
                                   1748 ;	spi_and_bit_banging.c:554: int dac_data = 0;
      0005E8 90r00r15         [24] 1749 	mov	dptr,#_spi_triangular_wave_dac_data_65536_78
      0005EB F0               [24] 1750 	movx	@dptr,a
      0005EC A3               [24] 1751 	inc	dptr
      0005ED F0               [24] 1752 	movx	@dptr,a
                                   1753 ;	spi_and_bit_banging.c:556: while(number>0)
      0005EE 90r00r11         [24] 1754 	mov	dptr,#_spi_triangular_wave_number_65536_77
      0005F1 E0               [24] 1755 	movx	a,@dptr
      0005F2 FE               [12] 1756 	mov	r6,a
      0005F3 A3               [24] 1757 	inc	dptr
      0005F4 E0               [24] 1758 	movx	a,@dptr
      0005F5 FF               [12] 1759 	mov	r7,a
      0005F6                       1760 00111$:
      0005F6 C3               [12] 1761 	clr	c
      0005F7 E4               [12] 1762 	clr	a
      0005F8 9E               [12] 1763 	subb	a,r6
      0005F9 74 80            [12] 1764 	mov	a,#(0x00 ^ 0x80)
      0005FB 8F F0            [24] 1765 	mov	b,r7
      0005FD 63 F0 80         [24] 1766 	xrl	b,#0x80
      000600 95 F0            [12] 1767 	subb	a,b
      000602 40 03            [24] 1768 	jc	00157$
      000604 02r06rAB         [24] 1769 	ljmp	00129$
      000607                       1770 00157$:
                                   1771 ;	spi_and_bit_banging.c:558: for(int i = 0; i<512; i++)
      000607 7C 00            [12] 1772 	mov	r4,#0x00
      000609 7D 00            [12] 1773 	mov	r5,#0x00
      00060B                       1774 00115$:
      00060B C3               [12] 1775 	clr	c
      00060C ED               [12] 1776 	mov	a,r5
      00060D 64 80            [12] 1777 	xrl	a,#0x80
      00060F 94 82            [12] 1778 	subb	a,#0x82
      000611 40 03            [24] 1779 	jc	00158$
      000613 02r06r9B         [24] 1780 	ljmp	00110$
      000616                       1781 00158$:
                                   1782 ;	spi_and_bit_banging.c:561: if(dac_value_index < 512)
      000616 90r00r13         [24] 1783 	mov	dptr,#_spi_triangular_wave_dac_value_index_65536_78
      000619 E0               [24] 1784 	movx	a,@dptr
      00061A FA               [12] 1785 	mov	r2,a
      00061B A3               [24] 1786 	inc	dptr
      00061C E0               [24] 1787 	movx	a,@dptr
      00061D FB               [12] 1788 	mov	r3,a
      00061E C3               [12] 1789 	clr	c
      00061F 64 80            [12] 1790 	xrl	a,#0x80
      000621 94 82            [12] 1791 	subb	a,#0x82
      000623 50 21            [24] 1792 	jnc	00102$
                                   1793 ;	spi_and_bit_banging.c:565: dac_data = trig_dac_values[dac_value_index];
      000625 EA               [12] 1794 	mov	a,r2
      000626 2A               [12] 1795 	add	a,r2
      000627 FA               [12] 1796 	mov	r2,a
      000628 EB               [12] 1797 	mov	a,r3
      000629 33               [12] 1798 	rlc	a
      00062A FB               [12] 1799 	mov	r3,a
      00062B EA               [12] 1800 	mov	a,r2
      00062C 24r00            [12] 1801 	add	a,#_trig_dac_values
      00062E F5 82            [12] 1802 	mov	dpl,a
      000630 EB               [12] 1803 	mov	a,r3
      000631 34s02            [12] 1804 	addc	a,#(_trig_dac_values >> 8)
      000633 F5 83            [12] 1805 	mov	dph,a
      000635 E4               [12] 1806 	clr	a
      000636 93               [24] 1807 	movc	a,@a+dptr
      000637 FA               [12] 1808 	mov	r2,a
      000638 A3               [24] 1809 	inc	dptr
      000639 E4               [12] 1810 	clr	a
      00063A 93               [24] 1811 	movc	a,@a+dptr
      00063B FB               [12] 1812 	mov	r3,a
      00063C 90r00r15         [24] 1813 	mov	dptr,#_spi_triangular_wave_dac_data_65536_78
      00063F EA               [12] 1814 	mov	a,r2
      000640 F0               [24] 1815 	movx	@dptr,a
      000641 EB               [12] 1816 	mov	a,r3
      000642 A3               [24] 1817 	inc	dptr
      000643 F0               [24] 1818 	movx	@dptr,a
      000644 80 07            [24] 1819 	sjmp	00103$
      000646                       1820 00102$:
                                   1821 ;	spi_and_bit_banging.c:569: dac_value_index = 0;  // Reset index for next cycle
      000646 90r00r13         [24] 1822 	mov	dptr,#_spi_triangular_wave_dac_value_index_65536_78
      000649 E4               [12] 1823 	clr	a
      00064A F0               [24] 1824 	movx	@dptr,a
      00064B A3               [24] 1825 	inc	dptr
      00064C F0               [24] 1826 	movx	@dptr,a
      00064D                       1827 00103$:
                                   1828 ;	spi_and_bit_banging.c:576: ((dac_data >> 4) & 0x0F);
      00064D 90r00r15         [24] 1829 	mov	dptr,#_spi_triangular_wave_dac_data_65536_78
      000650 E0               [24] 1830 	movx	a,@dptr
      000651 FA               [12] 1831 	mov	r2,a
      000652 A3               [24] 1832 	inc	dptr
      000653 E0               [24] 1833 	movx	a,@dptr
      000654 8A 00            [24] 1834 	mov	ar0,r2
      000656 C4               [12] 1835 	swap	a
      000657 C8               [12] 1836 	xch	a,r0
      000658 C4               [12] 1837 	swap	a
      000659 54 0F            [12] 1838 	anl	a,#0x0f
      00065B 68               [12] 1839 	xrl	a,r0
      00065C C8               [12] 1840 	xch	a,r0
      00065D 54 0F            [12] 1841 	anl	a,#0x0f
      00065F C8               [12] 1842 	xch	a,r0
      000660 68               [12] 1843 	xrl	a,r0
      000661 C8               [12] 1844 	xch	a,r0
      000662 30 E3 02         [24] 1845 	jnb	acc.3,00160$
      000665 44 F0            [12] 1846 	orl	a,#0xf0
      000667                       1847 00160$:
      000667 74 0F            [12] 1848 	mov	a,#0x0f
      000669 58               [12] 1849 	anl	a,r0
      00066A 44 10            [12] 1850 	orl	a,#0x10
      00066C F9               [12] 1851 	mov	r1,a
                                   1852 ;	spi_and_bit_banging.c:579: low_byte = (dac_data & 0x0F) << 4;
      00066D 53 02 0F         [24] 1853 	anl	ar2,#0x0f
      000670 EA               [12] 1854 	mov	a,r2
      000671 C4               [12] 1855 	swap	a
      000672 54 F0            [12] 1856 	anl	a,#0xf0
      000674 FB               [12] 1857 	mov	r3,a
                                   1858 ;	spi_and_bit_banging.c:583: P1_1 = 0;  // Select DAC
                                   1859 ;	assignBit
      000675 C2 91            [12] 1860 	clr	_P1_1
                                   1861 ;	spi_and_bit_banging.c:586: SPDAT = high_byte;
      000677 89 C5            [24] 1862 	mov	_SPDAT,r1
                                   1863 ;	spi_and_bit_banging.c:587: while (!(SPSTA & (1<<7))); 
      000679                       1864 00104$:
      000679 E5 C4            [12] 1865 	mov	a,_SPSTA
      00067B 30 E7 FB         [24] 1866 	jnb	acc.7,00104$
                                   1867 ;	spi_and_bit_banging.c:591: SPDAT = low_byte;
      00067E 8B C5            [24] 1868 	mov	_SPDAT,r3
                                   1869 ;	spi_and_bit_banging.c:592: while (!(SPSTA & (1<<7))); 
      000680                       1870 00107$:
      000680 E5 C4            [12] 1871 	mov	a,_SPSTA
      000682 30 E7 FB         [24] 1872 	jnb	acc.7,00107$
                                   1873 ;	spi_and_bit_banging.c:594: P1_1 = 1;  // Deselect DAC
                                   1874 ;	assignBit
      000685 D2 91            [12] 1875 	setb	_P1_1
                                   1876 ;	spi_and_bit_banging.c:596: dac_value_index++;
      000687 90r00r13         [24] 1877 	mov	dptr,#_spi_triangular_wave_dac_value_index_65536_78
      00068A E0               [24] 1878 	movx	a,@dptr
      00068B 24 01            [12] 1879 	add	a,#0x01
      00068D F0               [24] 1880 	movx	@dptr,a
      00068E A3               [24] 1881 	inc	dptr
      00068F E0               [24] 1882 	movx	a,@dptr
      000690 34 00            [12] 1883 	addc	a,#0x00
      000692 F0               [24] 1884 	movx	@dptr,a
                                   1885 ;	spi_and_bit_banging.c:558: for(int i = 0; i<512; i++)
      000693 0C               [12] 1886 	inc	r4
      000694 BC 00 01         [24] 1887 	cjne	r4,#0x00,00163$
      000697 0D               [12] 1888 	inc	r5
      000698                       1889 00163$:
      000698 02r06r0B         [24] 1890 	ljmp	00115$
      00069B                       1891 00110$:
                                   1892 ;	spi_and_bit_banging.c:599: number = number - 1;
      00069B 1E               [12] 1893 	dec	r6
      00069C BE FF 01         [24] 1894 	cjne	r6,#0xff,00164$
      00069F 1F               [12] 1895 	dec	r7
      0006A0                       1896 00164$:
      0006A0 90r00r11         [24] 1897 	mov	dptr,#_spi_triangular_wave_number_65536_77
      0006A3 EE               [12] 1898 	mov	a,r6
      0006A4 F0               [24] 1899 	movx	@dptr,a
      0006A5 EF               [12] 1900 	mov	a,r7
      0006A6 A3               [24] 1901 	inc	dptr
      0006A7 F0               [24] 1902 	movx	@dptr,a
      0006A8 02r05rF6         [24] 1903 	ljmp	00111$
      0006AB                       1904 00129$:
      0006AB 90r00r11         [24] 1905 	mov	dptr,#_spi_triangular_wave_number_65536_77
      0006AE EE               [12] 1906 	mov	a,r6
      0006AF F0               [24] 1907 	movx	@dptr,a
      0006B0 EF               [12] 1908 	mov	a,r7
      0006B1 A3               [24] 1909 	inc	dptr
      0006B2 F0               [24] 1910 	movx	@dptr,a
                                   1911 ;	spi_and_bit_banging.c:602: }
      0006B3 22               [24] 1912 	ret
                                   1913 ;------------------------------------------------------------
                                   1914 ;Allocation info for local variables in function 'spi_ramp_signal'
                                   1915 ;------------------------------------------------------------
                                   1916 ;number                    Allocated with name '_spi_ramp_signal_number_65536_84'
                                   1917 ;dac_value_index           Allocated with name '_spi_ramp_signal_dac_value_index_65536_85'
                                   1918 ;dac_data                  Allocated with name '_spi_ramp_signal_dac_data_65536_85'
                                   1919 ;high_byte                 Allocated with name '_spi_ramp_signal_high_byte_65536_85'
                                   1920 ;low_byte                  Allocated with name '_spi_ramp_signal_low_byte_65536_85'
                                   1921 ;i                         Allocated with name '_spi_ramp_signal_i_196608_87'
                                   1922 ;------------------------------------------------------------
                                   1923 ;	spi_and_bit_banging.c:604: void spi_ramp_signal(int number)
                                   1924 ;	-----------------------------------------
                                   1925 ;	 function spi_ramp_signal
                                   1926 ;	-----------------------------------------
      0006B4                       1927 _spi_ramp_signal:
      0006B4 AF 83            [24] 1928 	mov	r7,dph
      0006B6 E5 82            [12] 1929 	mov	a,dpl
      0006B8 90r00r17         [24] 1930 	mov	dptr,#_spi_ramp_signal_number_65536_84
      0006BB F0               [24] 1931 	movx	@dptr,a
      0006BC EF               [12] 1932 	mov	a,r7
      0006BD A3               [24] 1933 	inc	dptr
      0006BE F0               [24] 1934 	movx	@dptr,a
                                   1935 ;	spi_and_bit_banging.c:606: int dac_value_index = 0;
      0006BF 90r00r19         [24] 1936 	mov	dptr,#_spi_ramp_signal_dac_value_index_65536_85
      0006C2 E4               [12] 1937 	clr	a
      0006C3 F0               [24] 1938 	movx	@dptr,a
      0006C4 A3               [24] 1939 	inc	dptr
      0006C5 F0               [24] 1940 	movx	@dptr,a
                                   1941 ;	spi_and_bit_banging.c:607: int dac_data = 0;
      0006C6 90r00r1B         [24] 1942 	mov	dptr,#_spi_ramp_signal_dac_data_65536_85
      0006C9 F0               [24] 1943 	movx	@dptr,a
      0006CA A3               [24] 1944 	inc	dptr
      0006CB F0               [24] 1945 	movx	@dptr,a
                                   1946 ;	spi_and_bit_banging.c:609: while(number>0)
      0006CC 90r00r17         [24] 1947 	mov	dptr,#_spi_ramp_signal_number_65536_84
      0006CF E0               [24] 1948 	movx	a,@dptr
      0006D0 FE               [12] 1949 	mov	r6,a
      0006D1 A3               [24] 1950 	inc	dptr
      0006D2 E0               [24] 1951 	movx	a,@dptr
      0006D3 FF               [12] 1952 	mov	r7,a
      0006D4                       1953 00111$:
      0006D4 C3               [12] 1954 	clr	c
      0006D5 E4               [12] 1955 	clr	a
      0006D6 9E               [12] 1956 	subb	a,r6
      0006D7 74 80            [12] 1957 	mov	a,#(0x00 ^ 0x80)
      0006D9 8F F0            [24] 1958 	mov	b,r7
      0006DB 63 F0 80         [24] 1959 	xrl	b,#0x80
      0006DE 95 F0            [12] 1960 	subb	a,b
      0006E0 40 03            [24] 1961 	jc	00157$
      0006E2 02r07r89         [24] 1962 	ljmp	00129$
      0006E5                       1963 00157$:
                                   1964 ;	spi_and_bit_banging.c:611: for(int i = 0; i<256; i++)
      0006E5 7C 00            [12] 1965 	mov	r4,#0x00
      0006E7 7D 00            [12] 1966 	mov	r5,#0x00
      0006E9                       1967 00115$:
      0006E9 C3               [12] 1968 	clr	c
      0006EA ED               [12] 1969 	mov	a,r5
      0006EB 64 80            [12] 1970 	xrl	a,#0x80
      0006ED 94 81            [12] 1971 	subb	a,#0x81
      0006EF 40 03            [24] 1972 	jc	00158$
      0006F1 02r07r79         [24] 1973 	ljmp	00110$
      0006F4                       1974 00158$:
                                   1975 ;	spi_and_bit_banging.c:614: if(dac_value_index < 256)
      0006F4 90r00r19         [24] 1976 	mov	dptr,#_spi_ramp_signal_dac_value_index_65536_85
      0006F7 E0               [24] 1977 	movx	a,@dptr
      0006F8 FA               [12] 1978 	mov	r2,a
      0006F9 A3               [24] 1979 	inc	dptr
      0006FA E0               [24] 1980 	movx	a,@dptr
      0006FB FB               [12] 1981 	mov	r3,a
      0006FC C3               [12] 1982 	clr	c
      0006FD 64 80            [12] 1983 	xrl	a,#0x80
      0006FF 94 81            [12] 1984 	subb	a,#0x81
      000701 50 21            [24] 1985 	jnc	00102$
                                   1986 ;	spi_and_bit_banging.c:618: dac_data = trig_dac_values[dac_value_index];
      000703 EA               [12] 1987 	mov	a,r2
      000704 2A               [12] 1988 	add	a,r2
      000705 FA               [12] 1989 	mov	r2,a
      000706 EB               [12] 1990 	mov	a,r3
      000707 33               [12] 1991 	rlc	a
      000708 FB               [12] 1992 	mov	r3,a
      000709 EA               [12] 1993 	mov	a,r2
      00070A 24r00            [12] 1994 	add	a,#_trig_dac_values
      00070C F5 82            [12] 1995 	mov	dpl,a
      00070E EB               [12] 1996 	mov	a,r3
      00070F 34s02            [12] 1997 	addc	a,#(_trig_dac_values >> 8)
      000711 F5 83            [12] 1998 	mov	dph,a
      000713 E4               [12] 1999 	clr	a
      000714 93               [24] 2000 	movc	a,@a+dptr
      000715 FA               [12] 2001 	mov	r2,a
      000716 A3               [24] 2002 	inc	dptr
      000717 E4               [12] 2003 	clr	a
      000718 93               [24] 2004 	movc	a,@a+dptr
      000719 FB               [12] 2005 	mov	r3,a
      00071A 90r00r1B         [24] 2006 	mov	dptr,#_spi_ramp_signal_dac_data_65536_85
      00071D EA               [12] 2007 	mov	a,r2
      00071E F0               [24] 2008 	movx	@dptr,a
      00071F EB               [12] 2009 	mov	a,r3
      000720 A3               [24] 2010 	inc	dptr
      000721 F0               [24] 2011 	movx	@dptr,a
      000722 80 07            [24] 2012 	sjmp	00103$
      000724                       2013 00102$:
                                   2014 ;	spi_and_bit_banging.c:622: dac_value_index = 0;  // Reset index for next cycle
      000724 90r00r19         [24] 2015 	mov	dptr,#_spi_ramp_signal_dac_value_index_65536_85
      000727 E4               [12] 2016 	clr	a
      000728 F0               [24] 2017 	movx	@dptr,a
      000729 A3               [24] 2018 	inc	dptr
      00072A F0               [24] 2019 	movx	@dptr,a
      00072B                       2020 00103$:
                                   2021 ;	spi_and_bit_banging.c:629: ((dac_data >> 4) & 0x0F);
      00072B 90r00r1B         [24] 2022 	mov	dptr,#_spi_ramp_signal_dac_data_65536_85
      00072E E0               [24] 2023 	movx	a,@dptr
      00072F FA               [12] 2024 	mov	r2,a
      000730 A3               [24] 2025 	inc	dptr
      000731 E0               [24] 2026 	movx	a,@dptr
      000732 8A 00            [24] 2027 	mov	ar0,r2
      000734 C4               [12] 2028 	swap	a
      000735 C8               [12] 2029 	xch	a,r0
      000736 C4               [12] 2030 	swap	a
      000737 54 0F            [12] 2031 	anl	a,#0x0f
      000739 68               [12] 2032 	xrl	a,r0
      00073A C8               [12] 2033 	xch	a,r0
      00073B 54 0F            [12] 2034 	anl	a,#0x0f
      00073D C8               [12] 2035 	xch	a,r0
      00073E 68               [12] 2036 	xrl	a,r0
      00073F C8               [12] 2037 	xch	a,r0
      000740 30 E3 02         [24] 2038 	jnb	acc.3,00160$
      000743 44 F0            [12] 2039 	orl	a,#0xf0
      000745                       2040 00160$:
      000745 74 0F            [12] 2041 	mov	a,#0x0f
      000747 58               [12] 2042 	anl	a,r0
      000748 44 10            [12] 2043 	orl	a,#0x10
      00074A F9               [12] 2044 	mov	r1,a
                                   2045 ;	spi_and_bit_banging.c:632: low_byte = (dac_data & 0x0F) << 4;
      00074B 53 02 0F         [24] 2046 	anl	ar2,#0x0f
      00074E EA               [12] 2047 	mov	a,r2
      00074F C4               [12] 2048 	swap	a
      000750 54 F0            [12] 2049 	anl	a,#0xf0
      000752 FB               [12] 2050 	mov	r3,a
                                   2051 ;	spi_and_bit_banging.c:636: P1_1 = 0;  // Select DAC
                                   2052 ;	assignBit
      000753 C2 91            [12] 2053 	clr	_P1_1
                                   2054 ;	spi_and_bit_banging.c:639: SPDAT = high_byte;
      000755 89 C5            [24] 2055 	mov	_SPDAT,r1
                                   2056 ;	spi_and_bit_banging.c:640: while (!(SPSTA & (1<<7))); 
      000757                       2057 00104$:
      000757 E5 C4            [12] 2058 	mov	a,_SPSTA
      000759 30 E7 FB         [24] 2059 	jnb	acc.7,00104$
                                   2060 ;	spi_and_bit_banging.c:644: SPDAT = low_byte;
      00075C 8B C5            [24] 2061 	mov	_SPDAT,r3
                                   2062 ;	spi_and_bit_banging.c:645: while (!(SPSTA & (1<<7))); 
      00075E                       2063 00107$:
      00075E E5 C4            [12] 2064 	mov	a,_SPSTA
      000760 30 E7 FB         [24] 2065 	jnb	acc.7,00107$
                                   2066 ;	spi_and_bit_banging.c:647: P1_1 = 1;  // Deselect DAC
                                   2067 ;	assignBit
      000763 D2 91            [12] 2068 	setb	_P1_1
                                   2069 ;	spi_and_bit_banging.c:649: dac_value_index++;
      000765 90r00r19         [24] 2070 	mov	dptr,#_spi_ramp_signal_dac_value_index_65536_85
      000768 E0               [24] 2071 	movx	a,@dptr
      000769 24 01            [12] 2072 	add	a,#0x01
      00076B F0               [24] 2073 	movx	@dptr,a
      00076C A3               [24] 2074 	inc	dptr
      00076D E0               [24] 2075 	movx	a,@dptr
      00076E 34 00            [12] 2076 	addc	a,#0x00
      000770 F0               [24] 2077 	movx	@dptr,a
                                   2078 ;	spi_and_bit_banging.c:611: for(int i = 0; i<256; i++)
      000771 0C               [12] 2079 	inc	r4
      000772 BC 00 01         [24] 2080 	cjne	r4,#0x00,00163$
      000775 0D               [12] 2081 	inc	r5
      000776                       2082 00163$:
      000776 02r06rE9         [24] 2083 	ljmp	00115$
      000779                       2084 00110$:
                                   2085 ;	spi_and_bit_banging.c:652: number = number - 1;
      000779 1E               [12] 2086 	dec	r6
      00077A BE FF 01         [24] 2087 	cjne	r6,#0xff,00164$
      00077D 1F               [12] 2088 	dec	r7
      00077E                       2089 00164$:
      00077E 90r00r17         [24] 2090 	mov	dptr,#_spi_ramp_signal_number_65536_84
      000781 EE               [12] 2091 	mov	a,r6
      000782 F0               [24] 2092 	movx	@dptr,a
      000783 EF               [12] 2093 	mov	a,r7
      000784 A3               [24] 2094 	inc	dptr
      000785 F0               [24] 2095 	movx	@dptr,a
      000786 02r06rD4         [24] 2096 	ljmp	00111$
      000789                       2097 00129$:
      000789 90r00r17         [24] 2098 	mov	dptr,#_spi_ramp_signal_number_65536_84
      00078C EE               [12] 2099 	mov	a,r6
      00078D F0               [24] 2100 	movx	@dptr,a
      00078E EF               [12] 2101 	mov	a,r7
      00078F A3               [24] 2102 	inc	dptr
      000790 F0               [24] 2103 	movx	@dptr,a
                                   2104 ;	spi_and_bit_banging.c:655: }
      000791 22               [24] 2105 	ret
                                   2106 	.area CSEG    (CODE)
                                   2107 	.area CONST   (CODE)
      000000                       2108 _dac_values:
      000000 80 00                 2109 	.byte #0x80, #0x00	;  128
      000002 83 00                 2110 	.byte #0x83, #0x00	;  131
      000004 86 00                 2111 	.byte #0x86, #0x00	;  134
      000006 89 00                 2112 	.byte #0x89, #0x00	;  137
      000008 8C 00                 2113 	.byte #0x8c, #0x00	;  140
      00000A 90 00                 2114 	.byte #0x90, #0x00	;  144
      00000C 93 00                 2115 	.byte #0x93, #0x00	;  147
      00000E 96 00                 2116 	.byte #0x96, #0x00	;  150
      000010 99 00                 2117 	.byte #0x99, #0x00	;  153
      000012 9C 00                 2118 	.byte #0x9c, #0x00	;  156
      000014 9F 00                 2119 	.byte #0x9f, #0x00	;  159
      000016 A2 00                 2120 	.byte #0xa2, #0x00	;  162
      000018 A5 00                 2121 	.byte #0xa5, #0x00	;  165
      00001A A8 00                 2122 	.byte #0xa8, #0x00	;  168
      00001C AB 00                 2123 	.byte #0xab, #0x00	;  171
      00001E AE 00                 2124 	.byte #0xae, #0x00	;  174
      000020 B1 00                 2125 	.byte #0xb1, #0x00	;  177
      000022 B3 00                 2126 	.byte #0xb3, #0x00	;  179
      000024 B6 00                 2127 	.byte #0xb6, #0x00	;  182
      000026 B9 00                 2128 	.byte #0xb9, #0x00	;  185
      000028 BC 00                 2129 	.byte #0xbc, #0x00	;  188
      00002A BF 00                 2130 	.byte #0xbf, #0x00	;  191
      00002C C1 00                 2131 	.byte #0xc1, #0x00	;  193
      00002E C4 00                 2132 	.byte #0xc4, #0x00	;  196
      000030 C7 00                 2133 	.byte #0xc7, #0x00	;  199
      000032 C9 00                 2134 	.byte #0xc9, #0x00	;  201
      000034 CC 00                 2135 	.byte #0xcc, #0x00	;  204
      000036 CE 00                 2136 	.byte #0xce, #0x00	;  206
      000038 D1 00                 2137 	.byte #0xd1, #0x00	;  209
      00003A D3 00                 2138 	.byte #0xd3, #0x00	;  211
      00003C D5 00                 2139 	.byte #0xd5, #0x00	;  213
      00003E D8 00                 2140 	.byte #0xd8, #0x00	;  216
      000040 DA 00                 2141 	.byte #0xda, #0x00	;  218
      000042 DC 00                 2142 	.byte #0xdc, #0x00	;  220
      000044 DE 00                 2143 	.byte #0xde, #0x00	;  222
      000046 E0 00                 2144 	.byte #0xe0, #0x00	;  224
      000048 E2 00                 2145 	.byte #0xe2, #0x00	;  226
      00004A E4 00                 2146 	.byte #0xe4, #0x00	;  228
      00004C E6 00                 2147 	.byte #0xe6, #0x00	;  230
      00004E E8 00                 2148 	.byte #0xe8, #0x00	;  232
      000050 EA 00                 2149 	.byte #0xea, #0x00	;  234
      000052 EB 00                 2150 	.byte #0xeb, #0x00	;  235
      000054 ED 00                 2151 	.byte #0xed, #0x00	;  237
      000056 EF 00                 2152 	.byte #0xef, #0x00	;  239
      000058 F0 00                 2153 	.byte #0xf0, #0x00	;  240
      00005A F1 00                 2154 	.byte #0xf1, #0x00	;  241
      00005C F3 00                 2155 	.byte #0xf3, #0x00	;  243
      00005E F4 00                 2156 	.byte #0xf4, #0x00	;  244
      000060 F5 00                 2157 	.byte #0xf5, #0x00	;  245
      000062 F6 00                 2158 	.byte #0xf6, #0x00	;  246
      000064 F8 00                 2159 	.byte #0xf8, #0x00	;  248
      000066 F9 00                 2160 	.byte #0xf9, #0x00	;  249
      000068 FA 00                 2161 	.byte #0xfa, #0x00	;  250
      00006A FA 00                 2162 	.byte #0xfa, #0x00	;  250
      00006C FB 00                 2163 	.byte #0xfb, #0x00	;  251
      00006E FC 00                 2164 	.byte #0xfc, #0x00	;  252
      000070 FD 00                 2165 	.byte #0xfd, #0x00	;  253
      000072 FD 00                 2166 	.byte #0xfd, #0x00	;  253
      000074 FE 00                 2167 	.byte #0xfe, #0x00	;  254
      000076 FE 00                 2168 	.byte #0xfe, #0x00	;  254
      000078 FE 00                 2169 	.byte #0xfe, #0x00	;  254
      00007A FF 00                 2170 	.byte #0xff, #0x00	;  255
      00007C FF 00                 2171 	.byte #0xff, #0x00	;  255
      00007E FF 00                 2172 	.byte #0xff, #0x00	;  255
      000080 FF 00                 2173 	.byte #0xff, #0x00	;  255
      000082 FF 00                 2174 	.byte #0xff, #0x00	;  255
      000084 FF 00                 2175 	.byte #0xff, #0x00	;  255
      000086 FF 00                 2176 	.byte #0xff, #0x00	;  255
      000088 FE 00                 2177 	.byte #0xfe, #0x00	;  254
      00008A FE 00                 2178 	.byte #0xfe, #0x00	;  254
      00008C FE 00                 2179 	.byte #0xfe, #0x00	;  254
      00008E FD 00                 2180 	.byte #0xfd, #0x00	;  253
      000090 FD 00                 2181 	.byte #0xfd, #0x00	;  253
      000092 FC 00                 2182 	.byte #0xfc, #0x00	;  252
      000094 FB 00                 2183 	.byte #0xfb, #0x00	;  251
      000096 FA 00                 2184 	.byte #0xfa, #0x00	;  250
      000098 FA 00                 2185 	.byte #0xfa, #0x00	;  250
      00009A F9 00                 2186 	.byte #0xf9, #0x00	;  249
      00009C F8 00                 2187 	.byte #0xf8, #0x00	;  248
      00009E F6 00                 2188 	.byte #0xf6, #0x00	;  246
      0000A0 F5 00                 2189 	.byte #0xf5, #0x00	;  245
      0000A2 F4 00                 2190 	.byte #0xf4, #0x00	;  244
      0000A4 F3 00                 2191 	.byte #0xf3, #0x00	;  243
      0000A6 F1 00                 2192 	.byte #0xf1, #0x00	;  241
      0000A8 F0 00                 2193 	.byte #0xf0, #0x00	;  240
      0000AA EF 00                 2194 	.byte #0xef, #0x00	;  239
      0000AC ED 00                 2195 	.byte #0xed, #0x00	;  237
      0000AE EB 00                 2196 	.byte #0xeb, #0x00	;  235
      0000B0 EA 00                 2197 	.byte #0xea, #0x00	;  234
      0000B2 E8 00                 2198 	.byte #0xe8, #0x00	;  232
      0000B4 E6 00                 2199 	.byte #0xe6, #0x00	;  230
      0000B6 E4 00                 2200 	.byte #0xe4, #0x00	;  228
      0000B8 E2 00                 2201 	.byte #0xe2, #0x00	;  226
      0000BA E0 00                 2202 	.byte #0xe0, #0x00	;  224
      0000BC DE 00                 2203 	.byte #0xde, #0x00	;  222
      0000BE DC 00                 2204 	.byte #0xdc, #0x00	;  220
      0000C0 DA 00                 2205 	.byte #0xda, #0x00	;  218
      0000C2 D8 00                 2206 	.byte #0xd8, #0x00	;  216
      0000C4 D5 00                 2207 	.byte #0xd5, #0x00	;  213
      0000C6 D3 00                 2208 	.byte #0xd3, #0x00	;  211
      0000C8 D1 00                 2209 	.byte #0xd1, #0x00	;  209
      0000CA CE 00                 2210 	.byte #0xce, #0x00	;  206
      0000CC CC 00                 2211 	.byte #0xcc, #0x00	;  204
      0000CE C9 00                 2212 	.byte #0xc9, #0x00	;  201
      0000D0 C7 00                 2213 	.byte #0xc7, #0x00	;  199
      0000D2 C4 00                 2214 	.byte #0xc4, #0x00	;  196
      0000D4 C1 00                 2215 	.byte #0xc1, #0x00	;  193
      0000D6 BF 00                 2216 	.byte #0xbf, #0x00	;  191
      0000D8 BC 00                 2217 	.byte #0xbc, #0x00	;  188
      0000DA B9 00                 2218 	.byte #0xb9, #0x00	;  185
      0000DC B6 00                 2219 	.byte #0xb6, #0x00	;  182
      0000DE B3 00                 2220 	.byte #0xb3, #0x00	;  179
      0000E0 B1 00                 2221 	.byte #0xb1, #0x00	;  177
      0000E2 AE 00                 2222 	.byte #0xae, #0x00	;  174
      0000E4 AB 00                 2223 	.byte #0xab, #0x00	;  171
      0000E6 A8 00                 2224 	.byte #0xa8, #0x00	;  168
      0000E8 A5 00                 2225 	.byte #0xa5, #0x00	;  165
      0000EA A2 00                 2226 	.byte #0xa2, #0x00	;  162
      0000EC 9F 00                 2227 	.byte #0x9f, #0x00	;  159
      0000EE 9C 00                 2228 	.byte #0x9c, #0x00	;  156
      0000F0 99 00                 2229 	.byte #0x99, #0x00	;  153
      0000F2 96 00                 2230 	.byte #0x96, #0x00	;  150
      0000F4 93 00                 2231 	.byte #0x93, #0x00	;  147
      0000F6 90 00                 2232 	.byte #0x90, #0x00	;  144
      0000F8 8C 00                 2233 	.byte #0x8c, #0x00	;  140
      0000FA 89 00                 2234 	.byte #0x89, #0x00	;  137
      0000FC 86 00                 2235 	.byte #0x86, #0x00	;  134
      0000FE 83 00                 2236 	.byte #0x83, #0x00	;  131
      000100 80 00                 2237 	.byte #0x80, #0x00	;  128
      000102 7D 00                 2238 	.byte #0x7d, #0x00	;  125
      000104 7A 00                 2239 	.byte #0x7a, #0x00	;  122
      000106 77 00                 2240 	.byte #0x77, #0x00	;  119
      000108 74 00                 2241 	.byte #0x74, #0x00	;  116
      00010A 70 00                 2242 	.byte #0x70, #0x00	;  112
      00010C 6D 00                 2243 	.byte #0x6d, #0x00	;  109
      00010E 6A 00                 2244 	.byte #0x6a, #0x00	;  106
      000110 67 00                 2245 	.byte #0x67, #0x00	;  103
      000112 64 00                 2246 	.byte #0x64, #0x00	;  100
      000114 61 00                 2247 	.byte #0x61, #0x00	;  97
      000116 5E 00                 2248 	.byte #0x5e, #0x00	;  94
      000118 5B 00                 2249 	.byte #0x5b, #0x00	;  91
      00011A 58 00                 2250 	.byte #0x58, #0x00	;  88
      00011C 55 00                 2251 	.byte #0x55, #0x00	;  85
      00011E 52 00                 2252 	.byte #0x52, #0x00	;  82
      000120 4F 00                 2253 	.byte #0x4f, #0x00	;  79
      000122 4D 00                 2254 	.byte #0x4d, #0x00	;  77
      000124 4A 00                 2255 	.byte #0x4a, #0x00	;  74
      000126 47 00                 2256 	.byte #0x47, #0x00	;  71
      000128 44 00                 2257 	.byte #0x44, #0x00	;  68
      00012A 41 00                 2258 	.byte #0x41, #0x00	;  65
      00012C 3F 00                 2259 	.byte #0x3f, #0x00	;  63
      00012E 3C 00                 2260 	.byte #0x3c, #0x00	;  60
      000130 39 00                 2261 	.byte #0x39, #0x00	;  57
      000132 37 00                 2262 	.byte #0x37, #0x00	;  55
      000134 34 00                 2263 	.byte #0x34, #0x00	;  52
      000136 32 00                 2264 	.byte #0x32, #0x00	;  50
      000138 2F 00                 2265 	.byte #0x2f, #0x00	;  47
      00013A 2D 00                 2266 	.byte #0x2d, #0x00	;  45
      00013C 2B 00                 2267 	.byte #0x2b, #0x00	;  43
      00013E 28 00                 2268 	.byte #0x28, #0x00	;  40
      000140 26 00                 2269 	.byte #0x26, #0x00	;  38
      000142 24 00                 2270 	.byte #0x24, #0x00	;  36
      000144 22 00                 2271 	.byte #0x22, #0x00	;  34
      000146 20 00                 2272 	.byte #0x20, #0x00	;  32
      000148 1E 00                 2273 	.byte #0x1e, #0x00	;  30
      00014A 1C 00                 2274 	.byte #0x1c, #0x00	;  28
      00014C 1A 00                 2275 	.byte #0x1a, #0x00	;  26
      00014E 18 00                 2276 	.byte #0x18, #0x00	;  24
      000150 16 00                 2277 	.byte #0x16, #0x00	;  22
      000152 15 00                 2278 	.byte #0x15, #0x00	;  21
      000154 13 00                 2279 	.byte #0x13, #0x00	;  19
      000156 11 00                 2280 	.byte #0x11, #0x00	;  17
      000158 10 00                 2281 	.byte #0x10, #0x00	;  16
      00015A 0F 00                 2282 	.byte #0x0f, #0x00	;  15
      00015C 0D 00                 2283 	.byte #0x0d, #0x00	;  13
      00015E 0C 00                 2284 	.byte #0x0c, #0x00	;  12
      000160 0B 00                 2285 	.byte #0x0b, #0x00	;  11
      000162 0A 00                 2286 	.byte #0x0a, #0x00	;  10
      000164 08 00                 2287 	.byte #0x08, #0x00	;  8
      000166 07 00                 2288 	.byte #0x07, #0x00	;  7
      000168 06 00                 2289 	.byte #0x06, #0x00	;  6
      00016A 06 00                 2290 	.byte #0x06, #0x00	;  6
      00016C 05 00                 2291 	.byte #0x05, #0x00	;  5
      00016E 04 00                 2292 	.byte #0x04, #0x00	;  4
      000170 03 00                 2293 	.byte #0x03, #0x00	;  3
      000172 03 00                 2294 	.byte #0x03, #0x00	;  3
      000174 02 00                 2295 	.byte #0x02, #0x00	;  2
      000176 02 00                 2296 	.byte #0x02, #0x00	;  2
      000178 02 00                 2297 	.byte #0x02, #0x00	;  2
      00017A 01 00                 2298 	.byte #0x01, #0x00	;  1
      00017C 01 00                 2299 	.byte #0x01, #0x00	;  1
      00017E 01 00                 2300 	.byte #0x01, #0x00	;  1
      000180 01 00                 2301 	.byte #0x01, #0x00	;  1
      000182 01 00                 2302 	.byte #0x01, #0x00	;  1
      000184 01 00                 2303 	.byte #0x01, #0x00	;  1
      000186 01 00                 2304 	.byte #0x01, #0x00	;  1
      000188 02 00                 2305 	.byte #0x02, #0x00	;  2
      00018A 02 00                 2306 	.byte #0x02, #0x00	;  2
      00018C 02 00                 2307 	.byte #0x02, #0x00	;  2
      00018E 03 00                 2308 	.byte #0x03, #0x00	;  3
      000190 03 00                 2309 	.byte #0x03, #0x00	;  3
      000192 04 00                 2310 	.byte #0x04, #0x00	;  4
      000194 05 00                 2311 	.byte #0x05, #0x00	;  5
      000196 06 00                 2312 	.byte #0x06, #0x00	;  6
      000198 06 00                 2313 	.byte #0x06, #0x00	;  6
      00019A 07 00                 2314 	.byte #0x07, #0x00	;  7
      00019C 08 00                 2315 	.byte #0x08, #0x00	;  8
      00019E 0A 00                 2316 	.byte #0x0a, #0x00	;  10
      0001A0 0B 00                 2317 	.byte #0x0b, #0x00	;  11
      0001A2 0C 00                 2318 	.byte #0x0c, #0x00	;  12
      0001A4 0D 00                 2319 	.byte #0x0d, #0x00	;  13
      0001A6 0F 00                 2320 	.byte #0x0f, #0x00	;  15
      0001A8 10 00                 2321 	.byte #0x10, #0x00	;  16
      0001AA 11 00                 2322 	.byte #0x11, #0x00	;  17
      0001AC 13 00                 2323 	.byte #0x13, #0x00	;  19
      0001AE 15 00                 2324 	.byte #0x15, #0x00	;  21
      0001B0 16 00                 2325 	.byte #0x16, #0x00	;  22
      0001B2 18 00                 2326 	.byte #0x18, #0x00	;  24
      0001B4 1A 00                 2327 	.byte #0x1a, #0x00	;  26
      0001B6 1C 00                 2328 	.byte #0x1c, #0x00	;  28
      0001B8 1E 00                 2329 	.byte #0x1e, #0x00	;  30
      0001BA 20 00                 2330 	.byte #0x20, #0x00	;  32
      0001BC 22 00                 2331 	.byte #0x22, #0x00	;  34
      0001BE 24 00                 2332 	.byte #0x24, #0x00	;  36
      0001C0 26 00                 2333 	.byte #0x26, #0x00	;  38
      0001C2 28 00                 2334 	.byte #0x28, #0x00	;  40
      0001C4 2B 00                 2335 	.byte #0x2b, #0x00	;  43
      0001C6 2D 00                 2336 	.byte #0x2d, #0x00	;  45
      0001C8 2F 00                 2337 	.byte #0x2f, #0x00	;  47
      0001CA 32 00                 2338 	.byte #0x32, #0x00	;  50
      0001CC 34 00                 2339 	.byte #0x34, #0x00	;  52
      0001CE 37 00                 2340 	.byte #0x37, #0x00	;  55
      0001D0 39 00                 2341 	.byte #0x39, #0x00	;  57
      0001D2 3C 00                 2342 	.byte #0x3c, #0x00	;  60
      0001D4 3F 00                 2343 	.byte #0x3f, #0x00	;  63
      0001D6 41 00                 2344 	.byte #0x41, #0x00	;  65
      0001D8 44 00                 2345 	.byte #0x44, #0x00	;  68
      0001DA 47 00                 2346 	.byte #0x47, #0x00	;  71
      0001DC 4A 00                 2347 	.byte #0x4a, #0x00	;  74
      0001DE 4D 00                 2348 	.byte #0x4d, #0x00	;  77
      0001E0 4F 00                 2349 	.byte #0x4f, #0x00	;  79
      0001E2 52 00                 2350 	.byte #0x52, #0x00	;  82
      0001E4 55 00                 2351 	.byte #0x55, #0x00	;  85
      0001E6 58 00                 2352 	.byte #0x58, #0x00	;  88
      0001E8 5B 00                 2353 	.byte #0x5b, #0x00	;  91
      0001EA 5E 00                 2354 	.byte #0x5e, #0x00	;  94
      0001EC 61 00                 2355 	.byte #0x61, #0x00	;  97
      0001EE 64 00                 2356 	.byte #0x64, #0x00	;  100
      0001F0 67 00                 2357 	.byte #0x67, #0x00	;  103
      0001F2 6A 00                 2358 	.byte #0x6a, #0x00	;  106
      0001F4 6D 00                 2359 	.byte #0x6d, #0x00	;  109
      0001F6 70 00                 2360 	.byte #0x70, #0x00	;  112
      0001F8 74 00                 2361 	.byte #0x74, #0x00	;  116
      0001FA 77 00                 2362 	.byte #0x77, #0x00	;  119
      0001FC 7A 00                 2363 	.byte #0x7a, #0x00	;  122
      0001FE 7D 00                 2364 	.byte #0x7d, #0x00	;  125
      000200                       2365 _trig_dac_values:
      000200 00 00                 2366 	.byte #0x00, #0x00	;  0
      000202 01 00                 2367 	.byte #0x01, #0x00	;  1
      000204 02 00                 2368 	.byte #0x02, #0x00	;  2
      000206 03 00                 2369 	.byte #0x03, #0x00	;  3
      000208 04 00                 2370 	.byte #0x04, #0x00	;  4
      00020A 05 00                 2371 	.byte #0x05, #0x00	;  5
      00020C 06 00                 2372 	.byte #0x06, #0x00	;  6
      00020E 07 00                 2373 	.byte #0x07, #0x00	;  7
      000210 08 00                 2374 	.byte #0x08, #0x00	;  8
      000212 09 00                 2375 	.byte #0x09, #0x00	;  9
      000214 0A 00                 2376 	.byte #0x0a, #0x00	;  10
      000216 0B 00                 2377 	.byte #0x0b, #0x00	;  11
      000218 0C 00                 2378 	.byte #0x0c, #0x00	;  12
      00021A 0D 00                 2379 	.byte #0x0d, #0x00	;  13
      00021C 0E 00                 2380 	.byte #0x0e, #0x00	;  14
      00021E 0F 00                 2381 	.byte #0x0f, #0x00	;  15
      000220 10 00                 2382 	.byte #0x10, #0x00	;  16
      000222 11 00                 2383 	.byte #0x11, #0x00	;  17
      000224 12 00                 2384 	.byte #0x12, #0x00	;  18
      000226 13 00                 2385 	.byte #0x13, #0x00	;  19
      000228 14 00                 2386 	.byte #0x14, #0x00	;  20
      00022A 15 00                 2387 	.byte #0x15, #0x00	;  21
      00022C 16 00                 2388 	.byte #0x16, #0x00	;  22
      00022E 17 00                 2389 	.byte #0x17, #0x00	;  23
      000230 18 00                 2390 	.byte #0x18, #0x00	;  24
      000232 19 00                 2391 	.byte #0x19, #0x00	;  25
      000234 1A 00                 2392 	.byte #0x1a, #0x00	;  26
      000236 1B 00                 2393 	.byte #0x1b, #0x00	;  27
      000238 1C 00                 2394 	.byte #0x1c, #0x00	;  28
      00023A 1D 00                 2395 	.byte #0x1d, #0x00	;  29
      00023C 1E 00                 2396 	.byte #0x1e, #0x00	;  30
      00023E 1F 00                 2397 	.byte #0x1f, #0x00	;  31
      000240 20 00                 2398 	.byte #0x20, #0x00	;  32
      000242 21 00                 2399 	.byte #0x21, #0x00	;  33
      000244 22 00                 2400 	.byte #0x22, #0x00	;  34
      000246 23 00                 2401 	.byte #0x23, #0x00	;  35
      000248 24 00                 2402 	.byte #0x24, #0x00	;  36
      00024A 25 00                 2403 	.byte #0x25, #0x00	;  37
      00024C 26 00                 2404 	.byte #0x26, #0x00	;  38
      00024E 27 00                 2405 	.byte #0x27, #0x00	;  39
      000250 28 00                 2406 	.byte #0x28, #0x00	;  40
      000252 29 00                 2407 	.byte #0x29, #0x00	;  41
      000254 2A 00                 2408 	.byte #0x2a, #0x00	;  42
      000256 2B 00                 2409 	.byte #0x2b, #0x00	;  43
      000258 2C 00                 2410 	.byte #0x2c, #0x00	;  44
      00025A 2D 00                 2411 	.byte #0x2d, #0x00	;  45
      00025C 2E 00                 2412 	.byte #0x2e, #0x00	;  46
      00025E 2F 00                 2413 	.byte #0x2f, #0x00	;  47
      000260 30 00                 2414 	.byte #0x30, #0x00	;  48
      000262 31 00                 2415 	.byte #0x31, #0x00	;  49
      000264 32 00                 2416 	.byte #0x32, #0x00	;  50
      000266 33 00                 2417 	.byte #0x33, #0x00	;  51
      000268 34 00                 2418 	.byte #0x34, #0x00	;  52
      00026A 35 00                 2419 	.byte #0x35, #0x00	;  53
      00026C 36 00                 2420 	.byte #0x36, #0x00	;  54
      00026E 37 00                 2421 	.byte #0x37, #0x00	;  55
      000270 38 00                 2422 	.byte #0x38, #0x00	;  56
      000272 39 00                 2423 	.byte #0x39, #0x00	;  57
      000274 3A 00                 2424 	.byte #0x3a, #0x00	;  58
      000276 3B 00                 2425 	.byte #0x3b, #0x00	;  59
      000278 3C 00                 2426 	.byte #0x3c, #0x00	;  60
      00027A 3D 00                 2427 	.byte #0x3d, #0x00	;  61
      00027C 3E 00                 2428 	.byte #0x3e, #0x00	;  62
      00027E 3F 00                 2429 	.byte #0x3f, #0x00	;  63
      000280 40 00                 2430 	.byte #0x40, #0x00	;  64
      000282 41 00                 2431 	.byte #0x41, #0x00	;  65
      000284 42 00                 2432 	.byte #0x42, #0x00	;  66
      000286 43 00                 2433 	.byte #0x43, #0x00	;  67
      000288 44 00                 2434 	.byte #0x44, #0x00	;  68
      00028A 45 00                 2435 	.byte #0x45, #0x00	;  69
      00028C 46 00                 2436 	.byte #0x46, #0x00	;  70
      00028E 47 00                 2437 	.byte #0x47, #0x00	;  71
      000290 48 00                 2438 	.byte #0x48, #0x00	;  72
      000292 49 00                 2439 	.byte #0x49, #0x00	;  73
      000294 4A 00                 2440 	.byte #0x4a, #0x00	;  74
      000296 4B 00                 2441 	.byte #0x4b, #0x00	;  75
      000298 4C 00                 2442 	.byte #0x4c, #0x00	;  76
      00029A 4D 00                 2443 	.byte #0x4d, #0x00	;  77
      00029C 4E 00                 2444 	.byte #0x4e, #0x00	;  78
      00029E 4F 00                 2445 	.byte #0x4f, #0x00	;  79
      0002A0 50 00                 2446 	.byte #0x50, #0x00	;  80
      0002A2 51 00                 2447 	.byte #0x51, #0x00	;  81
      0002A4 52 00                 2448 	.byte #0x52, #0x00	;  82
      0002A6 53 00                 2449 	.byte #0x53, #0x00	;  83
      0002A8 54 00                 2450 	.byte #0x54, #0x00	;  84
      0002AA 55 00                 2451 	.byte #0x55, #0x00	;  85
      0002AC 56 00                 2452 	.byte #0x56, #0x00	;  86
      0002AE 57 00                 2453 	.byte #0x57, #0x00	;  87
      0002B0 58 00                 2454 	.byte #0x58, #0x00	;  88
      0002B2 59 00                 2455 	.byte #0x59, #0x00	;  89
      0002B4 5A 00                 2456 	.byte #0x5a, #0x00	;  90
      0002B6 5B 00                 2457 	.byte #0x5b, #0x00	;  91
      0002B8 5C 00                 2458 	.byte #0x5c, #0x00	;  92
      0002BA 5D 00                 2459 	.byte #0x5d, #0x00	;  93
      0002BC 5E 00                 2460 	.byte #0x5e, #0x00	;  94
      0002BE 5F 00                 2461 	.byte #0x5f, #0x00	;  95
      0002C0 60 00                 2462 	.byte #0x60, #0x00	;  96
      0002C2 61 00                 2463 	.byte #0x61, #0x00	;  97
      0002C4 62 00                 2464 	.byte #0x62, #0x00	;  98
      0002C6 63 00                 2465 	.byte #0x63, #0x00	;  99
      0002C8 64 00                 2466 	.byte #0x64, #0x00	;  100
      0002CA 65 00                 2467 	.byte #0x65, #0x00	;  101
      0002CC 66 00                 2468 	.byte #0x66, #0x00	;  102
      0002CE 67 00                 2469 	.byte #0x67, #0x00	;  103
      0002D0 68 00                 2470 	.byte #0x68, #0x00	;  104
      0002D2 69 00                 2471 	.byte #0x69, #0x00	;  105
      0002D4 6A 00                 2472 	.byte #0x6a, #0x00	;  106
      0002D6 6B 00                 2473 	.byte #0x6b, #0x00	;  107
      0002D8 6C 00                 2474 	.byte #0x6c, #0x00	;  108
      0002DA 6D 00                 2475 	.byte #0x6d, #0x00	;  109
      0002DC 6E 00                 2476 	.byte #0x6e, #0x00	;  110
      0002DE 6F 00                 2477 	.byte #0x6f, #0x00	;  111
      0002E0 70 00                 2478 	.byte #0x70, #0x00	;  112
      0002E2 71 00                 2479 	.byte #0x71, #0x00	;  113
      0002E4 72 00                 2480 	.byte #0x72, #0x00	;  114
      0002E6 73 00                 2481 	.byte #0x73, #0x00	;  115
      0002E8 74 00                 2482 	.byte #0x74, #0x00	;  116
      0002EA 75 00                 2483 	.byte #0x75, #0x00	;  117
      0002EC 76 00                 2484 	.byte #0x76, #0x00	;  118
      0002EE 77 00                 2485 	.byte #0x77, #0x00	;  119
      0002F0 78 00                 2486 	.byte #0x78, #0x00	;  120
      0002F2 79 00                 2487 	.byte #0x79, #0x00	;  121
      0002F4 7A 00                 2488 	.byte #0x7a, #0x00	;  122
      0002F6 7B 00                 2489 	.byte #0x7b, #0x00	;  123
      0002F8 7C 00                 2490 	.byte #0x7c, #0x00	;  124
      0002FA 7D 00                 2491 	.byte #0x7d, #0x00	;  125
      0002FC 7E 00                 2492 	.byte #0x7e, #0x00	;  126
      0002FE 7F 00                 2493 	.byte #0x7f, #0x00	;  127
      000300 80 00                 2494 	.byte #0x80, #0x00	;  128
      000302 81 00                 2495 	.byte #0x81, #0x00	;  129
      000304 82 00                 2496 	.byte #0x82, #0x00	;  130
      000306 83 00                 2497 	.byte #0x83, #0x00	;  131
      000308 84 00                 2498 	.byte #0x84, #0x00	;  132
      00030A 85 00                 2499 	.byte #0x85, #0x00	;  133
      00030C 86 00                 2500 	.byte #0x86, #0x00	;  134
      00030E 87 00                 2501 	.byte #0x87, #0x00	;  135
      000310 88 00                 2502 	.byte #0x88, #0x00	;  136
      000312 89 00                 2503 	.byte #0x89, #0x00	;  137
      000314 8A 00                 2504 	.byte #0x8a, #0x00	;  138
      000316 8B 00                 2505 	.byte #0x8b, #0x00	;  139
      000318 8C 00                 2506 	.byte #0x8c, #0x00	;  140
      00031A 8D 00                 2507 	.byte #0x8d, #0x00	;  141
      00031C 8E 00                 2508 	.byte #0x8e, #0x00	;  142
      00031E 8F 00                 2509 	.byte #0x8f, #0x00	;  143
      000320 90 00                 2510 	.byte #0x90, #0x00	;  144
      000322 91 00                 2511 	.byte #0x91, #0x00	;  145
      000324 92 00                 2512 	.byte #0x92, #0x00	;  146
      000326 93 00                 2513 	.byte #0x93, #0x00	;  147
      000328 94 00                 2514 	.byte #0x94, #0x00	;  148
      00032A 95 00                 2515 	.byte #0x95, #0x00	;  149
      00032C 96 00                 2516 	.byte #0x96, #0x00	;  150
      00032E 97 00                 2517 	.byte #0x97, #0x00	;  151
      000330 98 00                 2518 	.byte #0x98, #0x00	;  152
      000332 99 00                 2519 	.byte #0x99, #0x00	;  153
      000334 9A 00                 2520 	.byte #0x9a, #0x00	;  154
      000336 9B 00                 2521 	.byte #0x9b, #0x00	;  155
      000338 9C 00                 2522 	.byte #0x9c, #0x00	;  156
      00033A 9D 00                 2523 	.byte #0x9d, #0x00	;  157
      00033C 9E 00                 2524 	.byte #0x9e, #0x00	;  158
      00033E 9F 00                 2525 	.byte #0x9f, #0x00	;  159
      000340 A0 00                 2526 	.byte #0xa0, #0x00	;  160
      000342 A1 00                 2527 	.byte #0xa1, #0x00	;  161
      000344 A2 00                 2528 	.byte #0xa2, #0x00	;  162
      000346 A3 00                 2529 	.byte #0xa3, #0x00	;  163
      000348 A4 00                 2530 	.byte #0xa4, #0x00	;  164
      00034A A5 00                 2531 	.byte #0xa5, #0x00	;  165
      00034C A6 00                 2532 	.byte #0xa6, #0x00	;  166
      00034E A7 00                 2533 	.byte #0xa7, #0x00	;  167
      000350 A8 00                 2534 	.byte #0xa8, #0x00	;  168
      000352 A9 00                 2535 	.byte #0xa9, #0x00	;  169
      000354 AA 00                 2536 	.byte #0xaa, #0x00	;  170
      000356 AB 00                 2537 	.byte #0xab, #0x00	;  171
      000358 AC 00                 2538 	.byte #0xac, #0x00	;  172
      00035A AD 00                 2539 	.byte #0xad, #0x00	;  173
      00035C AE 00                 2540 	.byte #0xae, #0x00	;  174
      00035E AF 00                 2541 	.byte #0xaf, #0x00	;  175
      000360 B0 00                 2542 	.byte #0xb0, #0x00	;  176
      000362 B1 00                 2543 	.byte #0xb1, #0x00	;  177
      000364 B2 00                 2544 	.byte #0xb2, #0x00	;  178
      000366 B3 00                 2545 	.byte #0xb3, #0x00	;  179
      000368 B4 00                 2546 	.byte #0xb4, #0x00	;  180
      00036A B5 00                 2547 	.byte #0xb5, #0x00	;  181
      00036C B6 00                 2548 	.byte #0xb6, #0x00	;  182
      00036E B7 00                 2549 	.byte #0xb7, #0x00	;  183
      000370 B8 00                 2550 	.byte #0xb8, #0x00	;  184
      000372 B9 00                 2551 	.byte #0xb9, #0x00	;  185
      000374 BA 00                 2552 	.byte #0xba, #0x00	;  186
      000376 BB 00                 2553 	.byte #0xbb, #0x00	;  187
      000378 BC 00                 2554 	.byte #0xbc, #0x00	;  188
      00037A BD 00                 2555 	.byte #0xbd, #0x00	;  189
      00037C BE 00                 2556 	.byte #0xbe, #0x00	;  190
      00037E BF 00                 2557 	.byte #0xbf, #0x00	;  191
      000380 C0 00                 2558 	.byte #0xc0, #0x00	;  192
      000382 C1 00                 2559 	.byte #0xc1, #0x00	;  193
      000384 C2 00                 2560 	.byte #0xc2, #0x00	;  194
      000386 C3 00                 2561 	.byte #0xc3, #0x00	;  195
      000388 C4 00                 2562 	.byte #0xc4, #0x00	;  196
      00038A C5 00                 2563 	.byte #0xc5, #0x00	;  197
      00038C C6 00                 2564 	.byte #0xc6, #0x00	;  198
      00038E C7 00                 2565 	.byte #0xc7, #0x00	;  199
      000390 C8 00                 2566 	.byte #0xc8, #0x00	;  200
      000392 C9 00                 2567 	.byte #0xc9, #0x00	;  201
      000394 CA 00                 2568 	.byte #0xca, #0x00	;  202
      000396 CB 00                 2569 	.byte #0xcb, #0x00	;  203
      000398 CC 00                 2570 	.byte #0xcc, #0x00	;  204
      00039A CD 00                 2571 	.byte #0xcd, #0x00	;  205
      00039C CE 00                 2572 	.byte #0xce, #0x00	;  206
      00039E CF 00                 2573 	.byte #0xcf, #0x00	;  207
      0003A0 D0 00                 2574 	.byte #0xd0, #0x00	;  208
      0003A2 D1 00                 2575 	.byte #0xd1, #0x00	;  209
      0003A4 D2 00                 2576 	.byte #0xd2, #0x00	;  210
      0003A6 D3 00                 2577 	.byte #0xd3, #0x00	;  211
      0003A8 D4 00                 2578 	.byte #0xd4, #0x00	;  212
      0003AA D5 00                 2579 	.byte #0xd5, #0x00	;  213
      0003AC D6 00                 2580 	.byte #0xd6, #0x00	;  214
      0003AE D7 00                 2581 	.byte #0xd7, #0x00	;  215
      0003B0 D8 00                 2582 	.byte #0xd8, #0x00	;  216
      0003B2 D9 00                 2583 	.byte #0xd9, #0x00	;  217
      0003B4 DA 00                 2584 	.byte #0xda, #0x00	;  218
      0003B6 DB 00                 2585 	.byte #0xdb, #0x00	;  219
      0003B8 DC 00                 2586 	.byte #0xdc, #0x00	;  220
      0003BA DD 00                 2587 	.byte #0xdd, #0x00	;  221
      0003BC DE 00                 2588 	.byte #0xde, #0x00	;  222
      0003BE DF 00                 2589 	.byte #0xdf, #0x00	;  223
      0003C0 E0 00                 2590 	.byte #0xe0, #0x00	;  224
      0003C2 E1 00                 2591 	.byte #0xe1, #0x00	;  225
      0003C4 E2 00                 2592 	.byte #0xe2, #0x00	;  226
      0003C6 E3 00                 2593 	.byte #0xe3, #0x00	;  227
      0003C8 E4 00                 2594 	.byte #0xe4, #0x00	;  228
      0003CA E5 00                 2595 	.byte #0xe5, #0x00	;  229
      0003CC E6 00                 2596 	.byte #0xe6, #0x00	;  230
      0003CE E7 00                 2597 	.byte #0xe7, #0x00	;  231
      0003D0 E8 00                 2598 	.byte #0xe8, #0x00	;  232
      0003D2 E9 00                 2599 	.byte #0xe9, #0x00	;  233
      0003D4 EA 00                 2600 	.byte #0xea, #0x00	;  234
      0003D6 EB 00                 2601 	.byte #0xeb, #0x00	;  235
      0003D8 EC 00                 2602 	.byte #0xec, #0x00	;  236
      0003DA ED 00                 2603 	.byte #0xed, #0x00	;  237
      0003DC EE 00                 2604 	.byte #0xee, #0x00	;  238
      0003DE EF 00                 2605 	.byte #0xef, #0x00	;  239
      0003E0 F0 00                 2606 	.byte #0xf0, #0x00	;  240
      0003E2 F1 00                 2607 	.byte #0xf1, #0x00	;  241
      0003E4 F2 00                 2608 	.byte #0xf2, #0x00	;  242
      0003E6 F3 00                 2609 	.byte #0xf3, #0x00	;  243
      0003E8 F4 00                 2610 	.byte #0xf4, #0x00	;  244
      0003EA F5 00                 2611 	.byte #0xf5, #0x00	;  245
      0003EC F6 00                 2612 	.byte #0xf6, #0x00	;  246
      0003EE F7 00                 2613 	.byte #0xf7, #0x00	;  247
      0003F0 F8 00                 2614 	.byte #0xf8, #0x00	;  248
      0003F2 F9 00                 2615 	.byte #0xf9, #0x00	;  249
      0003F4 FA 00                 2616 	.byte #0xfa, #0x00	;  250
      0003F6 FB 00                 2617 	.byte #0xfb, #0x00	;  251
      0003F8 FC 00                 2618 	.byte #0xfc, #0x00	;  252
      0003FA FD 00                 2619 	.byte #0xfd, #0x00	;  253
      0003FC FE 00                 2620 	.byte #0xfe, #0x00	;  254
      0003FE FF 00                 2621 	.byte #0xff, #0x00	;  255
      000400 FF 00                 2622 	.byte #0xff, #0x00	;  255
      000402 FE 00                 2623 	.byte #0xfe, #0x00	;  254
      000404 FD 00                 2624 	.byte #0xfd, #0x00	;  253
      000406 FC 00                 2625 	.byte #0xfc, #0x00	;  252
      000408 FB 00                 2626 	.byte #0xfb, #0x00	;  251
      00040A FA 00                 2627 	.byte #0xfa, #0x00	;  250
      00040C F9 00                 2628 	.byte #0xf9, #0x00	;  249
      00040E F8 00                 2629 	.byte #0xf8, #0x00	;  248
      000410 F7 00                 2630 	.byte #0xf7, #0x00	;  247
      000412 F6 00                 2631 	.byte #0xf6, #0x00	;  246
      000414 F5 00                 2632 	.byte #0xf5, #0x00	;  245
      000416 F4 00                 2633 	.byte #0xf4, #0x00	;  244
      000418 F3 00                 2634 	.byte #0xf3, #0x00	;  243
      00041A F2 00                 2635 	.byte #0xf2, #0x00	;  242
      00041C F1 00                 2636 	.byte #0xf1, #0x00	;  241
      00041E F0 00                 2637 	.byte #0xf0, #0x00	;  240
      000420 EF 00                 2638 	.byte #0xef, #0x00	;  239
      000422 EE 00                 2639 	.byte #0xee, #0x00	;  238
      000424 ED 00                 2640 	.byte #0xed, #0x00	;  237
      000426 EC 00                 2641 	.byte #0xec, #0x00	;  236
      000428 EB 00                 2642 	.byte #0xeb, #0x00	;  235
      00042A EA 00                 2643 	.byte #0xea, #0x00	;  234
      00042C E9 00                 2644 	.byte #0xe9, #0x00	;  233
      00042E E8 00                 2645 	.byte #0xe8, #0x00	;  232
      000430 E7 00                 2646 	.byte #0xe7, #0x00	;  231
      000432 E6 00                 2647 	.byte #0xe6, #0x00	;  230
      000434 E5 00                 2648 	.byte #0xe5, #0x00	;  229
      000436 E4 00                 2649 	.byte #0xe4, #0x00	;  228
      000438 E3 00                 2650 	.byte #0xe3, #0x00	;  227
      00043A E2 00                 2651 	.byte #0xe2, #0x00	;  226
      00043C E1 00                 2652 	.byte #0xe1, #0x00	;  225
      00043E E0 00                 2653 	.byte #0xe0, #0x00	;  224
      000440 DF 00                 2654 	.byte #0xdf, #0x00	;  223
      000442 DE 00                 2655 	.byte #0xde, #0x00	;  222
      000444 DD 00                 2656 	.byte #0xdd, #0x00	;  221
      000446 DC 00                 2657 	.byte #0xdc, #0x00	;  220
      000448 DB 00                 2658 	.byte #0xdb, #0x00	;  219
      00044A DA 00                 2659 	.byte #0xda, #0x00	;  218
      00044C D9 00                 2660 	.byte #0xd9, #0x00	;  217
      00044E D8 00                 2661 	.byte #0xd8, #0x00	;  216
      000450 D7 00                 2662 	.byte #0xd7, #0x00	;  215
      000452 D6 00                 2663 	.byte #0xd6, #0x00	;  214
      000454 D5 00                 2664 	.byte #0xd5, #0x00	;  213
      000456 D4 00                 2665 	.byte #0xd4, #0x00	;  212
      000458 D3 00                 2666 	.byte #0xd3, #0x00	;  211
      00045A D2 00                 2667 	.byte #0xd2, #0x00	;  210
      00045C D1 00                 2668 	.byte #0xd1, #0x00	;  209
      00045E D0 00                 2669 	.byte #0xd0, #0x00	;  208
      000460 CF 00                 2670 	.byte #0xcf, #0x00	;  207
      000462 CE 00                 2671 	.byte #0xce, #0x00	;  206
      000464 CD 00                 2672 	.byte #0xcd, #0x00	;  205
      000466 CC 00                 2673 	.byte #0xcc, #0x00	;  204
      000468 CB 00                 2674 	.byte #0xcb, #0x00	;  203
      00046A CA 00                 2675 	.byte #0xca, #0x00	;  202
      00046C C9 00                 2676 	.byte #0xc9, #0x00	;  201
      00046E C8 00                 2677 	.byte #0xc8, #0x00	;  200
      000470 C7 00                 2678 	.byte #0xc7, #0x00	;  199
      000472 C6 00                 2679 	.byte #0xc6, #0x00	;  198
      000474 C5 00                 2680 	.byte #0xc5, #0x00	;  197
      000476 C4 00                 2681 	.byte #0xc4, #0x00	;  196
      000478 C3 00                 2682 	.byte #0xc3, #0x00	;  195
      00047A C2 00                 2683 	.byte #0xc2, #0x00	;  194
      00047C C1 00                 2684 	.byte #0xc1, #0x00	;  193
      00047E C0 00                 2685 	.byte #0xc0, #0x00	;  192
      000480 BF 00                 2686 	.byte #0xbf, #0x00	;  191
      000482 BE 00                 2687 	.byte #0xbe, #0x00	;  190
      000484 BD 00                 2688 	.byte #0xbd, #0x00	;  189
      000486 BC 00                 2689 	.byte #0xbc, #0x00	;  188
      000488 BB 00                 2690 	.byte #0xbb, #0x00	;  187
      00048A BA 00                 2691 	.byte #0xba, #0x00	;  186
      00048C B9 00                 2692 	.byte #0xb9, #0x00	;  185
      00048E B8 00                 2693 	.byte #0xb8, #0x00	;  184
      000490 B7 00                 2694 	.byte #0xb7, #0x00	;  183
      000492 B6 00                 2695 	.byte #0xb6, #0x00	;  182
      000494 B5 00                 2696 	.byte #0xb5, #0x00	;  181
      000496 B4 00                 2697 	.byte #0xb4, #0x00	;  180
      000498 B3 00                 2698 	.byte #0xb3, #0x00	;  179
      00049A B2 00                 2699 	.byte #0xb2, #0x00	;  178
      00049C B1 00                 2700 	.byte #0xb1, #0x00	;  177
      00049E B0 00                 2701 	.byte #0xb0, #0x00	;  176
      0004A0 AF 00                 2702 	.byte #0xaf, #0x00	;  175
      0004A2 AE 00                 2703 	.byte #0xae, #0x00	;  174
      0004A4 AD 00                 2704 	.byte #0xad, #0x00	;  173
      0004A6 AC 00                 2705 	.byte #0xac, #0x00	;  172
      0004A8 AB 00                 2706 	.byte #0xab, #0x00	;  171
      0004AA AA 00                 2707 	.byte #0xaa, #0x00	;  170
      0004AC A9 00                 2708 	.byte #0xa9, #0x00	;  169
      0004AE A8 00                 2709 	.byte #0xa8, #0x00	;  168
      0004B0 A7 00                 2710 	.byte #0xa7, #0x00	;  167
      0004B2 A6 00                 2711 	.byte #0xa6, #0x00	;  166
      0004B4 A5 00                 2712 	.byte #0xa5, #0x00	;  165
      0004B6 A4 00                 2713 	.byte #0xa4, #0x00	;  164
      0004B8 A3 00                 2714 	.byte #0xa3, #0x00	;  163
      0004BA A2 00                 2715 	.byte #0xa2, #0x00	;  162
      0004BC A1 00                 2716 	.byte #0xa1, #0x00	;  161
      0004BE A0 00                 2717 	.byte #0xa0, #0x00	;  160
      0004C0 9F 00                 2718 	.byte #0x9f, #0x00	;  159
      0004C2 9E 00                 2719 	.byte #0x9e, #0x00	;  158
      0004C4 9D 00                 2720 	.byte #0x9d, #0x00	;  157
      0004C6 9C 00                 2721 	.byte #0x9c, #0x00	;  156
      0004C8 9B 00                 2722 	.byte #0x9b, #0x00	;  155
      0004CA 9A 00                 2723 	.byte #0x9a, #0x00	;  154
      0004CC 99 00                 2724 	.byte #0x99, #0x00	;  153
      0004CE 98 00                 2725 	.byte #0x98, #0x00	;  152
      0004D0 97 00                 2726 	.byte #0x97, #0x00	;  151
      0004D2 96 00                 2727 	.byte #0x96, #0x00	;  150
      0004D4 95 00                 2728 	.byte #0x95, #0x00	;  149
      0004D6 94 00                 2729 	.byte #0x94, #0x00	;  148
      0004D8 93 00                 2730 	.byte #0x93, #0x00	;  147
      0004DA 92 00                 2731 	.byte #0x92, #0x00	;  146
      0004DC 91 00                 2732 	.byte #0x91, #0x00	;  145
      0004DE 90 00                 2733 	.byte #0x90, #0x00	;  144
      0004E0 8F 00                 2734 	.byte #0x8f, #0x00	;  143
      0004E2 8E 00                 2735 	.byte #0x8e, #0x00	;  142
      0004E4 8D 00                 2736 	.byte #0x8d, #0x00	;  141
      0004E6 8C 00                 2737 	.byte #0x8c, #0x00	;  140
      0004E8 8B 00                 2738 	.byte #0x8b, #0x00	;  139
      0004EA 8A 00                 2739 	.byte #0x8a, #0x00	;  138
      0004EC 89 00                 2740 	.byte #0x89, #0x00	;  137
      0004EE 88 00                 2741 	.byte #0x88, #0x00	;  136
      0004F0 87 00                 2742 	.byte #0x87, #0x00	;  135
      0004F2 86 00                 2743 	.byte #0x86, #0x00	;  134
      0004F4 85 00                 2744 	.byte #0x85, #0x00	;  133
      0004F6 84 00                 2745 	.byte #0x84, #0x00	;  132
      0004F8 83 00                 2746 	.byte #0x83, #0x00	;  131
      0004FA 82 00                 2747 	.byte #0x82, #0x00	;  130
      0004FC 81 00                 2748 	.byte #0x81, #0x00	;  129
      0004FE 80 00                 2749 	.byte #0x80, #0x00	;  128
      000500 7F 00                 2750 	.byte #0x7f, #0x00	;  127
      000502 7E 00                 2751 	.byte #0x7e, #0x00	;  126
      000504 7D 00                 2752 	.byte #0x7d, #0x00	;  125
      000506 7C 00                 2753 	.byte #0x7c, #0x00	;  124
      000508 7B 00                 2754 	.byte #0x7b, #0x00	;  123
      00050A 7A 00                 2755 	.byte #0x7a, #0x00	;  122
      00050C 79 00                 2756 	.byte #0x79, #0x00	;  121
      00050E 78 00                 2757 	.byte #0x78, #0x00	;  120
      000510 77 00                 2758 	.byte #0x77, #0x00	;  119
      000512 76 00                 2759 	.byte #0x76, #0x00	;  118
      000514 75 00                 2760 	.byte #0x75, #0x00	;  117
      000516 74 00                 2761 	.byte #0x74, #0x00	;  116
      000518 73 00                 2762 	.byte #0x73, #0x00	;  115
      00051A 72 00                 2763 	.byte #0x72, #0x00	;  114
      00051C 71 00                 2764 	.byte #0x71, #0x00	;  113
      00051E 70 00                 2765 	.byte #0x70, #0x00	;  112
      000520 6F 00                 2766 	.byte #0x6f, #0x00	;  111
      000522 6E 00                 2767 	.byte #0x6e, #0x00	;  110
      000524 6D 00                 2768 	.byte #0x6d, #0x00	;  109
      000526 6C 00                 2769 	.byte #0x6c, #0x00	;  108
      000528 6B 00                 2770 	.byte #0x6b, #0x00	;  107
      00052A 6A 00                 2771 	.byte #0x6a, #0x00	;  106
      00052C 69 00                 2772 	.byte #0x69, #0x00	;  105
      00052E 68 00                 2773 	.byte #0x68, #0x00	;  104
      000530 67 00                 2774 	.byte #0x67, #0x00	;  103
      000532 66 00                 2775 	.byte #0x66, #0x00	;  102
      000534 65 00                 2776 	.byte #0x65, #0x00	;  101
      000536 64 00                 2777 	.byte #0x64, #0x00	;  100
      000538 63 00                 2778 	.byte #0x63, #0x00	;  99
      00053A 62 00                 2779 	.byte #0x62, #0x00	;  98
      00053C 61 00                 2780 	.byte #0x61, #0x00	;  97
      00053E 60 00                 2781 	.byte #0x60, #0x00	;  96
      000540 5F 00                 2782 	.byte #0x5f, #0x00	;  95
      000542 5E 00                 2783 	.byte #0x5e, #0x00	;  94
      000544 5D 00                 2784 	.byte #0x5d, #0x00	;  93
      000546 5C 00                 2785 	.byte #0x5c, #0x00	;  92
      000548 5B 00                 2786 	.byte #0x5b, #0x00	;  91
      00054A 5A 00                 2787 	.byte #0x5a, #0x00	;  90
      00054C 59 00                 2788 	.byte #0x59, #0x00	;  89
      00054E 58 00                 2789 	.byte #0x58, #0x00	;  88
      000550 57 00                 2790 	.byte #0x57, #0x00	;  87
      000552 56 00                 2791 	.byte #0x56, #0x00	;  86
      000554 55 00                 2792 	.byte #0x55, #0x00	;  85
      000556 54 00                 2793 	.byte #0x54, #0x00	;  84
      000558 53 00                 2794 	.byte #0x53, #0x00	;  83
      00055A 52 00                 2795 	.byte #0x52, #0x00	;  82
      00055C 51 00                 2796 	.byte #0x51, #0x00	;  81
      00055E 50 00                 2797 	.byte #0x50, #0x00	;  80
      000560 4F 00                 2798 	.byte #0x4f, #0x00	;  79
      000562 4E 00                 2799 	.byte #0x4e, #0x00	;  78
      000564 4D 00                 2800 	.byte #0x4d, #0x00	;  77
      000566 4C 00                 2801 	.byte #0x4c, #0x00	;  76
      000568 4B 00                 2802 	.byte #0x4b, #0x00	;  75
      00056A 4A 00                 2803 	.byte #0x4a, #0x00	;  74
      00056C 49 00                 2804 	.byte #0x49, #0x00	;  73
      00056E 48 00                 2805 	.byte #0x48, #0x00	;  72
      000570 47 00                 2806 	.byte #0x47, #0x00	;  71
      000572 46 00                 2807 	.byte #0x46, #0x00	;  70
      000574 45 00                 2808 	.byte #0x45, #0x00	;  69
      000576 44 00                 2809 	.byte #0x44, #0x00	;  68
      000578 43 00                 2810 	.byte #0x43, #0x00	;  67
      00057A 42 00                 2811 	.byte #0x42, #0x00	;  66
      00057C 41 00                 2812 	.byte #0x41, #0x00	;  65
      00057E 40 00                 2813 	.byte #0x40, #0x00	;  64
      000580 3F 00                 2814 	.byte #0x3f, #0x00	;  63
      000582 3E 00                 2815 	.byte #0x3e, #0x00	;  62
      000584 3D 00                 2816 	.byte #0x3d, #0x00	;  61
      000586 3C 00                 2817 	.byte #0x3c, #0x00	;  60
      000588 3B 00                 2818 	.byte #0x3b, #0x00	;  59
      00058A 3A 00                 2819 	.byte #0x3a, #0x00	;  58
      00058C 39 00                 2820 	.byte #0x39, #0x00	;  57
      00058E 38 00                 2821 	.byte #0x38, #0x00	;  56
      000590 37 00                 2822 	.byte #0x37, #0x00	;  55
      000592 36 00                 2823 	.byte #0x36, #0x00	;  54
      000594 35 00                 2824 	.byte #0x35, #0x00	;  53
      000596 34 00                 2825 	.byte #0x34, #0x00	;  52
      000598 33 00                 2826 	.byte #0x33, #0x00	;  51
      00059A 32 00                 2827 	.byte #0x32, #0x00	;  50
      00059C 31 00                 2828 	.byte #0x31, #0x00	;  49
      00059E 30 00                 2829 	.byte #0x30, #0x00	;  48
      0005A0 2F 00                 2830 	.byte #0x2f, #0x00	;  47
      0005A2 2E 00                 2831 	.byte #0x2e, #0x00	;  46
      0005A4 2D 00                 2832 	.byte #0x2d, #0x00	;  45
      0005A6 2C 00                 2833 	.byte #0x2c, #0x00	;  44
      0005A8 2B 00                 2834 	.byte #0x2b, #0x00	;  43
      0005AA 2A 00                 2835 	.byte #0x2a, #0x00	;  42
      0005AC 29 00                 2836 	.byte #0x29, #0x00	;  41
      0005AE 28 00                 2837 	.byte #0x28, #0x00	;  40
      0005B0 27 00                 2838 	.byte #0x27, #0x00	;  39
      0005B2 26 00                 2839 	.byte #0x26, #0x00	;  38
      0005B4 25 00                 2840 	.byte #0x25, #0x00	;  37
      0005B6 24 00                 2841 	.byte #0x24, #0x00	;  36
      0005B8 23 00                 2842 	.byte #0x23, #0x00	;  35
      0005BA 22 00                 2843 	.byte #0x22, #0x00	;  34
      0005BC 21 00                 2844 	.byte #0x21, #0x00	;  33
      0005BE 20 00                 2845 	.byte #0x20, #0x00	;  32
      0005C0 1F 00                 2846 	.byte #0x1f, #0x00	;  31
      0005C2 1E 00                 2847 	.byte #0x1e, #0x00	;  30
      0005C4 1D 00                 2848 	.byte #0x1d, #0x00	;  29
      0005C6 1C 00                 2849 	.byte #0x1c, #0x00	;  28
      0005C8 1B 00                 2850 	.byte #0x1b, #0x00	;  27
      0005CA 1A 00                 2851 	.byte #0x1a, #0x00	;  26
      0005CC 19 00                 2852 	.byte #0x19, #0x00	;  25
      0005CE 18 00                 2853 	.byte #0x18, #0x00	;  24
      0005D0 17 00                 2854 	.byte #0x17, #0x00	;  23
      0005D2 16 00                 2855 	.byte #0x16, #0x00	;  22
      0005D4 15 00                 2856 	.byte #0x15, #0x00	;  21
      0005D6 14 00                 2857 	.byte #0x14, #0x00	;  20
      0005D8 13 00                 2858 	.byte #0x13, #0x00	;  19
      0005DA 12 00                 2859 	.byte #0x12, #0x00	;  18
      0005DC 11 00                 2860 	.byte #0x11, #0x00	;  17
      0005DE 10 00                 2861 	.byte #0x10, #0x00	;  16
      0005E0 0F 00                 2862 	.byte #0x0f, #0x00	;  15
      0005E2 0E 00                 2863 	.byte #0x0e, #0x00	;  14
      0005E4 0D 00                 2864 	.byte #0x0d, #0x00	;  13
      0005E6 0C 00                 2865 	.byte #0x0c, #0x00	;  12
      0005E8 0B 00                 2866 	.byte #0x0b, #0x00	;  11
      0005EA 0A 00                 2867 	.byte #0x0a, #0x00	;  10
      0005EC 09 00                 2868 	.byte #0x09, #0x00	;  9
      0005EE 08 00                 2869 	.byte #0x08, #0x00	;  8
      0005F0 07 00                 2870 	.byte #0x07, #0x00	;  7
      0005F2 06 00                 2871 	.byte #0x06, #0x00	;  6
      0005F4 05 00                 2872 	.byte #0x05, #0x00	;  5
      0005F6 04 00                 2873 	.byte #0x04, #0x00	;  4
      0005F8 03 00                 2874 	.byte #0x03, #0x00	;  3
      0005FA 02 00                 2875 	.byte #0x02, #0x00	;  2
      0005FC 01 00                 2876 	.byte #0x01, #0x00	;  1
      0005FE 00 00                 2877 	.byte #0x00, #0x00	;  0
                                   2878 	.area CONST   (CODE)
      000600                       2879 ___str_0:
      000600 0A                    2880 	.db 0x0a
      000601 0D                    2881 	.db 0x0d
      000602 E2                    2882 	.db 0xe2
      000603 94                    2883 	.db 0x94
      000604 8C                    2884 	.db 0x8c
      000605 E2                    2885 	.db 0xe2
      000606 94                    2886 	.db 0x94
      000607 80                    2887 	.db 0x80
      000608 E2                    2888 	.db 0xe2
      000609 94                    2889 	.db 0x94
      00060A 80                    2890 	.db 0x80
      00060B E2                    2891 	.db 0xe2
      00060C 94                    2892 	.db 0x94
      00060D 80                    2893 	.db 0x80
      00060E E2                    2894 	.db 0xe2
      00060F 94                    2895 	.db 0x94
      000610 80                    2896 	.db 0x80
      000611 E2                    2897 	.db 0xe2
      000612 94                    2898 	.db 0x94
      000613 80                    2899 	.db 0x80
      000614 E2                    2900 	.db 0xe2
      000615 94                    2901 	.db 0x94
      000616 80                    2902 	.db 0x80
      000617 E2                    2903 	.db 0xe2
      000618 94                    2904 	.db 0x94
      000619 80                    2905 	.db 0x80
      00061A E2                    2906 	.db 0xe2
      00061B 94                    2907 	.db 0x94
      00061C 80                    2908 	.db 0x80
      00061D E2                    2909 	.db 0xe2
      00061E 94                    2910 	.db 0x94
      00061F 80                    2911 	.db 0x80
      000620 E2                    2912 	.db 0xe2
      000621 94                    2913 	.db 0x94
      000622 80                    2914 	.db 0x80
      000623 E2                    2915 	.db 0xe2
      000624 94                    2916 	.db 0x94
      000625 80                    2917 	.db 0x80
      000626 E2                    2918 	.db 0xe2
      000627 94                    2919 	.db 0x94
      000628 80                    2920 	.db 0x80
      000629 E2                    2921 	.db 0xe2
      00062A 94                    2922 	.db 0x94
      00062B 80                    2923 	.db 0x80
      00062C E2                    2924 	.db 0xe2
      00062D 94                    2925 	.db 0x94
      00062E 80                    2926 	.db 0x80
      00062F E2                    2927 	.db 0xe2
      000630 94                    2928 	.db 0x94
      000631 80                    2929 	.db 0x80
      000632 E2                    2930 	.db 0xe2
      000633 94                    2931 	.db 0x94
      000634 80                    2932 	.db 0x80
      000635 E2                    2933 	.db 0xe2
      000636 94                    2934 	.db 0x94
      000637 80                    2935 	.db 0x80
      000638 E2                    2936 	.db 0xe2
      000639 94                    2937 	.db 0x94
      00063A 80                    2938 	.db 0x80
      00063B E2                    2939 	.db 0xe2
      00063C 94                    2940 	.db 0x94
      00063D 80                    2941 	.db 0x80
      00063E E2                    2942 	.db 0xe2
      00063F 94                    2943 	.db 0x94
      000640 80                    2944 	.db 0x80
      000641 E2                    2945 	.db 0xe2
      000642 94                    2946 	.db 0x94
      000643 80                    2947 	.db 0x80
      000644 E2                    2948 	.db 0xe2
      000645 94                    2949 	.db 0x94
      000646 80                    2950 	.db 0x80
      000647 E2                    2951 	.db 0xe2
      000648 94                    2952 	.db 0x94
      000649 80                    2953 	.db 0x80
      00064A E2                    2954 	.db 0xe2
      00064B 94                    2955 	.db 0x94
      00064C 80                    2956 	.db 0x80
      00064D E2                    2957 	.db 0xe2
      00064E 94                    2958 	.db 0x94
      00064F 80                    2959 	.db 0x80
      000650 E2                    2960 	.db 0xe2
      000651 94                    2961 	.db 0x94
      000652 80                    2962 	.db 0x80
      000653 E2                    2963 	.db 0xe2
      000654 94                    2964 	.db 0x94
      000655 80                    2965 	.db 0x80
      000656 E2                    2966 	.db 0xe2
      000657 94                    2967 	.db 0x94
      000658 80                    2968 	.db 0x80
      000659 E2                    2969 	.db 0xe2
      00065A 94                    2970 	.db 0x94
      00065B 80                    2971 	.db 0x80
      00065C E2                    2972 	.db 0xe2
      00065D 94                    2973 	.db 0x94
      00065E 80                    2974 	.db 0x80
      00065F E2                    2975 	.db 0xe2
      000660 94                    2976 	.db 0x94
      000661 80                    2977 	.db 0x80
      000662 E2                    2978 	.db 0xe2
      000663 94                    2979 	.db 0x94
      000664 80                    2980 	.db 0x80
      000665 E2                    2981 	.db 0xe2
      000666 94                    2982 	.db 0x94
      000667 80                    2983 	.db 0x80
      000668 E2                    2984 	.db 0xe2
      000669 94                    2985 	.db 0x94
      00066A 80                    2986 	.db 0x80
      00066B E2                    2987 	.db 0xe2
      00066C 94                    2988 	.db 0x94
      00066D 80                    2989 	.db 0x80
      00066E E2                    2990 	.db 0xe2
      00066F 94                    2991 	.db 0x94
      000670 80                    2992 	.db 0x80
      000671 E2                    2993 	.db 0xe2
      000672 94                    2994 	.db 0x94
      000673 80                    2995 	.db 0x80
      000674 E2                    2996 	.db 0xe2
      000675 94                    2997 	.db 0x94
      000676 80                    2998 	.db 0x80
      000677 E2                    2999 	.db 0xe2
      000678 94                    3000 	.db 0x94
      000679 80                    3001 	.db 0x80
      00067A E2                    3002 	.db 0xe2
      00067B 94                    3003 	.db 0x94
      00067C 80                    3004 	.db 0x80
      00067D E2                    3005 	.db 0xe2
      00067E 94                    3006 	.db 0x94
      00067F 80                    3007 	.db 0x80
      000680 E2                    3008 	.db 0xe2
      000681 94                    3009 	.db 0x94
      000682 80                    3010 	.db 0x80
      000683 E2                    3011 	.db 0xe2
      000684 94                    3012 	.db 0x94
      000685 80                    3013 	.db 0x80
      000686 E2                    3014 	.db 0xe2
      000687 94                    3015 	.db 0x94
      000688 80                    3016 	.db 0x80
      000689 E2                    3017 	.db 0xe2
      00068A 94                    3018 	.db 0x94
      00068B 80                    3019 	.db 0x80
      00068C E2                    3020 	.db 0xe2
      00068D 94                    3021 	.db 0x94
      00068E 80                    3022 	.db 0x80
      00068F E2                    3023 	.db 0xe2
      000690 94                    3024 	.db 0x94
      000691 80                    3025 	.db 0x80
      000692 E2                    3026 	.db 0xe2
      000693 94                    3027 	.db 0x94
      000694 80                    3028 	.db 0x80
      000695 E2                    3029 	.db 0xe2
      000696 94                    3030 	.db 0x94
      000697 80                    3031 	.db 0x80
      000698 E2                    3032 	.db 0xe2
      000699 94                    3033 	.db 0x94
      00069A 80                    3034 	.db 0x80
      00069B E2                    3035 	.db 0xe2
      00069C 94                    3036 	.db 0x94
      00069D 80                    3037 	.db 0x80
      00069E E2                    3038 	.db 0xe2
      00069F 94                    3039 	.db 0x94
      0006A0 80                    3040 	.db 0x80
      0006A1 E2                    3041 	.db 0xe2
      0006A2 94                    3042 	.db 0x94
      0006A3 80                    3043 	.db 0x80
      0006A4 E2                    3044 	.db 0xe2
      0006A5 94                    3045 	.db 0x94
      0006A6 80                    3046 	.db 0x80
      0006A7 E2                    3047 	.db 0xe2
      0006A8 94                    3048 	.db 0x94
      0006A9 80                    3049 	.db 0x80
      0006AA E2                    3050 	.db 0xe2
      0006AB 94                    3051 	.db 0x94
      0006AC 80                    3052 	.db 0x80
      0006AD E2                    3053 	.db 0xe2
      0006AE 94                    3054 	.db 0x94
      0006AF 80                    3055 	.db 0x80
      0006B0 E2                    3056 	.db 0xe2
      0006B1 94                    3057 	.db 0x94
      0006B2 80                    3058 	.db 0x80
      0006B3 E2                    3059 	.db 0xe2
      0006B4 94                    3060 	.db 0x94
      0006B5 80                    3061 	.db 0x80
      0006B6 E2                    3062 	.db 0xe2
      0006B7 94                    3063 	.db 0x94
      0006B8 80                    3064 	.db 0x80
      0006B9 E2                    3065 	.db 0xe2
      0006BA 94                    3066 	.db 0x94
      0006BB 80                    3067 	.db 0x80
      0006BC E2                    3068 	.db 0xe2
      0006BD 94                    3069 	.db 0x94
      0006BE 80                    3070 	.db 0x80
      0006BF E2                    3071 	.db 0xe2
      0006C0 94                    3072 	.db 0x94
      0006C1 90                    3073 	.db 0x90
      0006C2 0A                    3074 	.db 0x0a
      0006C3 0D                    3075 	.db 0x0d
      0006C4 00                    3076 	.db 0x00
                                   3077 	.area CSEG    (CODE)
                                   3078 	.area CONST   (CODE)
      0006C5                       3079 ___str_1:
      0006C5 E2                    3080 	.db 0xe2
      0006C6 94                    3081 	.db 0x94
      0006C7 82                    3082 	.db 0x82
      0006C8 20 20 20 20 20 20 20  3083 	.ascii "                        SPI PROGRAM                         "
             20 20 20 20 20 20 20
             20 20 20 20 20 20 20
             20 20 20 53 50 49 20
             50 52 4F 47 52 41 4D
             20 20 20 20 20 20 20
             20 20 20 20 20 20 20
             20 20 20 20 20 20 20
             20 20 20 20
      000704 20 20                 3084 	.ascii "  "
      000706 E2                    3085 	.db 0xe2
      000707 94                    3086 	.db 0x94
      000708 82                    3087 	.db 0x82
      000709 0A                    3088 	.db 0x0a
      00070A 0D                    3089 	.db 0x0d
      00070B 00                    3090 	.db 0x00
                                   3091 	.area CSEG    (CODE)
                                   3092 	.area CONST   (CODE)
      00070C                       3093 ___str_2:
      00070C E2                    3094 	.db 0xe2
      00070D 94                    3095 	.db 0x94
      00070E 9C                    3096 	.db 0x9c
      00070F E2                    3097 	.db 0xe2
      000710 94                    3098 	.db 0x94
      000711 80                    3099 	.db 0x80
      000712 E2                    3100 	.db 0xe2
      000713 94                    3101 	.db 0x94
      000714 80                    3102 	.db 0x80
      000715 E2                    3103 	.db 0xe2
      000716 94                    3104 	.db 0x94
      000717 80                    3105 	.db 0x80
      000718 E2                    3106 	.db 0xe2
      000719 94                    3107 	.db 0x94
      00071A 80                    3108 	.db 0x80
      00071B E2                    3109 	.db 0xe2
      00071C 94                    3110 	.db 0x94
      00071D 80                    3111 	.db 0x80
      00071E E2                    3112 	.db 0xe2
      00071F 94                    3113 	.db 0x94
      000720 80                    3114 	.db 0x80
      000721 E2                    3115 	.db 0xe2
      000722 94                    3116 	.db 0x94
      000723 80                    3117 	.db 0x80
      000724 E2                    3118 	.db 0xe2
      000725 94                    3119 	.db 0x94
      000726 80                    3120 	.db 0x80
      000727 E2                    3121 	.db 0xe2
      000728 94                    3122 	.db 0x94
      000729 80                    3123 	.db 0x80
      00072A E2                    3124 	.db 0xe2
      00072B 94                    3125 	.db 0x94
      00072C 80                    3126 	.db 0x80
      00072D E2                    3127 	.db 0xe2
      00072E 94                    3128 	.db 0x94
      00072F 80                    3129 	.db 0x80
      000730 E2                    3130 	.db 0xe2
      000731 94                    3131 	.db 0x94
      000732 80                    3132 	.db 0x80
      000733 E2                    3133 	.db 0xe2
      000734 94                    3134 	.db 0x94
      000735 80                    3135 	.db 0x80
      000736 E2                    3136 	.db 0xe2
      000737 94                    3137 	.db 0x94
      000738 80                    3138 	.db 0x80
      000739 E2                    3139 	.db 0xe2
      00073A 94                    3140 	.db 0x94
      00073B 80                    3141 	.db 0x80
      00073C E2                    3142 	.db 0xe2
      00073D 94                    3143 	.db 0x94
      00073E 80                    3144 	.db 0x80
      00073F E2                    3145 	.db 0xe2
      000740 94                    3146 	.db 0x94
      000741 80                    3147 	.db 0x80
      000742 E2                    3148 	.db 0xe2
      000743 94                    3149 	.db 0x94
      000744 80                    3150 	.db 0x80
      000745 E2                    3151 	.db 0xe2
      000746 94                    3152 	.db 0x94
      000747 80                    3153 	.db 0x80
      000748 E2                    3154 	.db 0xe2
      000749 94                    3155 	.db 0x94
      00074A 80                    3156 	.db 0x80
      00074B E2                    3157 	.db 0xe2
      00074C 94                    3158 	.db 0x94
      00074D 80                    3159 	.db 0x80
      00074E E2                    3160 	.db 0xe2
      00074F 94                    3161 	.db 0x94
      000750 80                    3162 	.db 0x80
      000751 E2                    3163 	.db 0xe2
      000752 94                    3164 	.db 0x94
      000753 80                    3165 	.db 0x80
      000754 E2                    3166 	.db 0xe2
      000755 94                    3167 	.db 0x94
      000756 80                    3168 	.db 0x80
      000757 E2                    3169 	.db 0xe2
      000758 94                    3170 	.db 0x94
      000759 80                    3171 	.db 0x80
      00075A E2                    3172 	.db 0xe2
      00075B 94                    3173 	.db 0x94
      00075C 80                    3174 	.db 0x80
      00075D E2                    3175 	.db 0xe2
      00075E 94                    3176 	.db 0x94
      00075F 80                    3177 	.db 0x80
      000760 E2                    3178 	.db 0xe2
      000761 94                    3179 	.db 0x94
      000762 80                    3180 	.db 0x80
      000763 E2                    3181 	.db 0xe2
      000764 94                    3182 	.db 0x94
      000765 80                    3183 	.db 0x80
      000766 E2                    3184 	.db 0xe2
      000767 94                    3185 	.db 0x94
      000768 80                    3186 	.db 0x80
      000769 E2                    3187 	.db 0xe2
      00076A 94                    3188 	.db 0x94
      00076B 80                    3189 	.db 0x80
      00076C E2                    3190 	.db 0xe2
      00076D 94                    3191 	.db 0x94
      00076E 80                    3192 	.db 0x80
      00076F E2                    3193 	.db 0xe2
      000770 94                    3194 	.db 0x94
      000771 80                    3195 	.db 0x80
      000772 E2                    3196 	.db 0xe2
      000773 94                    3197 	.db 0x94
      000774 80                    3198 	.db 0x80
      000775 E2                    3199 	.db 0xe2
      000776 94                    3200 	.db 0x94
      000777 80                    3201 	.db 0x80
      000778 E2                    3202 	.db 0xe2
      000779 94                    3203 	.db 0x94
      00077A 80                    3204 	.db 0x80
      00077B E2                    3205 	.db 0xe2
      00077C 94                    3206 	.db 0x94
      00077D 80                    3207 	.db 0x80
      00077E E2                    3208 	.db 0xe2
      00077F 94                    3209 	.db 0x94
      000780 80                    3210 	.db 0x80
      000781 E2                    3211 	.db 0xe2
      000782 94                    3212 	.db 0x94
      000783 80                    3213 	.db 0x80
      000784 E2                    3214 	.db 0xe2
      000785 94                    3215 	.db 0x94
      000786 80                    3216 	.db 0x80
      000787 E2                    3217 	.db 0xe2
      000788 94                    3218 	.db 0x94
      000789 80                    3219 	.db 0x80
      00078A E2                    3220 	.db 0xe2
      00078B 94                    3221 	.db 0x94
      00078C 80                    3222 	.db 0x80
      00078D E2                    3223 	.db 0xe2
      00078E 94                    3224 	.db 0x94
      00078F 80                    3225 	.db 0x80
      000790 E2                    3226 	.db 0xe2
      000791 94                    3227 	.db 0x94
      000792 80                    3228 	.db 0x80
      000793 E2                    3229 	.db 0xe2
      000794 94                    3230 	.db 0x94
      000795 80                    3231 	.db 0x80
      000796 E2                    3232 	.db 0xe2
      000797 94                    3233 	.db 0x94
      000798 80                    3234 	.db 0x80
      000799 E2                    3235 	.db 0xe2
      00079A 94                    3236 	.db 0x94
      00079B 80                    3237 	.db 0x80
      00079C E2                    3238 	.db 0xe2
      00079D 94                    3239 	.db 0x94
      00079E 80                    3240 	.db 0x80
      00079F E2                    3241 	.db 0xe2
      0007A0 94                    3242 	.db 0x94
      0007A1 80                    3243 	.db 0x80
      0007A2 E2                    3244 	.db 0xe2
      0007A3 94                    3245 	.db 0x94
      0007A4 80                    3246 	.db 0x80
      0007A5 E2                    3247 	.db 0xe2
      0007A6 94                    3248 	.db 0x94
      0007A7 80                    3249 	.db 0x80
      0007A8 E2                    3250 	.db 0xe2
      0007A9 94                    3251 	.db 0x94
      0007AA 80                    3252 	.db 0x80
      0007AB E2                    3253 	.db 0xe2
      0007AC 94                    3254 	.db 0x94
      0007AD 80                    3255 	.db 0x80
      0007AE E2                    3256 	.db 0xe2
      0007AF 94                    3257 	.db 0x94
      0007B0 80                    3258 	.db 0x80
      0007B1 E2                    3259 	.db 0xe2
      0007B2 94                    3260 	.db 0x94
      0007B3 80                    3261 	.db 0x80
      0007B4 E2                    3262 	.db 0xe2
      0007B5 94                    3263 	.db 0x94
      0007B6 80                    3264 	.db 0x80
      0007B7 E2                    3265 	.db 0xe2
      0007B8 94                    3266 	.db 0x94
      0007B9 80                    3267 	.db 0x80
      0007BA E2                    3268 	.db 0xe2
      0007BB 94                    3269 	.db 0x94
      0007BC 80                    3270 	.db 0x80
      0007BD E2                    3271 	.db 0xe2
      0007BE 94                    3272 	.db 0x94
      0007BF 80                    3273 	.db 0x80
      0007C0 E2                    3274 	.db 0xe2
      0007C1 94                    3275 	.db 0x94
      0007C2 80                    3276 	.db 0x80
      0007C3 E2                    3277 	.db 0xe2
      0007C4 94                    3278 	.db 0x94
      0007C5 80                    3279 	.db 0x80
      0007C6 E2                    3280 	.db 0xe2
      0007C7 94                    3281 	.db 0x94
      0007C8 80                    3282 	.db 0x80
      0007C9 E2                    3283 	.db 0xe2
      0007CA 94                    3284 	.db 0x94
      0007CB A4                    3285 	.db 0xa4
      0007CC 0A                    3286 	.db 0x0a
      0007CD 0D                    3287 	.db 0x0d
      0007CE 00                    3288 	.db 0x00
                                   3289 	.area CSEG    (CODE)
                                   3290 	.area CONST   (CODE)
      0007CF                       3291 ___str_3:
      0007CF E2                    3292 	.db 0xe2
      0007D0 94                    3293 	.db 0x94
      0007D1 82                    3294 	.db 0x82
      0007D2 20 20 43 6F 6D 6D 61  3295 	.ascii "  Command   "
             6E 64 20 20 20
      0007DE E2                    3296 	.db 0xe2
      0007DF 94                    3297 	.db 0x94
      0007E0 82                    3298 	.db 0x82
      0007E1 20 20 20 20 20 20 20  3299 	.ascii "               Description                       "
             20 20 20 20 20 20 20
             20 44 65 73 63 72 69
             70 74 69 6F 6E 20 20
             20 20 20 20 20 20 20
             20 20 20 20 20 20 20
             20 20 20 20 20 20 20
      000812 E2                    3300 	.db 0xe2
      000813 94                    3301 	.db 0x94
      000814 82                    3302 	.db 0x82
      000815 0A                    3303 	.db 0x0a
      000816 0D                    3304 	.db 0x0d
      000817 00                    3305 	.db 0x00
                                   3306 	.area CSEG    (CODE)
                                   3307 	.area CONST   (CODE)
      000818                       3308 ___str_4:
      000818 E2                    3309 	.db 0xe2
      000819 94                    3310 	.db 0x94
      00081A 82                    3311 	.db 0x82
      00081B 20 20 20 20 4D 20 20  3312 	.ascii "    M      "
             20 20 20 20
      000826 E2                    3313 	.db 0xe2
      000827 94                    3314 	.db 0x94
      000828 82                    3315 	.db 0x82
      000829 20 4D 61 6E 75 61 6C  3316 	.ascii " Manual SPI Mode (Direct Register Control)     "
             20 53 50 49 20 4D 6F
             64 65 20 28 44 69 72
             65 63 74 20 52 65 67
             69 73 74 65 72 20 43
             6F 6E 74 72 6F 6C 29
             20 20 20 20 20
      000858 E2                    3317 	.db 0xe2
      000859 94                    3318 	.db 0x94
      00085A 82                    3319 	.db 0x82
      00085B 0A                    3320 	.db 0x0a
      00085C 0D                    3321 	.db 0x0d
      00085D 00                    3322 	.db 0x00
                                   3323 	.area CSEG    (CODE)
                                   3324 	.area CONST   (CODE)
      00085E                       3325 ___str_5:
      00085E E2                    3326 	.db 0xe2
      00085F 94                    3327 	.db 0x94
      000860 82                    3328 	.db 0x82
      000861 20 20 20 20 53 20 20  3329 	.ascii "    S      "
             20 20 20 20
      00086C E2                    3330 	.db 0xe2
      00086D 94                    3331 	.db 0x94
      00086E 82                    3332 	.db 0x82
      00086F 20 47 65 6E 65 72 61  3333 	.ascii " Generate Sine Wave                            "
             74 65 20 53 69 6E 65
             20 57 61 76 65 20 20
             20 20 20 20 20 20 20
             20 20 20 20 20 20 20
             20 20 20 20 20 20 20
             20 20 20 20 20
      00089E E2                    3334 	.db 0xe2
      00089F 94                    3335 	.db 0x94
      0008A0 82                    3336 	.db 0x82
      0008A1 0A                    3337 	.db 0x0a
      0008A2 0D                    3338 	.db 0x0d
      0008A3 00                    3339 	.db 0x00
                                   3340 	.area CSEG    (CODE)
                                   3341 	.area CONST   (CODE)
      0008A4                       3342 ___str_6:
      0008A4 E2                    3343 	.db 0xe2
      0008A5 94                    3344 	.db 0x94
      0008A6 82                    3345 	.db 0x82
      0008A7 20 20 20 20 54 20 20  3346 	.ascii "    T      "
             20 20 20 20
      0008B2 E2                    3347 	.db 0xe2
      0008B3 94                    3348 	.db 0x94
      0008B4 82                    3349 	.db 0x82
      0008B5 20 47 65 6E 65 72 61  3350 	.ascii " Generate Triangular Wave                      "
             74 65 20 54 72 69 61
             6E 67 75 6C 61 72 20
             57 61 76 65 20 20 20
             20 20 20 20 20 20 20
             20 20 20 20 20 20 20
             20 20 20 20 20
      0008E4 E2                    3351 	.db 0xe2
      0008E5 94                    3352 	.db 0x94
      0008E6 82                    3353 	.db 0x82
      0008E7 0A                    3354 	.db 0x0a
      0008E8 0D                    3355 	.db 0x0d
      0008E9 00                    3356 	.db 0x00
                                   3357 	.area CSEG    (CODE)
                                   3358 	.area CONST   (CODE)
      0008EA                       3359 ___str_7:
      0008EA E2                    3360 	.db 0xe2
      0008EB 94                    3361 	.db 0x94
      0008EC 82                    3362 	.db 0x82
      0008ED 20 20 20 20 44 20 20  3363 	.ascii "    D      "
             20 20 20 20
      0008F8 E2                    3364 	.db 0xe2
      0008F9 94                    3365 	.db 0x94
      0008FA 82                    3366 	.db 0x82
      0008FB 20 44 65 6D 6F 20 4D  3367 	.ascii " Demo Mode (Cycle through all waveforms)       "
             6F 64 65 20 28 43 79
             63 6C 65 20 74 68 72
             6F 75 67 68 20 61 6C
             6C 20 77 61 76 65 66
             6F 72 6D 73 29 20 20
             20 20 20 20 20
      00092A E2                    3368 	.db 0xe2
      00092B 94                    3369 	.db 0x94
      00092C 82                    3370 	.db 0x82
      00092D 0A                    3371 	.db 0x0a
      00092E 0D                    3372 	.db 0x0d
      00092F 00                    3373 	.db 0x00
                                   3374 	.area CSEG    (CODE)
                                   3375 	.area CONST   (CODE)
      000930                       3376 ___str_8:
      000930 E2                    3377 	.db 0xe2
      000931 94                    3378 	.db 0x94
      000932 82                    3379 	.db 0x82
      000933 20 20 20 20 52 20 20  3380 	.ascii "    R      "
             20 20 20 20
      00093E E2                    3381 	.db 0xe2
      00093F 94                    3382 	.db 0x94
      000940 82                    3383 	.db 0x82
      000941 20 52 61 6D 70 20 77  3384 	.ascii " Ramp wave                                     "
             61 76 65 20 20 20 20
             20 20 20 20 20 20 20
             20 20 20 20 20 20 20
             20 20 20 20 20 20 20
             20 20 20 20 20 20 20
             20 20 20 20 20
      000970 E2                    3385 	.db 0xe2
      000971 94                    3386 	.db 0x94
      000972 82                    3387 	.db 0x82
      000973 0A                    3388 	.db 0x0a
      000974 0D                    3389 	.db 0x0d
      000975 00                    3390 	.db 0x00
                                   3391 	.area CSEG    (CODE)
                                   3392 	.area CONST   (CODE)
      000976                       3393 ___str_9:
      000976 E2                    3394 	.db 0xe2
      000977 94                    3395 	.db 0x94
      000978 82                    3396 	.db 0x82
      000979 20 20 20 20 3F 20 20  3397 	.ascii "    ?      "
             20 20 20 20
      000984 E2                    3398 	.db 0xe2
      000985 94                    3399 	.db 0x94
      000986 82                    3400 	.db 0x82
      000987 20 44 69 73 70 6C 61  3401 	.ascii " Display this help menu                        "
             79 20 74 68 69 73 20
             68 65 6C 70 20 6D 65
             6E 75 20 20 20 20 20
             20 20 20 20 20 20 20
             20 20 20 20 20 20 20
             20 20 20 20 20
      0009B6 E2                    3402 	.db 0xe2
      0009B7 94                    3403 	.db 0x94
      0009B8 82                    3404 	.db 0x82
      0009B9 0A                    3405 	.db 0x0a
      0009BA 0D                    3406 	.db 0x0d
      0009BB 00                    3407 	.db 0x00
                                   3408 	.area CSEG    (CODE)
                                   3409 	.area CONST   (CODE)
      0009BC                       3410 ___str_10:
      0009BC E2                    3411 	.db 0xe2
      0009BD 94                    3412 	.db 0x94
      0009BE 94                    3413 	.db 0x94
      0009BF E2                    3414 	.db 0xe2
      0009C0 94                    3415 	.db 0x94
      0009C1 80                    3416 	.db 0x80
      0009C2 E2                    3417 	.db 0xe2
      0009C3 94                    3418 	.db 0x94
      0009C4 80                    3419 	.db 0x80
      0009C5 E2                    3420 	.db 0xe2
      0009C6 94                    3421 	.db 0x94
      0009C7 80                    3422 	.db 0x80
      0009C8 E2                    3423 	.db 0xe2
      0009C9 94                    3424 	.db 0x94
      0009CA 80                    3425 	.db 0x80
      0009CB E2                    3426 	.db 0xe2
      0009CC 94                    3427 	.db 0x94
      0009CD 80                    3428 	.db 0x80
      0009CE E2                    3429 	.db 0xe2
      0009CF 94                    3430 	.db 0x94
      0009D0 80                    3431 	.db 0x80
      0009D1 E2                    3432 	.db 0xe2
      0009D2 94                    3433 	.db 0x94
      0009D3 80                    3434 	.db 0x80
      0009D4 E2                    3435 	.db 0xe2
      0009D5 94                    3436 	.db 0x94
      0009D6 80                    3437 	.db 0x80
      0009D7 E2                    3438 	.db 0xe2
      0009D8 94                    3439 	.db 0x94
      0009D9 80                    3440 	.db 0x80
      0009DA E2                    3441 	.db 0xe2
      0009DB 94                    3442 	.db 0x94
      0009DC 80                    3443 	.db 0x80
      0009DD E2                    3444 	.db 0xe2
      0009DE 94                    3445 	.db 0x94
      0009DF 80                    3446 	.db 0x80
      0009E0 E2                    3447 	.db 0xe2
      0009E1 94                    3448 	.db 0x94
      0009E2 B4                    3449 	.db 0xb4
      0009E3 E2                    3450 	.db 0xe2
      0009E4 94                    3451 	.db 0x94
      0009E5 80                    3452 	.db 0x80
      0009E6 E2                    3453 	.db 0xe2
      0009E7 94                    3454 	.db 0x94
      0009E8 80                    3455 	.db 0x80
      0009E9 E2                    3456 	.db 0xe2
      0009EA 94                    3457 	.db 0x94
      0009EB 80                    3458 	.db 0x80
      0009EC E2                    3459 	.db 0xe2
      0009ED 94                    3460 	.db 0x94
      0009EE 80                    3461 	.db 0x80
      0009EF E2                    3462 	.db 0xe2
      0009F0 94                    3463 	.db 0x94
      0009F1 80                    3464 	.db 0x80
      0009F2 E2                    3465 	.db 0xe2
      0009F3 94                    3466 	.db 0x94
      0009F4 80                    3467 	.db 0x80
      0009F5 E2                    3468 	.db 0xe2
      0009F6 94                    3469 	.db 0x94
      0009F7 80                    3470 	.db 0x80
      0009F8 E2                    3471 	.db 0xe2
      0009F9 94                    3472 	.db 0x94
      0009FA 80                    3473 	.db 0x80
      0009FB E2                    3474 	.db 0xe2
      0009FC 94                    3475 	.db 0x94
      0009FD 80                    3476 	.db 0x80
      0009FE E2                    3477 	.db 0xe2
      0009FF 94                    3478 	.db 0x94
      000A00 80                    3479 	.db 0x80
      000A01 E2                    3480 	.db 0xe2
      000A02 94                    3481 	.db 0x94
      000A03 80                    3482 	.db 0x80
      000A04 E2                    3483 	.db 0xe2
      000A05 94                    3484 	.db 0x94
      000A06 80                    3485 	.db 0x80
      000A07 E2                    3486 	.db 0xe2
      000A08 94                    3487 	.db 0x94
      000A09 80                    3488 	.db 0x80
      000A0A E2                    3489 	.db 0xe2
      000A0B 94                    3490 	.db 0x94
      000A0C 80                    3491 	.db 0x80
      000A0D E2                    3492 	.db 0xe2
      000A0E 94                    3493 	.db 0x94
      000A0F 80                    3494 	.db 0x80
      000A10 E2                    3495 	.db 0xe2
      000A11 94                    3496 	.db 0x94
      000A12 80                    3497 	.db 0x80
      000A13 E2                    3498 	.db 0xe2
      000A14 94                    3499 	.db 0x94
      000A15 80                    3500 	.db 0x80
      000A16 E2                    3501 	.db 0xe2
      000A17 94                    3502 	.db 0x94
      000A18 80                    3503 	.db 0x80
      000A19 E2                    3504 	.db 0xe2
      000A1A 94                    3505 	.db 0x94
      000A1B 80                    3506 	.db 0x80
      000A1C E2                    3507 	.db 0xe2
      000A1D 94                    3508 	.db 0x94
      000A1E 80                    3509 	.db 0x80
      000A1F E2                    3510 	.db 0xe2
      000A20 94                    3511 	.db 0x94
      000A21 80                    3512 	.db 0x80
      000A22 E2                    3513 	.db 0xe2
      000A23 94                    3514 	.db 0x94
      000A24 80                    3515 	.db 0x80
      000A25 E2                    3516 	.db 0xe2
      000A26 94                    3517 	.db 0x94
      000A27 80                    3518 	.db 0x80
      000A28 E2                    3519 	.db 0xe2
      000A29 94                    3520 	.db 0x94
      000A2A 80                    3521 	.db 0x80
      000A2B E2                    3522 	.db 0xe2
      000A2C 94                    3523 	.db 0x94
      000A2D 80                    3524 	.db 0x80
      000A2E E2                    3525 	.db 0xe2
      000A2F 94                    3526 	.db 0x94
      000A30 80                    3527 	.db 0x80
      000A31 E2                    3528 	.db 0xe2
      000A32 94                    3529 	.db 0x94
      000A33 80                    3530 	.db 0x80
      000A34 E2                    3531 	.db 0xe2
      000A35 94                    3532 	.db 0x94
      000A36 80                    3533 	.db 0x80
      000A37 E2                    3534 	.db 0xe2
      000A38 94                    3535 	.db 0x94
      000A39 80                    3536 	.db 0x80
      000A3A E2                    3537 	.db 0xe2
      000A3B 94                    3538 	.db 0x94
      000A3C 80                    3539 	.db 0x80
      000A3D E2                    3540 	.db 0xe2
      000A3E 94                    3541 	.db 0x94
      000A3F 80                    3542 	.db 0x80
      000A40 E2                    3543 	.db 0xe2
      000A41 94                    3544 	.db 0x94
      000A42 80                    3545 	.db 0x80
      000A43 E2                    3546 	.db 0xe2
      000A44 94                    3547 	.db 0x94
      000A45 80                    3548 	.db 0x80
      000A46 E2                    3549 	.db 0xe2
      000A47 94                    3550 	.db 0x94
      000A48 80                    3551 	.db 0x80
      000A49 E2                    3552 	.db 0xe2
      000A4A 94                    3553 	.db 0x94
      000A4B 80                    3554 	.db 0x80
      000A4C E2                    3555 	.db 0xe2
      000A4D 94                    3556 	.db 0x94
      000A4E 80                    3557 	.db 0x80
      000A4F E2                    3558 	.db 0xe2
      000A50 94                    3559 	.db 0x94
      000A51 80                    3560 	.db 0x80
      000A52 E2                    3561 	.db 0xe2
      000A53 94                    3562 	.db 0x94
      000A54 80                    3563 	.db 0x80
      000A55 E2                    3564 	.db 0xe2
      000A56 94                    3565 	.db 0x94
      000A57 80                    3566 	.db 0x80
      000A58 E2                    3567 	.db 0xe2
      000A59 94                    3568 	.db 0x94
      000A5A 80                    3569 	.db 0x80
      000A5B E2                    3570 	.db 0xe2
      000A5C 94                    3571 	.db 0x94
      000A5D 80                    3572 	.db 0x80
      000A5E E2                    3573 	.db 0xe2
      000A5F 94                    3574 	.db 0x94
      000A60 80                    3575 	.db 0x80
      000A61 E2                    3576 	.db 0xe2
      000A62 94                    3577 	.db 0x94
      000A63 80                    3578 	.db 0x80
      000A64 E2                    3579 	.db 0xe2
      000A65 94                    3580 	.db 0x94
      000A66 80                    3581 	.db 0x80
      000A67 E2                    3582 	.db 0xe2
      000A68 94                    3583 	.db 0x94
      000A69 80                    3584 	.db 0x80
      000A6A E2                    3585 	.db 0xe2
      000A6B 94                    3586 	.db 0x94
      000A6C 80                    3587 	.db 0x80
      000A6D E2                    3588 	.db 0xe2
      000A6E 94                    3589 	.db 0x94
      000A6F 80                    3590 	.db 0x80
      000A70 E2                    3591 	.db 0xe2
      000A71 94                    3592 	.db 0x94
      000A72 98                    3593 	.db 0x98
      000A73 0A                    3594 	.db 0x0a
      000A74 0D                    3595 	.db 0x0d
      000A75 00                    3596 	.db 0x00
                                   3597 	.area CSEG    (CODE)
                                   3598 	.area CONST   (CODE)
      000A76                       3599 ___str_11:
      000A76 0A                    3600 	.db 0x0a
      000A77 0D                    3601 	.db 0x0d
      000A78 3E 3E 20 45 6E 74 65  3602 	.ascii ">> Enter command: "
             72 20 63 6F 6D 6D 61
             6E 64 3A 20
      000A8A 00                    3603 	.db 0x00
                                   3604 	.area CSEG    (CODE)
                                   3605 	.area CONST   (CODE)
      000A8B                       3606 ___str_12:
      000A8B 7C 20 24 20 25 63     3607 	.ascii "| $ %c"
      000A91 0A                    3608 	.db 0x0a
      000A92 0D                    3609 	.db 0x0d
      000A93 00                    3610 	.db 0x00
                                   3611 	.area CSEG    (CODE)
                                   3612 	.area CONST   (CODE)
      000A94                       3613 ___str_13:
      000A94 0A                    3614 	.db 0x0a
      000A95 0D                    3615 	.db 0x0d
      000A96 00                    3616 	.db 0x00
                                   3617 	.area CSEG    (CODE)
                                   3618 	.area CONST   (CODE)
      000A97                       3619 ___str_14:
      000A97 3E 3E 20 53 49 4E 45  3620 	.ascii ">> SINE WAVE GENERATION COMPLETE"
             20 57 41 56 45 20 47
             45 4E 45 52 41 54 49
             4F 4E 20 43 4F 4D 50
             4C 45 54 45
      000AB7 0A                    3621 	.db 0x0a
      000AB8 0D                    3622 	.db 0x0d
      000AB9 00                    3623 	.db 0x00
                                   3624 	.area CSEG    (CODE)
                                   3625 	.area CONST   (CODE)
      000ABA                       3626 ___str_15:
      000ABA 3E 3E 20 53 51 55 41  3627 	.ascii ">> SQUARE WAVE GENERATION COMPLETE"
             52 45 20 57 41 56 45
             20 47 45 4E 45 52 41
             54 49 4F 4E 20 43 4F
             4D 50 4C 45 54 45
      000ADC 0A                    3628 	.db 0x0a
      000ADD 0D                    3629 	.db 0x0d
      000ADE 00                    3630 	.db 0x00
                                   3631 	.area CSEG    (CODE)
                                   3632 	.area CONST   (CODE)
      000ADF                       3633 ___str_16:
      000ADF 3E 3E 20 53 49 4E 20  3634 	.ascii ">> SIN WAVE GENERATION COMPLETE"
             57 41 56 45 20 47 45
             4E 45 52 41 54 49 4F
             4E 20 43 4F 4D 50 4C
             45 54 45
      000AFE 0A                    3635 	.db 0x0a
      000AFF 0D                    3636 	.db 0x0d
      000B00 00                    3637 	.db 0x00
                                   3638 	.area CSEG    (CODE)
                                   3639 	.area CONST   (CODE)
      000B01                       3640 ___str_17:
      000B01 3E 3E 20 54 52 49 41  3641 	.ascii ">> TRIANGULAR WAVE GENERATION COMPLETE"
             4E 47 55 4C 41 52 20
             57 41 56 45 20 47 45
             4E 45 52 41 54 49 4F
             4E 20 43 4F 4D 50 4C
             45 54 45
      000B27 0A                    3642 	.db 0x0a
      000B28 0D                    3643 	.db 0x0d
      000B29 00                    3644 	.db 0x00
                                   3645 	.area CSEG    (CODE)
                                   3646 	.area CONST   (CODE)
      000B2A                       3647 ___str_18:
      000B2A 3E 3E 20 52 41 4D 50  3648 	.ascii ">> RAMP WAVE GENERATION COMPLETE"
             20 57 41 56 45 20 47
             45 4E 45 52 41 54 49
             4F 4E 20 43 4F 4D 50
             4C 45 54 45
      000B4A 0A                    3649 	.db 0x0a
      000B4B 0D                    3650 	.db 0x0d
      000B4C 00                    3651 	.db 0x00
                                   3652 	.area CSEG    (CODE)
                                   3653 	.area CONST   (CODE)
      000B4D                       3654 ___str_19:
      000B4D 3E 3E 20 44 45 4D 4F  3655 	.ascii ">> DEMO COMPLETE"
             20 43 4F 4D 50 4C 45
             54 45
      000B5D 0A                    3656 	.db 0x0a
      000B5E 0D                    3657 	.db 0x0d
      000B5F 00                    3658 	.db 0x00
                                   3659 	.area CSEG    (CODE)
                                   3660 	.area CONST   (CODE)
      000B60                       3661 ___str_20:
      000B60 3E 3E 20 49 4E 56 41  3662 	.ascii ">> INVALID INPUT"
             4C 49 44 20 49 4E 50
             55 54
      000B70 0A                    3663 	.db 0x0a
      000B71 0D                    3664 	.db 0x0d
      000B72 00                    3665 	.db 0x00
                                   3666 	.area CSEG    (CODE)
                                   3667 	.area CONST   (CODE)
      000B73                       3668 ___str_21:
      000B73 E2                    3669 	.db 0xe2
      000B74 94                    3670 	.db 0x94
      000B75 82                    3671 	.db 0x82
      000B76 20 45 6E 74 65 72 20  3672 	.ascii " Enter number (up to 2 characters): "
             6E 75 6D 62 65 72 20
             28 75 70 20 74 6F 20
             32 20 63 68 61 72 61
             63 74 65 72 73 29 3A
             20
      000B9A 0A                    3673 	.db 0x0a
      000B9B 0D                    3674 	.db 0x0d
      000B9C 7C                    3675 	.ascii "|"
      000B9D 00                    3676 	.db 0x00
                                   3677 	.area CSEG    (CODE)
                                   3678 	.area CONST   (CODE)
      000B9E                       3679 ___str_22:
      000B9E 24 20                 3680 	.ascii "$ "
      000BA0 00                    3681 	.db 0x00
                                   3682 	.area CSEG    (CODE)
                                   3683 	.area CONST   (CODE)
      000BA1                       3684 ___str_23:
      000BA1 0A                    3685 	.db 0x0a
      000BA2 0D                    3686 	.db 0x0d
      000BA3 E2                    3687 	.db 0xe2
      000BA4 94                    3688 	.db 0x94
      000BA5 82                    3689 	.db 0x82
      000BA6 20 45 6E 74 65 72 65  3690 	.ascii " Entered data: 0x%02X"
             64 20 64 61 74 61 3A
             20 30 78 25 30 32 58
      000BBB 0A                    3691 	.db 0x0a
      000BBC 0D                    3692 	.db 0x0d
      000BBD 00                    3693 	.db 0x00
                                   3694 	.area CSEG    (CODE)
                                   3695 	.area CONST   (CODE)
      000BBE                       3696 ___str_24:
      000BBE 0D                    3697 	.db 0x0d
      000BBF 0A                    3698 	.db 0x0a
      000BC0 20 49 6E 73 69 64 65  3699 	.ascii " Inside Manual SPI"
             20 4D 61 6E 75 61 6C
             20 53 50 49
      000BD2 00                    3700 	.db 0x00
                                   3701 	.area CSEG    (CODE)
                                   3702 	.area CONST   (CODE)
      000BD3                       3703 ___str_25:
      000BD3 25 64                 3704 	.ascii "%d"
      000BD5 0A                    3705 	.db 0x0a
      000BD6 0D                    3706 	.db 0x0d
      000BD7 00                    3707 	.db 0x00
                                   3708 	.area CSEG    (CODE)
                                   3709 	.area CONST   (CODE)
      000BD8                       3710 ___str_26:
      000BD8 0D                    3711 	.db 0x0d
      000BD9 0A                    3712 	.db 0x0a
      000BDA 20 4E 75 6D 62 65 72  3713 	.ascii " Number is %d"
             20 69 73 20 25 64
      000BE7 00                    3714 	.db 0x00
                                   3715 	.area CSEG    (CODE)
                                   3716 	.area XINIT   (CODE)
      000000                       3717 __xinit__ms_flag:
      000000 00                    3718 	.db #0x00	; 0
      000001                       3719 __xinit__transmission_complete:
      000001 00 00                 3720 	.byte #0x00, #0x00	;  0
                                   3721 	.area CABS    (ABS,CODE)
