                                      1 ;--------------------------------------------------------
                                      2 ; File Created by SDCC : free open source ANSI-C Compiler
                                      3 ; Version 4.0.0 #11528 (Linux)
                                      4 ;--------------------------------------------------------
                                      5 	.module syntax
                                      6 	.optsdcc -mmcs51 --model-large
                                      7 	
                                      8 ;--------------------------------------------------------
                                      9 ; Public variables in this module
                                     10 ;--------------------------------------------------------
                                     11 	.globl _main
                                     12 	.globl _get_command
                                     13 	.globl _init_uart
                                     14 	.globl ___sdcc_external_startup
                                     15 	.globl _dataout
                                     16 	.globl _printf
                                     17 	.globl _free
                                     18 	.globl _malloc
                                     19 	.globl _P5_7
                                     20 	.globl _P5_6
                                     21 	.globl _P5_5
                                     22 	.globl _P5_4
                                     23 	.globl _P5_3
                                     24 	.globl _P5_2
                                     25 	.globl _P5_1
                                     26 	.globl _P5_0
                                     27 	.globl _P4_7
                                     28 	.globl _P4_6
                                     29 	.globl _P4_5
                                     30 	.globl _P4_4
                                     31 	.globl _P4_3
                                     32 	.globl _P4_2
                                     33 	.globl _P4_1
                                     34 	.globl _P4_0
                                     35 	.globl _PX0L
                                     36 	.globl _PT0L
                                     37 	.globl _PX1L
                                     38 	.globl _PT1L
                                     39 	.globl _PSL
                                     40 	.globl _PT2L
                                     41 	.globl _PPCL
                                     42 	.globl _EC
                                     43 	.globl _CCF0
                                     44 	.globl _CCF1
                                     45 	.globl _CCF2
                                     46 	.globl _CCF3
                                     47 	.globl _CCF4
                                     48 	.globl _CR
                                     49 	.globl _CF
                                     50 	.globl _TF2
                                     51 	.globl _EXF2
                                     52 	.globl _RCLK
                                     53 	.globl _TCLK
                                     54 	.globl _EXEN2
                                     55 	.globl _TR2
                                     56 	.globl _C_T2
                                     57 	.globl _CP_RL2
                                     58 	.globl _T2CON_7
                                     59 	.globl _T2CON_6
                                     60 	.globl _T2CON_5
                                     61 	.globl _T2CON_4
                                     62 	.globl _T2CON_3
                                     63 	.globl _T2CON_2
                                     64 	.globl _T2CON_1
                                     65 	.globl _T2CON_0
                                     66 	.globl _PT2
                                     67 	.globl _ET2
                                     68 	.globl _CY
                                     69 	.globl _AC
                                     70 	.globl _F0
                                     71 	.globl _RS1
                                     72 	.globl _RS0
                                     73 	.globl _OV
                                     74 	.globl _F1
                                     75 	.globl _P
                                     76 	.globl _PS
                                     77 	.globl _PT1
                                     78 	.globl _PX1
                                     79 	.globl _PT0
                                     80 	.globl _PX0
                                     81 	.globl _RD
                                     82 	.globl _WR
                                     83 	.globl _T1
                                     84 	.globl _T0
                                     85 	.globl _INT1
                                     86 	.globl _INT0
                                     87 	.globl _TXD
                                     88 	.globl _RXD
                                     89 	.globl _P3_7
                                     90 	.globl _P3_6
                                     91 	.globl _P3_5
                                     92 	.globl _P3_4
                                     93 	.globl _P3_3
                                     94 	.globl _P3_2
                                     95 	.globl _P3_1
                                     96 	.globl _P3_0
                                     97 	.globl _EA
                                     98 	.globl _ES
                                     99 	.globl _ET1
                                    100 	.globl _EX1
                                    101 	.globl _ET0
                                    102 	.globl _EX0
                                    103 	.globl _P2_7
                                    104 	.globl _P2_6
                                    105 	.globl _P2_5
                                    106 	.globl _P2_4
                                    107 	.globl _P2_3
                                    108 	.globl _P2_2
                                    109 	.globl _P2_1
                                    110 	.globl _P2_0
                                    111 	.globl _SM0
                                    112 	.globl _SM1
                                    113 	.globl _SM2
                                    114 	.globl _REN
                                    115 	.globl _TB8
                                    116 	.globl _RB8
                                    117 	.globl _TI
                                    118 	.globl _RI
                                    119 	.globl _P1_7
                                    120 	.globl _P1_6
                                    121 	.globl _P1_5
                                    122 	.globl _P1_4
                                    123 	.globl _P1_3
                                    124 	.globl _P1_2
                                    125 	.globl _P1_1
                                    126 	.globl _P1_0
                                    127 	.globl _TF1
                                    128 	.globl _TR1
                                    129 	.globl _TF0
                                    130 	.globl _TR0
                                    131 	.globl _IE1
                                    132 	.globl _IT1
                                    133 	.globl _IE0
                                    134 	.globl _IT0
                                    135 	.globl _P0_7
                                    136 	.globl _P0_6
                                    137 	.globl _P0_5
                                    138 	.globl _P0_4
                                    139 	.globl _P0_3
                                    140 	.globl _P0_2
                                    141 	.globl _P0_1
                                    142 	.globl _P0_0
                                    143 	.globl _EECON
                                    144 	.globl _KBF
                                    145 	.globl _KBE
                                    146 	.globl _KBLS
                                    147 	.globl _BRL
                                    148 	.globl _BDRCON
                                    149 	.globl _T2MOD
                                    150 	.globl _SPDAT
                                    151 	.globl _SPSTA
                                    152 	.globl _SPCON
                                    153 	.globl _SADEN
                                    154 	.globl _SADDR
                                    155 	.globl _WDTPRG
                                    156 	.globl _WDTRST
                                    157 	.globl _P5
                                    158 	.globl _P4
                                    159 	.globl _IPH1
                                    160 	.globl _IPL1
                                    161 	.globl _IPH0
                                    162 	.globl _IPL0
                                    163 	.globl _IEN1
                                    164 	.globl _IEN0
                                    165 	.globl _CMOD
                                    166 	.globl _CL
                                    167 	.globl _CH
                                    168 	.globl _CCON
                                    169 	.globl _CCAPM4
                                    170 	.globl _CCAPM3
                                    171 	.globl _CCAPM2
                                    172 	.globl _CCAPM1
                                    173 	.globl _CCAPM0
                                    174 	.globl _CCAP4L
                                    175 	.globl _CCAP3L
                                    176 	.globl _CCAP2L
                                    177 	.globl _CCAP1L
                                    178 	.globl _CCAP0L
                                    179 	.globl _CCAP4H
                                    180 	.globl _CCAP3H
                                    181 	.globl _CCAP2H
                                    182 	.globl _CCAP1H
                                    183 	.globl _CCAP0H
                                    184 	.globl _CKCON1
                                    185 	.globl _CKCON0
                                    186 	.globl _CKRL
                                    187 	.globl _AUXR1
                                    188 	.globl _AUXR
                                    189 	.globl _TH2
                                    190 	.globl _TL2
                                    191 	.globl _RCAP2H
                                    192 	.globl _RCAP2L
                                    193 	.globl _T2CON
                                    194 	.globl _B
                                    195 	.globl _ACC
                                    196 	.globl _PSW
                                    197 	.globl _IP
                                    198 	.globl _P3
                                    199 	.globl _IE
                                    200 	.globl _P2
                                    201 	.globl _SBUF
                                    202 	.globl _SCON
                                    203 	.globl _P1
                                    204 	.globl _TH1
                                    205 	.globl _TH0
                                    206 	.globl _TL1
                                    207 	.globl _TL0
                                    208 	.globl _TMOD
                                    209 	.globl _TCON
                                    210 	.globl _PCON
                                    211 	.globl _DPH
                                    212 	.globl _DPL
                                    213 	.globl _SP
                                    214 	.globl _P0
                                    215 	.globl _pointer2
                                    216 	.globl _pointer1
                                    217 	.globl _recived_bytes
                                    218 	.globl _recent_storage
                                    219 	.globl _recent_commands
                                    220 	.globl _total_number_of_storage
                                    221 	.globl _total_number_of_commands
                                    222 	.globl _get_buf_value_PARM_3
                                    223 	.globl _get_buf_value_PARM_2
                                    224 	.globl _array_for_nodes
                                    225 	.globl _dataout_PARM_2
                                    226 	.globl _putchar
                                    227 	.globl _getchar
                                    228 	.globl _get_buf_value
                                    229 	.globl _sendUint32ToUART
                                    230 	.globl _print_prompt
                                    231 	.globl _buffer0_dump
                                    232 ;--------------------------------------------------------
                                    233 ; special function registers
                                    234 ;--------------------------------------------------------
                                    235 	.area RSEG    (ABS,DATA)
      000000                        236 	.org 0x0000
                           000080   237 _P0	=	0x0080
                           000081   238 _SP	=	0x0081
                           000082   239 _DPL	=	0x0082
                           000083   240 _DPH	=	0x0083
                           000087   241 _PCON	=	0x0087
                           000088   242 _TCON	=	0x0088
                           000089   243 _TMOD	=	0x0089
                           00008A   244 _TL0	=	0x008a
                           00008B   245 _TL1	=	0x008b
                           00008C   246 _TH0	=	0x008c
                           00008D   247 _TH1	=	0x008d
                           000090   248 _P1	=	0x0090
                           000098   249 _SCON	=	0x0098
                           000099   250 _SBUF	=	0x0099
                           0000A0   251 _P2	=	0x00a0
                           0000A8   252 _IE	=	0x00a8
                           0000B0   253 _P3	=	0x00b0
                           0000B8   254 _IP	=	0x00b8
                           0000D0   255 _PSW	=	0x00d0
                           0000E0   256 _ACC	=	0x00e0
                           0000F0   257 _B	=	0x00f0
                           0000C8   258 _T2CON	=	0x00c8
                           0000CA   259 _RCAP2L	=	0x00ca
                           0000CB   260 _RCAP2H	=	0x00cb
                           0000CC   261 _TL2	=	0x00cc
                           0000CD   262 _TH2	=	0x00cd
                           00008E   263 _AUXR	=	0x008e
                           0000A2   264 _AUXR1	=	0x00a2
                           000097   265 _CKRL	=	0x0097
                           00008F   266 _CKCON0	=	0x008f
                           0000AF   267 _CKCON1	=	0x00af
                           0000FA   268 _CCAP0H	=	0x00fa
                           0000FB   269 _CCAP1H	=	0x00fb
                           0000FC   270 _CCAP2H	=	0x00fc
                           0000FD   271 _CCAP3H	=	0x00fd
                           0000FE   272 _CCAP4H	=	0x00fe
                           0000EA   273 _CCAP0L	=	0x00ea
                           0000EB   274 _CCAP1L	=	0x00eb
                           0000EC   275 _CCAP2L	=	0x00ec
                           0000ED   276 _CCAP3L	=	0x00ed
                           0000EE   277 _CCAP4L	=	0x00ee
                           0000DA   278 _CCAPM0	=	0x00da
                           0000DB   279 _CCAPM1	=	0x00db
                           0000DC   280 _CCAPM2	=	0x00dc
                           0000DD   281 _CCAPM3	=	0x00dd
                           0000DE   282 _CCAPM4	=	0x00de
                           0000D8   283 _CCON	=	0x00d8
                           0000F9   284 _CH	=	0x00f9
                           0000E9   285 _CL	=	0x00e9
                           0000D9   286 _CMOD	=	0x00d9
                           0000A8   287 _IEN0	=	0x00a8
                           0000B1   288 _IEN1	=	0x00b1
                           0000B8   289 _IPL0	=	0x00b8
                           0000B7   290 _IPH0	=	0x00b7
                           0000B2   291 _IPL1	=	0x00b2
                           0000B3   292 _IPH1	=	0x00b3
                           0000C0   293 _P4	=	0x00c0
                           0000E8   294 _P5	=	0x00e8
                           0000A6   295 _WDTRST	=	0x00a6
                           0000A7   296 _WDTPRG	=	0x00a7
                           0000A9   297 _SADDR	=	0x00a9
                           0000B9   298 _SADEN	=	0x00b9
                           0000C3   299 _SPCON	=	0x00c3
                           0000C4   300 _SPSTA	=	0x00c4
                           0000C5   301 _SPDAT	=	0x00c5
                           0000C9   302 _T2MOD	=	0x00c9
                           00009B   303 _BDRCON	=	0x009b
                           00009A   304 _BRL	=	0x009a
                           00009C   305 _KBLS	=	0x009c
                           00009D   306 _KBE	=	0x009d
                           00009E   307 _KBF	=	0x009e
                           0000D2   308 _EECON	=	0x00d2
                                    309 ;--------------------------------------------------------
                                    310 ; special function bits
                                    311 ;--------------------------------------------------------
                                    312 	.area RSEG    (ABS,DATA)
      000000                        313 	.org 0x0000
                           000080   314 _P0_0	=	0x0080
                           000081   315 _P0_1	=	0x0081
                           000082   316 _P0_2	=	0x0082
                           000083   317 _P0_3	=	0x0083
                           000084   318 _P0_4	=	0x0084
                           000085   319 _P0_5	=	0x0085
                           000086   320 _P0_6	=	0x0086
                           000087   321 _P0_7	=	0x0087
                           000088   322 _IT0	=	0x0088
                           000089   323 _IE0	=	0x0089
                           00008A   324 _IT1	=	0x008a
                           00008B   325 _IE1	=	0x008b
                           00008C   326 _TR0	=	0x008c
                           00008D   327 _TF0	=	0x008d
                           00008E   328 _TR1	=	0x008e
                           00008F   329 _TF1	=	0x008f
                           000090   330 _P1_0	=	0x0090
                           000091   331 _P1_1	=	0x0091
                           000092   332 _P1_2	=	0x0092
                           000093   333 _P1_3	=	0x0093
                           000094   334 _P1_4	=	0x0094
                           000095   335 _P1_5	=	0x0095
                           000096   336 _P1_6	=	0x0096
                           000097   337 _P1_7	=	0x0097
                           000098   338 _RI	=	0x0098
                           000099   339 _TI	=	0x0099
                           00009A   340 _RB8	=	0x009a
                           00009B   341 _TB8	=	0x009b
                           00009C   342 _REN	=	0x009c
                           00009D   343 _SM2	=	0x009d
                           00009E   344 _SM1	=	0x009e
                           00009F   345 _SM0	=	0x009f
                           0000A0   346 _P2_0	=	0x00a0
                           0000A1   347 _P2_1	=	0x00a1
                           0000A2   348 _P2_2	=	0x00a2
                           0000A3   349 _P2_3	=	0x00a3
                           0000A4   350 _P2_4	=	0x00a4
                           0000A5   351 _P2_5	=	0x00a5
                           0000A6   352 _P2_6	=	0x00a6
                           0000A7   353 _P2_7	=	0x00a7
                           0000A8   354 _EX0	=	0x00a8
                           0000A9   355 _ET0	=	0x00a9
                           0000AA   356 _EX1	=	0x00aa
                           0000AB   357 _ET1	=	0x00ab
                           0000AC   358 _ES	=	0x00ac
                           0000AF   359 _EA	=	0x00af
                           0000B0   360 _P3_0	=	0x00b0
                           0000B1   361 _P3_1	=	0x00b1
                           0000B2   362 _P3_2	=	0x00b2
                           0000B3   363 _P3_3	=	0x00b3
                           0000B4   364 _P3_4	=	0x00b4
                           0000B5   365 _P3_5	=	0x00b5
                           0000B6   366 _P3_6	=	0x00b6
                           0000B7   367 _P3_7	=	0x00b7
                           0000B0   368 _RXD	=	0x00b0
                           0000B1   369 _TXD	=	0x00b1
                           0000B2   370 _INT0	=	0x00b2
                           0000B3   371 _INT1	=	0x00b3
                           0000B4   372 _T0	=	0x00b4
                           0000B5   373 _T1	=	0x00b5
                           0000B6   374 _WR	=	0x00b6
                           0000B7   375 _RD	=	0x00b7
                           0000B8   376 _PX0	=	0x00b8
                           0000B9   377 _PT0	=	0x00b9
                           0000BA   378 _PX1	=	0x00ba
                           0000BB   379 _PT1	=	0x00bb
                           0000BC   380 _PS	=	0x00bc
                           0000D0   381 _P	=	0x00d0
                           0000D1   382 _F1	=	0x00d1
                           0000D2   383 _OV	=	0x00d2
                           0000D3   384 _RS0	=	0x00d3
                           0000D4   385 _RS1	=	0x00d4
                           0000D5   386 _F0	=	0x00d5
                           0000D6   387 _AC	=	0x00d6
                           0000D7   388 _CY	=	0x00d7
                           0000AD   389 _ET2	=	0x00ad
                           0000BD   390 _PT2	=	0x00bd
                           0000C8   391 _T2CON_0	=	0x00c8
                           0000C9   392 _T2CON_1	=	0x00c9
                           0000CA   393 _T2CON_2	=	0x00ca
                           0000CB   394 _T2CON_3	=	0x00cb
                           0000CC   395 _T2CON_4	=	0x00cc
                           0000CD   396 _T2CON_5	=	0x00cd
                           0000CE   397 _T2CON_6	=	0x00ce
                           0000CF   398 _T2CON_7	=	0x00cf
                           0000C8   399 _CP_RL2	=	0x00c8
                           0000C9   400 _C_T2	=	0x00c9
                           0000CA   401 _TR2	=	0x00ca
                           0000CB   402 _EXEN2	=	0x00cb
                           0000CC   403 _TCLK	=	0x00cc
                           0000CD   404 _RCLK	=	0x00cd
                           0000CE   405 _EXF2	=	0x00ce
                           0000CF   406 _TF2	=	0x00cf
                           0000DF   407 _CF	=	0x00df
                           0000DE   408 _CR	=	0x00de
                           0000DC   409 _CCF4	=	0x00dc
                           0000DB   410 _CCF3	=	0x00db
                           0000DA   411 _CCF2	=	0x00da
                           0000D9   412 _CCF1	=	0x00d9
                           0000D8   413 _CCF0	=	0x00d8
                           0000AE   414 _EC	=	0x00ae
                           0000BE   415 _PPCL	=	0x00be
                           0000BD   416 _PT2L	=	0x00bd
                           0000BC   417 _PSL	=	0x00bc
                           0000BB   418 _PT1L	=	0x00bb
                           0000BA   419 _PX1L	=	0x00ba
                           0000B9   420 _PT0L	=	0x00b9
                           0000B8   421 _PX0L	=	0x00b8
                           0000C0   422 _P4_0	=	0x00c0
                           0000C1   423 _P4_1	=	0x00c1
                           0000C2   424 _P4_2	=	0x00c2
                           0000C3   425 _P4_3	=	0x00c3
                           0000C4   426 _P4_4	=	0x00c4
                           0000C5   427 _P4_5	=	0x00c5
                           0000C6   428 _P4_6	=	0x00c6
                           0000C7   429 _P4_7	=	0x00c7
                           0000E8   430 _P5_0	=	0x00e8
                           0000E9   431 _P5_1	=	0x00e9
                           0000EA   432 _P5_2	=	0x00ea
                           0000EB   433 _P5_3	=	0x00eb
                           0000EC   434 _P5_4	=	0x00ec
                           0000ED   435 _P5_5	=	0x00ed
                           0000EE   436 _P5_6	=	0x00ee
                           0000EF   437 _P5_7	=	0x00ef
                                    438 ;--------------------------------------------------------
                                    439 ; overlayable register banks
                                    440 ;--------------------------------------------------------
                                    441 	.area REG_BANK_0	(REL,OVR,DATA)
      000000                        442 	.ds 8
                                    443 ;--------------------------------------------------------
                                    444 ; internal ram data
                                    445 ;--------------------------------------------------------
                                    446 	.area DSEG    (DATA)
      000000                        447 _get_command_sloc0_1_0:
      000000                        448 	.ds 2
      000002                        449 _get_command_sloc1_1_0:
      000002                        450 	.ds 3
      000005                        451 _main_sloc0_1_0:
      000005                        452 	.ds 2
                                    453 ;--------------------------------------------------------
                                    454 ; overlayable items in internal ram 
                                    455 ;--------------------------------------------------------
                                    456 ;--------------------------------------------------------
                                    457 ; Stack segment in internal ram 
                                    458 ;--------------------------------------------------------
                                    459 	.area	SSEG
      000000                        460 __start__stack:
      000000                        461 	.ds	1
                                    462 
                                    463 ;--------------------------------------------------------
                                    464 ; indirectly addressable internal ram data
                                    465 ;--------------------------------------------------------
                                    466 	.area ISEG    (DATA)
                                    467 ;--------------------------------------------------------
                                    468 ; absolute internal ram data
                                    469 ;--------------------------------------------------------
                                    470 	.area IABS    (ABS,DATA)
                                    471 	.area IABS    (ABS,DATA)
                                    472 ;--------------------------------------------------------
                                    473 ; bit data
                                    474 ;--------------------------------------------------------
                                    475 	.area BSEG    (BIT)
                                    476 ;--------------------------------------------------------
                                    477 ; paged external ram data
                                    478 ;--------------------------------------------------------
                                    479 	.area PSEG    (PAG,XDATA)
                                    480 ;--------------------------------------------------------
                                    481 ; external ram data
                                    482 ;--------------------------------------------------------
                                    483 	.area XSEG    (XDATA)
      000000                        484 _dataout_PARM_2:
      000000                        485 	.ds 1
      000001                        486 _dataout_val1_65536_41:
      000001                        487 	.ds 2
      000003                        488 _node_count:
      000003                        489 	.ds 1
      000004                        490 _array_for_nodes::
      000004                        491 	.ds 600
      00025C                        492 _putchar_chr_65536_51:
      00025C                        493 	.ds 2
      00025E                        494 _get_buf_value_PARM_2:
      00025E                        495 	.ds 2
      000260                        496 _get_buf_value_PARM_3:
      000260                        497 	.ds 2
      000262                        498 _get_buf_value_string_65536_55:
      000262                        499 	.ds 3
      000265                        500 _get_buf_value_data_from_serial_65536_56:
      000265                        501 	.ds 2
      000267                        502 _get_buf_value_buffer_size_65536_56:
      000267                        503 	.ds 2
      000269                        504 _get_buf_value_index_65536_56:
      000269                        505 	.ds 2
      00026B                        506 _sendUint32ToUART_value_65536_61:
      00026B                        507 	.ds 4
      00026F                        508 _print_prompt_string_65536_64:
      00026F                        509 	.ds 3
      000272                        510 _get_command_command_65536_67:
      000272                        511 	.ds 2
      000274                        512 _get_command_rd_ptr_131073_73:
      000274                        513 	.ds 3
      000277                        514 _get_command_temp_131073_73:
      000277                        515 	.ds 1
      000278                        516 _get_command_node_131074_78:
      000278                        517 	.ds 6
      00027E                        518 _buffer0_dump_rd_ptr_65536_80:
      00027E                        519 	.ds 3
      000281                        520 _buffer0_dump_temp_65536_80:
      000281                        521 	.ds 1
      000282                        522 _main_node1_65537_89:
      000282                        523 	.ds 6
      000288                        524 _main_node2_65538_90:
      000288                        525 	.ds 6
                                    526 ;--------------------------------------------------------
                                    527 ; absolute external ram data
                                    528 ;--------------------------------------------------------
                                    529 	.area XABS    (ABS,XDATA)
                                    530 ;--------------------------------------------------------
                                    531 ; external initialized ram data
                                    532 ;--------------------------------------------------------
                                    533 	.area XISEG   (XDATA)
      000000                        534 _index_of_buffers:
      000000                        535 	.ds 1
      000001                        536 _total_number_of_commands::
      000001                        537 	.ds 1
      000002                        538 _total_number_of_storage::
      000002                        539 	.ds 1
      000003                        540 _recent_commands::
      000003                        541 	.ds 1
      000004                        542 _recent_storage::
      000004                        543 	.ds 1
      000005                        544 _recived_bytes::
      000005                        545 	.ds 1
      000006                        546 _pointer1::
      000006                        547 	.ds 2
      000008                        548 _pointer2::
      000008                        549 	.ds 2
                                    550 	.area HOME    (CODE)
                                    551 	.area GSINIT0 (CODE)
                                    552 	.area GSINIT1 (CODE)
                                    553 	.area GSINIT2 (CODE)
                                    554 	.area GSINIT3 (CODE)
                                    555 	.area GSINIT4 (CODE)
                                    556 	.area GSINIT5 (CODE)
                                    557 	.area GSINIT  (CODE)
                                    558 	.area GSFINAL (CODE)
                                    559 	.area CSEG    (CODE)
                                    560 ;--------------------------------------------------------
                                    561 ; interrupt vector 
                                    562 ;--------------------------------------------------------
                                    563 	.area HOME    (CODE)
      000000                        564 __interrupt_vect:
      000000 02r00r00         [24]  565 	ljmp	__sdcc_gsinit_startup
                                    566 ;--------------------------------------------------------
                                    567 ; global & static initialisations
                                    568 ;--------------------------------------------------------
                                    569 	.area HOME    (CODE)
                                    570 	.area GSINIT  (CODE)
                                    571 	.area GSFINAL (CODE)
                                    572 	.area GSINIT  (CODE)
                                    573 	.globl __sdcc_gsinit_startup
                                    574 	.globl __sdcc_program_startup
                                    575 	.globl __start__stack
                                    576 	.globl __mcs51_genXINIT
                                    577 	.globl __mcs51_genXRAMCLEAR
                                    578 	.globl __mcs51_genRAMCLEAR
                                    579 	.area GSFINAL (CODE)
      000000 02r00r03         [24]  580 	ljmp	__sdcc_program_startup
                                    581 ;--------------------------------------------------------
                                    582 ; Home
                                    583 ;--------------------------------------------------------
                                    584 	.area HOME    (CODE)
                                    585 	.area HOME    (CODE)
      000003                        586 __sdcc_program_startup:
      000003 02r08r35         [24]  587 	ljmp	_main
                                    588 ;	return from main will return to caller
                                    589 ;--------------------------------------------------------
                                    590 ; code
                                    591 ;--------------------------------------------------------
                                    592 	.area CSEG    (CODE)
                                    593 ;------------------------------------------------------------
                                    594 ;Allocation info for local variables in function 'dataout'
                                    595 ;------------------------------------------------------------
                                    596 ;x                         Allocated with name '_dataout_PARM_2'
                                    597 ;val1                      Allocated with name '_dataout_val1_65536_41'
                                    598 ;------------------------------------------------------------
                                    599 ;	syntax.c:15: void dataout(uint16_t val1, uint8_t x){
                                    600 ;	-----------------------------------------
                                    601 ;	 function dataout
                                    602 ;	-----------------------------------------
      000000                        603 _dataout:
                           000007   604 	ar7 = 0x07
                           000006   605 	ar6 = 0x06
                           000005   606 	ar5 = 0x05
                           000004   607 	ar4 = 0x04
                           000003   608 	ar3 = 0x03
                           000002   609 	ar2 = 0x02
                           000001   610 	ar1 = 0x01
                           000000   611 	ar0 = 0x00
      000000 AF 83            [24]  612 	mov	r7,dph
      000002 E5 82            [12]  613 	mov	a,dpl
      000004 90r00r01         [24]  614 	mov	dptr,#_dataout_val1_65536_41
      000007 F0               [24]  615 	movx	@dptr,a
      000008 EF               [12]  616 	mov	a,r7
      000009 A3               [24]  617 	inc	dptr
      00000A F0               [24]  618 	movx	@dptr,a
                                    619 ;	syntax.c:16: DPL = val1 & 0xFF;
      00000B 90r00r01         [24]  620 	mov	dptr,#_dataout_val1_65536_41
      00000E E0               [24]  621 	movx	a,@dptr
      00000F FE               [12]  622 	mov	r6,a
      000010 A3               [24]  623 	inc	dptr
      000011 E0               [24]  624 	movx	a,@dptr
      000012 FF               [12]  625 	mov	r7,a
      000013 8E 82            [24]  626 	mov	_DPL,r6
                                    627 ;	syntax.c:17: DPH = (val1 >> 8) & 0xFF;
      000015 8F 83            [24]  628 	mov	_DPH,r7
                                    629 ;	syntax.c:18: ACC = x;
      000017 90r00r00         [24]  630 	mov	dptr,#_dataout_PARM_2
      00001A E0               [24]  631 	movx	a,@dptr
      00001B F5 E0            [12]  632 	mov	_ACC,a
                                    633 ;	syntax.c:19: __asm__("movx @dptr, a");
      00001D F0               [24]  634 	movx	@dptr, a
                                    635 ;	syntax.c:20: }
      00001E 22               [24]  636 	ret
                                    637 ;------------------------------------------------------------
                                    638 ;Allocation info for local variables in function '__sdcc_external_startup'
                                    639 ;------------------------------------------------------------
                                    640 ;	syntax.c:59: unsigned char __sdcc_external_startup(void){
                                    641 ;	-----------------------------------------
                                    642 ;	 function __sdcc_external_startup
                                    643 ;	-----------------------------------------
      00001F                        644 ___sdcc_external_startup:
                                    645 ;	syntax.c:60: AUXR |= (XRS1 | XRS0);
      00001F 43 8E 0C         [24]  646 	orl	_AUXR,#0x0c
                                    647 ;	syntax.c:61: AUXR &= ~(XRS2);
      000022 53 8E EF         [24]  648 	anl	_AUXR,#0xef
                                    649 ;	syntax.c:62: return 0;
      000025 75 82 00         [24]  650 	mov	dpl,#0x00
                                    651 ;	syntax.c:63: }
      000028 22               [24]  652 	ret
                                    653 ;------------------------------------------------------------
                                    654 ;Allocation info for local variables in function 'init_uart'
                                    655 ;------------------------------------------------------------
                                    656 ;	syntax.c:65: void init_uart(){
                                    657 ;	-----------------------------------------
                                    658 ;	 function init_uart
                                    659 ;	-----------------------------------------
      000029                        660 _init_uart:
                                    661 ;	syntax.c:66: SCON = 0x50;
      000029 75 98 50         [24]  662 	mov	_SCON,#0x50
                                    663 ;	syntax.c:67: TMOD = 0x20;
      00002C 75 89 20         [24]  664 	mov	_TMOD,#0x20
                                    665 ;	syntax.c:68: TH1 = 0xFD;
      00002F 75 8D FD         [24]  666 	mov	_TH1,#0xfd
                                    667 ;	syntax.c:69: TR1 = 1;
                                    668 ;	assignBit
      000032 D2 8E            [12]  669 	setb	_TR1
                                    670 ;	syntax.c:70: }
      000034 22               [24]  671 	ret
                                    672 ;------------------------------------------------------------
                                    673 ;Allocation info for local variables in function 'putchar'
                                    674 ;------------------------------------------------------------
                                    675 ;chr                       Allocated with name '_putchar_chr_65536_51'
                                    676 ;------------------------------------------------------------
                                    677 ;	syntax.c:72: int putchar(int chr){
                                    678 ;	-----------------------------------------
                                    679 ;	 function putchar
                                    680 ;	-----------------------------------------
      000035                        681 _putchar:
      000035 AF 83            [24]  682 	mov	r7,dph
      000037 E5 82            [12]  683 	mov	a,dpl
      000039 90r02r5C         [24]  684 	mov	dptr,#_putchar_chr_65536_51
      00003C F0               [24]  685 	movx	@dptr,a
      00003D EF               [12]  686 	mov	a,r7
      00003E A3               [24]  687 	inc	dptr
      00003F F0               [24]  688 	movx	@dptr,a
                                    689 ;	syntax.c:73: SBUF = chr;
      000040 90r02r5C         [24]  690 	mov	dptr,#_putchar_chr_65536_51
      000043 E0               [24]  691 	movx	a,@dptr
      000044 FE               [12]  692 	mov	r6,a
      000045 A3               [24]  693 	inc	dptr
      000046 E0               [24]  694 	movx	a,@dptr
      000047 8E 99            [24]  695 	mov	_SBUF,r6
                                    696 ;	syntax.c:74: while(!TI);
      000049                        697 00101$:
                                    698 ;	syntax.c:75: TI = 0;
                                    699 ;	assignBit
      000049 10 99 02         [24]  700 	jbc	_TI,00114$
      00004C 80 FB            [24]  701 	sjmp	00101$
      00004E                        702 00114$:
                                    703 ;	syntax.c:76: return 1;
      00004E 90 00 01         [24]  704 	mov	dptr,#0x0001
                                    705 ;	syntax.c:78: }
      000051 22               [24]  706 	ret
                                    707 ;------------------------------------------------------------
                                    708 ;Allocation info for local variables in function 'getchar'
                                    709 ;------------------------------------------------------------
                                    710 ;a                         Allocated with name '_getchar_a_65537_54'
                                    711 ;------------------------------------------------------------
                                    712 ;	syntax.c:80: int getchar(){
                                    713 ;	-----------------------------------------
                                    714 ;	 function getchar
                                    715 ;	-----------------------------------------
      000052                        716 _getchar:
                                    717 ;	syntax.c:82: while(!RI);
      000052                        718 00101$:
      000052 30 98 FD         [24]  719 	jnb	_RI,00101$
                                    720 ;	syntax.c:83: int a = SBUF;
      000055 AE 99            [24]  721 	mov	r6,_SBUF
      000057 7F 00            [12]  722 	mov	r7,#0x00
                                    723 ;	syntax.c:84: RI = 0;
                                    724 ;	assignBit
      000059 C2 98            [12]  725 	clr	_RI
                                    726 ;	syntax.c:85: recived_bytes++;
      00005B 90r00r05         [24]  727 	mov	dptr,#_recived_bytes
      00005E E0               [24]  728 	movx	a,@dptr
      00005F 24 01            [12]  729 	add	a,#0x01
      000061 F0               [24]  730 	movx	@dptr,a
                                    731 ;	syntax.c:86: return a;
      000062 8E 82            [24]  732 	mov	dpl,r6
      000064 8F 83            [24]  733 	mov	dph,r7
                                    734 ;	syntax.c:88: }
      000066 22               [24]  735 	ret
                                    736 ;------------------------------------------------------------
                                    737 ;Allocation info for local variables in function 'get_buf_value'
                                    738 ;------------------------------------------------------------
                                    739 ;UPPER                     Allocated with name '_get_buf_value_PARM_2'
                                    740 ;LOWER                     Allocated with name '_get_buf_value_PARM_3'
                                    741 ;string                    Allocated with name '_get_buf_value_string_65536_55'
                                    742 ;data_from_serial          Allocated with name '_get_buf_value_data_from_serial_65536_56'
                                    743 ;buffer_size               Allocated with name '_get_buf_value_buffer_size_65536_56'
                                    744 ;index                     Allocated with name '_get_buf_value_index_65536_56'
                                    745 ;------------------------------------------------------------
                                    746 ;	syntax.c:91: int get_buf_value(const char * string, int UPPER, int LOWER){
                                    747 ;	-----------------------------------------
                                    748 ;	 function get_buf_value
                                    749 ;	-----------------------------------------
      000067                        750 _get_buf_value:
      000067 AF F0            [24]  751 	mov	r7,b
      000069 AE 83            [24]  752 	mov	r6,dph
      00006B E5 82            [12]  753 	mov	a,dpl
      00006D 90r02r62         [24]  754 	mov	dptr,#_get_buf_value_string_65536_55
      000070 F0               [24]  755 	movx	@dptr,a
      000071 EE               [12]  756 	mov	a,r6
      000072 A3               [24]  757 	inc	dptr
      000073 F0               [24]  758 	movx	@dptr,a
      000074 EF               [12]  759 	mov	a,r7
      000075 A3               [24]  760 	inc	dptr
      000076 F0               [24]  761 	movx	@dptr,a
                                    762 ;	syntax.c:92: int data_from_serial = 0;
      000077 90r02r65         [24]  763 	mov	dptr,#_get_buf_value_data_from_serial_65536_56
      00007A E4               [12]  764 	clr	a
      00007B F0               [24]  765 	movx	@dptr,a
      00007C A3               [24]  766 	inc	dptr
      00007D F0               [24]  767 	movx	@dptr,a
                                    768 ;	syntax.c:93: int buffer_size = 0;
      00007E 90r02r67         [24]  769 	mov	dptr,#_get_buf_value_buffer_size_65536_56
      000081 F0               [24]  770 	movx	@dptr,a
      000082 A3               [24]  771 	inc	dptr
      000083 F0               [24]  772 	movx	@dptr,a
                                    773 ;	syntax.c:94: int index = 1000;
      000084 90r02r69         [24]  774 	mov	dptr,#_get_buf_value_index_65536_56
      000087 74 E8            [12]  775 	mov	a,#0xe8
      000089 F0               [24]  776 	movx	@dptr,a
      00008A 74 03            [12]  777 	mov	a,#0x03
      00008C A3               [24]  778 	inc	dptr
      00008D F0               [24]  779 	movx	@dptr,a
                                    780 ;	syntax.c:97: print_prompt(string);
      00008E 90r02r62         [24]  781 	mov	dptr,#_get_buf_value_string_65536_55
      000091 E0               [24]  782 	movx	a,@dptr
      000092 FD               [12]  783 	mov	r5,a
      000093 A3               [24]  784 	inc	dptr
      000094 E0               [24]  785 	movx	a,@dptr
      000095 FE               [12]  786 	mov	r6,a
      000096 A3               [24]  787 	inc	dptr
      000097 E0               [24]  788 	movx	a,@dptr
      000098 FF               [12]  789 	mov	r7,a
      000099 8D 82            [24]  790 	mov	dpl,r5
      00009B 8E 83            [24]  791 	mov	dph,r6
      00009D 8F F0            [24]  792 	mov	b,r7
      00009F 12r02r6C         [24]  793 	lcall	_print_prompt
                                    794 ;	syntax.c:100: while(index >= 1 & data_from_serial != 0x0d){
      0000A2                        795 00107$:
      0000A2 90r02r69         [24]  796 	mov	dptr,#_get_buf_value_index_65536_56
      0000A5 E0               [24]  797 	movx	a,@dptr
      0000A6 FE               [12]  798 	mov	r6,a
      0000A7 A3               [24]  799 	inc	dptr
      0000A8 E0               [24]  800 	movx	a,@dptr
      0000A9 FF               [12]  801 	mov	r7,a
      0000AA C3               [12]  802 	clr	c
      0000AB EE               [12]  803 	mov	a,r6
      0000AC 94 01            [12]  804 	subb	a,#0x01
      0000AE EF               [12]  805 	mov	a,r7
      0000AF 64 80            [12]  806 	xrl	a,#0x80
      0000B1 94 80            [12]  807 	subb	a,#0x80
      0000B3 B3               [12]  808 	cpl	c
      0000B4 E4               [12]  809 	clr	a
      0000B5 33               [12]  810 	rlc	a
      0000B6 FF               [12]  811 	mov	r7,a
      0000B7 90r02r65         [24]  812 	mov	dptr,#_get_buf_value_data_from_serial_65536_56
      0000BA E0               [24]  813 	movx	a,@dptr
      0000BB FD               [12]  814 	mov	r5,a
      0000BC A3               [24]  815 	inc	dptr
      0000BD E0               [24]  816 	movx	a,@dptr
      0000BE FE               [12]  817 	mov	r6,a
      0000BF E4               [12]  818 	clr	a
      0000C0 BD 0D 04         [24]  819 	cjne	r5,#0x0d,00145$
      0000C3 BE 00 01         [24]  820 	cjne	r6,#0x00,00145$
      0000C6 04               [12]  821 	inc	a
      0000C7                        822 00145$:
      0000C7 B4 01 00         [24]  823 	cjne	a,#0x01,00147$
      0000CA                        824 00147$:
      0000CA E4               [12]  825 	clr	a
      0000CB 33               [12]  826 	rlc	a
      0000CC FE               [12]  827 	mov	r6,a
      0000CD 5F               [12]  828 	anl	a,r7
      0000CE 70 03            [24]  829 	jnz	00148$
      0000D0 02r01r84         [24]  830 	ljmp	00109$
      0000D3                        831 00148$:
                                    832 ;	syntax.c:101: data_from_serial = getchar();
      0000D3 12r00r52         [24]  833 	lcall	_getchar
      0000D6 AE 82            [24]  834 	mov	r6,dpl
      0000D8 AF 83            [24]  835 	mov	r7,dph
      0000DA 90r02r65         [24]  836 	mov	dptr,#_get_buf_value_data_from_serial_65536_56
      0000DD EE               [12]  837 	mov	a,r6
      0000DE F0               [24]  838 	movx	@dptr,a
      0000DF EF               [12]  839 	mov	a,r7
      0000E0 A3               [24]  840 	inc	dptr
      0000E1 F0               [24]  841 	movx	@dptr,a
                                    842 ;	syntax.c:102: if((data_from_serial < '0' || data_from_serial > '9') && data_from_serial != 0x0d) {
      0000E2 C3               [12]  843 	clr	c
      0000E3 EE               [12]  844 	mov	a,r6
      0000E4 94 30            [12]  845 	subb	a,#0x30
      0000E6 EF               [12]  846 	mov	a,r7
      0000E7 64 80            [12]  847 	xrl	a,#0x80
      0000E9 94 80            [12]  848 	subb	a,#0x80
      0000EB 40 0E            [24]  849 	jc	00104$
      0000ED 74 39            [12]  850 	mov	a,#0x39
      0000EF 9E               [12]  851 	subb	a,r6
      0000F0 74 80            [12]  852 	mov	a,#(0x00 ^ 0x80)
      0000F2 8F F0            [24]  853 	mov	b,r7
      0000F4 63 F0 80         [24]  854 	xrl	b,#0x80
      0000F7 95 F0            [12]  855 	subb	a,b
      0000F9 50 15            [24]  856 	jnc	00102$
      0000FB                        857 00104$:
      0000FB BE 0D 05         [24]  858 	cjne	r6,#0x0d,00151$
      0000FE BF 00 02         [24]  859 	cjne	r7,#0x00,00151$
      000101 80 0D            [24]  860 	sjmp	00102$
      000103                        861 00151$:
                                    862 ;	syntax.c:103: print_prompt("\nEnter valid input\n");
      000103 90r00r00         [24]  863 	mov	dptr,#___str_0
      000106 75 F0 80         [24]  864 	mov	b,#0x80
      000109 12r02r6C         [24]  865 	lcall	_print_prompt
                                    866 ;	syntax.c:104: return -1;
      00010C 90 FF FF         [24]  867 	mov	dptr,#0xffff
      00010F 22               [24]  868 	ret
      000110                        869 00102$:
                                    870 ;	syntax.c:107: if(data_from_serial == 0x0d){
      000110 BE 0D 05         [24]  871 	cjne	r6,#0x0d,00152$
      000113 BF 00 02         [24]  872 	cjne	r7,#0x00,00152$
      000116 80 6C            [24]  873 	sjmp	00109$
      000118                        874 00152$:
                                    875 ;	syntax.c:111: putchar(data_from_serial);
      000118 8E 82            [24]  876 	mov	dpl,r6
      00011A 8F 83            [24]  877 	mov	dph,r7
      00011C C0 07            [24]  878 	push	ar7
      00011E C0 06            [24]  879 	push	ar6
      000120 12r00r35         [24]  880 	lcall	_putchar
      000123 D0 06            [24]  881 	pop	ar6
      000125 D0 07            [24]  882 	pop	ar7
                                    883 ;	syntax.c:112: buffer_size += (data_from_serial-48)*index;
      000127 EE               [12]  884 	mov	a,r6
      000128 24 D0            [12]  885 	add	a,#0xd0
      00012A FE               [12]  886 	mov	r6,a
      00012B EF               [12]  887 	mov	a,r7
      00012C 34 FF            [12]  888 	addc	a,#0xff
      00012E FF               [12]  889 	mov	r7,a
      00012F 90r02r69         [24]  890 	mov	dptr,#_get_buf_value_index_65536_56
      000132 E0               [24]  891 	movx	a,@dptr
      000133 FC               [12]  892 	mov	r4,a
      000134 A3               [24]  893 	inc	dptr
      000135 E0               [24]  894 	movx	a,@dptr
      000136 FD               [12]  895 	mov	r5,a
      000137 90r00r00         [24]  896 	mov	dptr,#__mulint_PARM_2
      00013A EC               [12]  897 	mov	a,r4
      00013B F0               [24]  898 	movx	@dptr,a
      00013C ED               [12]  899 	mov	a,r5
      00013D A3               [24]  900 	inc	dptr
      00013E F0               [24]  901 	movx	@dptr,a
      00013F 8E 82            [24]  902 	mov	dpl,r6
      000141 8F 83            [24]  903 	mov	dph,r7
      000143 C0 05            [24]  904 	push	ar5
      000145 C0 04            [24]  905 	push	ar4
      000147 12r00r00         [24]  906 	lcall	__mulint
      00014A AE 82            [24]  907 	mov	r6,dpl
      00014C AF 83            [24]  908 	mov	r7,dph
      00014E D0 04            [24]  909 	pop	ar4
      000150 D0 05            [24]  910 	pop	ar5
      000152 90r02r67         [24]  911 	mov	dptr,#_get_buf_value_buffer_size_65536_56
      000155 E0               [24]  912 	movx	a,@dptr
      000156 FA               [12]  913 	mov	r2,a
      000157 A3               [24]  914 	inc	dptr
      000158 E0               [24]  915 	movx	a,@dptr
      000159 FB               [12]  916 	mov	r3,a
      00015A 90r02r67         [24]  917 	mov	dptr,#_get_buf_value_buffer_size_65536_56
      00015D EE               [12]  918 	mov	a,r6
      00015E 2A               [12]  919 	add	a,r2
      00015F F0               [24]  920 	movx	@dptr,a
      000160 EF               [12]  921 	mov	a,r7
      000161 3B               [12]  922 	addc	a,r3
      000162 A3               [24]  923 	inc	dptr
      000163 F0               [24]  924 	movx	@dptr,a
                                    925 ;	syntax.c:113: index=index/10;
      000164 90r00r00         [24]  926 	mov	dptr,#__divsint_PARM_2
      000167 74 0A            [12]  927 	mov	a,#0x0a
      000169 F0               [24]  928 	movx	@dptr,a
      00016A E4               [12]  929 	clr	a
      00016B A3               [24]  930 	inc	dptr
      00016C F0               [24]  931 	movx	@dptr,a
      00016D 8C 82            [24]  932 	mov	dpl,r4
      00016F 8D 83            [24]  933 	mov	dph,r5
      000171 12r00r00         [24]  934 	lcall	__divsint
      000174 E5 82            [12]  935 	mov	a,dpl
      000176 85 83 F0         [24]  936 	mov	b,dph
      000179 90r02r69         [24]  937 	mov	dptr,#_get_buf_value_index_65536_56
      00017C F0               [24]  938 	movx	@dptr,a
      00017D E5 F0            [12]  939 	mov	a,b
      00017F A3               [24]  940 	inc	dptr
      000180 F0               [24]  941 	movx	@dptr,a
      000181 02r00rA2         [24]  942 	ljmp	00107$
      000184                        943 00109$:
                                    944 ;	syntax.c:117: if((buffer_size % 16) != 0 || (buffer_size < LOWER) || (buffer_size > UPPER)) {
      000184 90r02r67         [24]  945 	mov	dptr,#_get_buf_value_buffer_size_65536_56
      000187 E0               [24]  946 	movx	a,@dptr
      000188 FE               [12]  947 	mov	r6,a
      000189 A3               [24]  948 	inc	dptr
      00018A E0               [24]  949 	movx	a,@dptr
      00018B FF               [12]  950 	mov	r7,a
      00018C 90r00r00         [24]  951 	mov	dptr,#__modsint_PARM_2
      00018F 74 10            [12]  952 	mov	a,#0x10
      000191 F0               [24]  953 	movx	@dptr,a
      000192 E4               [12]  954 	clr	a
      000193 A3               [24]  955 	inc	dptr
      000194 F0               [24]  956 	movx	@dptr,a
      000195 8E 82            [24]  957 	mov	dpl,r6
      000197 8F 83            [24]  958 	mov	dph,r7
      000199 C0 07            [24]  959 	push	ar7
      00019B C0 06            [24]  960 	push	ar6
      00019D 12r00r00         [24]  961 	lcall	__modsint
      0001A0 E5 82            [12]  962 	mov	a,dpl
      0001A2 85 83 F0         [24]  963 	mov	b,dph
      0001A5 D0 06            [24]  964 	pop	ar6
      0001A7 D0 07            [24]  965 	pop	ar7
      0001A9 45 F0            [12]  966 	orl	a,b
      0001AB 70 2E            [24]  967 	jnz	00110$
      0001AD 90r02r60         [24]  968 	mov	dptr,#_get_buf_value_PARM_3
      0001B0 E0               [24]  969 	movx	a,@dptr
      0001B1 FC               [12]  970 	mov	r4,a
      0001B2 A3               [24]  971 	inc	dptr
      0001B3 E0               [24]  972 	movx	a,@dptr
      0001B4 FD               [12]  973 	mov	r5,a
      0001B5 C3               [12]  974 	clr	c
      0001B6 EE               [12]  975 	mov	a,r6
      0001B7 9C               [12]  976 	subb	a,r4
      0001B8 EF               [12]  977 	mov	a,r7
      0001B9 64 80            [12]  978 	xrl	a,#0x80
      0001BB 8D F0            [24]  979 	mov	b,r5
      0001BD 63 F0 80         [24]  980 	xrl	b,#0x80
      0001C0 95 F0            [12]  981 	subb	a,b
      0001C2 40 17            [24]  982 	jc	00110$
      0001C4 90r02r5E         [24]  983 	mov	dptr,#_get_buf_value_PARM_2
      0001C7 E0               [24]  984 	movx	a,@dptr
      0001C8 FC               [12]  985 	mov	r4,a
      0001C9 A3               [24]  986 	inc	dptr
      0001CA E0               [24]  987 	movx	a,@dptr
      0001CB FD               [12]  988 	mov	r5,a
      0001CC C3               [12]  989 	clr	c
      0001CD EC               [12]  990 	mov	a,r4
      0001CE 9E               [12]  991 	subb	a,r6
      0001CF ED               [12]  992 	mov	a,r5
      0001D0 64 80            [12]  993 	xrl	a,#0x80
      0001D2 8F F0            [24]  994 	mov	b,r7
      0001D4 63 F0 80         [24]  995 	xrl	b,#0x80
      0001D7 95 F0            [12]  996 	subb	a,b
      0001D9 50 04            [24]  997 	jnc	00111$
      0001DB                        998 00110$:
                                    999 ;	syntax.c:118: return -1;
      0001DB 90 FF FF         [24] 1000 	mov	dptr,#0xffff
      0001DE 22               [24] 1001 	ret
      0001DF                       1002 00111$:
                                   1003 ;	syntax.c:122: return buffer_size;
      0001DF 8E 82            [24] 1004 	mov	dpl,r6
      0001E1 8F 83            [24] 1005 	mov	dph,r7
                                   1006 ;	syntax.c:124: }
      0001E3 22               [24] 1007 	ret
                                   1008 ;------------------------------------------------------------
                                   1009 ;Allocation info for local variables in function 'sendUint32ToUART'
                                   1010 ;------------------------------------------------------------
                                   1011 ;value                     Allocated with name '_sendUint32ToUART_value_65536_61'
                                   1012 ;byte                      Allocated with name '_sendUint32ToUART_byte_65536_62'
                                   1013 ;i                         Allocated with name '_sendUint32ToUART_i_65536_62'
                                   1014 ;byte                      Allocated with name '_sendUint32ToUART_byte_131072_63'
                                   1015 ;------------------------------------------------------------
                                   1016 ;	syntax.c:126: void sendUint32ToUART(uint32_t value) {
                                   1017 ;	-----------------------------------------
                                   1018 ;	 function sendUint32ToUART
                                   1019 ;	-----------------------------------------
      0001E4                       1020 _sendUint32ToUART:
      0001E4 AF 82            [24] 1021 	mov	r7,dpl
      0001E6 AE 83            [24] 1022 	mov	r6,dph
      0001E8 AD F0            [24] 1023 	mov	r5,b
      0001EA FC               [12] 1024 	mov	r4,a
      0001EB 90r02r6B         [24] 1025 	mov	dptr,#_sendUint32ToUART_value_65536_61
      0001EE EF               [12] 1026 	mov	a,r7
      0001EF F0               [24] 1027 	movx	@dptr,a
      0001F0 EE               [12] 1028 	mov	a,r6
      0001F1 A3               [24] 1029 	inc	dptr
      0001F2 F0               [24] 1030 	movx	@dptr,a
      0001F3 ED               [12] 1031 	mov	a,r5
      0001F4 A3               [24] 1032 	inc	dptr
      0001F5 F0               [24] 1033 	movx	@dptr,a
      0001F6 EC               [12] 1034 	mov	a,r4
      0001F7 A3               [24] 1035 	inc	dptr
      0001F8 F0               [24] 1036 	movx	@dptr,a
                                   1037 ;	syntax.c:129: while (value > 1) {
      0001F9                       1038 00101$:
      0001F9 90r02r6B         [24] 1039 	mov	dptr,#_sendUint32ToUART_value_65536_61
      0001FC E0               [24] 1040 	movx	a,@dptr
      0001FD FC               [12] 1041 	mov	r4,a
      0001FE A3               [24] 1042 	inc	dptr
      0001FF E0               [24] 1043 	movx	a,@dptr
      000200 FD               [12] 1044 	mov	r5,a
      000201 A3               [24] 1045 	inc	dptr
      000202 E0               [24] 1046 	movx	a,@dptr
      000203 FE               [12] 1047 	mov	r6,a
      000204 A3               [24] 1048 	inc	dptr
      000205 E0               [24] 1049 	movx	a,@dptr
      000206 FF               [12] 1050 	mov	r7,a
      000207 C3               [12] 1051 	clr	c
      000208 74 01            [12] 1052 	mov	a,#0x01
      00020A 9C               [12] 1053 	subb	a,r4
      00020B E4               [12] 1054 	clr	a
      00020C 9D               [12] 1055 	subb	a,r5
      00020D E4               [12] 1056 	clr	a
      00020E 9E               [12] 1057 	subb	a,r6
      00020F E4               [12] 1058 	clr	a
      000210 9F               [12] 1059 	subb	a,r7
      000211 50 58            [24] 1060 	jnc	00104$
                                   1061 ;	syntax.c:130: int byte = value % 10; // Extract one byte at a time
      000213 90r00r00         [24] 1062 	mov	dptr,#__modulong_PARM_2
      000216 74 0A            [12] 1063 	mov	a,#0x0a
      000218 F0               [24] 1064 	movx	@dptr,a
      000219 E4               [12] 1065 	clr	a
      00021A A3               [24] 1066 	inc	dptr
      00021B F0               [24] 1067 	movx	@dptr,a
      00021C A3               [24] 1068 	inc	dptr
      00021D F0               [24] 1069 	movx	@dptr,a
      00021E A3               [24] 1070 	inc	dptr
      00021F F0               [24] 1071 	movx	@dptr,a
      000220 8C 82            [24] 1072 	mov	dpl,r4
      000222 8D 83            [24] 1073 	mov	dph,r5
      000224 8E F0            [24] 1074 	mov	b,r6
      000226 EF               [12] 1075 	mov	a,r7
      000227 C0 07            [24] 1076 	push	ar7
      000229 C0 06            [24] 1077 	push	ar6
      00022B C0 05            [24] 1078 	push	ar5
      00022D C0 04            [24] 1079 	push	ar4
      00022F 12r00r00         [24] 1080 	lcall	__modulong
                                   1081 ;	syntax.c:131: putchar(byte);
      000232 12r00r35         [24] 1082 	lcall	_putchar
      000235 D0 04            [24] 1083 	pop	ar4
      000237 D0 05            [24] 1084 	pop	ar5
      000239 D0 06            [24] 1085 	pop	ar6
      00023B D0 07            [24] 1086 	pop	ar7
                                   1087 ;	syntax.c:132: value = value / 10;
      00023D 90r00r00         [24] 1088 	mov	dptr,#__divulong_PARM_2
      000240 74 0A            [12] 1089 	mov	a,#0x0a
      000242 F0               [24] 1090 	movx	@dptr,a
      000243 E4               [12] 1091 	clr	a
      000244 A3               [24] 1092 	inc	dptr
      000245 F0               [24] 1093 	movx	@dptr,a
      000246 A3               [24] 1094 	inc	dptr
      000247 F0               [24] 1095 	movx	@dptr,a
      000248 A3               [24] 1096 	inc	dptr
      000249 F0               [24] 1097 	movx	@dptr,a
      00024A 8C 82            [24] 1098 	mov	dpl,r4
      00024C 8D 83            [24] 1099 	mov	dph,r5
      00024E 8E F0            [24] 1100 	mov	b,r6
      000250 EF               [12] 1101 	mov	a,r7
      000251 12r00r00         [24] 1102 	lcall	__divulong
      000254 AC 82            [24] 1103 	mov	r4,dpl
      000256 AD 83            [24] 1104 	mov	r5,dph
      000258 AE F0            [24] 1105 	mov	r6,b
      00025A FF               [12] 1106 	mov	r7,a
      00025B 90r02r6B         [24] 1107 	mov	dptr,#_sendUint32ToUART_value_65536_61
      00025E EC               [12] 1108 	mov	a,r4
      00025F F0               [24] 1109 	movx	@dptr,a
      000260 ED               [12] 1110 	mov	a,r5
      000261 A3               [24] 1111 	inc	dptr
      000262 F0               [24] 1112 	movx	@dptr,a
      000263 EE               [12] 1113 	mov	a,r6
      000264 A3               [24] 1114 	inc	dptr
      000265 F0               [24] 1115 	movx	@dptr,a
      000266 EF               [12] 1116 	mov	a,r7
      000267 A3               [24] 1117 	inc	dptr
      000268 F0               [24] 1118 	movx	@dptr,a
      000269 80 8E            [24] 1119 	sjmp	00101$
      00026B                       1120 00104$:
                                   1121 ;	syntax.c:134: }
      00026B 22               [24] 1122 	ret
                                   1123 ;------------------------------------------------------------
                                   1124 ;Allocation info for local variables in function 'print_prompt'
                                   1125 ;------------------------------------------------------------
                                   1126 ;string                    Allocated with name '_print_prompt_string_65536_64'
                                   1127 ;------------------------------------------------------------
                                   1128 ;	syntax.c:138: void print_prompt(const char * string){
                                   1129 ;	-----------------------------------------
                                   1130 ;	 function print_prompt
                                   1131 ;	-----------------------------------------
      00026C                       1132 _print_prompt:
      00026C AF F0            [24] 1133 	mov	r7,b
      00026E AE 83            [24] 1134 	mov	r6,dph
      000270 E5 82            [12] 1135 	mov	a,dpl
      000272 90r02r6F         [24] 1136 	mov	dptr,#_print_prompt_string_65536_64
      000275 F0               [24] 1137 	movx	@dptr,a
      000276 EE               [12] 1138 	mov	a,r6
      000277 A3               [24] 1139 	inc	dptr
      000278 F0               [24] 1140 	movx	@dptr,a
      000279 EF               [12] 1141 	mov	a,r7
      00027A A3               [24] 1142 	inc	dptr
      00027B F0               [24] 1143 	movx	@dptr,a
                                   1144 ;	syntax.c:139: while(*string != '\0'){
      00027C 90r02r6F         [24] 1145 	mov	dptr,#_print_prompt_string_65536_64
      00027F E0               [24] 1146 	movx	a,@dptr
      000280 FD               [12] 1147 	mov	r5,a
      000281 A3               [24] 1148 	inc	dptr
      000282 E0               [24] 1149 	movx	a,@dptr
      000283 FE               [12] 1150 	mov	r6,a
      000284 A3               [24] 1151 	inc	dptr
      000285 E0               [24] 1152 	movx	a,@dptr
      000286 FF               [12] 1153 	mov	r7,a
      000287                       1154 00101$:
      000287 8D 82            [24] 1155 	mov	dpl,r5
      000289 8E 83            [24] 1156 	mov	dph,r6
      00028B 8F F0            [24] 1157 	mov	b,r7
      00028D 12r00r00         [24] 1158 	lcall	__gptrget
      000290 FC               [12] 1159 	mov	r4,a
      000291 60 27            [24] 1160 	jz	00108$
                                   1161 ;	syntax.c:140: putchar(*string);
      000293 7B 00            [12] 1162 	mov	r3,#0x00
      000295 8C 82            [24] 1163 	mov	dpl,r4
      000297 8B 83            [24] 1164 	mov	dph,r3
      000299 C0 07            [24] 1165 	push	ar7
      00029B C0 06            [24] 1166 	push	ar6
      00029D C0 05            [24] 1167 	push	ar5
      00029F 12r00r35         [24] 1168 	lcall	_putchar
      0002A2 D0 05            [24] 1169 	pop	ar5
      0002A4 D0 06            [24] 1170 	pop	ar6
      0002A6 D0 07            [24] 1171 	pop	ar7
                                   1172 ;	syntax.c:141: string++;
      0002A8 0D               [12] 1173 	inc	r5
      0002A9 BD 00 01         [24] 1174 	cjne	r5,#0x00,00116$
      0002AC 0E               [12] 1175 	inc	r6
      0002AD                       1176 00116$:
      0002AD 90r02r6F         [24] 1177 	mov	dptr,#_print_prompt_string_65536_64
      0002B0 ED               [12] 1178 	mov	a,r5
      0002B1 F0               [24] 1179 	movx	@dptr,a
      0002B2 EE               [12] 1180 	mov	a,r6
      0002B3 A3               [24] 1181 	inc	dptr
      0002B4 F0               [24] 1182 	movx	@dptr,a
      0002B5 EF               [12] 1183 	mov	a,r7
      0002B6 A3               [24] 1184 	inc	dptr
      0002B7 F0               [24] 1185 	movx	@dptr,a
      0002B8 80 CD            [24] 1186 	sjmp	00101$
      0002BA                       1187 00108$:
      0002BA 90r02r6F         [24] 1188 	mov	dptr,#_print_prompt_string_65536_64
      0002BD ED               [12] 1189 	mov	a,r5
      0002BE F0               [24] 1190 	movx	@dptr,a
      0002BF EE               [12] 1191 	mov	a,r6
      0002C0 A3               [24] 1192 	inc	dptr
      0002C1 F0               [24] 1193 	movx	@dptr,a
      0002C2 EF               [12] 1194 	mov	a,r7
      0002C3 A3               [24] 1195 	inc	dptr
      0002C4 F0               [24] 1196 	movx	@dptr,a
                                   1197 ;	syntax.c:143: }
      0002C5 22               [24] 1198 	ret
                                   1199 ;------------------------------------------------------------
                                   1200 ;Allocation info for local variables in function 'get_command'
                                   1201 ;------------------------------------------------------------
                                   1202 ;sloc0                     Allocated with name '_get_command_sloc0_1_0'
                                   1203 ;sloc1                     Allocated with name '_get_command_sloc1_1_0'
                                   1204 ;command                   Allocated with name '_get_command_command_65536_67'
                                   1205 ;temp_value                Allocated with name '_get_command_temp_value_65536_68'
                                   1206 ;pointer                   Allocated with name '_get_command_pointer_65536_68'
                                   1207 ;array_index_temp          Allocated with name '_get_command_array_index_temp_65536_68'
                                   1208 ;i                         Allocated with name '_get_command_i_196608_70'
                                   1209 ;rd_ptr                    Allocated with name '_get_command_rd_ptr_131073_73'
                                   1210 ;wr_ptr                    Allocated with name '_get_command_wr_ptr_131073_73'
                                   1211 ;temp                      Allocated with name '_get_command_temp_131073_73'
                                   1212 ;i                         Allocated with name '_get_command_i_262145_75'
                                   1213 ;node                      Allocated with name '_get_command_node_131074_78'
                                   1214 ;------------------------------------------------------------
                                   1215 ;	syntax.c:152: int get_command(int command){
                                   1216 ;	-----------------------------------------
                                   1217 ;	 function get_command
                                   1218 ;	-----------------------------------------
      0002C6                       1219 _get_command:
      0002C6 AF 83            [24] 1220 	mov	r7,dph
      0002C8 E5 82            [12] 1221 	mov	a,dpl
      0002CA 90r02r72         [24] 1222 	mov	dptr,#_get_command_command_65536_67
      0002CD F0               [24] 1223 	movx	@dptr,a
      0002CE EF               [12] 1224 	mov	a,r7
      0002CF A3               [24] 1225 	inc	dptr
      0002D0 F0               [24] 1226 	movx	@dptr,a
                                   1227 ;	syntax.c:160: switch(command){
      0002D1 90r02r72         [24] 1228 	mov	dptr,#_get_command_command_65536_67
      0002D4 E0               [24] 1229 	movx	a,@dptr
      0002D5 FE               [12] 1230 	mov	r6,a
      0002D6 A3               [24] 1231 	inc	dptr
      0002D7 E0               [24] 1232 	movx	a,@dptr
      0002D8 FF               [12] 1233 	mov	r7,a
      0002D9 BE 2B 06         [24] 1234 	cjne	r6,#0x2b,00187$
      0002DC BF 00 03         [24] 1235 	cjne	r7,#0x00,00187$
      0002DF 02r05rC1         [24] 1236 	ljmp	00110$
      0002E2                       1237 00187$:
      0002E2 BE 2D 06         [24] 1238 	cjne	r6,#0x2d,00188$
      0002E5 BF 00 03         [24] 1239 	cjne	r7,#0x00,00188$
      0002E8 02r06r9A         [24] 1240 	ljmp	00113$
      0002EB                       1241 00188$:
      0002EB BE 3D 06         [24] 1242 	cjne	r6,#0x3d,00189$
      0002EE BF 00 03         [24] 1243 	cjne	r7,#0x00,00189$
      0002F1 02r07r08         [24] 1244 	ljmp	00118$
      0002F4                       1245 00189$:
      0002F4 BE 3F 05         [24] 1246 	cjne	r6,#0x3f,00190$
      0002F7 BF 00 02         [24] 1247 	cjne	r7,#0x00,00190$
      0002FA 80 03            [24] 1248 	sjmp	00191$
      0002FC                       1249 00190$:
      0002FC 02r07r0B         [24] 1250 	ljmp	00120$
      0002FF                       1251 00191$:
                                   1252 ;	syntax.c:164: print_prompt("Total number of commands from the start: ");
      0002FF 90r00r14         [24] 1253 	mov	dptr,#___str_1
      000302 75 F0 80         [24] 1254 	mov	b,#0x80
      000305 12r02r6C         [24] 1255 	lcall	_print_prompt
                                   1256 ;	syntax.c:165: printf("%d",total_number_of_commands);
      000308 90r00r01         [24] 1257 	mov	dptr,#_total_number_of_commands
      00030B E0               [24] 1258 	movx	a,@dptr
      00030C FF               [12] 1259 	mov	r7,a
      00030D 7E 00            [12] 1260 	mov	r6,#0x00
      00030F C0 07            [24] 1261 	push	ar7
      000311 C0 06            [24] 1262 	push	ar6
      000313 74r3E            [12] 1263 	mov	a,#___str_2
      000315 C0 E0            [24] 1264 	push	acc
      000317 74s00            [12] 1265 	mov	a,#(___str_2 >> 8)
      000319 C0 E0            [24] 1266 	push	acc
      00031B 74 80            [12] 1267 	mov	a,#0x80
      00031D C0 E0            [24] 1268 	push	acc
      00031F 12r00r00         [24] 1269 	lcall	_printf
      000322 E5 81            [12] 1270 	mov	a,sp
      000324 24 FB            [12] 1271 	add	a,#0xfb
      000326 F5 81            [12] 1272 	mov	sp,a
                                   1273 ;	syntax.c:166: print_prompt("\n\r");
      000328 90r00r41         [24] 1274 	mov	dptr,#___str_3
      00032B 75 F0 80         [24] 1275 	mov	b,#0x80
      00032E 12r02r6C         [24] 1276 	lcall	_print_prompt
                                   1277 ;	syntax.c:167: print_prompt("Recent number of commands from the last ?: ");
      000331 90r00r44         [24] 1278 	mov	dptr,#___str_4
      000334 75 F0 80         [24] 1279 	mov	b,#0x80
      000337 12r02r6C         [24] 1280 	lcall	_print_prompt
                                   1281 ;	syntax.c:168: printf("%d",recent_commands);
      00033A 90r00r03         [24] 1282 	mov	dptr,#_recent_commands
      00033D E0               [24] 1283 	movx	a,@dptr
      00033E FF               [12] 1284 	mov	r7,a
      00033F 7E 00            [12] 1285 	mov	r6,#0x00
      000341 C0 07            [24] 1286 	push	ar7
      000343 C0 06            [24] 1287 	push	ar6
      000345 74r3E            [12] 1288 	mov	a,#___str_2
      000347 C0 E0            [24] 1289 	push	acc
      000349 74s00            [12] 1290 	mov	a,#(___str_2 >> 8)
      00034B C0 E0            [24] 1291 	push	acc
      00034D 74 80            [12] 1292 	mov	a,#0x80
      00034F C0 E0            [24] 1293 	push	acc
      000351 12r00r00         [24] 1294 	lcall	_printf
      000354 E5 81            [12] 1295 	mov	a,sp
      000356 24 FB            [12] 1296 	add	a,#0xfb
      000358 F5 81            [12] 1297 	mov	sp,a
                                   1298 ;	syntax.c:169: print_prompt("\n\r");
      00035A 90r00r41         [24] 1299 	mov	dptr,#___str_3
      00035D 75 F0 80         [24] 1300 	mov	b,#0x80
      000360 12r02r6C         [24] 1301 	lcall	_print_prompt
                                   1302 ;	syntax.c:170: print_prompt("\n\r");
      000363 90r00r41         [24] 1303 	mov	dptr,#___str_3
      000366 75 F0 80         [24] 1304 	mov	b,#0x80
      000369 12r02r6C         [24] 1305 	lcall	_print_prompt
                                   1306 ;	syntax.c:172: print_prompt("Total number of storage chars from the start: ");
      00036C 90r00r70         [24] 1307 	mov	dptr,#___str_5
      00036F 75 F0 80         [24] 1308 	mov	b,#0x80
      000372 12r02r6C         [24] 1309 	lcall	_print_prompt
                                   1310 ;	syntax.c:173: printf("%d",total_number_of_storage);
      000375 90r00r02         [24] 1311 	mov	dptr,#_total_number_of_storage
      000378 E0               [24] 1312 	movx	a,@dptr
      000379 FF               [12] 1313 	mov	r7,a
      00037A 7E 00            [12] 1314 	mov	r6,#0x00
      00037C C0 07            [24] 1315 	push	ar7
      00037E C0 06            [24] 1316 	push	ar6
      000380 74r3E            [12] 1317 	mov	a,#___str_2
      000382 C0 E0            [24] 1318 	push	acc
      000384 74s00            [12] 1319 	mov	a,#(___str_2 >> 8)
      000386 C0 E0            [24] 1320 	push	acc
      000388 74 80            [12] 1321 	mov	a,#0x80
      00038A C0 E0            [24] 1322 	push	acc
      00038C 12r00r00         [24] 1323 	lcall	_printf
      00038F E5 81            [12] 1324 	mov	a,sp
      000391 24 FB            [12] 1325 	add	a,#0xfb
      000393 F5 81            [12] 1326 	mov	sp,a
                                   1327 ;	syntax.c:174: print_prompt("\n\r");
      000395 90r00r41         [24] 1328 	mov	dptr,#___str_3
      000398 75 F0 80         [24] 1329 	mov	b,#0x80
      00039B 12r02r6C         [24] 1330 	lcall	_print_prompt
                                   1331 ;	syntax.c:175: print_prompt("Recent number of storage chars from the last ?: ");
      00039E 90r00r9F         [24] 1332 	mov	dptr,#___str_6
      0003A1 75 F0 80         [24] 1333 	mov	b,#0x80
      0003A4 12r02r6C         [24] 1334 	lcall	_print_prompt
                                   1335 ;	syntax.c:176: printf("%d",recent_storage);
      0003A7 90r00r04         [24] 1336 	mov	dptr,#_recent_storage
      0003AA E0               [24] 1337 	movx	a,@dptr
      0003AB FF               [12] 1338 	mov	r7,a
      0003AC 7E 00            [12] 1339 	mov	r6,#0x00
      0003AE C0 07            [24] 1340 	push	ar7
      0003B0 C0 06            [24] 1341 	push	ar6
      0003B2 74r3E            [12] 1342 	mov	a,#___str_2
      0003B4 C0 E0            [24] 1343 	push	acc
      0003B6 74s00            [12] 1344 	mov	a,#(___str_2 >> 8)
      0003B8 C0 E0            [24] 1345 	push	acc
      0003BA 74 80            [12] 1346 	mov	a,#0x80
      0003BC C0 E0            [24] 1347 	push	acc
      0003BE 12r00r00         [24] 1348 	lcall	_printf
      0003C1 E5 81            [12] 1349 	mov	a,sp
      0003C3 24 FB            [12] 1350 	add	a,#0xfb
      0003C5 F5 81            [12] 1351 	mov	sp,a
                                   1352 ;	syntax.c:177: print_prompt("\n\r");
      0003C7 90r00r41         [24] 1353 	mov	dptr,#___str_3
      0003CA 75 F0 80         [24] 1354 	mov	b,#0x80
      0003CD 12r02r6C         [24] 1355 	lcall	_print_prompt
                                   1356 ;	syntax.c:178: print_prompt("\n\r");
      0003D0 90r00r41         [24] 1357 	mov	dptr,#___str_3
      0003D3 75 F0 80         [24] 1358 	mov	b,#0x80
      0003D6 12r02r6C         [24] 1359 	lcall	_print_prompt
                                   1360 ;	syntax.c:180: for(int i=0; i<99; i++){
      0003D9 7E 00            [12] 1361 	mov	r6,#0x00
      0003DB 7F 00            [12] 1362 	mov	r7,#0x00
      0003DD                       1363 00122$:
      0003DD C3               [12] 1364 	clr	c
      0003DE EE               [12] 1365 	mov	a,r6
      0003DF 94 63            [12] 1366 	subb	a,#0x63
      0003E1 EF               [12] 1367 	mov	a,r7
      0003E2 64 80            [12] 1368 	xrl	a,#0x80
      0003E4 94 80            [12] 1369 	subb	a,#0x80
      0003E6 40 03            [24] 1370 	jc	00192$
      0003E8 02r04r83         [24] 1371 	ljmp	00105$
      0003EB                       1372 00192$:
                                   1373 ;	syntax.c:181: if(array_for_nodes[i]){
      0003EB 90r00r00         [24] 1374 	mov	dptr,#__mulint_PARM_2
      0003EE EE               [12] 1375 	mov	a,r6
      0003EF F0               [24] 1376 	movx	@dptr,a
      0003F0 EF               [12] 1377 	mov	a,r7
      0003F1 A3               [24] 1378 	inc	dptr
      0003F2 F0               [24] 1379 	movx	@dptr,a
      0003F3 90 00 06         [24] 1380 	mov	dptr,#0x0006
      0003F6 C0 07            [24] 1381 	push	ar7
      0003F8 C0 06            [24] 1382 	push	ar6
      0003FA 12r00r00         [24] 1383 	lcall	__mulint
      0003FD AC 82            [24] 1384 	mov	r4,dpl
      0003FF AD 83            [24] 1385 	mov	r5,dph
      000401 D0 06            [24] 1386 	pop	ar6
      000403 D0 07            [24] 1387 	pop	ar7
      000405 EC               [12] 1388 	mov	a,r4
      000406 24r04            [12] 1389 	add	a,#_array_for_nodes
      000408 FC               [12] 1390 	mov	r4,a
      000409 ED               [12] 1391 	mov	a,r5
      00040A 34s00            [12] 1392 	addc	a,#(_array_for_nodes >> 8)
      00040C FD               [12] 1393 	mov	r5,a
      00040D 8C 82            [24] 1394 	mov	dpl,r4
      00040F 8D 83            [24] 1395 	mov	dph,r5
      000411 E0               [24] 1396 	movx	a,@dptr
      000412 60 67            [24] 1397 	jz	00123$
                                   1398 ;	syntax.c:182: printf("Index: %d , starting address of Pointer: %p  Ending Address of the pointer %p size of array: %d\n\r",array_for_nodes[i].index,array_for_nodes[i].data_pointer,array_for_nodes[i].data_pointer+array_for_nodes[i].size, array_for_nodes[i].size);
      000414 C0 06            [24] 1399 	push	ar6
      000416 C0 07            [24] 1400 	push	ar7
      000418 8C 82            [24] 1401 	mov	dpl,r4
      00041A 8D 83            [24] 1402 	mov	dph,r5
      00041C A3               [24] 1403 	inc	dptr
      00041D A3               [24] 1404 	inc	dptr
      00041E A3               [24] 1405 	inc	dptr
      00041F A3               [24] 1406 	inc	dptr
      000420 E0               [24] 1407 	movx	a,@dptr
      000421 F5*00            [12] 1408 	mov	_get_command_sloc0_1_0,a
      000423 A3               [24] 1409 	inc	dptr
      000424 E0               [24] 1410 	movx	a,@dptr
      000425 F5*01            [12] 1411 	mov	(_get_command_sloc0_1_0 + 1),a
      000427 8C 82            [24] 1412 	mov	dpl,r4
      000429 8D 83            [24] 1413 	mov	dph,r5
      00042B A3               [24] 1414 	inc	dptr
      00042C E0               [24] 1415 	movx	a,@dptr
      00042D F8               [12] 1416 	mov	r0,a
      00042E A3               [24] 1417 	inc	dptr
      00042F E0               [24] 1418 	movx	a,@dptr
      000430 F9               [12] 1419 	mov	r1,a
      000431 A3               [24] 1420 	inc	dptr
      000432 E0               [24] 1421 	movx	a,@dptr
      000433 FF               [12] 1422 	mov	r7,a
      000434 E5*00            [12] 1423 	mov	a,_get_command_sloc0_1_0
      000436 28               [12] 1424 	add	a,r0
      000437 FA               [12] 1425 	mov	r2,a
      000438 E5*01            [12] 1426 	mov	a,(_get_command_sloc0_1_0 + 1)
      00043A 39               [12] 1427 	addc	a,r1
      00043B FB               [12] 1428 	mov	r3,a
      00043C 8F 06            [24] 1429 	mov	ar6,r7
      00043E 8C 82            [24] 1430 	mov	dpl,r4
      000440 8D 83            [24] 1431 	mov	dph,r5
      000442 E0               [24] 1432 	movx	a,@dptr
      000443 FC               [12] 1433 	mov	r4,a
      000444 7D 00            [12] 1434 	mov	r5,#0x00
      000446 C0 07            [24] 1435 	push	ar7
      000448 C0 06            [24] 1436 	push	ar6
      00044A C0*00            [24] 1437 	push	_get_command_sloc0_1_0
      00044C C0*01            [24] 1438 	push	(_get_command_sloc0_1_0 + 1)
      00044E C0 02            [24] 1439 	push	ar2
      000450 C0 03            [24] 1440 	push	ar3
      000452 C0 06            [24] 1441 	push	ar6
      000454 C0 00            [24] 1442 	push	ar0
      000456 C0 01            [24] 1443 	push	ar1
      000458 C0 07            [24] 1444 	push	ar7
      00045A C0 04            [24] 1445 	push	ar4
      00045C C0 05            [24] 1446 	push	ar5
      00045E 74rD0            [12] 1447 	mov	a,#___str_7
      000460 C0 E0            [24] 1448 	push	acc
      000462 74s00            [12] 1449 	mov	a,#(___str_7 >> 8)
      000464 C0 E0            [24] 1450 	push	acc
      000466 74 80            [12] 1451 	mov	a,#0x80
      000468 C0 E0            [24] 1452 	push	acc
      00046A 12r00r00         [24] 1453 	lcall	_printf
      00046D E5 81            [12] 1454 	mov	a,sp
      00046F 24 F3            [12] 1455 	add	a,#0xf3
      000471 F5 81            [12] 1456 	mov	sp,a
      000473 D0 06            [24] 1457 	pop	ar6
      000475 D0 07            [24] 1458 	pop	ar7
                                   1459 ;	syntax.c:244: return 0;
      000477 D0 07            [24] 1460 	pop	ar7
      000479 D0 06            [24] 1461 	pop	ar6
                                   1462 ;	syntax.c:182: printf("Index: %d , starting address of Pointer: %p  Ending Address of the pointer %p size of array: %d\n\r",array_for_nodes[i].index,array_for_nodes[i].data_pointer,array_for_nodes[i].data_pointer+array_for_nodes[i].size, array_for_nodes[i].size);
      00047B                       1463 00123$:
                                   1464 ;	syntax.c:180: for(int i=0; i<99; i++){
      00047B 0E               [12] 1465 	inc	r6
      00047C BE 00 01         [24] 1466 	cjne	r6,#0x00,00194$
      00047F 0F               [12] 1467 	inc	r7
      000480                       1468 00194$:
      000480 02r03rDD         [24] 1469 	ljmp	00122$
      000483                       1470 00105$:
                                   1471 ;	syntax.c:189: uint8_t *rd_ptr = array_for_nodes[0].data_pointer;
      000483 90r00r05         [24] 1472 	mov	dptr,#(_array_for_nodes + 0x0001)
      000486 E0               [24] 1473 	movx	a,@dptr
      000487 F5*02            [12] 1474 	mov	_get_command_sloc1_1_0,a
      000489 A3               [24] 1475 	inc	dptr
      00048A E0               [24] 1476 	movx	a,@dptr
      00048B F5*03            [12] 1477 	mov	(_get_command_sloc1_1_0 + 1),a
      00048D A3               [24] 1478 	inc	dptr
      00048E E0               [24] 1479 	movx	a,@dptr
      00048F F5*04            [12] 1480 	mov	(_get_command_sloc1_1_0 + 2),a
      000491 90r02r74         [24] 1481 	mov	dptr,#_get_command_rd_ptr_131073_73
      000494 E5*02            [12] 1482 	mov	a,_get_command_sloc1_1_0
      000496 F0               [24] 1483 	movx	@dptr,a
      000497 E5*03            [12] 1484 	mov	a,(_get_command_sloc1_1_0 + 1)
      000499 A3               [24] 1485 	inc	dptr
      00049A F0               [24] 1486 	movx	@dptr,a
      00049B E5*04            [12] 1487 	mov	a,(_get_command_sloc1_1_0 + 2)
      00049D A3               [24] 1488 	inc	dptr
      00049E F0               [24] 1489 	movx	@dptr,a
                                   1490 ;	syntax.c:191: uint8_t temp = array_for_nodes[0].size*sizeof(uint8_t);
      00049F 90r00r08         [24] 1491 	mov	dptr,#(_array_for_nodes + 0x0004)
      0004A2 E0               [24] 1492 	movx	a,@dptr
      0004A3 90r02r77         [24] 1493 	mov	dptr,#_get_command_temp_131073_73
      0004A6 F0               [24] 1494 	movx	@dptr,a
                                   1495 ;	syntax.c:192: printf("....... Dumping Buffer0 ......\r\n");
      0004A7 74r32            [12] 1496 	mov	a,#___str_8
      0004A9 C0 E0            [24] 1497 	push	acc
      0004AB 74s01            [12] 1498 	mov	a,#(___str_8 >> 8)
      0004AD C0 E0            [24] 1499 	push	acc
      0004AF 74 80            [12] 1500 	mov	a,#0x80
      0004B1 C0 E0            [24] 1501 	push	acc
      0004B3 12r00r00         [24] 1502 	lcall	_printf
      0004B6 15 81            [12] 1503 	dec	sp
      0004B8 15 81            [12] 1504 	dec	sp
      0004BA 15 81            [12] 1505 	dec	sp
                                   1506 ;	syntax.c:193: while(temp){
      0004BC                       1507 00107$:
      0004BC 90r02r77         [24] 1508 	mov	dptr,#_get_command_temp_131073_73
      0004BF E0               [24] 1509 	movx	a,@dptr
      0004C0 FC               [12] 1510 	mov	r4,a
      0004C1 E0               [24] 1511 	movx	a,@dptr
      0004C2 70 03            [24] 1512 	jnz	00195$
      0004C4 02r05rB5         [24] 1513 	ljmp	00109$
      0004C7                       1514 00195$:
                                   1515 ;	syntax.c:194: printf("%p: ", rd_ptr);
      0004C7 C0 04            [24] 1516 	push	ar4
      0004C9 90r02r74         [24] 1517 	mov	dptr,#_get_command_rd_ptr_131073_73
      0004CC E0               [24] 1518 	movx	a,@dptr
      0004CD C0 E0            [24] 1519 	push	acc
      0004CF A3               [24] 1520 	inc	dptr
      0004D0 E0               [24] 1521 	movx	a,@dptr
      0004D1 C0 E0            [24] 1522 	push	acc
      0004D3 A3               [24] 1523 	inc	dptr
      0004D4 E0               [24] 1524 	movx	a,@dptr
      0004D5 C0 E0            [24] 1525 	push	acc
      0004D7 74r53            [12] 1526 	mov	a,#___str_9
      0004D9 C0 E0            [24] 1527 	push	acc
      0004DB 74s01            [12] 1528 	mov	a,#(___str_9 >> 8)
      0004DD C0 E0            [24] 1529 	push	acc
      0004DF 74 80            [12] 1530 	mov	a,#0x80
      0004E1 C0 E0            [24] 1531 	push	acc
      0004E3 12r00r00         [24] 1532 	lcall	_printf
      0004E6 E5 81            [12] 1533 	mov	a,sp
      0004E8 24 FA            [12] 1534 	add	a,#0xfa
      0004EA F5 81            [12] 1535 	mov	sp,a
      0004EC D0 04            [24] 1536 	pop	ar4
                                   1537 ;	syntax.c:195: for(int i=15; i>=0;i--){
      0004EE 90r02r74         [24] 1538 	mov	dptr,#_get_command_rd_ptr_131073_73
      0004F1 E0               [24] 1539 	movx	a,@dptr
      0004F2 F9               [12] 1540 	mov	r1,a
      0004F3 A3               [24] 1541 	inc	dptr
      0004F4 E0               [24] 1542 	movx	a,@dptr
      0004F5 FA               [12] 1543 	mov	r2,a
      0004F6 A3               [24] 1544 	inc	dptr
      0004F7 E0               [24] 1545 	movx	a,@dptr
      0004F8 FB               [12] 1546 	mov	r3,a
      0004F9 75*00 0F         [24] 1547 	mov	_get_command_sloc0_1_0,#0x0f
      0004FC 75*01 00         [24] 1548 	mov	(_get_command_sloc0_1_0 + 1),#0x00
      0004FF                       1549 00125$:
      0004FF E5*01            [12] 1550 	mov	a,(_get_command_sloc0_1_0 + 1)
      000501 30 E7 03         [24] 1551 	jnb	acc.7,00196$
      000504 02r05r8D         [24] 1552 	ljmp	00144$
      000507                       1553 00196$:
                                   1554 ;	syntax.c:196: printf("%d ",(*rd_ptr & (0x00FF)));
      000507 89 82            [24] 1555 	mov	dpl,r1
      000509 8A 83            [24] 1556 	mov	dph,r2
      00050B 8B F0            [24] 1557 	mov	b,r3
      00050D 12r00r00         [24] 1558 	lcall	__gptrget
      000510 F8               [12] 1559 	mov	r0,a
      000511 7F 00            [12] 1560 	mov	r7,#0x00
      000513 C0 04            [24] 1561 	push	ar4
      000515 C0 03            [24] 1562 	push	ar3
      000517 C0 02            [24] 1563 	push	ar2
      000519 C0 01            [24] 1564 	push	ar1
      00051B C0 00            [24] 1565 	push	ar0
      00051D C0 07            [24] 1566 	push	ar7
      00051F 74r58            [12] 1567 	mov	a,#___str_10
      000521 C0 E0            [24] 1568 	push	acc
      000523 74s01            [12] 1569 	mov	a,#(___str_10 >> 8)
      000525 C0 E0            [24] 1570 	push	acc
      000527 74 80            [12] 1571 	mov	a,#0x80
      000529 C0 E0            [24] 1572 	push	acc
      00052B 12r00r00         [24] 1573 	lcall	_printf
      00052E E5 81            [12] 1574 	mov	a,sp
      000530 24 FB            [12] 1575 	add	a,#0xfb
      000532 F5 81            [12] 1576 	mov	sp,a
      000534 D0 01            [24] 1577 	pop	ar1
      000536 D0 02            [24] 1578 	pop	ar2
      000538 D0 03            [24] 1579 	pop	ar3
                                   1580 ;	syntax.c:197: printf("%d ",((*rd_ptr & (0xFF00))>>8U));
      00053A 89 82            [24] 1581 	mov	dpl,r1
      00053C 8A 83            [24] 1582 	mov	dph,r2
      00053E 8B F0            [24] 1583 	mov	b,r3
      000540 12r00r00         [24] 1584 	lcall	__gptrget
      000543 A3               [24] 1585 	inc	dptr
      000544 A9 82            [24] 1586 	mov	r1,dpl
      000546 AA 83            [24] 1587 	mov	r2,dph
      000548 7F 00            [12] 1588 	mov	r7,#0x00
      00054A 7E 00            [12] 1589 	mov	r6,#0x00
      00054C C0 03            [24] 1590 	push	ar3
      00054E C0 02            [24] 1591 	push	ar2
      000550 C0 01            [24] 1592 	push	ar1
      000552 C0 07            [24] 1593 	push	ar7
      000554 C0 06            [24] 1594 	push	ar6
      000556 74r58            [12] 1595 	mov	a,#___str_10
      000558 C0 E0            [24] 1596 	push	acc
      00055A 74s01            [12] 1597 	mov	a,#(___str_10 >> 8)
      00055C C0 E0            [24] 1598 	push	acc
      00055E 74 80            [12] 1599 	mov	a,#0x80
      000560 C0 E0            [24] 1600 	push	acc
      000562 12r00r00         [24] 1601 	lcall	_printf
      000565 E5 81            [12] 1602 	mov	a,sp
      000567 24 FB            [12] 1603 	add	a,#0xfb
      000569 F5 81            [12] 1604 	mov	sp,a
      00056B D0 01            [24] 1605 	pop	ar1
      00056D D0 02            [24] 1606 	pop	ar2
      00056F D0 03            [24] 1607 	pop	ar3
      000571 D0 04            [24] 1608 	pop	ar4
                                   1609 ;	syntax.c:198: *wr_ptr = 0;
      000573 85*02 82         [24] 1610 	mov	dpl,_get_command_sloc1_1_0
      000576 85*03 83         [24] 1611 	mov	dph,(_get_command_sloc1_1_0 + 1)
      000579 85*04 F0         [24] 1612 	mov	b,(_get_command_sloc1_1_0 + 2)
      00057C E4               [12] 1613 	clr	a
      00057D 12r00r00         [24] 1614 	lcall	__gptrput
                                   1615 ;	syntax.c:199: rd_ptr++;
                                   1616 ;	syntax.c:200: temp--;
      000580 1C               [12] 1617 	dec	r4
                                   1618 ;	syntax.c:195: for(int i=15; i>=0;i--){
      000581 15*00            [12] 1619 	dec	_get_command_sloc0_1_0
      000583 74 FF            [12] 1620 	mov	a,#0xff
      000585 B5*00 02         [24] 1621 	cjne	a,_get_command_sloc0_1_0,00197$
      000588 15*01            [12] 1622 	dec	(_get_command_sloc0_1_0 + 1)
      00058A                       1623 00197$:
      00058A 02r04rFF         [24] 1624 	ljmp	00125$
      00058D                       1625 00144$:
      00058D 90r02r74         [24] 1626 	mov	dptr,#_get_command_rd_ptr_131073_73
      000590 E9               [12] 1627 	mov	a,r1
      000591 F0               [24] 1628 	movx	@dptr,a
      000592 EA               [12] 1629 	mov	a,r2
      000593 A3               [24] 1630 	inc	dptr
      000594 F0               [24] 1631 	movx	@dptr,a
      000595 EB               [12] 1632 	mov	a,r3
      000596 A3               [24] 1633 	inc	dptr
      000597 F0               [24] 1634 	movx	@dptr,a
      000598 90r02r77         [24] 1635 	mov	dptr,#_get_command_temp_131073_73
      00059B EC               [12] 1636 	mov	a,r4
      00059C F0               [24] 1637 	movx	@dptr,a
                                   1638 ;	syntax.c:202: printf("\r\n");
      00059D 74r5C            [12] 1639 	mov	a,#___str_11
      00059F C0 E0            [24] 1640 	push	acc
      0005A1 74s01            [12] 1641 	mov	a,#(___str_11 >> 8)
      0005A3 C0 E0            [24] 1642 	push	acc
      0005A5 74 80            [12] 1643 	mov	a,#0x80
      0005A7 C0 E0            [24] 1644 	push	acc
      0005A9 12r00r00         [24] 1645 	lcall	_printf
      0005AC 15 81            [12] 1646 	dec	sp
      0005AE 15 81            [12] 1647 	dec	sp
      0005B0 15 81            [12] 1648 	dec	sp
      0005B2 02r04rBC         [24] 1649 	ljmp	00107$
      0005B5                       1650 00109$:
                                   1651 ;	syntax.c:206: recent_commands = 0;
      0005B5 90r00r03         [24] 1652 	mov	dptr,#_recent_commands
      0005B8 E4               [12] 1653 	clr	a
      0005B9 F0               [24] 1654 	movx	@dptr,a
                                   1655 ;	syntax.c:207: recent_storage = 0;
      0005BA 90r00r04         [24] 1656 	mov	dptr,#_recent_storage
      0005BD F0               [24] 1657 	movx	@dptr,a
                                   1658 ;	syntax.c:208: break;
      0005BE 02r07r0B         [24] 1659 	ljmp	00120$
                                   1660 ;	syntax.c:210: case '+':
      0005C1                       1661 00110$:
                                   1662 ;	syntax.c:211: temp_value = get_buf_value("\n\rEnter buffer size between 20 to 400: ", UPPER_SMALL_BUFFERS, LOWER_SMALL_BUFFERS);
      0005C1 90r02r5E         [24] 1663 	mov	dptr,#_get_buf_value_PARM_2
      0005C4 74 90            [12] 1664 	mov	a,#0x90
      0005C6 F0               [24] 1665 	movx	@dptr,a
      0005C7 74 01            [12] 1666 	mov	a,#0x01
      0005C9 A3               [24] 1667 	inc	dptr
      0005CA F0               [24] 1668 	movx	@dptr,a
      0005CB 90r02r60         [24] 1669 	mov	dptr,#_get_buf_value_PARM_3
      0005CE 74 14            [12] 1670 	mov	a,#0x14
      0005D0 F0               [24] 1671 	movx	@dptr,a
      0005D1 E4               [12] 1672 	clr	a
      0005D2 A3               [24] 1673 	inc	dptr
      0005D3 F0               [24] 1674 	movx	@dptr,a
      0005D4 90r01r5F         [24] 1675 	mov	dptr,#___str_12
      0005D7 75 F0 80         [24] 1676 	mov	b,#0x80
      0005DA 12r00r67         [24] 1677 	lcall	_get_buf_value
      0005DD AE 82            [24] 1678 	mov	r6,dpl
      0005DF AF 83            [24] 1679 	mov	r7,dph
                                   1680 ;	syntax.c:212: print_prompt("Buffer size you entered is : ");
      0005E1 90r01r87         [24] 1681 	mov	dptr,#___str_13
      0005E4 75 F0 80         [24] 1682 	mov	b,#0x80
      0005E7 C0 07            [24] 1683 	push	ar7
      0005E9 C0 06            [24] 1684 	push	ar6
      0005EB 12r02r6C         [24] 1685 	lcall	_print_prompt
      0005EE D0 06            [24] 1686 	pop	ar6
      0005F0 D0 07            [24] 1687 	pop	ar7
                                   1688 ;	syntax.c:213: printf("%d \n\r", temp_value);
      0005F2 C0 07            [24] 1689 	push	ar7
      0005F4 C0 06            [24] 1690 	push	ar6
      0005F6 C0 06            [24] 1691 	push	ar6
      0005F8 C0 07            [24] 1692 	push	ar7
      0005FA 74rA5            [12] 1693 	mov	a,#___str_14
      0005FC C0 E0            [24] 1694 	push	acc
      0005FE 74s01            [12] 1695 	mov	a,#(___str_14 >> 8)
      000600 C0 E0            [24] 1696 	push	acc
      000602 74 80            [12] 1697 	mov	a,#0x80
      000604 C0 E0            [24] 1698 	push	acc
      000606 12r00r00         [24] 1699 	lcall	_printf
      000609 E5 81            [12] 1700 	mov	a,sp
      00060B 24 FB            [12] 1701 	add	a,#0xfb
      00060D F5 81            [12] 1702 	mov	sp,a
      00060F D0 06            [24] 1703 	pop	ar6
      000611 D0 07            [24] 1704 	pop	ar7
                                   1705 ;	syntax.c:215: pointer = (__xdata uint8_t *) malloc(temp_value);
      000613 8E 82            [24] 1706 	mov	dpl,r6
      000615 8F 83            [24] 1707 	mov	dph,r7
      000617 C0 07            [24] 1708 	push	ar7
      000619 C0 06            [24] 1709 	push	ar6
      00061B 12r00r00         [24] 1710 	lcall	_malloc
      00061E AC 82            [24] 1711 	mov	r4,dpl
      000620 AD 83            [24] 1712 	mov	r5,dph
      000622 D0 06            [24] 1713 	pop	ar6
      000624 D0 07            [24] 1714 	pop	ar7
                                   1715 ;	syntax.c:216: if (pointer == NULL){
      000626 EC               [12] 1716 	mov	a,r4
      000627 4D               [12] 1717 	orl	a,r5
      000628 70 19            [24] 1718 	jnz	00112$
                                   1719 ;	syntax.c:217: print_prompt("\n\rFailed to get malloc try to enter smaller size by again entering +");
      00062A 90r01rAB         [24] 1720 	mov	dptr,#___str_15
      00062D 75 F0 80         [24] 1721 	mov	b,#0x80
      000630 C0 07            [24] 1722 	push	ar7
      000632 C0 06            [24] 1723 	push	ar6
      000634 C0 05            [24] 1724 	push	ar5
      000636 C0 04            [24] 1725 	push	ar4
      000638 12r02r6C         [24] 1726 	lcall	_print_prompt
      00063B D0 04            [24] 1727 	pop	ar4
      00063D D0 05            [24] 1728 	pop	ar5
      00063F D0 06            [24] 1729 	pop	ar6
      000641 D0 07            [24] 1730 	pop	ar7
      000643                       1731 00112$:
                                   1732 ;	syntax.c:221: node_t node = {index_of_buffers, pointer, temp_value};
      000643 90r00r00         [24] 1733 	mov	dptr,#_index_of_buffers
      000646 E0               [24] 1734 	movx	a,@dptr
      000647 90r02r78         [24] 1735 	mov	dptr,#_get_command_node_131074_78
      00064A F0               [24] 1736 	movx	@dptr,a
      00064B 7B 00            [12] 1737 	mov	r3,#0x00
      00064D 90r02r79         [24] 1738 	mov	dptr,#(_get_command_node_131074_78 + 0x0001)
      000650 EC               [12] 1739 	mov	a,r4
      000651 F0               [24] 1740 	movx	@dptr,a
      000652 ED               [12] 1741 	mov	a,r5
      000653 A3               [24] 1742 	inc	dptr
      000654 F0               [24] 1743 	movx	@dptr,a
      000655 EB               [12] 1744 	mov	a,r3
      000656 A3               [24] 1745 	inc	dptr
      000657 F0               [24] 1746 	movx	@dptr,a
      000658 90r02r7C         [24] 1747 	mov	dptr,#(_get_command_node_131074_78 + 0x0004)
      00065B EE               [12] 1748 	mov	a,r6
      00065C F0               [24] 1749 	movx	@dptr,a
      00065D EF               [12] 1750 	mov	a,r7
      00065E A3               [24] 1751 	inc	dptr
      00065F F0               [24] 1752 	movx	@dptr,a
                                   1753 ;	syntax.c:222: array_for_nodes[index_of_buffers] = node;
      000660 90r00r00         [24] 1754 	mov	dptr,#_index_of_buffers
      000663 E0               [24] 1755 	movx	a,@dptr
      000664 75 F0 06         [24] 1756 	mov	b,#0x06
      000667 A4               [48] 1757 	mul	ab
      000668 24r04            [12] 1758 	add	a,#_array_for_nodes
      00066A FE               [12] 1759 	mov	r6,a
      00066B 74s00            [12] 1760 	mov	a,#(_array_for_nodes >> 8)
      00066D 35 F0            [12] 1761 	addc	a,b
      00066F FF               [12] 1762 	mov	r7,a
      000670 7D 00            [12] 1763 	mov	r5,#0x00
      000672 90r00r00         [24] 1764 	mov	dptr,#___memcpy_PARM_2
      000675 74r78            [12] 1765 	mov	a,#_get_command_node_131074_78
      000677 F0               [24] 1766 	movx	@dptr,a
      000678 74s02            [12] 1767 	mov	a,#(_get_command_node_131074_78 >> 8)
      00067A A3               [24] 1768 	inc	dptr
      00067B F0               [24] 1769 	movx	@dptr,a
      00067C E4               [12] 1770 	clr	a
      00067D A3               [24] 1771 	inc	dptr
      00067E F0               [24] 1772 	movx	@dptr,a
      00067F 90r00r00         [24] 1773 	mov	dptr,#___memcpy_PARM_3
      000682 74 06            [12] 1774 	mov	a,#0x06
      000684 F0               [24] 1775 	movx	@dptr,a
      000685 E4               [12] 1776 	clr	a
      000686 A3               [24] 1777 	inc	dptr
      000687 F0               [24] 1778 	movx	@dptr,a
      000688 8E 82            [24] 1779 	mov	dpl,r6
      00068A 8F 83            [24] 1780 	mov	dph,r7
      00068C 8D F0            [24] 1781 	mov	b,r5
      00068E 12r00r00         [24] 1782 	lcall	___memcpy
                                   1783 ;	syntax.c:223: index_of_buffers++;
      000691 90r00r00         [24] 1784 	mov	dptr,#_index_of_buffers
      000694 E0               [24] 1785 	movx	a,@dptr
      000695 24 01            [12] 1786 	add	a,#0x01
      000697 F0               [24] 1787 	movx	@dptr,a
                                   1788 ;	syntax.c:224: break;
                                   1789 ;	syntax.c:226: case '-':
      000698 80 71            [24] 1790 	sjmp	00120$
      00069A                       1791 00113$:
                                   1792 ;	syntax.c:227: print_prompt("\n\rEnter Number to delete between 0 to 127 for buffer:");
      00069A 90r01rF0         [24] 1793 	mov	dptr,#___str_16
      00069D 75 F0 80         [24] 1794 	mov	b,#0x80
      0006A0 12r02r6C         [24] 1795 	lcall	_print_prompt
                                   1796 ;	syntax.c:228: temp_value = getchar();
      0006A3 12r00r52         [24] 1797 	lcall	_getchar
                                   1798 ;	syntax.c:229: putchar(temp_value);
      0006A6 AE 82            [24] 1799 	mov	r6,dpl
      0006A8 AF 83            [24] 1800 	mov  r7,dph
      0006AA C0 07            [24] 1801 	push	ar7
      0006AC C0 06            [24] 1802 	push	ar6
      0006AE 12r00r35         [24] 1803 	lcall	_putchar
      0006B1 D0 06            [24] 1804 	pop	ar6
      0006B3 D0 07            [24] 1805 	pop	ar7
                                   1806 ;	syntax.c:230: if(temp_value <= 0) break;
      0006B5 C3               [12] 1807 	clr	c
      0006B6 E4               [12] 1808 	clr	a
      0006B7 9E               [12] 1809 	subb	a,r6
      0006B8 74 80            [12] 1810 	mov	a,#(0x00 ^ 0x80)
      0006BA 8F F0            [24] 1811 	mov	b,r7
      0006BC 63 F0 80         [24] 1812 	xrl	b,#0x80
      0006BF 95 F0            [12] 1813 	subb	a,b
      0006C1 50 48            [24] 1814 	jnc	00120$
                                   1815 ;	syntax.c:231: if(array_for_nodes[temp_value]){
      0006C3 90r00r00         [24] 1816 	mov	dptr,#__mulint_PARM_2
      0006C6 EE               [12] 1817 	mov	a,r6
      0006C7 F0               [24] 1818 	movx	@dptr,a
      0006C8 EF               [12] 1819 	mov	a,r7
      0006C9 A3               [24] 1820 	inc	dptr
      0006CA F0               [24] 1821 	movx	@dptr,a
      0006CB 90 00 06         [24] 1822 	mov	dptr,#0x0006
      0006CE 12r00r00         [24] 1823 	lcall	__mulint
      0006D1 AE 82            [24] 1824 	mov	r6,dpl
      0006D3 AF 83            [24] 1825 	mov	r7,dph
      0006D5 EE               [12] 1826 	mov	a,r6
      0006D6 24r04            [12] 1827 	add	a,#_array_for_nodes
      0006D8 FE               [12] 1828 	mov	r6,a
      0006D9 EF               [12] 1829 	mov	a,r7
      0006DA 34s00            [12] 1830 	addc	a,#(_array_for_nodes >> 8)
      0006DC FF               [12] 1831 	mov	r7,a
      0006DD 8E 82            [24] 1832 	mov	dpl,r6
      0006DF 8F 83            [24] 1833 	mov	dph,r7
      0006E1 E0               [24] 1834 	movx	a,@dptr
      0006E2 60 27            [24] 1835 	jz	00120$
                                   1836 ;	syntax.c:232: array_for_nodes[temp_value].size = 0;
      0006E4 8E 82            [24] 1837 	mov	dpl,r6
      0006E6 8F 83            [24] 1838 	mov	dph,r7
      0006E8 A3               [24] 1839 	inc	dptr
      0006E9 A3               [24] 1840 	inc	dptr
      0006EA A3               [24] 1841 	inc	dptr
      0006EB A3               [24] 1842 	inc	dptr
      0006EC E4               [12] 1843 	clr	a
      0006ED F0               [24] 1844 	movx	@dptr,a
      0006EE A3               [24] 1845 	inc	dptr
      0006EF F0               [24] 1846 	movx	@dptr,a
                                   1847 ;	syntax.c:233: free(array_for_nodes[temp_value].data_pointer);
      0006F0 8E 82            [24] 1848 	mov	dpl,r6
      0006F2 8F 83            [24] 1849 	mov	dph,r7
      0006F4 A3               [24] 1850 	inc	dptr
      0006F5 E0               [24] 1851 	movx	a,@dptr
      0006F6 FD               [12] 1852 	mov	r5,a
      0006F7 A3               [24] 1853 	inc	dptr
      0006F8 E0               [24] 1854 	movx	a,@dptr
      0006F9 FE               [12] 1855 	mov	r6,a
      0006FA A3               [24] 1856 	inc	dptr
      0006FB E0               [24] 1857 	movx	a,@dptr
      0006FC FF               [12] 1858 	mov	r7,a
      0006FD 8D 82            [24] 1859 	mov	dpl,r5
      0006FF 8E 83            [24] 1860 	mov	dph,r6
      000701 8F F0            [24] 1861 	mov	b,r7
      000703 12r00r00         [24] 1862 	lcall	_free
                                   1863 ;	syntax.c:235: break;
                                   1864 ;	syntax.c:237: case '=':
      000706 80 03            [24] 1865 	sjmp	00120$
      000708                       1866 00118$:
                                   1867 ;	syntax.c:238: buffer0_dump();
      000708 12r07r0F         [24] 1868 	lcall	_buffer0_dump
                                   1869 ;	syntax.c:242: }
      00070B                       1870 00120$:
                                   1871 ;	syntax.c:244: return 0;
      00070B 90 00 00         [24] 1872 	mov	dptr,#0x0000
                                   1873 ;	syntax.c:245: }
      00070E 22               [24] 1874 	ret
                                   1875 ;------------------------------------------------------------
                                   1876 ;Allocation info for local variables in function 'buffer0_dump'
                                   1877 ;------------------------------------------------------------
                                   1878 ;rd_ptr                    Allocated with name '_buffer0_dump_rd_ptr_65536_80'
                                   1879 ;temp                      Allocated with name '_buffer0_dump_temp_65536_80'
                                   1880 ;i                         Allocated with name '_buffer0_dump_i_196608_82'
                                   1881 ;------------------------------------------------------------
                                   1882 ;	syntax.c:247: void buffer0_dump(){
                                   1883 ;	-----------------------------------------
                                   1884 ;	 function buffer0_dump
                                   1885 ;	-----------------------------------------
      00070F                       1886 _buffer0_dump:
                                   1887 ;	syntax.c:248: uint8_t *rd_ptr = array_for_nodes[0].data_pointer;
      00070F 90r00r05         [24] 1888 	mov	dptr,#(_array_for_nodes + 0x0001)
      000712 E0               [24] 1889 	movx	a,@dptr
      000713 FD               [12] 1890 	mov	r5,a
      000714 A3               [24] 1891 	inc	dptr
      000715 E0               [24] 1892 	movx	a,@dptr
      000716 FE               [12] 1893 	mov	r6,a
      000717 A3               [24] 1894 	inc	dptr
      000718 E0               [24] 1895 	movx	a,@dptr
      000719 FF               [12] 1896 	mov	r7,a
      00071A 90r02r7E         [24] 1897 	mov	dptr,#_buffer0_dump_rd_ptr_65536_80
      00071D ED               [12] 1898 	mov	a,r5
      00071E F0               [24] 1899 	movx	@dptr,a
      00071F EE               [12] 1900 	mov	a,r6
      000720 A3               [24] 1901 	inc	dptr
      000721 F0               [24] 1902 	movx	@dptr,a
      000722 EF               [12] 1903 	mov	a,r7
      000723 A3               [24] 1904 	inc	dptr
      000724 F0               [24] 1905 	movx	@dptr,a
                                   1906 ;	syntax.c:249: uint8_t temp = array_for_nodes[0].size*sizeof(uint8_t);
      000725 90r00r08         [24] 1907 	mov	dptr,#(_array_for_nodes + 0x0004)
      000728 E0               [24] 1908 	movx	a,@dptr
      000729 90r02r81         [24] 1909 	mov	dptr,#_buffer0_dump_temp_65536_80
      00072C F0               [24] 1910 	movx	@dptr,a
                                   1911 ;	syntax.c:250: printf("....... Dumping Buffer0 ......\r\n");
      00072D 74r32            [12] 1912 	mov	a,#___str_8
      00072F C0 E0            [24] 1913 	push	acc
      000731 74s01            [12] 1914 	mov	a,#(___str_8 >> 8)
      000733 C0 E0            [24] 1915 	push	acc
      000735 74 80            [12] 1916 	mov	a,#0x80
      000737 C0 E0            [24] 1917 	push	acc
      000739 12r00r00         [24] 1918 	lcall	_printf
      00073C 15 81            [12] 1919 	dec	sp
      00073E 15 81            [12] 1920 	dec	sp
      000740 15 81            [12] 1921 	dec	sp
                                   1922 ;	syntax.c:251: while(temp){
      000742                       1923 00102$:
      000742 90r02r81         [24] 1924 	mov	dptr,#_buffer0_dump_temp_65536_80
      000745 E0               [24] 1925 	movx	a,@dptr
      000746 FF               [12] 1926 	mov	r7,a
      000747 E0               [24] 1927 	movx	a,@dptr
      000748 70 01            [24] 1928 	jnz	00127$
      00074A 22               [24] 1929 	ret
      00074B                       1930 00127$:
                                   1931 ;	syntax.c:252: printf("%p: ", rd_ptr);
      00074B C0 07            [24] 1932 	push	ar7
      00074D 90r02r7E         [24] 1933 	mov	dptr,#_buffer0_dump_rd_ptr_65536_80
      000750 E0               [24] 1934 	movx	a,@dptr
      000751 C0 E0            [24] 1935 	push	acc
      000753 A3               [24] 1936 	inc	dptr
      000754 E0               [24] 1937 	movx	a,@dptr
      000755 C0 E0            [24] 1938 	push	acc
      000757 A3               [24] 1939 	inc	dptr
      000758 E0               [24] 1940 	movx	a,@dptr
      000759 C0 E0            [24] 1941 	push	acc
      00075B 74r53            [12] 1942 	mov	a,#___str_9
      00075D C0 E0            [24] 1943 	push	acc
      00075F 74s01            [12] 1944 	mov	a,#(___str_9 >> 8)
      000761 C0 E0            [24] 1945 	push	acc
      000763 74 80            [12] 1946 	mov	a,#0x80
      000765 C0 E0            [24] 1947 	push	acc
      000767 12r00r00         [24] 1948 	lcall	_printf
      00076A E5 81            [12] 1949 	mov	a,sp
      00076C 24 FA            [12] 1950 	add	a,#0xfa
      00076E F5 81            [12] 1951 	mov	sp,a
      000770 D0 07            [24] 1952 	pop	ar7
                                   1953 ;	syntax.c:253: for(int i=15; i>=0;i--){
      000772 90r02r7E         [24] 1954 	mov	dptr,#_buffer0_dump_rd_ptr_65536_80
      000775 E0               [24] 1955 	movx	a,@dptr
      000776 FC               [12] 1956 	mov	r4,a
      000777 A3               [24] 1957 	inc	dptr
      000778 E0               [24] 1958 	movx	a,@dptr
      000779 FD               [12] 1959 	mov	r5,a
      00077A A3               [24] 1960 	inc	dptr
      00077B E0               [24] 1961 	movx	a,@dptr
      00077C FE               [12] 1962 	mov	r6,a
      00077D 7A 0F            [12] 1963 	mov	r2,#0x0f
      00077F 7B 00            [12] 1964 	mov	r3,#0x00
      000781                       1965 00106$:
      000781 EB               [12] 1966 	mov	a,r3
      000782 30 E7 03         [24] 1967 	jnb	acc.7,00128$
      000785 02r08r0D         [24] 1968 	ljmp	00114$
      000788                       1969 00128$:
                                   1970 ;	syntax.c:254: printf("%d ",(*rd_ptr & (0x00FF)));
      000788 8C 82            [24] 1971 	mov	dpl,r4
      00078A 8D 83            [24] 1972 	mov	dph,r5
      00078C 8E F0            [24] 1973 	mov	b,r6
      00078E 12r00r00         [24] 1974 	lcall	__gptrget
      000791 F8               [12] 1975 	mov	r0,a
      000792 79 00            [12] 1976 	mov	r1,#0x00
      000794 C0 07            [24] 1977 	push	ar7
      000796 C0 06            [24] 1978 	push	ar6
      000798 C0 05            [24] 1979 	push	ar5
      00079A C0 04            [24] 1980 	push	ar4
      00079C C0 03            [24] 1981 	push	ar3
      00079E C0 02            [24] 1982 	push	ar2
      0007A0 C0 00            [24] 1983 	push	ar0
      0007A2 C0 01            [24] 1984 	push	ar1
      0007A4 74r58            [12] 1985 	mov	a,#___str_10
      0007A6 C0 E0            [24] 1986 	push	acc
      0007A8 74s01            [12] 1987 	mov	a,#(___str_10 >> 8)
      0007AA C0 E0            [24] 1988 	push	acc
      0007AC 74 80            [12] 1989 	mov	a,#0x80
      0007AE C0 E0            [24] 1990 	push	acc
      0007B0 12r00r00         [24] 1991 	lcall	_printf
      0007B3 E5 81            [12] 1992 	mov	a,sp
      0007B5 24 FB            [12] 1993 	add	a,#0xfb
      0007B7 F5 81            [12] 1994 	mov	sp,a
      0007B9 D0 02            [24] 1995 	pop	ar2
      0007BB D0 03            [24] 1996 	pop	ar3
      0007BD D0 04            [24] 1997 	pop	ar4
      0007BF D0 05            [24] 1998 	pop	ar5
      0007C1 D0 06            [24] 1999 	pop	ar6
                                   2000 ;	syntax.c:255: printf("%d ",((*rd_ptr & (0xFF00))>>8U));
      0007C3 8C 82            [24] 2001 	mov	dpl,r4
      0007C5 8D 83            [24] 2002 	mov	dph,r5
      0007C7 8E F0            [24] 2003 	mov	b,r6
      0007C9 12r00r00         [24] 2004 	lcall	__gptrget
      0007CC A3               [24] 2005 	inc	dptr
      0007CD AC 82            [24] 2006 	mov	r4,dpl
      0007CF AD 83            [24] 2007 	mov	r5,dph
      0007D1 78 00            [12] 2008 	mov	r0,#0x00
      0007D3 79 00            [12] 2009 	mov	r1,#0x00
      0007D5 C0 06            [24] 2010 	push	ar6
      0007D7 C0 05            [24] 2011 	push	ar5
      0007D9 C0 04            [24] 2012 	push	ar4
      0007DB C0 03            [24] 2013 	push	ar3
      0007DD C0 02            [24] 2014 	push	ar2
      0007DF C0 00            [24] 2015 	push	ar0
      0007E1 C0 01            [24] 2016 	push	ar1
      0007E3 74r58            [12] 2017 	mov	a,#___str_10
      0007E5 C0 E0            [24] 2018 	push	acc
      0007E7 74s01            [12] 2019 	mov	a,#(___str_10 >> 8)
      0007E9 C0 E0            [24] 2020 	push	acc
      0007EB 74 80            [12] 2021 	mov	a,#0x80
      0007ED C0 E0            [24] 2022 	push	acc
      0007EF 12r00r00         [24] 2023 	lcall	_printf
      0007F2 E5 81            [12] 2024 	mov	a,sp
      0007F4 24 FB            [12] 2025 	add	a,#0xfb
      0007F6 F5 81            [12] 2026 	mov	sp,a
      0007F8 D0 02            [24] 2027 	pop	ar2
      0007FA D0 03            [24] 2028 	pop	ar3
      0007FC D0 04            [24] 2029 	pop	ar4
      0007FE D0 05            [24] 2030 	pop	ar5
      000800 D0 06            [24] 2031 	pop	ar6
      000802 D0 07            [24] 2032 	pop	ar7
                                   2033 ;	syntax.c:256: rd_ptr++;
                                   2034 ;	syntax.c:257: temp--;
      000804 1F               [12] 2035 	dec	r7
                                   2036 ;	syntax.c:253: for(int i=15; i>=0;i--){
      000805 1A               [12] 2037 	dec	r2
      000806 BA FF 01         [24] 2038 	cjne	r2,#0xff,00129$
      000809 1B               [12] 2039 	dec	r3
      00080A                       2040 00129$:
      00080A 02r07r81         [24] 2041 	ljmp	00106$
      00080D                       2042 00114$:
      00080D 90r02r7E         [24] 2043 	mov	dptr,#_buffer0_dump_rd_ptr_65536_80
      000810 EC               [12] 2044 	mov	a,r4
      000811 F0               [24] 2045 	movx	@dptr,a
      000812 ED               [12] 2046 	mov	a,r5
      000813 A3               [24] 2047 	inc	dptr
      000814 F0               [24] 2048 	movx	@dptr,a
      000815 EE               [12] 2049 	mov	a,r6
      000816 A3               [24] 2050 	inc	dptr
      000817 F0               [24] 2051 	movx	@dptr,a
      000818 90r02r81         [24] 2052 	mov	dptr,#_buffer0_dump_temp_65536_80
      00081B EF               [12] 2053 	mov	a,r7
      00081C F0               [24] 2054 	movx	@dptr,a
                                   2055 ;	syntax.c:259: printf("\r\n");
      00081D 74r5C            [12] 2056 	mov	a,#___str_11
      00081F C0 E0            [24] 2057 	push	acc
      000821 74s01            [12] 2058 	mov	a,#(___str_11 >> 8)
      000823 C0 E0            [24] 2059 	push	acc
      000825 74 80            [12] 2060 	mov	a,#0x80
      000827 C0 E0            [24] 2061 	push	acc
      000829 12r00r00         [24] 2062 	lcall	_printf
      00082C 15 81            [12] 2063 	dec	sp
      00082E 15 81            [12] 2064 	dec	sp
      000830 15 81            [12] 2065 	dec	sp
                                   2066 ;	syntax.c:261: }
      000832 02r07r42         [24] 2067 	ljmp	00102$
                                   2068 ;------------------------------------------------------------
                                   2069 ;Allocation info for local variables in function 'main'
                                   2070 ;------------------------------------------------------------
                                   2071 ;sloc0                     Allocated with name '_main_sloc0_1_0'
                                   2072 ;buffer_size               Allocated with name '_main_buffer_size_65536_85'
                                   2073 ;node1                     Allocated with name '_main_node1_65537_89'
                                   2074 ;node2                     Allocated with name '_main_node2_65538_90'
                                   2075 ;wr                        Allocated with name '_main_wr_65539_91'
                                   2076 ;ch                        Allocated with name '_main_ch_131075_92'
                                   2077 ;cha                       Allocated with name '_main_cha_131076_95'
                                   2078 ;temp_buffer_size          Allocated to registers 
                                   2079 ;index_for_write           Allocated to registers 
                                   2080 ;------------------------------------------------------------
                                   2081 ;	syntax.c:264: void main(void)
                                   2082 ;	-----------------------------------------
                                   2083 ;	 function main
                                   2084 ;	-----------------------------------------
      000835                       2085 _main:
                                   2086 ;	syntax.c:270: do{
      000835                       2087 00108$:
                                   2088 ;	syntax.c:271: buffer_size  = get_buf_value("Enter buffer size between 32 and 4800 bytes (buffer size must be evenly divisible by 16): ", upper_default, LOWER_DEFAULT);
      000835 90r02r5E         [24] 2089 	mov	dptr,#_get_buf_value_PARM_2
      000838 74 C0            [12] 2090 	mov	a,#0xc0
      00083A F0               [24] 2091 	movx	@dptr,a
      00083B 74 12            [12] 2092 	mov	a,#0x12
      00083D A3               [24] 2093 	inc	dptr
      00083E F0               [24] 2094 	movx	@dptr,a
      00083F 90r02r60         [24] 2095 	mov	dptr,#_get_buf_value_PARM_3
      000842 74 20            [12] 2096 	mov	a,#0x20
      000844 F0               [24] 2097 	movx	@dptr,a
      000845 E4               [12] 2098 	clr	a
      000846 A3               [24] 2099 	inc	dptr
      000847 F0               [24] 2100 	movx	@dptr,a
      000848 90r02r26         [24] 2101 	mov	dptr,#___str_17
      00084B 75 F0 80         [24] 2102 	mov	b,#0x80
      00084E 12r00r67         [24] 2103 	lcall	_get_buf_value
      000851 AE 82            [24] 2104 	mov	r6,dpl
      000853 AF 83            [24] 2105 	mov	r7,dph
                                   2106 ;	syntax.c:273: print_prompt("Buffer you entered is : 0x");
      000855 90r02r81         [24] 2107 	mov	dptr,#___str_18
      000858 75 F0 80         [24] 2108 	mov	b,#0x80
      00085B C0 07            [24] 2109 	push	ar7
      00085D C0 06            [24] 2110 	push	ar6
      00085F 12r02r6C         [24] 2111 	lcall	_print_prompt
      000862 D0 06            [24] 2112 	pop	ar6
      000864 D0 07            [24] 2113 	pop	ar7
                                   2114 ;	syntax.c:274: printf("%d \n\r", buffer_size);
      000866 C0 07            [24] 2115 	push	ar7
      000868 C0 06            [24] 2116 	push	ar6
      00086A C0 06            [24] 2117 	push	ar6
      00086C C0 07            [24] 2118 	push	ar7
      00086E 74rA5            [12] 2119 	mov	a,#___str_14
      000870 C0 E0            [24] 2120 	push	acc
      000872 74s01            [12] 2121 	mov	a,#(___str_14 >> 8)
      000874 C0 E0            [24] 2122 	push	acc
      000876 74 80            [12] 2123 	mov	a,#0x80
      000878 C0 E0            [24] 2124 	push	acc
      00087A 12r00r00         [24] 2125 	lcall	_printf
      00087D E5 81            [12] 2126 	mov	a,sp
      00087F 24 FB            [12] 2127 	add	a,#0xfb
      000881 F5 81            [12] 2128 	mov	sp,a
      000883 D0 06            [24] 2129 	pop	ar6
      000885 D0 07            [24] 2130 	pop	ar7
                                   2131 ;	syntax.c:276: if(buffer_size == -1) continue;
      000887 BE FF 06         [24] 2132 	cjne	r6,#0xff,00171$
      00088A BF FF 03         [24] 2133 	cjne	r7,#0xff,00171$
      00088D 02r09r3C         [24] 2134 	ljmp	00109$
      000890                       2135 00171$:
                                   2136 ;	syntax.c:278: pointer1 = (__xdata uint8_t *) malloc(buffer_size);
      000890 8E 82            [24] 2137 	mov	dpl,r6
      000892 8F 83            [24] 2138 	mov	dph,r7
      000894 C0 07            [24] 2139 	push	ar7
      000896 C0 06            [24] 2140 	push	ar6
      000898 12r00r00         [24] 2141 	lcall	_malloc
      00089B AC 82            [24] 2142 	mov	r4,dpl
      00089D AD 83            [24] 2143 	mov	r5,dph
      00089F D0 06            [24] 2144 	pop	ar6
      0008A1 D0 07            [24] 2145 	pop	ar7
      0008A3 90r00r06         [24] 2146 	mov	dptr,#_pointer1
      0008A6 EC               [12] 2147 	mov	a,r4
      0008A7 F0               [24] 2148 	movx	@dptr,a
      0008A8 ED               [12] 2149 	mov	a,r5
      0008A9 A3               [24] 2150 	inc	dptr
      0008AA F0               [24] 2151 	movx	@dptr,a
                                   2152 ;	syntax.c:279: if (pointer1 == NULL){
      0008AB EC               [12] 2153 	mov	a,r4
      0008AC 4D               [12] 2154 	orl	a,r5
      0008AD 70 13            [24] 2155 	jnz	00104$
                                   2156 ;	syntax.c:280: print_prompt("Failed to get malloc try to enter smaller size for buf 1\n\r");
      0008AF 90r02r9C         [24] 2157 	mov	dptr,#___str_19
      0008B2 75 F0 80         [24] 2158 	mov	b,#0x80
      0008B5 C0 07            [24] 2159 	push	ar7
      0008B7 C0 06            [24] 2160 	push	ar6
      0008B9 12r02r6C         [24] 2161 	lcall	_print_prompt
      0008BC D0 06            [24] 2162 	pop	ar6
      0008BE D0 07            [24] 2163 	pop	ar7
                                   2164 ;	syntax.c:281: continue;
      0008C0 80 7A            [24] 2165 	sjmp	00109$
      0008C2                       2166 00104$:
                                   2167 ;	syntax.c:286: pointer2 = (__xdata uint8_t *) malloc(buffer_size);
      0008C2 8E 82            [24] 2168 	mov	dpl,r6
      0008C4 8F 83            [24] 2169 	mov	dph,r7
      0008C6 C0 07            [24] 2170 	push	ar7
      0008C8 C0 06            [24] 2171 	push	ar6
      0008CA 12r00r00         [24] 2172 	lcall	_malloc
      0008CD AC 82            [24] 2173 	mov	r4,dpl
      0008CF AD 83            [24] 2174 	mov	r5,dph
      0008D1 D0 06            [24] 2175 	pop	ar6
      0008D3 D0 07            [24] 2176 	pop	ar7
      0008D5 90r00r08         [24] 2177 	mov	dptr,#_pointer2
      0008D8 EC               [12] 2178 	mov	a,r4
      0008D9 F0               [24] 2179 	movx	@dptr,a
      0008DA ED               [12] 2180 	mov	a,r5
      0008DB A3               [24] 2181 	inc	dptr
      0008DC F0               [24] 2182 	movx	@dptr,a
                                   2183 ;	syntax.c:287: if (pointer2 == NULL){
      0008DD EC               [12] 2184 	mov	a,r4
      0008DE 4D               [12] 2185 	orl	a,r5
      0008DF 70 26            [24] 2186 	jnz	00106$
                                   2187 ;	syntax.c:288: free(pointer1);
      0008E1 90r00r06         [24] 2188 	mov	dptr,#_pointer1
      0008E4 E0               [24] 2189 	movx	a,@dptr
      0008E5 FA               [12] 2190 	mov	r2,a
      0008E6 A3               [24] 2191 	inc	dptr
      0008E7 E0               [24] 2192 	movx	a,@dptr
      0008E8 F9               [12] 2193 	mov	r1,a
      0008E9 7B 00            [12] 2194 	mov	r3,#0x00
      0008EB 8A 82            [24] 2195 	mov	dpl,r2
      0008ED 89 83            [24] 2196 	mov	dph,r1
      0008EF 8B F0            [24] 2197 	mov	b,r3
      0008F1 C0 07            [24] 2198 	push	ar7
      0008F3 C0 06            [24] 2199 	push	ar6
      0008F5 12r00r00         [24] 2200 	lcall	_free
                                   2201 ;	syntax.c:290: print_prompt("Failed to get malloc try to enter smaller size for buf 2\n\r");
      0008F8 90r02rD7         [24] 2202 	mov	dptr,#___str_20
      0008FB 75 F0 80         [24] 2203 	mov	b,#0x80
      0008FE 12r02r6C         [24] 2204 	lcall	_print_prompt
      000901 D0 06            [24] 2205 	pop	ar6
      000903 D0 07            [24] 2206 	pop	ar7
                                   2207 ;	syntax.c:291: continue;
      000905 80 35            [24] 2208 	sjmp	00109$
      000907                       2209 00106$:
                                   2210 ;	syntax.c:295: printf("pointer_value : %p %p\n\r", pointer1, pointer2);
      000907 7B 00            [12] 2211 	mov	r3,#0x00
      000909 90r00r06         [24] 2212 	mov	dptr,#_pointer1
      00090C E0               [24] 2213 	movx	a,@dptr
      00090D F9               [12] 2214 	mov	r1,a
      00090E A3               [24] 2215 	inc	dptr
      00090F E0               [24] 2216 	movx	a,@dptr
      000910 F8               [12] 2217 	mov	r0,a
      000911 7A 00            [12] 2218 	mov	r2,#0x00
      000913 C0 07            [24] 2219 	push	ar7
      000915 C0 06            [24] 2220 	push	ar6
      000917 C0 04            [24] 2221 	push	ar4
      000919 C0 05            [24] 2222 	push	ar5
      00091B C0 03            [24] 2223 	push	ar3
      00091D C0 01            [24] 2224 	push	ar1
      00091F C0 00            [24] 2225 	push	ar0
      000921 C0 02            [24] 2226 	push	ar2
      000923 74r12            [12] 2227 	mov	a,#___str_21
      000925 C0 E0            [24] 2228 	push	acc
      000927 74s03            [12] 2229 	mov	a,#(___str_21 >> 8)
      000929 C0 E0            [24] 2230 	push	acc
      00092B 74 80            [12] 2231 	mov	a,#0x80
      00092D C0 E0            [24] 2232 	push	acc
      00092F 12r00r00         [24] 2233 	lcall	_printf
      000932 E5 81            [12] 2234 	mov	a,sp
      000934 24 F7            [12] 2235 	add	a,#0xf7
      000936 F5 81            [12] 2236 	mov	sp,a
      000938 D0 06            [24] 2237 	pop	ar6
      00093A D0 07            [24] 2238 	pop	ar7
      00093C                       2239 00109$:
                                   2240 ;	syntax.c:296: }while( pointer2 == NULL || pointer1 == NULL);
      00093C 90r00r08         [24] 2241 	mov	dptr,#_pointer2
      00093F E0               [24] 2242 	movx	a,@dptr
      000940 F5 F0            [12] 2243 	mov	b,a
      000942 A3               [24] 2244 	inc	dptr
      000943 E0               [24] 2245 	movx	a,@dptr
      000944 45 F0            [12] 2246 	orl	a,b
      000946 70 03            [24] 2247 	jnz	00174$
      000948 02r08r35         [24] 2248 	ljmp	00108$
      00094B                       2249 00174$:
      00094B 90r00r06         [24] 2250 	mov	dptr,#_pointer1
      00094E E0               [24] 2251 	movx	a,@dptr
      00094F F5 F0            [12] 2252 	mov	b,a
      000951 A3               [24] 2253 	inc	dptr
      000952 E0               [24] 2254 	movx	a,@dptr
      000953 45 F0            [12] 2255 	orl	a,b
      000955 70 03            [24] 2256 	jnz	00175$
      000957 02r08r35         [24] 2257 	ljmp	00108$
      00095A                       2258 00175$:
                                   2259 ;	syntax.c:298: index_of_buffers = 0;
      00095A 90r00r00         [24] 2260 	mov	dptr,#_index_of_buffers
      00095D E4               [12] 2261 	clr	a
      00095E F0               [24] 2262 	movx	@dptr,a
                                   2263 ;	syntax.c:300: node_t node1 = { index_of_buffers, pointer1, buffer_size};
      00095F 90r02r82         [24] 2264 	mov	dptr,#_main_node1_65537_89
      000962 F0               [24] 2265 	movx	@dptr,a
      000963 90r00r06         [24] 2266 	mov	dptr,#_pointer1
      000966 E0               [24] 2267 	movx	a,@dptr
      000967 FC               [12] 2268 	mov	r4,a
      000968 A3               [24] 2269 	inc	dptr
      000969 E0               [24] 2270 	movx	a,@dptr
      00096A FD               [12] 2271 	mov	r5,a
      00096B 7B 00            [12] 2272 	mov	r3,#0x00
      00096D 90r02r83         [24] 2273 	mov	dptr,#(_main_node1_65537_89 + 0x0001)
      000970 EC               [12] 2274 	mov	a,r4
      000971 F0               [24] 2275 	movx	@dptr,a
      000972 ED               [12] 2276 	mov	a,r5
      000973 A3               [24] 2277 	inc	dptr
      000974 F0               [24] 2278 	movx	@dptr,a
      000975 EB               [12] 2279 	mov	a,r3
      000976 A3               [24] 2280 	inc	dptr
      000977 F0               [24] 2281 	movx	@dptr,a
      000978 90r02r86         [24] 2282 	mov	dptr,#(_main_node1_65537_89 + 0x0004)
      00097B EE               [12] 2283 	mov	a,r6
      00097C F0               [24] 2284 	movx	@dptr,a
      00097D EF               [12] 2285 	mov	a,r7
      00097E A3               [24] 2286 	inc	dptr
      00097F F0               [24] 2287 	movx	@dptr,a
                                   2288 ;	syntax.c:301: array_for_nodes[index_of_buffers] = node1;
      000980 90r00r00         [24] 2289 	mov	dptr,#_index_of_buffers
      000983 E0               [24] 2290 	movx	a,@dptr
      000984 75 F0 06         [24] 2291 	mov	b,#0x06
      000987 A4               [48] 2292 	mul	ab
      000988 24r04            [12] 2293 	add	a,#_array_for_nodes
      00098A FC               [12] 2294 	mov	r4,a
      00098B 74s00            [12] 2295 	mov	a,#(_array_for_nodes >> 8)
      00098D 35 F0            [12] 2296 	addc	a,b
      00098F FD               [12] 2297 	mov	r5,a
      000990 7B 00            [12] 2298 	mov	r3,#0x00
      000992 90r00r00         [24] 2299 	mov	dptr,#___memcpy_PARM_2
      000995 74r82            [12] 2300 	mov	a,#_main_node1_65537_89
      000997 F0               [24] 2301 	movx	@dptr,a
      000998 74s02            [12] 2302 	mov	a,#(_main_node1_65537_89 >> 8)
      00099A A3               [24] 2303 	inc	dptr
      00099B F0               [24] 2304 	movx	@dptr,a
      00099C E4               [12] 2305 	clr	a
      00099D A3               [24] 2306 	inc	dptr
      00099E F0               [24] 2307 	movx	@dptr,a
      00099F 90r00r00         [24] 2308 	mov	dptr,#___memcpy_PARM_3
      0009A2 74 06            [12] 2309 	mov	a,#0x06
      0009A4 F0               [24] 2310 	movx	@dptr,a
      0009A5 E4               [12] 2311 	clr	a
      0009A6 A3               [24] 2312 	inc	dptr
      0009A7 F0               [24] 2313 	movx	@dptr,a
      0009A8 8C 82            [24] 2314 	mov	dpl,r4
      0009AA 8D 83            [24] 2315 	mov	dph,r5
      0009AC 8B F0            [24] 2316 	mov	b,r3
      0009AE C0 07            [24] 2317 	push	ar7
      0009B0 C0 06            [24] 2318 	push	ar6
      0009B2 12r00r00         [24] 2319 	lcall	___memcpy
                                   2320 ;	syntax.c:302: printf("pointer location %p, size %d\n\r", array_for_nodes[index_of_buffers].data_pointer, array_for_nodes[index_of_buffers].size);
      0009B5 90r00r00         [24] 2321 	mov	dptr,#_index_of_buffers
      0009B8 E0               [24] 2322 	movx	a,@dptr
      0009B9 75 F0 06         [24] 2323 	mov	b,#0x06
      0009BC A4               [48] 2324 	mul	ab
      0009BD 24r04            [12] 2325 	add	a,#_array_for_nodes
      0009BF FC               [12] 2326 	mov	r4,a
      0009C0 74s00            [12] 2327 	mov	a,#(_array_for_nodes >> 8)
      0009C2 35 F0            [12] 2328 	addc	a,b
      0009C4 FD               [12] 2329 	mov	r5,a
      0009C5 8C 82            [24] 2330 	mov	dpl,r4
      0009C7 8D 83            [24] 2331 	mov	dph,r5
      0009C9 A3               [24] 2332 	inc	dptr
      0009CA A3               [24] 2333 	inc	dptr
      0009CB A3               [24] 2334 	inc	dptr
      0009CC A3               [24] 2335 	inc	dptr
      0009CD E0               [24] 2336 	movx	a,@dptr
      0009CE FA               [12] 2337 	mov	r2,a
      0009CF A3               [24] 2338 	inc	dptr
      0009D0 E0               [24] 2339 	movx	a,@dptr
      0009D1 FB               [12] 2340 	mov	r3,a
      0009D2 8C 82            [24] 2341 	mov	dpl,r4
      0009D4 8D 83            [24] 2342 	mov	dph,r5
      0009D6 A3               [24] 2343 	inc	dptr
      0009D7 E0               [24] 2344 	movx	a,@dptr
      0009D8 F9               [12] 2345 	mov	r1,a
      0009D9 A3               [24] 2346 	inc	dptr
      0009DA E0               [24] 2347 	movx	a,@dptr
      0009DB FC               [12] 2348 	mov	r4,a
      0009DC A3               [24] 2349 	inc	dptr
      0009DD E0               [24] 2350 	movx	a,@dptr
      0009DE FD               [12] 2351 	mov	r5,a
      0009DF C0 02            [24] 2352 	push	ar2
      0009E1 C0 03            [24] 2353 	push	ar3
      0009E3 C0 01            [24] 2354 	push	ar1
      0009E5 C0 04            [24] 2355 	push	ar4
      0009E7 C0 05            [24] 2356 	push	ar5
      0009E9 74r2A            [12] 2357 	mov	a,#___str_22
      0009EB C0 E0            [24] 2358 	push	acc
      0009ED 74s03            [12] 2359 	mov	a,#(___str_22 >> 8)
      0009EF C0 E0            [24] 2360 	push	acc
      0009F1 74 80            [12] 2361 	mov	a,#0x80
      0009F3 C0 E0            [24] 2362 	push	acc
      0009F5 12r00r00         [24] 2363 	lcall	_printf
      0009F8 E5 81            [12] 2364 	mov	a,sp
      0009FA 24 F8            [12] 2365 	add	a,#0xf8
      0009FC F5 81            [12] 2366 	mov	sp,a
      0009FE D0 06            [24] 2367 	pop	ar6
      000A00 D0 07            [24] 2368 	pop	ar7
                                   2369 ;	syntax.c:303: index_of_buffers++;
      000A02 90r00r00         [24] 2370 	mov	dptr,#_index_of_buffers
      000A05 E0               [24] 2371 	movx	a,@dptr
      000A06 24 01            [12] 2372 	add	a,#0x01
      000A08 F0               [24] 2373 	movx	@dptr,a
                                   2374 ;	syntax.c:305: node_t node2 = { index_of_buffers, pointer2, buffer_size};
      000A09 E0               [24] 2375 	movx	a,@dptr
      000A0A 90r02r88         [24] 2376 	mov	dptr,#_main_node2_65538_90
      000A0D F0               [24] 2377 	movx	@dptr,a
      000A0E 90r00r08         [24] 2378 	mov	dptr,#_pointer2
      000A11 E0               [24] 2379 	movx	a,@dptr
      000A12 FC               [12] 2380 	mov	r4,a
      000A13 A3               [24] 2381 	inc	dptr
      000A14 E0               [24] 2382 	movx	a,@dptr
      000A15 FD               [12] 2383 	mov	r5,a
      000A16 7B 00            [12] 2384 	mov	r3,#0x00
      000A18 90r02r89         [24] 2385 	mov	dptr,#(_main_node2_65538_90 + 0x0001)
      000A1B EC               [12] 2386 	mov	a,r4
      000A1C F0               [24] 2387 	movx	@dptr,a
      000A1D ED               [12] 2388 	mov	a,r5
      000A1E A3               [24] 2389 	inc	dptr
      000A1F F0               [24] 2390 	movx	@dptr,a
      000A20 EB               [12] 2391 	mov	a,r3
      000A21 A3               [24] 2392 	inc	dptr
      000A22 F0               [24] 2393 	movx	@dptr,a
      000A23 90r02r8C         [24] 2394 	mov	dptr,#(_main_node2_65538_90 + 0x0004)
      000A26 EE               [12] 2395 	mov	a,r6
      000A27 F0               [24] 2396 	movx	@dptr,a
      000A28 EF               [12] 2397 	mov	a,r7
      000A29 A3               [24] 2398 	inc	dptr
      000A2A F0               [24] 2399 	movx	@dptr,a
                                   2400 ;	syntax.c:306: array_for_nodes[index_of_buffers] = node2;
      000A2B 90r00r00         [24] 2401 	mov	dptr,#_index_of_buffers
      000A2E E0               [24] 2402 	movx	a,@dptr
      000A2F 75 F0 06         [24] 2403 	mov	b,#0x06
      000A32 A4               [48] 2404 	mul	ab
      000A33 24r04            [12] 2405 	add	a,#_array_for_nodes
      000A35 FE               [12] 2406 	mov	r6,a
      000A36 74s00            [12] 2407 	mov	a,#(_array_for_nodes >> 8)
      000A38 35 F0            [12] 2408 	addc	a,b
      000A3A FF               [12] 2409 	mov	r7,a
      000A3B 7D 00            [12] 2410 	mov	r5,#0x00
      000A3D 90r00r00         [24] 2411 	mov	dptr,#___memcpy_PARM_2
      000A40 74r88            [12] 2412 	mov	a,#_main_node2_65538_90
      000A42 F0               [24] 2413 	movx	@dptr,a
      000A43 74s02            [12] 2414 	mov	a,#(_main_node2_65538_90 >> 8)
      000A45 A3               [24] 2415 	inc	dptr
      000A46 F0               [24] 2416 	movx	@dptr,a
      000A47 E4               [12] 2417 	clr	a
      000A48 A3               [24] 2418 	inc	dptr
      000A49 F0               [24] 2419 	movx	@dptr,a
      000A4A 90r00r00         [24] 2420 	mov	dptr,#___memcpy_PARM_3
      000A4D 74 06            [12] 2421 	mov	a,#0x06
      000A4F F0               [24] 2422 	movx	@dptr,a
      000A50 E4               [12] 2423 	clr	a
      000A51 A3               [24] 2424 	inc	dptr
      000A52 F0               [24] 2425 	movx	@dptr,a
      000A53 8E 82            [24] 2426 	mov	dpl,r6
      000A55 8F 83            [24] 2427 	mov	dph,r7
      000A57 8D F0            [24] 2428 	mov	b,r5
      000A59 12r00r00         [24] 2429 	lcall	___memcpy
                                   2430 ;	syntax.c:307: printf("pointer location %p, size %d\n\r", array_for_nodes[index_of_buffers].data_pointer, array_for_nodes[index_of_buffers].size);
      000A5C 90r00r00         [24] 2431 	mov	dptr,#_index_of_buffers
      000A5F E0               [24] 2432 	movx	a,@dptr
      000A60 75 F0 06         [24] 2433 	mov	b,#0x06
      000A63 A4               [48] 2434 	mul	ab
      000A64 24r04            [12] 2435 	add	a,#_array_for_nodes
      000A66 FE               [12] 2436 	mov	r6,a
      000A67 74s00            [12] 2437 	mov	a,#(_array_for_nodes >> 8)
      000A69 35 F0            [12] 2438 	addc	a,b
      000A6B FF               [12] 2439 	mov	r7,a
      000A6C 8E 82            [24] 2440 	mov	dpl,r6
      000A6E 8F 83            [24] 2441 	mov	dph,r7
      000A70 A3               [24] 2442 	inc	dptr
      000A71 A3               [24] 2443 	inc	dptr
      000A72 A3               [24] 2444 	inc	dptr
      000A73 A3               [24] 2445 	inc	dptr
      000A74 E0               [24] 2446 	movx	a,@dptr
      000A75 FC               [12] 2447 	mov	r4,a
      000A76 A3               [24] 2448 	inc	dptr
      000A77 E0               [24] 2449 	movx	a,@dptr
      000A78 FD               [12] 2450 	mov	r5,a
      000A79 8E 82            [24] 2451 	mov	dpl,r6
      000A7B 8F 83            [24] 2452 	mov	dph,r7
      000A7D A3               [24] 2453 	inc	dptr
      000A7E E0               [24] 2454 	movx	a,@dptr
      000A7F FB               [12] 2455 	mov	r3,a
      000A80 A3               [24] 2456 	inc	dptr
      000A81 E0               [24] 2457 	movx	a,@dptr
      000A82 FE               [12] 2458 	mov	r6,a
      000A83 A3               [24] 2459 	inc	dptr
      000A84 E0               [24] 2460 	movx	a,@dptr
      000A85 FF               [12] 2461 	mov	r7,a
      000A86 C0 04            [24] 2462 	push	ar4
      000A88 C0 05            [24] 2463 	push	ar5
      000A8A C0 03            [24] 2464 	push	ar3
      000A8C C0 06            [24] 2465 	push	ar6
      000A8E C0 07            [24] 2466 	push	ar7
      000A90 74r2A            [12] 2467 	mov	a,#___str_22
      000A92 C0 E0            [24] 2468 	push	acc
      000A94 74s03            [12] 2469 	mov	a,#(___str_22 >> 8)
      000A96 C0 E0            [24] 2470 	push	acc
      000A98 74 80            [12] 2471 	mov	a,#0x80
      000A9A C0 E0            [24] 2472 	push	acc
      000A9C 12r00r00         [24] 2473 	lcall	_printf
      000A9F E5 81            [12] 2474 	mov	a,sp
      000AA1 24 F8            [12] 2475 	add	a,#0xf8
      000AA3 F5 81            [12] 2476 	mov	sp,a
                                   2477 ;	syntax.c:308: index_of_buffers++;
      000AA5 90r00r00         [24] 2478 	mov	dptr,#_index_of_buffers
      000AA8 E0               [24] 2479 	movx	a,@dptr
      000AA9 24 01            [12] 2480 	add	a,#0x01
      000AAB F0               [24] 2481 	movx	@dptr,a
                                   2482 ;	syntax.c:310: print_prompt("Enter Uppercase char to save in buffer 0: \n\r");
      000AAC 90r03r49         [24] 2483 	mov	dptr,#___str_23
      000AAF 75 F0 80         [24] 2484 	mov	b,#0x80
      000AB2 12r02r6C         [24] 2485 	lcall	_print_prompt
                                   2486 ;	syntax.c:312: __idata int temp_buffer_size = array_for_nodes[0].size;
      000AB5 90r00r08         [24] 2487 	mov	dptr,#(_array_for_nodes + 0x0004)
      000AB8 E0               [24] 2488 	movx	a,@dptr
      000AB9 FE               [12] 2489 	mov	r6,a
      000ABA A3               [24] 2490 	inc	dptr
      000ABB E0               [24] 2491 	movx	a,@dptr
      000ABC FF               [12] 2492 	mov	r7,a
                                   2493 ;	syntax.c:315: uint8_t * wr = array_for_nodes[0].data_pointer;
      000ABD 90r00r05         [24] 2494 	mov	dptr,#(_array_for_nodes + 0x0001)
      000AC0 E0               [24] 2495 	movx	a,@dptr
      000AC1 FB               [12] 2496 	mov	r3,a
      000AC2 A3               [24] 2497 	inc	dptr
      000AC3 E0               [24] 2498 	movx	a,@dptr
      000AC4 FC               [12] 2499 	mov	r4,a
      000AC5 A3               [24] 2500 	inc	dptr
      000AC6 E0               [24] 2501 	movx	a,@dptr
      000AC7 FD               [12] 2502 	mov	r5,a
                                   2503 ;	syntax.c:317: do{
      000AC8                       2504 00114$:
                                   2505 ;	syntax.c:318: int ch = getchar();
      000AC8 C0 07            [24] 2506 	push	ar7
      000ACA C0 06            [24] 2507 	push	ar6
      000ACC C0 05            [24] 2508 	push	ar5
      000ACE C0 04            [24] 2509 	push	ar4
      000AD0 C0 03            [24] 2510 	push	ar3
      000AD2 12r00r52         [24] 2511 	lcall	_getchar
                                   2512 ;	syntax.c:319: putchar(ch);
      000AD5 A9 82            [24] 2513 	mov	r1,dpl
      000AD7 AA 83            [24] 2514 	mov  r2,dph
      000AD9 C0 02            [24] 2515 	push	ar2
      000ADB C0 01            [24] 2516 	push	ar1
      000ADD 12r00r35         [24] 2517 	lcall	_putchar
      000AE0 D0 01            [24] 2518 	pop	ar1
      000AE2 D0 02            [24] 2519 	pop	ar2
      000AE4 D0 03            [24] 2520 	pop	ar3
      000AE6 D0 04            [24] 2521 	pop	ar4
      000AE8 D0 05            [24] 2522 	pop	ar5
      000AEA D0 06            [24] 2523 	pop	ar6
      000AEC D0 07            [24] 2524 	pop	ar7
                                   2525 ;	syntax.c:320: if(ch < 65 || ch > 90) {
      000AEE C3               [12] 2526 	clr	c
      000AEF E9               [12] 2527 	mov	a,r1
      000AF0 94 41            [12] 2528 	subb	a,#0x41
      000AF2 EA               [12] 2529 	mov	a,r2
      000AF3 64 80            [12] 2530 	xrl	a,#0x80
      000AF5 94 80            [12] 2531 	subb	a,#0x80
      000AF7 40 0E            [24] 2532 	jc	00111$
      000AF9 74 5A            [12] 2533 	mov	a,#0x5a
      000AFB 99               [12] 2534 	subb	a,r1
      000AFC 74 80            [12] 2535 	mov	a,#(0x00 ^ 0x80)
      000AFE 8A F0            [24] 2536 	mov	b,r2
      000B00 63 F0 80         [24] 2537 	xrl	b,#0x80
      000B03 95 F0            [12] 2538 	subb	a,b
      000B05 50 3A            [24] 2539 	jnc	00112$
      000B07                       2540 00111$:
                                   2541 ;	syntax.c:321: total_number_of_commands+=1;
      000B07 90r00r01         [24] 2542 	mov	dptr,#_total_number_of_commands
      000B0A E0               [24] 2543 	movx	a,@dptr
      000B0B 04               [12] 2544 	inc	a
      000B0C F0               [24] 2545 	movx	@dptr,a
                                   2546 ;	syntax.c:322: recent_commands+=1;
      000B0D 90r00r03         [24] 2547 	mov	dptr,#_recent_commands
      000B10 E0               [24] 2548 	movx	a,@dptr
      000B11 04               [12] 2549 	inc	a
      000B12 F0               [24] 2550 	movx	@dptr,a
                                   2551 ;	syntax.c:323: print_prompt("Command recived ! \n\r");
      000B13 90r03r76         [24] 2552 	mov	dptr,#___str_24
      000B16 75 F0 80         [24] 2553 	mov	b,#0x80
      000B19 C0 07            [24] 2554 	push	ar7
      000B1B C0 06            [24] 2555 	push	ar6
      000B1D C0 05            [24] 2556 	push	ar5
      000B1F C0 04            [24] 2557 	push	ar4
      000B21 C0 03            [24] 2558 	push	ar3
      000B23 C0 02            [24] 2559 	push	ar2
      000B25 C0 01            [24] 2560 	push	ar1
      000B27 12r02r6C         [24] 2561 	lcall	_print_prompt
      000B2A D0 01            [24] 2562 	pop	ar1
      000B2C D0 02            [24] 2563 	pop	ar2
                                   2564 ;	syntax.c:324: get_command(ch);
      000B2E 89 82            [24] 2565 	mov	dpl,r1
      000B30 8A 83            [24] 2566 	mov	dph,r2
      000B32 12r02rC6         [24] 2567 	lcall	_get_command
      000B35 D0 03            [24] 2568 	pop	ar3
      000B37 D0 04            [24] 2569 	pop	ar4
      000B39 D0 05            [24] 2570 	pop	ar5
      000B3B D0 06            [24] 2571 	pop	ar6
      000B3D D0 07            [24] 2572 	pop	ar7
                                   2573 ;	syntax.c:325: continue;
      000B3F 80 68            [24] 2574 	sjmp	00115$
      000B41                       2575 00112$:
                                   2576 ;	syntax.c:327: total_number_of_storage = total_number_of_storage + 1;
      000B41 90r00r02         [24] 2577 	mov	dptr,#_total_number_of_storage
      000B44 E0               [24] 2578 	movx	a,@dptr
      000B45 04               [12] 2579 	inc	a
      000B46 F0               [24] 2580 	movx	@dptr,a
                                   2581 ;	syntax.c:328: recent_storage = recent_storage + 1;
      000B47 90r00r04         [24] 2582 	mov	dptr,#_recent_storage
      000B4A E0               [24] 2583 	movx	a,@dptr
      000B4B 04               [12] 2584 	inc	a
      000B4C F0               [24] 2585 	movx	@dptr,a
                                   2586 ;	syntax.c:330: *wr = ch;
      000B4D 8B 82            [24] 2587 	mov	dpl,r3
      000B4F 8C 83            [24] 2588 	mov	dph,r4
      000B51 8D F0            [24] 2589 	mov	b,r5
      000B53 E9               [12] 2590 	mov	a,r1
      000B54 12r00r00         [24] 2591 	lcall	__gptrput
      000B57 A3               [24] 2592 	inc	dptr
      000B58 AB 82            [24] 2593 	mov	r3,dpl
      000B5A AC 83            [24] 2594 	mov	r4,dph
                                   2595 ;	syntax.c:331: wr++;
                                   2596 ;	syntax.c:332: printf("total storage %d recent storage %d pointer %p \n\r", total_number_of_storage, recent_storage, wr);
      000B5C 90r00r04         [24] 2597 	mov	dptr,#_recent_storage
      000B5F E0               [24] 2598 	movx	a,@dptr
      000B60 FA               [12] 2599 	mov	r2,a
      000B61 8A*05            [24] 2600 	mov	_main_sloc0_1_0,r2
      000B63 75*06 00         [24] 2601 	mov	(_main_sloc0_1_0 + 1),#0x00
      000B66 90r00r02         [24] 2602 	mov	dptr,#_total_number_of_storage
      000B69 E0               [24] 2603 	movx	a,@dptr
      000B6A F8               [12] 2604 	mov	r0,a
      000B6B 7A 00            [12] 2605 	mov	r2,#0x00
      000B6D C0 07            [24] 2606 	push	ar7
      000B6F C0 06            [24] 2607 	push	ar6
      000B71 C0 05            [24] 2608 	push	ar5
      000B73 C0 04            [24] 2609 	push	ar4
      000B75 C0 03            [24] 2610 	push	ar3
      000B77 C0 03            [24] 2611 	push	ar3
      000B79 C0 04            [24] 2612 	push	ar4
      000B7B C0 05            [24] 2613 	push	ar5
      000B7D C0*05            [24] 2614 	push	_main_sloc0_1_0
      000B7F C0*06            [24] 2615 	push	(_main_sloc0_1_0 + 1)
      000B81 C0 00            [24] 2616 	push	ar0
      000B83 C0 02            [24] 2617 	push	ar2
      000B85 74r8B            [12] 2618 	mov	a,#___str_25
      000B87 C0 E0            [24] 2619 	push	acc
      000B89 74s03            [12] 2620 	mov	a,#(___str_25 >> 8)
      000B8B C0 E0            [24] 2621 	push	acc
      000B8D 74 80            [12] 2622 	mov	a,#0x80
      000B8F C0 E0            [24] 2623 	push	acc
      000B91 12r00r00         [24] 2624 	lcall	_printf
      000B94 E5 81            [12] 2625 	mov	a,sp
      000B96 24 F6            [12] 2626 	add	a,#0xf6
      000B98 F5 81            [12] 2627 	mov	sp,a
      000B9A D0 03            [24] 2628 	pop	ar3
      000B9C D0 04            [24] 2629 	pop	ar4
      000B9E D0 05            [24] 2630 	pop	ar5
      000BA0 D0 06            [24] 2631 	pop	ar6
      000BA2 D0 07            [24] 2632 	pop	ar7
                                   2633 ;	syntax.c:333: temp_buffer_size -= 1;
      000BA4 1E               [12] 2634 	dec	r6
      000BA5 BE FF 01         [24] 2635 	cjne	r6,#0xff,00178$
      000BA8 1F               [12] 2636 	dec	r7
      000BA9                       2637 00178$:
                                   2638 ;	syntax.c:334: index_for_write += 1;
      000BA9                       2639 00115$:
                                   2640 ;	syntax.c:335: }while(temp_buffer_size>0);
      000BA9 C3               [12] 2641 	clr	c
      000BAA E4               [12] 2642 	clr	a
      000BAB 9E               [12] 2643 	subb	a,r6
      000BAC 74 80            [12] 2644 	mov	a,#(0x00 ^ 0x80)
      000BAE 8F F0            [24] 2645 	mov	b,r7
      000BB0 63 F0 80         [24] 2646 	xrl	b,#0x80
      000BB3 95 F0            [12] 2647 	subb	a,b
      000BB5 50 03            [24] 2648 	jnc	00179$
      000BB7 02r0ArC8         [24] 2649 	ljmp	00114$
      000BBA                       2650 00179$:
                                   2651 ;	syntax.c:336: printf("buffer0 got full nothing to write !");
      000BBA 74rBC            [12] 2652 	mov	a,#___str_26
      000BBC C0 E0            [24] 2653 	push	acc
      000BBE 74s03            [12] 2654 	mov	a,#(___str_26 >> 8)
      000BC0 C0 E0            [24] 2655 	push	acc
      000BC2 74 80            [12] 2656 	mov	a,#0x80
      000BC4 C0 E0            [24] 2657 	push	acc
      000BC6 12r00r00         [24] 2658 	lcall	_printf
      000BC9 15 81            [12] 2659 	dec	sp
      000BCB 15 81            [12] 2660 	dec	sp
      000BCD 15 81            [12] 2661 	dec	sp
                                   2662 ;	syntax.c:341: while(1)
      000BCF                       2663 00122$:
                                   2664 ;	syntax.c:343: print_prompt("Please enter An command (+) (-) (?) (=) (@): \n");
      000BCF 90r03rE0         [24] 2665 	mov	dptr,#___str_27
      000BD2 75 F0 80         [24] 2666 	mov	b,#0x80
      000BD5 12r02r6C         [24] 2667 	lcall	_print_prompt
                                   2668 ;	syntax.c:344: int cha = getchar();
      000BD8 12r00r52         [24] 2669 	lcall	_getchar
      000BDB AE 82            [24] 2670 	mov	r6,dpl
      000BDD AF 83            [24] 2671 	mov	r7,dph
                                   2672 ;	syntax.c:345: if(cha < 65 || cha > 90) {
      000BDF C3               [12] 2673 	clr	c
      000BE0 EE               [12] 2674 	mov	a,r6
      000BE1 94 41            [12] 2675 	subb	a,#0x41
      000BE3 EF               [12] 2676 	mov	a,r7
      000BE4 64 80            [12] 2677 	xrl	a,#0x80
      000BE6 94 80            [12] 2678 	subb	a,#0x80
      000BE8 40 0E            [24] 2679 	jc	00117$
      000BEA 74 5A            [12] 2680 	mov	a,#0x5a
      000BEC 9E               [12] 2681 	subb	a,r6
      000BED 74 80            [12] 2682 	mov	a,#(0x00 ^ 0x80)
      000BEF 8F F0            [24] 2683 	mov	b,r7
      000BF1 63 F0 80         [24] 2684 	xrl	b,#0x80
      000BF4 95 F0            [12] 2685 	subb	a,b
      000BF6 50 1F            [24] 2686 	jnc	00118$
      000BF8                       2687 00117$:
                                   2688 ;	syntax.c:346: total_number_of_commands+=1;
      000BF8 90r00r01         [24] 2689 	mov	dptr,#_total_number_of_commands
      000BFB E0               [24] 2690 	movx	a,@dptr
      000BFC 04               [12] 2691 	inc	a
      000BFD F0               [24] 2692 	movx	@dptr,a
                                   2693 ;	syntax.c:347: recent_commands+=1;
      000BFE 90r00r03         [24] 2694 	mov	dptr,#_recent_commands
      000C01 E0               [24] 2695 	movx	a,@dptr
      000C02 04               [12] 2696 	inc	a
      000C03 F0               [24] 2697 	movx	@dptr,a
                                   2698 ;	syntax.c:348: print_prompt("Command recived ! \n\r");
      000C04 90r03r76         [24] 2699 	mov	dptr,#___str_24
      000C07 75 F0 80         [24] 2700 	mov	b,#0x80
      000C0A C0 07            [24] 2701 	push	ar7
      000C0C C0 06            [24] 2702 	push	ar6
      000C0E 12r02r6C         [24] 2703 	lcall	_print_prompt
      000C11 D0 06            [24] 2704 	pop	ar6
      000C13 D0 07            [24] 2705 	pop	ar7
      000C15 80 0D            [24] 2706 	sjmp	00119$
      000C17                       2707 00118$:
                                   2708 ;	syntax.c:351: total_number_of_storage = total_number_of_storage + 1;
      000C17 90r00r02         [24] 2709 	mov	dptr,#_total_number_of_storage
      000C1A E0               [24] 2710 	movx	a,@dptr
      000C1B 04               [12] 2711 	inc	a
      000C1C F0               [24] 2712 	movx	@dptr,a
                                   2713 ;	syntax.c:352: recent_storage = recent_storage + 1;
      000C1D 90r00r04         [24] 2714 	mov	dptr,#_recent_storage
      000C20 E0               [24] 2715 	movx	a,@dptr
      000C21 FD               [12] 2716 	mov	r5,a
      000C22 04               [12] 2717 	inc	a
      000C23 F0               [24] 2718 	movx	@dptr,a
      000C24                       2719 00119$:
                                   2720 ;	syntax.c:355: get_command(cha);
      000C24 8E 82            [24] 2721 	mov	dpl,r6
      000C26 8F 83            [24] 2722 	mov	dph,r7
      000C28 12r02rC6         [24] 2723 	lcall	_get_command
                                   2724 ;	syntax.c:362: }
      000C2B 80 A2            [24] 2725 	sjmp	00122$
                                   2726 	.area CSEG    (CODE)
                                   2727 	.area CONST   (CODE)
                                   2728 	.area CONST   (CODE)
      000000                       2729 ___str_0:
      000000 0A                    2730 	.db 0x0a
      000001 45 6E 74 65 72 20 76  2731 	.ascii "Enter valid input"
             61 6C 69 64 20 69 6E
             70 75 74
      000012 0A                    2732 	.db 0x0a
      000013 00                    2733 	.db 0x00
                                   2734 	.area CSEG    (CODE)
                                   2735 	.area CONST   (CODE)
      000014                       2736 ___str_1:
      000014 54 6F 74 61 6C 20 6E  2737 	.ascii "Total number of commands from the start: "
             75 6D 62 65 72 20 6F
             66 20 63 6F 6D 6D 61
             6E 64 73 20 66 72 6F
             6D 20 74 68 65 20 73
             74 61 72 74 3A 20
      00003D 00                    2738 	.db 0x00
                                   2739 	.area CSEG    (CODE)
                                   2740 	.area CONST   (CODE)
      00003E                       2741 ___str_2:
      00003E 25 64                 2742 	.ascii "%d"
      000040 00                    2743 	.db 0x00
                                   2744 	.area CSEG    (CODE)
                                   2745 	.area CONST   (CODE)
      000041                       2746 ___str_3:
      000041 0A                    2747 	.db 0x0a
      000042 0D                    2748 	.db 0x0d
      000043 00                    2749 	.db 0x00
                                   2750 	.area CSEG    (CODE)
                                   2751 	.area CONST   (CODE)
      000044                       2752 ___str_4:
      000044 52 65 63 65 6E 74 20  2753 	.ascii "Recent number of commands from the last ?: "
             6E 75 6D 62 65 72 20
             6F 66 20 63 6F 6D 6D
             61 6E 64 73 20 66 72
             6F 6D 20 74 68 65 20
             6C 61 73 74 20 3F 3A
             20
      00006F 00                    2754 	.db 0x00
                                   2755 	.area CSEG    (CODE)
                                   2756 	.area CONST   (CODE)
      000070                       2757 ___str_5:
      000070 54 6F 74 61 6C 20 6E  2758 	.ascii "Total number of storage chars from the start: "
             75 6D 62 65 72 20 6F
             66 20 73 74 6F 72 61
             67 65 20 63 68 61 72
             73 20 66 72 6F 6D 20
             74 68 65 20 73 74 61
             72 74 3A 20
      00009E 00                    2759 	.db 0x00
                                   2760 	.area CSEG    (CODE)
                                   2761 	.area CONST   (CODE)
      00009F                       2762 ___str_6:
      00009F 52 65 63 65 6E 74 20  2763 	.ascii "Recent number of storage chars from the last ?: "
             6E 75 6D 62 65 72 20
             6F 66 20 73 74 6F 72
             61 67 65 20 63 68 61
             72 73 20 66 72 6F 6D
             20 74 68 65 20 6C 61
             73 74 20 3F 3A 20
      0000CF 00                    2764 	.db 0x00
                                   2765 	.area CSEG    (CODE)
                                   2766 	.area CONST   (CODE)
      0000D0                       2767 ___str_7:
      0000D0 49 6E 64 65 78 3A 20  2768 	.ascii "Index: %d , starting address of Pointer: %p  Ending Address "
             25 64 20 2C 20 73 74
             61 72 74 69 6E 67 20
             61 64 64 72 65 73 73
             20 6F 66 20 50 6F 69
             6E 74 65 72 3A 20 25
             70 20 20 45 6E 64 69
             6E 67 20 41 64 64 72
             65 73 73 20
      00010C 6F 66 20 74 68 65 20  2769 	.ascii "of the pointer %p size of array: %d"
             70 6F 69 6E 74 65 72
             20 25 70 20 73 69 7A
             65 20 6F 66 20 61 72
             72 61 79 3A 20 25 64
      00012F 0A                    2770 	.db 0x0a
      000130 0D                    2771 	.db 0x0d
      000131 00                    2772 	.db 0x00
                                   2773 	.area CSEG    (CODE)
                                   2774 	.area CONST   (CODE)
      000132                       2775 ___str_8:
      000132 2E 2E 2E 2E 2E 2E 2E  2776 	.ascii "....... Dumping Buffer0 ......"
             20 44 75 6D 70 69 6E
             67 20 42 75 66 66 65
             72 30 20 2E 2E 2E 2E
             2E 2E
      000150 0D                    2777 	.db 0x0d
      000151 0A                    2778 	.db 0x0a
      000152 00                    2779 	.db 0x00
                                   2780 	.area CSEG    (CODE)
                                   2781 	.area CONST   (CODE)
      000153                       2782 ___str_9:
      000153 25 70 3A 20           2783 	.ascii "%p: "
      000157 00                    2784 	.db 0x00
                                   2785 	.area CSEG    (CODE)
                                   2786 	.area CONST   (CODE)
      000158                       2787 ___str_10:
      000158 25 64 20              2788 	.ascii "%d "
      00015B 00                    2789 	.db 0x00
                                   2790 	.area CSEG    (CODE)
                                   2791 	.area CONST   (CODE)
      00015C                       2792 ___str_11:
      00015C 0D                    2793 	.db 0x0d
      00015D 0A                    2794 	.db 0x0a
      00015E 00                    2795 	.db 0x00
                                   2796 	.area CSEG    (CODE)
                                   2797 	.area CONST   (CODE)
      00015F                       2798 ___str_12:
      00015F 0A                    2799 	.db 0x0a
      000160 0D                    2800 	.db 0x0d
      000161 45 6E 74 65 72 20 62  2801 	.ascii "Enter buffer size between 20 to 400: "
             75 66 66 65 72 20 73
             69 7A 65 20 62 65 74
             77 65 65 6E 20 32 30
             20 74 6F 20 34 30 30
             3A 20
      000186 00                    2802 	.db 0x00
                                   2803 	.area CSEG    (CODE)
                                   2804 	.area CONST   (CODE)
      000187                       2805 ___str_13:
      000187 42 75 66 66 65 72 20  2806 	.ascii "Buffer size you entered is : "
             73 69 7A 65 20 79 6F
             75 20 65 6E 74 65 72
             65 64 20 69 73 20 3A
             20
      0001A4 00                    2807 	.db 0x00
                                   2808 	.area CSEG    (CODE)
                                   2809 	.area CONST   (CODE)
      0001A5                       2810 ___str_14:
      0001A5 25 64 20              2811 	.ascii "%d "
      0001A8 0A                    2812 	.db 0x0a
      0001A9 0D                    2813 	.db 0x0d
      0001AA 00                    2814 	.db 0x00
                                   2815 	.area CSEG    (CODE)
                                   2816 	.area CONST   (CODE)
      0001AB                       2817 ___str_15:
      0001AB 0A                    2818 	.db 0x0a
      0001AC 0D                    2819 	.db 0x0d
      0001AD 46 61 69 6C 65 64 20  2820 	.ascii "Failed to get malloc try to enter smaller size by again ente"
             74 6F 20 67 65 74 20
             6D 61 6C 6C 6F 63 20
             74 72 79 20 74 6F 20
             65 6E 74 65 72 20 73
             6D 61 6C 6C 65 72 20
             73 69 7A 65 20 62 79
             20 61 67 61 69 6E 20
             65 6E 74 65
      0001E9 72 69 6E 67 20 2B     2821 	.ascii "ring +"
      0001EF 00                    2822 	.db 0x00
                                   2823 	.area CSEG    (CODE)
                                   2824 	.area CONST   (CODE)
      0001F0                       2825 ___str_16:
      0001F0 0A                    2826 	.db 0x0a
      0001F1 0D                    2827 	.db 0x0d
      0001F2 45 6E 74 65 72 20 4E  2828 	.ascii "Enter Number to delete between 0 to 127 for buffer:"
             75 6D 62 65 72 20 74
             6F 20 64 65 6C 65 74
             65 20 62 65 74 77 65
             65 6E 20 30 20 74 6F
             20 31 32 37 20 66 6F
             72 20 62 75 66 66 65
             72 3A
      000225 00                    2829 	.db 0x00
                                   2830 	.area CSEG    (CODE)
                                   2831 	.area CONST   (CODE)
      000226                       2832 ___str_17:
      000226 45 6E 74 65 72 20 62  2833 	.ascii "Enter buffer size between 32 and 4800 bytes (buffer size mus"
             75 66 66 65 72 20 73
             69 7A 65 20 62 65 74
             77 65 65 6E 20 33 32
             20 61 6E 64 20 34 38
             30 30 20 62 79 74 65
             73 20 28 62 75 66 66
             65 72 20 73 69 7A 65
             20 6D 75 73
      000262 74 20 62 65 20 65 76  2834 	.ascii "t be evenly divisible by 16): "
             65 6E 6C 79 20 64 69
             76 69 73 69 62 6C 65
             20 62 79 20 31 36 29
             3A 20
      000280 00                    2835 	.db 0x00
                                   2836 	.area CSEG    (CODE)
                                   2837 	.area CONST   (CODE)
      000281                       2838 ___str_18:
      000281 42 75 66 66 65 72 20  2839 	.ascii "Buffer you entered is : 0x"
             79 6F 75 20 65 6E 74
             65 72 65 64 20 69 73
             20 3A 20 30 78
      00029B 00                    2840 	.db 0x00
                                   2841 	.area CSEG    (CODE)
                                   2842 	.area CONST   (CODE)
      00029C                       2843 ___str_19:
      00029C 46 61 69 6C 65 64 20  2844 	.ascii "Failed to get malloc try to enter smaller size for buf 1"
             74 6F 20 67 65 74 20
             6D 61 6C 6C 6F 63 20
             74 72 79 20 74 6F 20
             65 6E 74 65 72 20 73
             6D 61 6C 6C 65 72 20
             73 69 7A 65 20 66 6F
             72 20 62 75 66 20 31
      0002D4 0A                    2845 	.db 0x0a
      0002D5 0D                    2846 	.db 0x0d
      0002D6 00                    2847 	.db 0x00
                                   2848 	.area CSEG    (CODE)
                                   2849 	.area CONST   (CODE)
      0002D7                       2850 ___str_20:
      0002D7 46 61 69 6C 65 64 20  2851 	.ascii "Failed to get malloc try to enter smaller size for buf 2"
             74 6F 20 67 65 74 20
             6D 61 6C 6C 6F 63 20
             74 72 79 20 74 6F 20
             65 6E 74 65 72 20 73
             6D 61 6C 6C 65 72 20
             73 69 7A 65 20 66 6F
             72 20 62 75 66 20 32
      00030F 0A                    2852 	.db 0x0a
      000310 0D                    2853 	.db 0x0d
      000311 00                    2854 	.db 0x00
                                   2855 	.area CSEG    (CODE)
                                   2856 	.area CONST   (CODE)
      000312                       2857 ___str_21:
      000312 70 6F 69 6E 74 65 72  2858 	.ascii "pointer_value : %p %p"
             5F 76 61 6C 75 65 20
             3A 20 25 70 20 25 70
      000327 0A                    2859 	.db 0x0a
      000328 0D                    2860 	.db 0x0d
      000329 00                    2861 	.db 0x00
                                   2862 	.area CSEG    (CODE)
                                   2863 	.area CONST   (CODE)
      00032A                       2864 ___str_22:
      00032A 70 6F 69 6E 74 65 72  2865 	.ascii "pointer location %p, size %d"
             20 6C 6F 63 61 74 69
             6F 6E 20 25 70 2C 20
             73 69 7A 65 20 25 64
      000346 0A                    2866 	.db 0x0a
      000347 0D                    2867 	.db 0x0d
      000348 00                    2868 	.db 0x00
                                   2869 	.area CSEG    (CODE)
                                   2870 	.area CONST   (CODE)
      000349                       2871 ___str_23:
      000349 45 6E 74 65 72 20 55  2872 	.ascii "Enter Uppercase char to save in buffer 0: "
             70 70 65 72 63 61 73
             65 20 63 68 61 72 20
             74 6F 20 73 61 76 65
             20 69 6E 20 62 75 66
             66 65 72 20 30 3A 20
      000373 0A                    2873 	.db 0x0a
      000374 0D                    2874 	.db 0x0d
      000375 00                    2875 	.db 0x00
                                   2876 	.area CSEG    (CODE)
                                   2877 	.area CONST   (CODE)
      000376                       2878 ___str_24:
      000376 43 6F 6D 6D 61 6E 64  2879 	.ascii "Command recived ! "
             20 72 65 63 69 76 65
             64 20 21 20
      000388 0A                    2880 	.db 0x0a
      000389 0D                    2881 	.db 0x0d
      00038A 00                    2882 	.db 0x00
                                   2883 	.area CSEG    (CODE)
                                   2884 	.area CONST   (CODE)
      00038B                       2885 ___str_25:
      00038B 74 6F 74 61 6C 20 73  2886 	.ascii "total storage %d recent storage %d pointer %p "
             74 6F 72 61 67 65 20
             25 64 20 72 65 63 65
             6E 74 20 73 74 6F 72
             61 67 65 20 25 64 20
             70 6F 69 6E 74 65 72
             20 25 70 20
      0003B9 0A                    2887 	.db 0x0a
      0003BA 0D                    2888 	.db 0x0d
      0003BB 00                    2889 	.db 0x00
                                   2890 	.area CSEG    (CODE)
                                   2891 	.area CONST   (CODE)
      0003BC                       2892 ___str_26:
      0003BC 62 75 66 66 65 72 30  2893 	.ascii "buffer0 got full nothing to write !"
             20 67 6F 74 20 66 75
             6C 6C 20 6E 6F 74 68
             69 6E 67 20 74 6F 20
             77 72 69 74 65 20 21
      0003DF 00                    2894 	.db 0x00
                                   2895 	.area CSEG    (CODE)
                                   2896 	.area CONST   (CODE)
      0003E0                       2897 ___str_27:
      0003E0 50 6C 65 61 73 65 20  2898 	.ascii "Please enter An command (+) (-) (?) (=) (@): "
             65 6E 74 65 72 20 41
             6E 20 63 6F 6D 6D 61
             6E 64 20 28 2B 29 20
             28 2D 29 20 28 3F 29
             20 28 3D 29 20 28 40
             29 3A 20
      00040D 0A                    2899 	.db 0x0a
      00040E 00                    2900 	.db 0x00
                                   2901 	.area CSEG    (CODE)
                                   2902 	.area XINIT   (CODE)
      000000                       2903 __xinit__index_of_buffers:
      000000 00                    2904 	.db #0x00	; 0
      000001                       2905 __xinit__total_number_of_commands:
      000001 00                    2906 	.db #0x00	; 0
      000002                       2907 __xinit__total_number_of_storage:
      000002 00                    2908 	.db #0x00	; 0
      000003                       2909 __xinit__recent_commands:
      000003 00                    2910 	.db #0x00	; 0
      000004                       2911 __xinit__recent_storage:
      000004 00                    2912 	.db #0x00	; 0
      000005                       2913 __xinit__recived_bytes:
      000005 00                    2914 	.db #0x00	; 0
      000006                       2915 __xinit__pointer1:
      000006 00 00                 2916 	.byte #0x00,#0x00
      000008                       2917 __xinit__pointer2:
      000008 00 00                 2918 	.byte #0x00,#0x00
                                   2919 	.area CABS    (ABS,CODE)
